"","early_RecapturedAfter","early_swab_id","early_section","site","state.x","ysw","recap_count.x","early_gdL","early_uv","early_uv_orange","band","winter_year","early_temp","early_fungal_load","early_gd","early_VPD","early_avgVPD","early_avgTEMP","early_avgRH","early_avglogVPD","early_recap","early_date","early_InitialcaptureYN","early_EverRecaptured","late_RecapturedAfter","late_swab_id","state.y","recap_count.y","late_section","late_uv","late_gdL","late_uv_orange","late_temp","late_fungal_load","late_gd","late_VPD","late_avgVPD","late_avgTEMP","late_avgRH","late_avglogVPD","late_recap","late_date","late_InitialcaptureYN","late_EverRecaptured","phase.original"
"1",0,"JH15MI0183","32","GLEN ADIT","MI",1,0,0.013430593,0,0," ",2015,NA,-1.871904823,1,NA,0.0281796040434707,6.89032701421801,NA,-1.53492060561949,NA,"2015-11-04",1,0,NA,NA,NA,NA,NA,NA,NA,NA,NA,NA,NA,NA,NA,NA,NA,NA,NA,NA,NA,NA,"invasion"
"2",1,"KL24WI1476","5","MAIDEN ROCK","WI",9,1,1.21e-06,0,0,"165",2024,NA,-5.918135815,1,NA,NA,NA,NA,NA,"Y","2024-11-12",1,1,0,"KL25WI0178","WI",1,"5",0,0.000296756,0,NA,-3.527601212,1,NA,NA,NA,NA,NA,"Y","2025-03-05",0,1,NA
"3",1,"KL23WI1520","1A","BAY CITY","WI",8,2,0.000269215,0,0,"208",2023,NA,-3.569900224,1,NA,0.0374195461444641,4.59354577191621,NA,-1.4154477698262,"Y","2023-11-08",1,1,1,"KL24WI0018","WI",2,"1A",1,2.86e-06,1,NA,-5.543176055,1,NA,0.0381293544058856,2.11401575866727,NA,-1.40749731745261,"Y","2024-03-04",0,1,"established"
"4",1,"KL23WI1494","1A","BAY CITY","WI",8,1,3.08e-05,0,0,"219",2023,NA,-4.511992556,1,NA,0.0374195461444641,4.59354577191621,NA,-1.4154477698262,"Y","2023-11-08",1,1,NA,NA,NA,NA,NA,NA,NA,NA,NA,NA,NA,NA,NA,NA,NA,NA,NA,NA,NA,NA,"established"
"5",1,"KL23WI1503","1A","BAY CITY","WI",8,3,8.23e-07,0,0,"225",2023,NA,-6.084746841,1,NA,0.0374195461444641,4.59354577191621,NA,-1.4154477698262,"Y","2023-11-08",1,1,1,"KL24WI0003","WI",3,"1A",0,0.001976597,0,NA,-2.704081946,1,NA,0.0381293544058856,2.11401575866727,NA,-1.40749731745261,"Y","2024-03-04",0,1,"established"
"6",1,"KL24WI1415","1A","BAY CITY","WI",9,3,8.06e-06,0,0,"225",2024,NA,-5.093476452,1,NA,0.0374195461444641,5.31002721088435,NA,-1.4154477698262,"Y","2024-11-12",0,1,0,"KL25WI0148","WI",3,"1A",0,0.00037455,0,NA,-3.426489666,1,NA,0.0381293544058856,2.04226666666667,NA,-1.40749731745261,"Y","2025-03-04",0,1,NA
"7",1,"KL24WI1471","5","MAIDEN ROCK","WI",9,2,3.43e-06,1,1,"260",2024,NA,-5.464566878,1,NA,NA,NA,NA,NA,"Y","2024-11-12",0,1,0,"KL25WI0185","WI",2,"5",1,0.001212857,1,NA,-2.916190573,1,NA,NA,NA,NA,NA,"Y","2025-03-05",0,1,NA
"8",1,"KL24WI1466","5","MAIDEN ROCK","WI",9,1,8.56e-06,0,0,"304",2024,NA,-5.067592912,1,NA,NA,NA,NA,NA,"Y","2024-11-12",1,1,0,"KL25WI0195","WI",1,"5",1,0.000940391,1,NA,-3.026691506,1,NA,NA,NA,NA,NA,"Y","2025-03-05",0,1,NA
"9",0,"KL24WI1485","5","MAIDEN ROCK","WI",9,0,1.98e-05,1,1,"377",2024,NA,-4.704066816,1,NA,NA,NA,NA,NA,"Y","2024-11-12",1,0,NA,NA,NA,NA,NA,NA,NA,NA,NA,NA,NA,NA,NA,NA,NA,NA,NA,NA,NA,NA,NA
"10",1,"KL24WI1467","5","MAIDEN ROCK","WI",9,2,5.21e-05,0,0,"380",2024,NA,-4.283541577,1,NA,NA,NA,NA,NA,"Y","2024-11-12",0,1,0,"KL25WI0198","WI",2,"5",0,0.000185344,0,NA,-3.732022008,1,NA,NA,NA,NA,NA,"Y","2025-03-05",0,1,NA
"11",0,"KL24WI1464","5","MAIDEN ROCK","WI",9,0,7.61e-07,0,0,"482",2024,NA,-6.118843346,1,NA,NA,NA,NA,NA,"N","2024-11-12",1,0,NA,NA,NA,NA,NA,NA,NA,NA,NA,NA,NA,NA,NA,NA,NA,NA,NA,NA,NA,NA,NA
"12",0,"KL24WI1482","5","MAIDEN ROCK","WI",9,0,1.99e-06,0,0,"483",2024,NA,-5.701414974,1,NA,NA,NA,NA,NA,"Y","2024-11-12",1,0,NA,NA,NA,NA,NA,NA,NA,NA,NA,NA,NA,NA,NA,NA,NA,NA,NA,NA,NA,NA,NA
"13",0,"JH15MI0176","26","GLEN ADIT","MI",1,0,8.34e-05,NA,NA,"AAA137",2015,NA,-4.078953227,1,NA,0.0281796040434707,6.89032701421801,NA,-1.53492060561949,NA,"2015-11-04",1,0,NA,NA,NA,NA,NA,NA,NA,NA,NA,NA,NA,NA,NA,NA,NA,NA,NA,NA,NA,NA,"invasion"
"14",1,"KL17WI0601","HR","MARIBEL","WI",2,6,0.001860148,0,0,"BBB0212",2017,NA,-2.730452617,1,NA,0.00727119348414132,10.0325185185185,NA,-2.08243181980906,"Y","2017-11-10",1,1,NA,NA,NA,NA,NA,NA,NA,NA,NA,NA,NA,NA,NA,NA,NA,NA,NA,NA,NA,NA,"invasion"
"15",1,"KL18WI0420","SEL","MARIBEL","WI",3,6,0.000120402,NA,NA,"BBB0212",2018,NA,-3.919364676,1,NA,0.00727119348414132,10.1152650946256,NA,-2.08243181980906,"Y","2018-11-13",0,1,NA,NA,NA,NA,NA,NA,NA,NA,NA,NA,NA,NA,NA,NA,NA,NA,NA,NA,NA,NA,"invasion"
"16",1,"KL19WI1471","HR","MARIBEL","WI",4,6,0.000866938,0,0,"BBB0212",2019,NA,-3.062012036,1,NA,0.0147254787399746,9.75796116504854,NA,-1.80339612419975,"Y","2019-11-11",0,1,1,"KL20WI0770","WI",6,"SEL",1,0.048758535,1,NA,-1.311949352,1,NA,0.014427224757672,7.64682857142857,NA,-1.81171219323901,"Y","2020-03-13",0,1,"established"
"17",1,"KL20WI1740","HR","MARIBEL","WI",5,6,0.002646179,0,0,"BBB0212",2020,NA,-2.577380781,1,NA,0.00955483337957002,10.0729323308271,99.2255587308235,-1.97654861815021,"Y","2020-11-17",0,1,NA,NA,NA,NA,NA,NA,NA,NA,NA,NA,NA,NA,NA,NA,NA,NA,NA,NA,NA,NA,"established"
"18",1,"KL21WI1849","SEL","MARIBEL","WI",6,6,0.002026996,0,0,"BBB0212",2021,11.02,-2.69314715,1,0.0385988013151448,0.00727119348414132,10.3682213114754,NA,-2.08243181980906,"Y","2021-11-15",0,1,NA,NA,NA,NA,NA,NA,NA,NA,NA,NA,NA,NA,NA,NA,NA,NA,NA,NA,NA,NA,"established"
"19",0,"KL22WI1805","HR","MARIBEL","WI",7,6,3.86e-05,0,0,"BBB0212",2022,NA,-4.413905992,1,NA,0.00681424122463258,9.94692946058091,NA,-2.10711318628889,"Y","2022-11-15",0,1,NA,NA,NA,NA,NA,NA,NA,NA,NA,NA,NA,NA,NA,NA,NA,NA,NA,NA,NA,NA,"established"
"20",1,"KL16WI0405","HR","MARIBEL","WI",1,4,5.66e-06,0,0,"BBB0310",2016,NA,-5.247484226,1,NA,0.00727119348414132,10.2927932960894,NA,-2.08243181980906,NA,"2016-11-08",1,1,NA,NA,NA,NA,NA,NA,NA,NA,NA,NA,NA,NA,NA,NA,NA,NA,NA,NA,NA,NA,"invasion"
"21",1,"KL18WI0415","HR","MARIBEL","WI",3,4,0.007822774,NA,NA,"BBB0310",2018,NA,-2.106639216,1,NA,0.00727119348414132,10.0884795381818,NA,-2.08243181980906,"Y","2018-11-13",0,1,NA,NA,NA,NA,NA,NA,NA,NA,NA,NA,NA,NA,NA,NA,NA,NA,NA,NA,NA,NA,"invasion"
"22",1,"KL19WI1465","HR","MARIBEL","WI",4,4,0.000205353,0,0,"BBB0310",2019,NA,-3.687498102,1,NA,0.0147254787399746,9.75796116504854,NA,-1.80339612419975,"Y","2019-11-11",0,1,NA,NA,NA,NA,NA,NA,NA,NA,NA,NA,NA,NA,NA,NA,NA,NA,NA,NA,NA,NA,"established"
"23",1,"KL20WI1743","HR","MARIBEL","WI",5,4,0.001295832,0,0,"BBB0310",2020,NA,-2.8874513,1,NA,0.00955483337957002,10.0729323308271,99.2255587308235,-1.97654861815021,"Y","2020-11-17",0,1,0,"KL21WI0462","WI",4,"SEL",1,0.10900395,2,NA,-0.962557764,1,NA,0.00659171451206662,7.7370158943299,NA,-2.11966013200402,"Y","2021-03-08",0,1,"established"
"24",0,"KL18IL0162","4","ZIMMERMAN","IL",6,0,0.00234116,0,0,"BBB0365",2018,NA,-2.630568905,1,NA,0.00456348403415266,8.87753467561521,NA,-2.25465315393356,"Y","2018-11-08",1,0,NA,NA,NA,NA,NA,NA,NA,NA,NA,NA,NA,NA,NA,NA,NA,NA,NA,NA,NA,NA,"established"
"25",1,"KL20WI1755","WL","MARIBEL","WI",5,1,0.001662554,NA,NA,"CCC0410",2020,NA,-2.77922437,1,NA,0.00955483337957002,10.0729323308271,99.2255587308235,-1.97654861815021,"Y","2020-11-17",1,1,0,"KL21WI0459","WI",1,"SEL",1,0.000106982,1,NA,-3.970687867,1,NA,0.00659171451206662,7.7370158943299,NA,-2.11966013200402,"Y","2021-03-08",0,1,"established"
"26",1,"KL16WI0406","HR","MARIBEL","WI",1,1,0.000152599,0,0,"CCC0416",2016,NA,-3.816447743,1,NA,0.00727119348414132,10.2927932960894,NA,-2.08243181980906,"Y","2016-11-08",1,1,NA,NA,NA,NA,NA,NA,NA,NA,NA,NA,NA,NA,NA,NA,NA,NA,NA,NA,NA,NA,"invasion"
"27",0,"KL18WI0405","HR","MARIBEL","WI",3,1,0.01889232,NA,NA,"CCC0416",2018,NA,-1.723714707,1,NA,0.00727119348414132,10.0884795381818,NA,-2.08243181980906,"Y","2018-11-13",0,1,NA,NA,NA,NA,NA,NA,NA,NA,NA,NA,NA,NA,NA,NA,NA,NA,NA,NA,NA,NA,"invasion"
"28",0,"JH15MI0191","43","GLEN ADIT","MI",1,0,2.21e-05,0,0,"DDD633",2015,NA,-4.655392548,1,NA,0.0281796040434707,6.89032701421801,NA,-1.53492060561949,NA,"2015-11-04",1,0,NA,NA,NA,NA,NA,NA,NA,NA,NA,NA,NA,NA,NA,NA,NA,NA,NA,NA,NA,NA,"invasion"
"29",0,"KL11VA-ES-24",NA,"KELLY","VA",0,0,6.5e-06,NA,NA,"ESC 22:21",2011,NA,-5.187283115,1,NA,NA,NA,NA,NA,"N","2011-08-10",1,0,NA,NA,NA,NA,NA,NA,NA,NA,NA,NA,NA,NA,NA,NA,NA,NA,NA,NA,NA,NA,"invasion"
"30",0,"JH15MI0178","27","GLEN ADIT","MI",1,0,0.001980246,0,0,"FFF1033",2015,NA,-2.70328088,1,NA,0.0281796040434707,6.89032701421801,NA,-1.53492060561949,NA,"2015-11-04",1,0,NA,NA,NA,NA,NA,NA,NA,NA,NA,NA,NA,NA,NA,NA,NA,NA,NA,NA,NA,NA,"invasion"
"31",1,"JH15MI0170","23","GLEN ADIT","MI",1,3,0.004400704,0,0,"FFF1039",2015,NA,-2.356477816,1,NA,0.0281796040434707,6.89032701421801,NA,-1.53492060561949,NA,"2015-11-04",1,1,NA,NA,NA,NA,NA,NA,NA,NA,NA,NA,NA,NA,NA,NA,NA,NA,NA,NA,NA,NA,"invasion"
"32",1,"JH16MI0188","25.5","GLEN ADIT","MI",2,3,0.001252211,0,0,"FFF1039",2016,NA,-2.902322518,1,NA,0.0281796040434707,6.58314358974359,NA,-1.53492060561949,"Y","2016-11-06",0,1,1,"JH17MI0012","MI",3,"34.5",1,0.003246471,1,NA,-2.488588487,1,NA,0.0130307536985769,2.6145,NA,-1.85291899908275,"Y","2017-03-02",0,1,"invasion"
"33",0,"JH17MI0197","44","GLEN ADIT","MI",3,3,0.000311037,0,0,"FFF1039",2017,NA,-3.507187697,1,NA,0.0281796040434707,5.72730303030303,NA,-1.53492060561949,"Y","2017-11-14",0,1,NA,NA,NA,NA,NA,NA,NA,NA,NA,NA,NA,NA,NA,NA,NA,NA,NA,NA,NA,NA,"invasion"
"34",0,"JH15MI0189","43","GLEN ADIT","MI",1,0,0.013444171,0,0,"GGG1237",2015,NA,-1.871465964,1,NA,0.0281796040434707,6.89032701421801,NA,-1.53492060561949,NA,"2015-11-04",1,0,NA,NA,NA,NA,NA,NA,NA,NA,NA,NA,NA,NA,NA,NA,NA,NA,NA,NA,NA,NA,"invasion"
"35",1,"KL18IL0161","4","ZIMMERMAN","IL",6,3,0.000149139,0,0,"GGG1263",2018,NA,-3.826410084,1,NA,0.00456348403415266,8.87753467561521,NA,-2.25465315393356,"Y","2018-11-08",1,1,NA,NA,NA,NA,NA,NA,NA,NA,NA,NA,NA,NA,NA,NA,NA,NA,NA,NA,NA,NA,"established"
"36",1,"KL19IL0449","3","ZIMMERMAN","IL",7,3,0.000469741,0,0,"GGG1263",2019,NA,-3.328141763,1,NA,0.0164071214947153,8.346,98.5069781383316,-1.75927303946956,"Y","2019-11-13",0,1,1,"KL20IL0129","IL",3,"4",1,0.05562815,1,NA,-1.254705383,1,NA,0.0138154435422563,6.97953225806452,NA,-1.82928534215417,"Y","2020-03-12",0,1,"established"
"37",0,"JH15MI0181","31","GLEN ADIT","MI",1,0,9.7e-05,0,0,"GGG1338",2015,NA,-4.013424461,1,NA,0.0281796040434707,6.89032701421801,NA,-1.53492060561949,NA,"2015-11-04",1,0,NA,NA,NA,NA,NA,NA,NA,NA,NA,NA,NA,NA,NA,NA,NA,NA,NA,NA,NA,NA,"invasion"
"38",1,"KL17WI0615","HR","MARIBEL","WI",2,4,1.9e-05,NA,NA,"HHH1510",2017,NA,-4.721598435,1,NA,0.00727119348414132,10.0325185185185,NA,-2.08243181980906,"N","2017-11-10",1,1,NA,NA,NA,NA,NA,NA,NA,NA,NA,NA,NA,NA,NA,NA,NA,NA,NA,NA,NA,NA,"invasion"
"39",1,"KL19WI1461","HR","MARIBEL","WI",4,4,4.32e-06,0,0,"HHH1510",2019,NA,-5.364521028,1,NA,0.0147254787399746,9.75796116504854,NA,-1.80339612419975,"Y","2019-11-11",0,1,NA,NA,NA,NA,NA,NA,NA,NA,NA,NA,NA,NA,NA,NA,NA,NA,NA,NA,NA,NA,"established"
"40",1,"KL20WI1745","HR","MARIBEL","WI",5,4,0.00021509,0,0,"HHH1510",2020,NA,-3.667379478,1,NA,0.00955483337957002,10.0729323308271,99.2255587308235,-1.97654861815021,"Y","2020-11-17",0,1,NA,NA,NA,NA,NA,NA,NA,NA,NA,NA,NA,NA,NA,NA,NA,NA,NA,NA,NA,NA,"established"
"41",1,"KL21WI1838","HR","MARIBEL","WI",6,4,0.000295237,0,0,"HHH1510",2021,NA,-3.529829705,1,NA,0.00727119348414132,10.0884795381818,NA,-2.08243181980906,"Y","2021-11-15",0,1,NA,NA,NA,NA,NA,NA,NA,NA,NA,NA,NA,NA,NA,NA,NA,NA,NA,NA,NA,NA,"established"
"42",0,"KL22WI1821","HR","MARIBEL","WI",7,4,6.69e-06,0,0,"HHH1510",2022,NA,-5.174325907,1,NA,0.00681424122463258,9.94692946058091,NA,-2.10711318628889,"Y","2022-11-15",0,1,NA,NA,NA,NA,NA,NA,NA,NA,NA,NA,NA,NA,NA,NA,NA,NA,NA,NA,NA,NA,"established"
"43",0,"JH15MI0179","29","GLEN ADIT","MI",1,0,0.000299076,NA,NA,"HHH1532",2015,NA,-3.52421848,1,NA,0.0281796040434707,6.89032701421801,NA,-1.53492060561949,NA,"2015-11-04",1,0,NA,NA,NA,NA,NA,NA,NA,NA,NA,NA,NA,NA,NA,NA,NA,NA,NA,NA,NA,NA,"invasion"
"44",0,"JH15MI0186","33","GLEN ADIT","MI",1,0,0.007232653,0,0,"III1634",2015,NA,-2.140702399,1,NA,0.0281796040434707,6.89032701421801,NA,-1.53492060561949,NA,"2015-11-04",1,0,NA,NA,NA,NA,NA,NA,NA,NA,NA,NA,NA,NA,NA,NA,NA,NA,NA,NA,NA,NA,"invasion"
"45",0,"JH15MI0182","32","GLEN ADIT","MI",1,0,0.011633773,0,0,"III1637",2015,NA,-1.934279403,1,NA,0.0281796040434707,6.89032701421801,NA,-1.53492060561949,NA,"2015-11-04",1,0,NA,NA,NA,NA,NA,NA,NA,NA,NA,NA,NA,NA,NA,NA,NA,NA,NA,NA,NA,NA,"invasion"
"46",1,"JH16MI0190","25.5","GLEN ADIT","MI",2,2,3.95e-06,0,0,"III1731",2016,NA,-5.403552942,1,NA,0.0281796040434707,6.58314358974359,NA,-1.53492060561949,NA,"2016-11-06",1,1,NA,NA,NA,NA,NA,NA,NA,NA,NA,NA,NA,NA,NA,NA,NA,NA,NA,NA,NA,NA,"invasion"
"47",1,"JH18MI0143","30.5","GLEN ADIT","MI",4,2,0.00063026,0,0,"III1731",2018,NA,-3.200480526,1,NA,0.0281796040434707,5.11451948051948,NA,-1.53492060561949,"Y","2018-11-11",0,1,0,"KL19MI0075","MI",2,"27.7",1,0.01209191,1,NA,-1.917505094,1,NA,0.0130307536985769,2.37507792207792,NA,-1.85291899908275,"Y","2019-03-10",0,1,"established"
"48",0,"KL23IL0236","R9","BLACKBALL","IL",11,0,0.000482228,1,1,"JH0306",2023,NA,-3.316747592,1,NA,0.0105763628074089,8.69195022988506,NA,-1.93642787072916,"N","2023-11-03",1,0,NA,NA,NA,NA,NA,NA,NA,NA,NA,NA,NA,NA,NA,NA,NA,NA,NA,NA,NA,NA,NA
"49",0,"KL23IL0242","R11","BLACKBALL","IL",11,0,5.02e-06,0,0,"JH0307",2023,NA,-5.29892335,1,NA,0.00607900196484612,7.868568329718,NA,-2.15002796712846,"N","2023-11-03",1,0,NA,NA,NA,NA,NA,NA,NA,NA,NA,NA,NA,NA,NA,NA,NA,NA,NA,NA,NA,NA,NA
"50",0,"KL23IL0244","R11","BLACKBALL","IL",11,0,0.000272881,0,0,"JH0308",2023,NA,-3.564026256,1,NA,0.00607900196484612,7.868568329718,NA,-2.15002796712846,"N","2023-11-03",1,0,NA,NA,NA,NA,NA,NA,NA,NA,NA,NA,NA,NA,NA,NA,NA,NA,NA,NA,NA,NA,NA
"51",0,"KL23IL0245","R11","BLACKBALL","IL",11,0,1.39e-06,0,0,"JH0309",2023,NA,-5.858070229,1,NA,0.00607900196484612,7.868568329718,NA,-2.15002796712846,"N","2023-11-03",1,0,NA,NA,NA,NA,NA,NA,NA,NA,NA,NA,NA,NA,NA,NA,NA,NA,NA,NA,NA,NA,NA
"52",0,"KL23IL0247","R11","BLACKBALL","IL",11,0,1.54e-06,0,0,"JH0310",2023,NA,-5.812180788,1,NA,0.00607900196484612,7.868568329718,NA,-2.15002796712846,"N","2023-11-03",1,0,NA,NA,NA,NA,NA,NA,NA,NA,NA,NA,NA,NA,NA,NA,NA,NA,NA,NA,NA,NA,NA
"53",0,"KL23IL0249","R11","BLACKBALL","IL",11,0,4.26e-06,0,0,"JH0311",2023,NA,-5.37085827,1,NA,0.00607900196484612,7.868568329718,NA,-2.15002796712846,"N","2023-11-03",1,0,NA,NA,NA,NA,NA,NA,NA,NA,NA,NA,NA,NA,NA,NA,NA,NA,NA,NA,NA,NA,NA
"54",0,"KL23IL0252","L1","BLACKBALL","IL",11,0,1.78e-05,0,0,"JH0312",2023,NA,-4.750583284,1,NA,0.0125278344845446,7.817859375,98.7961630654591,-1.86877171904786,"N","2023-11-03",1,0,NA,NA,NA,NA,NA,NA,NA,NA,NA,NA,NA,NA,NA,NA,NA,NA,NA,NA,NA,NA,NA
"55",0,"KL23IL0253","L1","BLACKBALL","IL",11,0,5.45e-06,1,1,"JH0313",2023,NA,-5.263363825,1,NA,0.0125278344845446,7.817859375,98.7961630654591,-1.86877171904786,"N","2023-11-03",1,0,NA,NA,NA,NA,NA,NA,NA,NA,NA,NA,NA,NA,NA,NA,NA,NA,NA,NA,NA,NA,NA
"56",1,"KL23MI0286","10 to 15","TAYLOR MINE","MI",8,3,2.34e-05,0,0,"JH10255",2023,NA,-4.631460695,1,NA,0.00691800453734487,6.98169554455446,NA,-2.101384253715,"N","2023-11-10",1,1,1,"KL24MI0133","MI",3,"17.3",1,0.029235502,1,NA,-1.53408945,1,NA,0.0092996060195015,5.76979459459459,NA,-1.98717938760832,"Y","2024-02-29",0,1,"established"
"57",1,"KL24MI0437","18","TAYLOR MINE","MI",9,3,7.73e-05,0,0,"JH10255",2024,NA,-4.111671407,1,NA,0.0121443386066422,7.25776817138485,NA,-1.88126126172287,"Y","2024-11-14",0,1,0,"KL25MI0076","MI",3,"15 to 20",1,0.001600389,2,NA,-2.795774364,1,NA,0.0068342891863462,5.59399193548387,99.2502785151233,-2.10600040142277,"Y","2025-03-12",0,1,NA
"58",1,"KL23MI0289","10 to 15","TAYLOR MINE","MI",8,1,3.05e-05,0,0,"JH10261",2023,NA,-4.515563587,1,NA,0.00691800453734487,6.98169554455446,NA,-2.101384253715,"N","2023-11-10",1,1,0,"KL24MI0157","MI",1,"22.6",NA,0.003819222,NA,NA,-2.418025144,1,NA,0.0092996060195015,5.76979459459459,NA,-1.98717938760832,"Y","2024-02-29",0,1,"established"
"59",1,"KL23MI0292","10 to 15","TAYLOR MINE","MI",8,2,6.64e-06,0,0,"JH10262",2023,NA,-5.177728177,1,NA,0.00691800453734487,6.98169554455446,NA,-2.101384253715,"N","2023-11-10",1,1,NA,NA,NA,NA,NA,NA,NA,NA,NA,NA,NA,NA,NA,NA,NA,NA,NA,NA,NA,NA,"established"
"60",1,"KL24MI0424","10 to 15","TAYLOR MINE","MI",9,2,1.02e-05,0,0,"JH10262",2024,NA,-4.99024377,1,NA,0.0121443386066422,7.25776817138485,NA,-1.88126126172287,"Y","2024-11-14",0,1,0,"KL25MI0097","MI",2,"15 to 20",1,0.001125033,1,NA,-2.948834627,1,NA,0.0068342891863462,5.59399193548387,99.2502785151233,-2.10600040142277,"Y","2025-03-12",0,1,NA
"61",1,"KL23MI0295","10 to 15","TAYLOR MINE","MI",8,3,3.83e-06,0,0,"JH10263",2023,NA,-5.41708409,1,NA,0.00691800453734487,6.98169554455446,NA,-2.101384253715,"N","2023-11-10",1,1,1,"KL24MI0123","MI",3,"16.5",1,0.002342363,1,NA,-2.630345851,1,NA,0.0092996060195015,5.76979459459459,NA,-1.98717938760832,"Y","2024-02-29",0,1,"established"
"62",1,"KL24MI0456","18.7","TAYLOR MINE","MI",9,3,5.13e-05,0,0,"JH10263",2024,NA,-4.290212692,1,NA,0.0121443386066422,7.25776817138485,NA,-1.88126126172287,"Y","2024-11-14",0,1,0,"KL25MI0072","MI",3,"15 to 20",0,0.000437386,0,NA,-3.359135116,1,NA,0.0068342891863462,5.59399193548387,99.2502785151233,-2.10600040142277,"Y","2025-03-12",0,1,NA
"63",1,"KL23MI0304","10 to 15","TAYLOR MINE","MI",8,1,2.21e-07,0,0,"JH10264",2023,NA,-6.656585588,1,NA,0.00691800453734487,6.98169554455446,NA,-2.101384253715,"N","2023-11-10",1,1,0,"KL24MI0098","MI",1,"6.7",1,0.005136268,1,NA,-2.289352346,1,NA,0.0092996060195015,5.76979459459459,NA,-1.98717938760832,"Y","2024-02-29",0,1,"established"
"64",1,"KL23MI0309","10 to 15","TAYLOR MINE","MI",8,1,1.88e-07,0,0,"JH10265",2023,NA,-6.726481563,1,NA,0.00691800453734487,6.98169554455446,NA,-2.101384253715,"N","2023-11-10",1,1,0,"KL24MI0107","MI",1,"11.7",0,0.000735084,0,NA,-3.133662755,1,NA,0.0092996060195015,5.76979459459459,NA,-1.98717938760832,"Y","2024-02-29",0,1,"established"
"65",1,"KL23MI0310","15 to 20","TAYLOR MINE","MI",8,1,2.63e-07,0,0,"JH10266",2023,NA,-6.57988951,1,NA,0.00903971444859413,6.51924812030075,99.0652055942953,-1.99827863929891,"N","2023-11-10",1,1,0,"KL24MI0141","MI",1,"18",1,0.008326774,1,NA,-2.079523246,1,NA,0.0092996060195015,5.76979459459459,NA,-1.98717938760832,"Y","2024-02-29",0,1,"established"
"66",1,"KL23MI0318","15 to 20","TAYLOR MINE","MI",8,1,1.15e-05,0,0,"JH10267",2023,NA,-4.937837311,1,NA,0.00903971444859413,6.51924812030075,99.0652055942953,-1.99827863929891,"N","2023-11-10",1,1,0,"KL24MI0100","MI",1,"6.8",1,0.000476986,1,NA,-3.321494729,1,NA,0.0092996060195015,5.76979459459459,NA,-1.98717938760832,"Y","2024-02-29",0,1,"established"
"67",1,"KL23MI0319","15 to 20","TAYLOR MINE","MI",8,1,1.02e-06,0,0,"JH10268",2023,NA,-5.993429164,1,NA,0.00903971444859413,6.51924812030075,99.0652055942953,-1.99827863929891,"N","2023-11-10",1,1,0,"KL24MI0152","MI",1,"19",NA,0.002755614,NA,NA,-2.559781677,1,NA,0.0092996060195015,5.76979459459459,NA,-1.98717938760832,"Y","2024-02-29",0,1,"established"
"68",1,"KL23MI0325","15 to 20","TAYLOR MINE","MI",8,2,2.33e-06,0,0,"JH10269",2023,NA,-5.632001768,1,NA,0.00903971444859413,6.51924812030075,99.0652055942953,-1.99827863929891,"N","2023-11-10",1,1,1,"KL24MI0156","MI",2,"30",NA,0.001783972,NA,NA,-2.748611883,1,NA,0.0092996060195015,5.76979459459459,NA,-1.98717938760832,"Y","2024-02-29",0,1,"established"
"69",0,"KL24MI0434","18","TAYLOR MINE","MI",9,2,4.86e-05,0,0,"JH10269",2024,NA,-4.313650421,1,NA,0.0121443386066422,7.25776817138485,NA,-1.88126126172287,"Y","2024-11-14",0,1,NA,NA,NA,NA,NA,NA,NA,NA,NA,NA,NA,NA,NA,NA,NA,NA,NA,NA,NA,NA,NA
"70",1,"KL23MI0327","15 to 20","TAYLOR MINE","MI",8,1,0.000106348,0,0,"JH10270",2023,NA,-3.973271753,1,NA,0.00903971444859413,6.51924812030075,99.0652055942953,-1.99827863929891,"N","2023-11-10",1,1,0,"KL24MI0132","MI",1,"17.3",1,0.065540338,1,NA,-1.183491322,1,NA,0.0092996060195015,5.76979459459459,NA,-1.98717938760832,"Y","2024-02-29",0,1,"established"
"71",1,"KL23MI0297","10 to 15","TAYLOR MINE","MI",8,2,1.22e-06,0,0,"JH10271",2023,NA,-5.915337173,1,NA,0.00691800453734487,6.98169554455446,NA,-2.101384253715,"N","2023-11-10",1,1,1,"KL24MI0109","MI",2,"10 to 15",1,0.000958143,1,NA,-3.018569665,1,NA,0.0092996060195015,5.76979459459459,NA,-1.98717938760832,"Y","2024-02-29",0,1,"established"
"72",0,"KL24MI0464","20","TAYLOR MINE","MI",9,2,3.62e-05,0,0,"JH10271",2024,NA,-4.441522624,1,NA,0.0121443386066422,7.25776817138485,NA,-1.88126126172287,"Y","2024-11-14",0,1,NA,NA,NA,NA,NA,NA,NA,NA,NA,NA,NA,NA,NA,NA,NA,NA,NA,NA,NA,NA,NA
"73",1,"KL23MI0329","15 to 20","TAYLOR MINE","MI",8,1,0.000109376,0,0,"JH10272",2023,NA,-3.961079152,1,NA,0.00903971444859413,6.51924812030075,99.0652055942953,-1.99827863929891,"N","2023-11-10",1,1,0,"KL24MI0103","MI",1,"7.8",1,0.000870218,1,NA,-3.060371726,1,NA,0.0092996060195015,5.76979459459459,NA,-1.98717938760832,"Y","2024-02-29",0,1,"established"
"74",1,"KL23MI0330","20 to 25","TAYLOR MINE","MI",8,1,2.91e-05,0,0,"JH10273",2023,NA,-4.535497634,1,NA,0.00691800453734487,6.98169554455446,NA,-2.101384253715,"N","2023-11-10",1,1,0,"KL24MI0142","MI",1,"18.6",1,0.004088412,1,NA,-2.388445303,1,NA,0.0092996060195015,5.76979459459459,NA,-1.98717938760832,"Y","2024-02-29",0,1,"established"
"75",1,"KL23MI0335","20 to 25","TAYLOR MINE","MI",8,1,0.001827204,0,0,"JH10274",2023,NA,-2.738213018,1,NA,0.00691800453734487,6.98169554455446,NA,-2.101384253715,"N","2023-11-10",1,1,0,"KL24MI0135","MI",1,"17.2",1,0.004920356,2,NA,-2.308003514,1,NA,0.0092996060195015,5.76979459459459,NA,-1.98717938760832,"Y","2024-02-29",0,1,"established"
"76",1,"KL23MI0337","20 to 25","TAYLOR MINE","MI",8,1,6.67e-05,0,0,"JH10275",2023,NA,-4.175839326,1,NA,0.00691800453734487,6.98169554455446,NA,-2.101384253715,"N","2023-11-10",1,1,0,"KL24MI0118","MI",1,"15 to 20",1,0.02486499,2,NA,-1.604411703,1,NA,0.00816813531678972,5.88844827586207,99.1201799499513,-2.03771898537435,"Y","2024-02-29",0,1,"established"
"77",1,"KL23MI0346","20 to 25","TAYLOR MINE","MI",8,1,6.77e-05,0,0,"JH10276",2023,NA,-4.169125846,1,NA,0.00691800453734487,6.98169554455446,NA,-2.101384253715,"N","2023-11-10",1,1,0,"KL24MI0114","MI",1,"10 to 15",1,0.002377695,2,NA,-2.623843809,1,NA,0.0092996060195015,5.76979459459459,NA,-1.98717938760832,"Y","2024-02-29",0,1,"established"
"78",0,"KL23MI0351","25 to 30","GLEN ADIT","MI",9,0,0.00074056,1,1,"JH10277",2023,NA,-3.130439769,1,NA,0.0257751076124637,6.27635416666667,NA,-1.57226877500945,"N","2023-11-10",1,0,NA,NA,NA,NA,NA,NA,NA,NA,NA,NA,NA,NA,NA,NA,NA,NA,NA,NA,NA,NA,NA
"79",0,"KL23MI0394","20 to 25","MASS C","MI",9,0,0.000238197,0,0,"JH10278",2023,NA,-3.623064079,1,NA,0.0311979292405735,6.22762376237624,96.6326008388968,-1.49217205837593,"N","2023-11-10",1,0,NA,NA,NA,NA,NA,NA,NA,NA,NA,NA,NA,NA,NA,NA,NA,NA,NA,NA,NA,NA,NA
"80",1,"KL23IL0222","R5","BLACKBALL","IL",11,1,1.86e-06,0,0,"JH10301",2023,NA,-5.731640732,1,NA,0.0105763628074089,8.69195022988506,NA,-1.93642787072916,"N","2023-11-03",1,1,0,"KL24IL0012","IL",1,"R5",1,0.001533773,1,NA,-2.814238918,1,NA,0.0148152959702899,6.9136522513587,NA,-1.80092267620726,"Y","2024-03-11",0,1,NA
"81",0,"KL23IL0227","R7","BLACKBALL","IL",11,0,5.27e-05,1,1,"JH10302",2023,NA,-4.278081284,1,NA,0.00472653494860082,7.73031496062992,NA,-2.2421080844713,"N","2023-11-03",1,0,NA,NA,NA,NA,NA,NA,NA,NA,NA,NA,NA,NA,NA,NA,NA,NA,NA,NA,NA,NA,NA
"82",0,"KL23IL0230","R7","BLACKBALL","IL",11,0,2.26e-05,0,0,"JH10303",2023,NA,-4.645563607,1,NA,0.00472653494860082,7.73031496062992,NA,-2.2421080844713,"N","2023-11-03",1,0,NA,NA,NA,NA,NA,NA,NA,NA,NA,NA,NA,NA,NA,NA,NA,NA,NA,NA,NA,NA,NA
"83",0,"KL23IL0232","R7","BLACKBALL","IL",11,0,5.54e-06,0,0,"JH10304",2023,NA,-5.256523469,1,NA,0.00472653494860082,7.73031496062992,NA,-2.2421080844713,"N","2023-11-03",1,0,NA,NA,NA,NA,NA,NA,NA,NA,NA,NA,NA,NA,NA,NA,NA,NA,NA,NA,NA,NA,NA
"84",0,"KL23IL0233","R7","BLACKBALL","IL",11,0,4.67e-07,0,0,"JH10305",2023,NA,-6.330636848,1,NA,0.00472653494860082,7.73031496062992,NA,-2.2421080844713,"N","2023-11-03",1,0,NA,NA,NA,NA,NA,NA,NA,NA,NA,NA,NA,NA,NA,NA,NA,NA,NA,NA,NA,NA,NA
"85",0,"KL23IL0263","2","ZIMMERMAN","IL",11,0,3.51e-07,0,0,"JH10316",2023,NA,-6.454176466,1,NA,0.0219915031660847,9.86684031120805,98.0664070708793,-1.63843263397669,"N","2023-11-03",1,0,NA,NA,NA,NA,NA,NA,NA,NA,NA,NA,NA,NA,NA,NA,NA,NA,NA,NA,NA,NA,NA
"86",0,"KL23IL0270","3A","ZIMMERMAN","IL",11,0,1.36e-07,0,0,"JH10319",2023,NA,-6.86634735,1,NA,0.0219915031660847,9.86684031120805,98.0664070708793,-1.63843263397669,"N","2023-11-03",1,0,NA,NA,NA,NA,NA,NA,NA,NA,NA,NA,NA,NA,NA,NA,NA,NA,NA,NA,NA,NA,NA
"87",0,"KL23IL0275","3A","ZIMMERMAN","IL",11,0,1.18e-06,0,0,"JH10320",2023,NA,-5.929504332,1,NA,0.0219915031660847,9.86684031120805,98.0664070708793,-1.63843263397669,"N","2023-11-03",1,0,NA,NA,NA,NA,NA,NA,NA,NA,NA,NA,NA,NA,NA,NA,NA,NA,NA,NA,NA,NA,NA
"88",1,"KL23IL0277","3A","ZIMMERMAN","IL",11,1,8.32e-07,0,0,"JH10321",2023,NA,-6.080053848,1,NA,0.0219915031660847,9.86684031120805,98.0664070708793,-1.63843263397669,"N","2023-11-03",1,1,NA,NA,NA,NA,NA,NA,NA,NA,NA,NA,NA,NA,NA,NA,NA,NA,NA,NA,NA,NA,NA
"89",0,"KL23IL0280","3","ZIMMERMAN","IL",11,0,8.89e-07,0,0,"JH10322",2023,NA,-6.051322987,1,NA,0.0164071214947153,8.346,98.5069781383316,-1.75927303946956,"N","2023-11-03",1,0,NA,NA,NA,NA,NA,NA,NA,NA,NA,NA,NA,NA,NA,NA,NA,NA,NA,NA,NA,NA,NA
"90",0,"KL23IL0282","3","ZIMMERMAN","IL",11,0,0.000124195,0,0,"JH10323",2023,NA,-3.905895437,1,NA,0.0164071214947153,8.346,98.5069781383316,-1.75927303946956,"N","2023-11-03",1,0,NA,NA,NA,NA,NA,NA,NA,NA,NA,NA,NA,NA,NA,NA,NA,NA,NA,NA,NA,NA,NA
"91",0,"KL23IL0286","3","ZIMMERMAN","IL",11,0,4.89e-05,0,0,"JH10324",2023,NA,-4.310275028,1,NA,0.0164071214947153,8.346,98.5069781383316,-1.75927303946956,"N","2023-11-03",1,0,NA,NA,NA,NA,NA,NA,NA,NA,NA,NA,NA,NA,NA,NA,NA,NA,NA,NA,NA,NA,NA
"92",0,"KL23IL0289","3","ZIMMERMAN","IL",11,0,1.2e-05,0,0,"JH10325",2023,NA,-4.920610092,1,NA,0.0164071214947153,8.346,98.5069781383316,-1.75927303946956,"N","2023-11-03",1,0,NA,NA,NA,NA,NA,NA,NA,NA,NA,NA,NA,NA,NA,NA,NA,NA,NA,NA,NA,NA,NA
"93",0,"KL23IL0293","3","ZIMMERMAN","IL",11,0,6.04e-05,0,0,"JH10327",2023,NA,-4.218855262,1,NA,0.0164071214947153,8.346,98.5069781383316,-1.75927303946956,"N","2023-11-03",1,0,NA,NA,NA,NA,NA,NA,NA,NA,NA,NA,NA,NA,NA,NA,NA,NA,NA,NA,NA,NA,NA
"94",0,"KL23IL0295","3","ZIMMERMAN","IL",11,0,7.53e-06,0,0,"JH10328",2023,NA,-5.122962737,1,NA,0.0164071214947153,8.346,98.5069781383316,-1.75927303946956,"N","2023-11-03",1,0,NA,NA,NA,NA,NA,NA,NA,NA,NA,NA,NA,NA,NA,NA,NA,NA,NA,NA,NA,NA,NA
"95",0,"KL23IL0299","4","ZIMMERMAN","IL",11,0,1.61e-06,0,0,"JH10329",2023,NA,-5.791850629,1,NA,0.00638168076377444,9.0435,99.4452585292461,-2.13184474070756,"N","2023-11-03",1,0,NA,NA,NA,NA,NA,NA,NA,NA,NA,NA,NA,NA,NA,NA,NA,NA,NA,NA,NA,NA,NA
"96",0,"KL23IL0300","4","ZIMMERMAN","IL",11,0,5.31e-07,0,0,"JH10330",2023,NA,-6.275119383,1,NA,0.00638168076377444,9.0435,99.4452585292461,-2.13184474070756,"N","2023-11-03",1,0,NA,NA,NA,NA,NA,NA,NA,NA,NA,NA,NA,NA,NA,NA,NA,NA,NA,NA,NA,NA,NA
"97",0,"KL23IL0301","4","ZIMMERMAN","IL",11,0,2.44e-07,0,0,"JH10331",2023,NA,-6.612893242,1,NA,0.00638168076377444,9.0435,99.4452585292461,-2.13184474070756,"N","2023-11-03",1,0,NA,NA,NA,NA,NA,NA,NA,NA,NA,NA,NA,NA,NA,NA,NA,NA,NA,NA,NA,NA,NA
"98",1,"KL23IL0304","4","ZIMMERMAN","IL",11,1,1.38e-07,0,0,"JH10334",2023,NA,-6.861419507,1,NA,0.00638168076377444,9.0435,99.4452585292461,-2.13184474070756,"N","2023-11-03",1,1,NA,NA,NA,NA,NA,NA,NA,NA,NA,NA,NA,NA,NA,NA,NA,NA,NA,NA,NA,NA,NA
"99",0,"KL24IL0299","7","ZIMMERMAN","IL",12,1,0.000694214,0,0,"JH10334",2024,NA,-3.158506574,1,NA,0.0159223371232637,10.0295161290323,98.7152953398671,-1.77153965727551,"Y","2024-11-08",0,1,NA,NA,NA,NA,NA,NA,NA,NA,NA,NA,NA,NA,NA,NA,NA,NA,NA,NA,NA,NA,NA
"100",0,"KL24IL0283","4","ZIMMERMAN","IL",12,1,2.64e-05,1,1,"JH10342",2024,NA,-4.577958672,1,NA,0.00456348403415266,8.87753467561521,98.7152953398671,-2.25465315393356,"Y","2024-11-08",0,1,NA,NA,NA,NA,NA,NA,NA,NA,NA,NA,NA,NA,NA,NA,NA,NA,NA,NA,NA,NA,NA
"101",1,"KL24MI0285","A","SOUTH LAKE MINE","MI",10,2,4.01e-05,0,0,"JH10751",2024,NA,-4.39727178,1,NA,0.00517480975064804,7.83768518518518,99.5132279983894,-2.20937641871875,"Y","2024-11-14",0,1,0,"KL25MI0014","MI",2,"E",1,0.034918215,1,NA,-1.456947961,1,NA,0.015879098942469,2.38828080271506,95.1742023776362,-1.77265074104913,"Y","2025-03-12",0,1,NA
"102",0,"KL24MI0315","L","SOUTH LAKE MINE","MI",10,1,0.000352029,0,0,"JH10755",2024,NA,-3.453421169,1,NA,0.00312425048241788,6.18699598393574,99.687368487526,-2.38465496612654,"Y","2024-11-14",0,1,NA,NA,NA,NA,NA,NA,NA,NA,NA,NA,NA,NA,NA,NA,NA,NA,NA,NA,NA,NA,NA
"103",1,"KL24MI0343","G","SOUTH LAKE MINE","MI",10,2,0.000188135,1,1,"JH10757",2024,NA,-3.725529837,1,NA,0.001222117180895,4.9173023255814,99.8586669006057,-2.65323304275149,"Y","2024-11-14",0,1,0,"KL25MI0021","MI",2,"E",1,0.067549266,1,NA,-1.170379367,1,NA,0.015879098942469,2.38828080271506,95.1742023776362,-1.77265074104913,"Y","2025-03-12",0,1,NA
"104",1,"KL24MI0430","15 to 20","TAYLOR MINE","MI",9,2,1.07e-05,0,0,"JH10759",2024,NA,-4.968627125,1,NA,0.00903971444859413,6.51924812030075,99.0652055942953,-1.99827863929891,"Y","2024-11-14",0,1,0,"KL25MI0087","MI",2,"15 to 20",1,0.001269509,1,NA,-2.896364383,1,NA,0.0068342891863462,5.59399193548387,99.2502785151233,-2.10600040142277,"Y","2025-03-12",0,1,NA
"105",1,"KL24MI0353","41.2","GLEN ADIT","MI",10,2,0.000186855,1,1,"JH10764",2024,NA,-3.728494329,1,NA,0.0281796040434707,5.92034319918186,NA,-1.53492060561949,"Y","2024-11-13",0,1,0,"KL25MI0193","MI",2,"15 to 20",1,0.001607162,1,NA,-2.793940435,1,NA,0.00769691397508161,3.18084677419355,98.9951187555601,-2.06063482569769,"Y","2025-03-13",0,1,NA
"106",0,"KL24IL0356","R10","BLACKBALL","IL",12,0,2.78e-05,0,0,"JH10801",2024,NA,-4.555975968,1,NA,0.0105763628074089,8.69195022988506,NA,-1.93642787072916,"N","2024-11-08",1,0,NA,NA,NA,NA,NA,NA,NA,NA,NA,NA,NA,NA,NA,NA,NA,NA,NA,NA,NA,NA,NA
"107",0,"KL24IL0358","R10","BLACKBALL","IL",12,0,0.000909342,0,0,"JH10802",2024,NA,-3.041272513,1,NA,0.0105763628074089,8.69195022988506,NA,-1.93642787072916,"N","2024-11-08",1,0,NA,NA,NA,NA,NA,NA,NA,NA,NA,NA,NA,NA,NA,NA,NA,NA,NA,NA,NA,NA,NA
"108",0,"KL24IL0360","L1","BLACKBALL","IL",12,0,3.92e-07,0,0,"JH10803",2024,NA,-6.406234254,1,NA,0.0125278344845446,7.817859375,98.7961630654591,-1.86877171904786,"N","2024-11-08",1,0,NA,NA,NA,NA,NA,NA,NA,NA,NA,NA,NA,NA,NA,NA,NA,NA,NA,NA,NA,NA,NA
"109",0,"KL24IL0362","L1","BLACKBALL","IL",12,0,2.89e-05,0,0,"JH10804",2024,NA,-4.53897524,1,NA,0.0125278344845446,7.817859375,98.7961630654591,-1.86877171904786,"N","2024-11-08",1,0,NA,NA,NA,NA,NA,NA,NA,NA,NA,NA,NA,NA,NA,NA,NA,NA,NA,NA,NA,NA,NA
"110",0,"KL24IL0363","L1","BLACKBALL","IL",12,0,0.000305689,0,0,"JH10805",2024,NA,-3.514720333,1,NA,0.0125278344845446,7.817859375,98.7961630654591,-1.86877171904786,"N","2024-11-08",1,0,NA,NA,NA,NA,NA,NA,NA,NA,NA,NA,NA,NA,NA,NA,NA,NA,NA,NA,NA,NA,NA
"111",0,"KL24IL0364","L1","BLACKBALL","IL",12,0,9.98e-05,0,0,"JH10806",2024,NA,-4.000884945,1,NA,0.0125278344845446,7.817859375,98.7961630654591,-1.86877171904786,"N","2024-11-08",1,0,NA,NA,NA,NA,NA,NA,NA,NA,NA,NA,NA,NA,NA,NA,NA,NA,NA,NA,NA,NA,NA
"112",1,"KL24IL0365","L1","BLACKBALL","IL",12,1,5.57e-06,0,0,"JH10807",2024,NA,-5.253996928,1,NA,0.0125278344845446,7.817859375,98.7961630654591,-1.86877171904786,"N","2024-11-08",1,1,0,"KL25IL0042","IL",1,"L1",1,0.01014355,1,NA,-1.993810005,1,NA,0.0153224164031068,6.82077192982456,98.4349068015948,-1.78721554700056,"Y","2025-03-10",0,1,NA
"113",1,"KL24MI0351","41.6","GLEN ADIT","MI",10,1,0.000862597,1,1,"JH10808",2024,NA,-3.064192269,1,NA,0.0281796040434707,5.92034319918186,NA,-1.53492060561949,"N","2024-11-13",1,1,0,"KL25MI0211","MI",1,"30 to 35",1,0.00375262,1,NA,-2.42566541,1,NA,0.0130307536985769,2.71894317976513,NA,-1.85291899908275,"Y","2025-03-13",0,1,NA
"114",0,"KL24MI0386","33.7","BEATENS CAVE","MI",10,0,0.001242684,0,0,"JH10810",2024,NA,-2.905639284,1,NA,0.0159393266366462,8.2878009478673,98.5079574433663,-1.77110385751188,"N","2024-11-13",1,0,NA,NA,NA,NA,NA,NA,NA,NA,NA,NA,NA,NA,NA,NA,NA,NA,NA,NA,NA,NA,NA
"115",0,"KL24MI0385","37.5","BEATENS CAVE","MI",10,0,0.004502133,0,0,"JH10811",2024,NA,-2.346581635,1,NA,0.0159393266366462,8.2878009478673,98.5079574433663,-1.77110385751188,"N","2024-11-13",1,0,NA,NA,NA,NA,NA,NA,NA,NA,NA,NA,NA,NA,NA,NA,NA,NA,NA,NA,NA,NA,NA
"116",0,"KL24MI0287","A","SOUTH LAKE MINE","MI",10,0,0.000409056,0,0,"JH10812",2024,NA,-3.388216985,1,NA,0.00517480975064804,7.83768518518518,99.5132279983894,-2.20937641871875,"N","2024-11-14",1,0,NA,NA,NA,NA,NA,NA,NA,NA,NA,NA,NA,NA,NA,NA,NA,NA,NA,NA,NA,NA,NA
"117",0,"KL24MI0292","B","SOUTH LAKE MINE","MI",10,0,0.000301964,0,0,"JH10813",2024,NA,-3.520044868,1,NA,0.00312425048241788,4.6037191011236,99.687368487526,-2.38465496612654,"N","2024-11-14",1,0,NA,NA,NA,NA,NA,NA,NA,NA,NA,NA,NA,NA,NA,NA,NA,NA,NA,NA,NA,NA,NA
"118",0,"KL24MI0295","B","SOUTH LAKE MINE","MI",10,0,0.001140815,0,0,"JH10814",2024,NA,-2.94278484,1,NA,0.00312425048241788,4.6037191011236,99.687368487526,-2.38465496612654,"N","2024-11-14",1,0,NA,NA,NA,NA,NA,NA,NA,NA,NA,NA,NA,NA,NA,NA,NA,NA,NA,NA,NA,NA,NA
"119",0,"KL24MI0302","E","SOUTH LAKE MINE","MI",10,0,0.000865736,1,1,"JH10815",2024,NA,-3.062614528,1,NA,0.00511715005971735,4.98,99.413174949149,-2.21345086570003,"N","2024-11-14",1,0,NA,NA,NA,NA,NA,NA,NA,NA,NA,NA,NA,NA,NA,NA,NA,NA,NA,NA,NA,NA,NA
"120",0,"KL24MI0349","12","TAYLOR MINE","MI",9,0,0.000427297,0,0,"JH10816",2024,NA,-3.36927035,1,NA,0.0121443386066422,7.25776817138485,NA,-1.88126126172287,"N","2024-11-14",1,0,NA,NA,NA,NA,NA,NA,NA,NA,NA,NA,NA,NA,NA,NA,NA,NA,NA,NA,NA,NA,NA
"121",0,"KL24MI0428","15 to 20","TAYLOR MINE","MI",9,0,9.66e-05,0,0,"JH10817",2024,NA,-4.015236924,1,NA,0.00903971444859413,6.51924812030075,99.0652055942953,-1.99827863929891,"N","2024-11-14",1,0,NA,NA,NA,NA,NA,NA,NA,NA,NA,NA,NA,NA,NA,NA,NA,NA,NA,NA,NA,NA,NA
"122",1,"KL24MI0435","18","TAYLOR MINE","MI",9,1,2.65e-05,0,0,"JH10818",2024,NA,-4.577174438,1,NA,0.0121443386066422,7.25776817138485,NA,-1.88126126172287,"N","2024-11-14",1,1,0,"KL25MI0101","MI",1,"15 to 20",1,0.001478937,1,NA,-2.830050287,1,NA,0.0068342891863462,5.59399193548387,99.2502785151233,-2.10600040142277,"Y","2025-03-12",0,1,NA
"123",0,"KL24MI0457","18.7","TAYLOR MINE","MI",9,0,1.76e-05,0,0,"JH10819",2024,NA,-4.753992281,1,NA,0.0121443386066422,7.25776817138485,NA,-1.88126126172287,"N","2024-11-14",1,0,NA,NA,NA,NA,NA,NA,NA,NA,NA,NA,NA,NA,NA,NA,NA,NA,NA,NA,NA,NA,NA
"124",1,"KL24MI0458","18.7","TAYLOR MINE","MI",9,1,3.54e-05,0,0,"JH10820",2024,NA,-4.450396721,1,NA,0.0121443386066422,7.25776817138485,NA,-1.88126126172287,"N","2024-11-14",1,1,0,"KL25MI0105","MI",1,"20 to 25",0,0.000369529,0,NA,-3.432351883,1,NA,0.0155324386961681,5.68922802850356,NA,-1.78166307902563,"Y","2025-03-12",0,1,NA
"125",0,"KL24IL0234","R7","BLACKBALL","IL",12,0,1.03e-05,0,0,"JH10851",2024,NA,-4.986907326,1,NA,0.00472653494860082,7.73031496062992,NA,-2.2421080844713,"N","2024-11-08",1,0,NA,NA,NA,NA,NA,NA,NA,NA,NA,NA,NA,NA,NA,NA,NA,NA,NA,NA,NA,NA,NA
"126",0,"KL24IL0235","R7","BLACKBALL","IL",12,0,7.72e-06,1,1,"JH10852",2024,NA,-5.112192255,1,NA,0.00472653494860082,7.73031496062992,NA,-2.2421080844713,"N","2024-11-08",1,0,NA,NA,NA,NA,NA,NA,NA,NA,NA,NA,NA,NA,NA,NA,NA,NA,NA,NA,NA,NA,NA
"127",0,"KL24IL0237","R7","BLACKBALL","IL",12,0,3.75e-06,1,1,"JH10853",2024,NA,-5.425952095,1,NA,0.00472653494860082,7.73031496062992,NA,-2.2421080844713,"N","2024-11-08",1,0,NA,NA,NA,NA,NA,NA,NA,NA,NA,NA,NA,NA,NA,NA,NA,NA,NA,NA,NA,NA,NA
"128",0,"KL24IL0239","R7","BLACKBALL","IL",12,0,5.97e-06,0,0,"JH10854",2024,NA,-5.223772561,1,NA,0.00472653494860082,7.73031496062992,NA,-2.2421080844713,"N","2024-11-08",1,0,NA,NA,NA,NA,NA,NA,NA,NA,NA,NA,NA,NA,NA,NA,NA,NA,NA,NA,NA,NA,NA
"129",0,"KL24IL0240","R7","BLACKBALL","IL",12,0,1.75e-06,0,0,"JH10855",2024,NA,-5.757136074,1,NA,0.00472653494860082,7.73031496062992,NA,-2.2421080844713,"N","2024-11-08",1,0,NA,NA,NA,NA,NA,NA,NA,NA,NA,NA,NA,NA,NA,NA,NA,NA,NA,NA,NA,NA,NA
"130",0,"KL24IL0242","R7","BLACKBALL","IL",12,0,5.21e-06,0,0,"JH10856",2024,NA,-5.283218991,1,NA,0.00472653494860082,7.73031496062992,NA,-2.2421080844713,"N","2024-11-08",1,0,NA,NA,NA,NA,NA,NA,NA,NA,NA,NA,NA,NA,NA,NA,NA,NA,NA,NA,NA,NA,NA
"131",1,"KL24IL0246","R11","BLACKBALL","IL",12,1,0.000113318,0,0,"JH10857",2024,NA,-3.945700283,1,NA,0.00607900196484612,7.868568329718,NA,-2.15002796712846,"N","2024-11-08",1,1,0,"KL25IL0044","IL",1,"L1",1,0.003197393,1,NA,-2.495203939,1,NA,0.0153224164031068,6.82077192982456,98.4349068015948,-1.78721554700056,"Y","2025-03-10",0,1,NA
"132",0,"KL24IL0247","R11","BLACKBALL","IL",12,0,1.42e-05,1,1,"JH10858",2024,NA,-4.849016923,1,NA,0.00607900196484612,7.868568329718,NA,-2.15002796712846,"N","2024-11-08",1,0,NA,NA,NA,NA,NA,NA,NA,NA,NA,NA,NA,NA,NA,NA,NA,NA,NA,NA,NA,NA,NA
"133",0,"KL24IL0248","R11","BLACKBALL","IL",12,0,8.61e-07,0,0,"JH10859",2024,NA,-6.065236852,1,NA,0.00607900196484612,7.868568329718,NA,-2.15002796712846,"N","2024-11-08",1,0,NA,NA,NA,NA,NA,NA,NA,NA,NA,NA,NA,NA,NA,NA,NA,NA,NA,NA,NA,NA,NA
"134",0,"KL24IL0250","R11","BLACKBALL","IL",12,0,1.92e-05,0,0,"JH10860",2024,NA,-4.715845361,1,NA,0.00607900196484612,7.868568329718,NA,-2.15002796712846,"N","2024-11-08",1,0,NA,NA,NA,NA,NA,NA,NA,NA,NA,NA,NA,NA,NA,NA,NA,NA,NA,NA,NA,NA,NA
"135",0,"KL24IL0253","R11","BLACKBALL","IL",12,0,1.89e-06,0,0,"JH10861",2024,NA,-5.722995775,1,NA,0.00607900196484612,7.868568329718,NA,-2.15002796712846,"N","2024-11-08",1,0,NA,NA,NA,NA,NA,NA,NA,NA,NA,NA,NA,NA,NA,NA,NA,NA,NA,NA,NA,NA,NA
"136",0,"KL24IL0268","4","ZIMMERMAN","IL",12,0,7.31e-05,0,0,"JH10862",2024,NA,-4.135980528,1,NA,0.00456348403415266,8.87753467561521,98.7152953398671,-2.25465315393356,"N","2024-11-08",1,0,NA,NA,NA,NA,NA,NA,NA,NA,NA,NA,NA,NA,NA,NA,NA,NA,NA,NA,NA,NA,NA
"137",0,"KL24IL0270","4","ZIMMERMAN","IL",12,0,3.93e-05,1,1,"JH10863",2024,NA,-4.405059475,1,NA,0.00456348403415266,8.87753467561521,98.7152953398671,-2.25465315393356,"N","2024-11-08",1,0,NA,NA,NA,NA,NA,NA,NA,NA,NA,NA,NA,NA,NA,NA,NA,NA,NA,NA,NA,NA,NA
"138",0,"KL24IL0271","4","ZIMMERMAN","IL",12,0,0.004190591,1,1,"JH10864",2024,NA,-2.377724775,1,NA,0.00456348403415266,8.87753467561521,98.7152953398671,-2.25465315393356,"N","2024-11-08",1,0,NA,NA,NA,NA,NA,NA,NA,NA,NA,NA,NA,NA,NA,NA,NA,NA,NA,NA,NA,NA,NA
"139",0,"KL24IL0273","4","ZIMMERMAN","IL",12,0,4.72e-06,0,0,"JH10865",2024,NA,-5.325915436,1,NA,0.00456348403415266,8.87753467561521,98.7152953398671,-2.25465315393356,"N","2024-11-08",1,0,NA,NA,NA,NA,NA,NA,NA,NA,NA,NA,NA,NA,NA,NA,NA,NA,NA,NA,NA,NA,NA
"140",0,"KL24IL0275","4","ZIMMERMAN","IL",12,0,0.001022317,0,0,"JH10866",2024,NA,-2.990414622,1,NA,0.00456348403415266,8.87753467561521,98.7152953398671,-2.25465315393356,"N","2024-11-08",1,0,NA,NA,NA,NA,NA,NA,NA,NA,NA,NA,NA,NA,NA,NA,NA,NA,NA,NA,NA,NA,NA
"141",0,"KL24IL0277","4","ZIMMERMAN","IL",12,0,3.42e-06,0,0,"JH10867",2024,NA,-5.466053795,1,NA,0.00456348403415266,8.87753467561521,98.7152953398671,-2.25465315393356,"N","2024-11-08",1,0,NA,NA,NA,NA,NA,NA,NA,NA,NA,NA,NA,NA,NA,NA,NA,NA,NA,NA,NA,NA,NA
"142",0,"KL24IL0279","4","ZIMMERMAN","IL",12,0,0.000125151,1,1,"JH10868",2024,NA,-3.90256657,1,NA,0.00456348403415266,8.87753467561521,98.7152953398671,-2.25465315393356,"N","2024-11-08",1,0,NA,NA,NA,NA,NA,NA,NA,NA,NA,NA,NA,NA,NA,NA,NA,NA,NA,NA,NA,NA,NA
"143",0,"KL24IL0281","4","ZIMMERMAN","IL",12,0,0.000209142,0,0,"JH10869",2024,NA,-3.679558904,1,NA,0.00456348403415266,8.87753467561521,98.7152953398671,-2.25465315393356,"N","2024-11-08",1,0,NA,NA,NA,NA,NA,NA,NA,NA,NA,NA,NA,NA,NA,NA,NA,NA,NA,NA,NA,NA,NA
"144",1,"KL24IL0284","4","ZIMMERMAN","IL",12,1,0.003024504,1,1,"JH10870",2024,NA,-2.519345858,1,NA,0.00456348403415266,8.87753467561521,98.7152953398671,-2.25465315393356,"N","2024-11-08",1,1,0,"KL25IL0049","IL",1,"4R",1,0.000203188,1,NA,-3.692100884,1,NA,0.0536636570387898,5.41326612903226,97.9364390642081,-1.26230131705173,"Y","2025-03-10",0,1,NA
"145",0,"KL24IL0285","4","ZIMMERMAN","IL",12,0,8.52e-05,0,0,"JH10871",2024,NA,-4.069677243,1,NA,0.00456348403415266,8.87753467561521,98.7152953398671,-2.25465315393356,"N","2024-11-08",1,0,NA,NA,NA,NA,NA,NA,NA,NA,NA,NA,NA,NA,NA,NA,NA,NA,NA,NA,NA,NA,NA
"146",0,"KL24IL0290","7","ZIMMERMAN","IL",12,0,0.000184751,0,0,"JH10872",2024,NA,-3.733413979,1,NA,0.0159223371232637,10.0295161290323,98.7152953398671,-1.77153965727551,"N","2024-11-08",1,0,NA,NA,NA,NA,NA,NA,NA,NA,NA,NA,NA,NA,NA,NA,NA,NA,NA,NA,NA,NA,NA
"147",0,"KL24IL0292","7","ZIMMERMAN","IL",12,0,1.43e-06,0,0,"JH10873",2024,NA,-5.845758546,1,NA,0.0159223371232637,10.0295161290323,98.7152953398671,-1.77153965727551,"N","2024-11-08",1,0,NA,NA,NA,NA,NA,NA,NA,NA,NA,NA,NA,NA,NA,NA,NA,NA,NA,NA,NA,NA,NA
"148",0,"KL24IL0294","7","ZIMMERMAN","IL",12,0,2.74e-06,1,1,"JH10874",2024,NA,-5.562746686,1,NA,0.0159223371232637,10.0295161290323,98.7152953398671,-1.77153965727551,"N","2024-11-08",1,0,NA,NA,NA,NA,NA,NA,NA,NA,NA,NA,NA,NA,NA,NA,NA,NA,NA,NA,NA,NA,NA
"149",0,"KL24IL0296","7","ZIMMERMAN","IL",12,0,7.3e-05,0,0,"JH10875",2024,NA,-4.136556486,1,NA,0.0159223371232637,10.0295161290323,98.7152953398671,-1.77153965727551,"N","2024-11-08",1,0,NA,NA,NA,NA,NA,NA,NA,NA,NA,NA,NA,NA,NA,NA,NA,NA,NA,NA,NA,NA,NA
"150",0,"KL24IL0297","7","ZIMMERMAN","IL",12,0,2.28e-06,0,0,"JH10876",2024,NA,-5.642625377,1,NA,0.0159223371232637,10.0295161290323,98.7152953398671,-1.77153965727551,"N","2024-11-08",1,0,NA,NA,NA,NA,NA,NA,NA,NA,NA,NA,NA,NA,NA,NA,NA,NA,NA,NA,NA,NA,NA
"151",0,"KL24IL0298","7","ZIMMERMAN","IL",12,0,4.4e-06,0,0,"JH10877",2024,NA,-5.35657657,1,NA,0.0159223371232637,10.0295161290323,98.7152953398671,-1.77153965727551,"N","2024-11-08",1,0,NA,NA,NA,NA,NA,NA,NA,NA,NA,NA,NA,NA,NA,NA,NA,NA,NA,NA,NA,NA,NA
"152",0,"KL24IL0300","7","ZIMMERMAN","IL",12,0,0.000211723,0,0,"JH10878",2024,NA,-3.674231366,1,NA,0.0159223371232637,10.0295161290323,98.7152953398671,-1.77153965727551,"N","2024-11-08",1,0,NA,NA,NA,NA,NA,NA,NA,NA,NA,NA,NA,NA,NA,NA,NA,NA,NA,NA,NA,NA,NA
"153",0,"KL24IL0301","7","ZIMMERMAN","IL",12,0,1.09e-05,0,0,"JH10879",2024,NA,-4.963939648,1,NA,0.0159223371232637,10.0295161290323,98.7152953398671,-1.77153965727551,"N","2024-11-08",1,0,NA,NA,NA,NA,NA,NA,NA,NA,NA,NA,NA,NA,NA,NA,NA,NA,NA,NA,NA,NA,NA
"154",0,"JH17MI0124","13.5","BEATENS CAVE","MI",3,0,0.208200995,NA,NA,"JH2204",2017,NA,-0.681517199,1,NA,0.0408292387674945,7.10138392124692,NA,-1.37852003888781,"N","2017-11-13",1,0,NA,NA,NA,NA,NA,NA,NA,NA,NA,NA,NA,NA,NA,NA,NA,NA,NA,NA,NA,NA,"invasion"
"155",1,"JH17MI0134","27","BEATENS CAVE","MI",3,3,6.52e-05,0,0,"JH2205",2017,NA,-4.185958299,1,NA,0.0408292387674945,7.10138392124692,NA,-1.37852003888781,"N","2017-11-13",1,1,NA,NA,NA,NA,NA,NA,NA,NA,NA,NA,NA,NA,NA,NA,NA,NA,NA,NA,NA,NA,"invasion"
"156",1,"JH18MI0175","25.5","BEATENS CAVE","MI",4,3,2.84e-06,0,0,"JH2205",2018,NA,-5.547336911,1,NA,0.0408292387674945,6.51336486486487,NA,-1.37852003888781,"Y","2018-11-12",0,1,NA,NA,NA,NA,NA,NA,NA,NA,NA,NA,NA,NA,NA,NA,NA,NA,NA,NA,NA,NA,"established"
"157",1,"KL19MI0296","51.2","BEATENS CAVE","MI",5,3,1.68e-05,0,0,"JH2205",2019,NA,-4.775357795,1,NA,0.0760433258108985,6.13457815442561,NA,-1.11326497782868,"Y","2019-11-07",0,1,0,"KL20MI0240","MI",3,"29.2",1,0.10520855,1,NA,-0.977948965,1,NA,0.0809447401234304,4.75799350649351,NA,-1.08647891773328,"Y","2020-03-08",0,1,"established"
"158",1,"JH17MI0135","27","BEATENS CAVE","MI",3,3,0.001752956,0,0,"JH2206",2017,NA,-2.756229007,1,NA,0.0408292387674945,7.10138392124692,NA,-1.37852003888781,"N","2017-11-13",1,1,1,"JH18MI0048","MI",3,"34.9",1,0.001313343,1,NA,-2.881621703,1,NA,0.111722471261116,4.99124424778761,NA,-0.947989498577717,"Y","2018-03-12",0,1,"invasion"
"159",1,"JH18MI0179","26.4","BEATENS CAVE","MI",4,3,0.000150594,0,0,"JH2206",2018,NA,-3.822190953,1,NA,0.0408292387674945,6.51336486486487,NA,-1.37852003888781,"Y","2018-11-12",0,1,0,"KL19MI0151","MI",3,"27.6",NA,0.023431315,NA,NA,-1.630203337,1,NA,0.111722471261116,4.91582730923695,NA,-0.947989498577717,"Y","2019-03-11",0,1,"established"
"160",1,"JH17MI0136","28.4","BEATENS CAVE","MI",3,7,0.000119451,0,0,"JH2207",2017,NA,-3.922811646,1,NA,0.0408292387674945,7.10138392124692,NA,-1.37852003888781,"N","2017-11-13",1,1,1,"JH18MI0035","MI",7,"19",1,0.002648471,1,NA,-2.577004696,1,NA,0.111722471261116,4.99124424778761,NA,-0.947989498577717,"Y","2018-03-12",0,1,"invasion"
"161",1,"JH18MI0187","28.7","BEATENS CAVE","MI",4,7,0.000155571,0,0,"JH2207",2018,NA,-3.808071328,1,NA,0.0408292387674945,6.51336486486487,NA,-1.37852003888781,"Y","2018-11-12",0,1,1,"KL19MI0154","MI",7,"27.6",NA,0.031183175,NA,NA,-1.506079668,1,NA,0.111722471261116,4.91582730923695,NA,-0.947989498577717,"Y","2019-03-11",0,1,"established"
"162",1,"KL19MI0268","26.7","BEATENS CAVE","MI",5,7,9.26e-05,0,0,"JH2207",2019,NA,-4.033327039,1,NA,0.0760433258108985,6.13457815442561,NA,-1.11326497782868,"Y","2019-11-07",0,1,1,"KL20MI0256","MI",7,"44.3",1,0.01925838,1,NA,-1.715380248,1,NA,0.0809447401234304,4.75799350649351,NA,-1.08647891773328,"Y","2020-03-08",0,1,"established"
"163",1,"KL20MI0490","44.3","BEATENS CAVE","MI",6,7,6.79e-05,0,0,"JH2207",2020,NA,-4.168326662,1,NA,0.0465294505908943,6.91302144249513,95.2177747148686,-1.32303720583404,"Y","2020-11-13",0,1,0,"KL21MI0113","MI",7,"17.6",NA,0.02587742,NA,NA,-1.587079025,1,NA,0.0977998035745537,4.52669934640523,88.2147676784887,-1.00524391883922,"Y","2021-03-04",0,1,"established"
"164",1,"JH17MI0137","28.4","BEATENS CAVE","MI",3,1,3.49e-06,0,0,"JH2208",2017,NA,-5.456911518,1,NA,0.0408292387674945,7.10138392124692,NA,-1.37852003888781,"N","2017-11-13",1,1,NA,NA,NA,NA,NA,NA,NA,NA,NA,NA,NA,NA,NA,NA,NA,NA,NA,NA,NA,NA,"invasion"
"165",0,"JH18MI0184","28.7","BEATENS CAVE","MI",4,1,3.68e-05,0,0,"JH2208",2018,NA,-4.433903668,1,NA,0.0408292387674945,6.51336486486487,NA,-1.37852003888781,"Y","2018-11-12",0,1,NA,NA,NA,NA,NA,NA,NA,NA,NA,NA,NA,NA,NA,NA,NA,NA,NA,NA,NA,NA,"established"
"166",0,"JH17MI0138","28.7","BEATENS CAVE","MI",3,0,0.00167439,0,0,"JH2209",2017,NA,-2.776143416,1,NA,0.0408292387674945,7.10138392124692,NA,-1.37852003888781,"N","2017-11-13",1,0,NA,NA,NA,NA,NA,NA,NA,NA,NA,NA,NA,NA,NA,NA,NA,NA,NA,NA,NA,NA,"invasion"
"167",1,"JH17MI0139","28.7","BEATENS CAVE","MI",3,4,5.78e-06,0,0,"JH2210",2017,NA,-5.238384244,1,NA,0.0408292387674945,7.10138392124692,NA,-1.37852003888781,"N","2017-11-13",1,1,1,"JH18MI0044","MI",4,"27",1,0.000115734,1,NA,-3.936538368,1,NA,0.111722471261116,4.99124424778761,NA,-0.947989498577717,"Y","2018-03-12",0,1,"invasion"
"168",1,"JH18MI0178","26.3","BEATENS CAVE","MI",4,4,1.67e-06,0,0,"JH2210",2018,NA,-5.77786077,1,NA,0.0408292387674945,6.51336486486487,NA,-1.37852003888781,"Y","2018-11-12",0,1,NA,NA,NA,NA,NA,NA,NA,NA,NA,NA,NA,NA,NA,NA,NA,NA,NA,NA,NA,NA,"established"
"169",1,"KL19MI0267","26.7","BEATENS CAVE","MI",5,4,1.83e-05,NA,NA,"JH2210",2019,NA,-4.73671873,1,NA,0.0760433258108985,6.13457815442561,NA,-1.11326497782868,"Y","2019-11-07",0,1,0,"KL20MI0263","MI",4,"56.3",0,0.0126903,0,NA,-1.896528111,1,NA,0.0809447401234304,4.75799350649351,NA,-1.08647891773328,"Y","2020-03-08",0,1,"established"
"170",1,"JH17MI0140","28.3","BEATENS CAVE","MI",3,9,0.000103894,0,0,"JH2211",2017,NA,-3.983407674,1,NA,0.0408292387674945,7.10138392124692,NA,-1.37852003888781,"N","2017-11-13",1,1,NA,NA,NA,NA,NA,NA,NA,NA,NA,NA,NA,NA,NA,NA,NA,NA,NA,NA,NA,NA,"invasion"
"171",1,"JH18MI0186","28.7","BEATENS CAVE","MI",4,9,2.09e-05,0,0,"JH2211",2018,NA,-4.680603278,1,NA,0.0408292387674945,6.51336486486487,NA,-1.37852003888781,"Y","2018-11-12",0,1,1,"KL19MI0138","MI",9,"19",NA,0.15137615,NA,NA,-0.819942545,1,NA,0.111722471261116,4.91582730923695,NA,-0.947989498577717,"Y","2019-03-11",0,1,"established"
"172",1,"KL20MI0493","44.3","BEATENS CAVE","MI",6,9,0.00018639,0,0,"JH2211",2020,NA,-3.729577858,1,NA,0.0465294505908943,6.91302144249513,95.2177747148686,-1.32303720583404,"Y","2020-11-13",0,1,1,"KL21MI0082","MI",9,"29.8",1,0.03116922,1,NA,-1.506274066,1,NA,0.0977998035745537,4.52669934640523,88.2147676784887,-1.00524391883922,"Y","2021-03-04",0,1,"established"
"173",1,"KL22MI0537","35 to 40","BEATENS CAVE","MI",8,9,1.55e-05,0,0,"JH2211",2022,NA,-4.809932966,1,NA,0.0414613536861847,6.61924170616114,95.7830095525757,-1.37200616445478,"Y","2022-11-11",0,1,1,"KL23MI0256","MI",9,"25 to 30",1,0.003249588,1,NA,-2.488171662,1,NA,0.150379521336981,5.00233870967742,82.7408564672514,-0.819932872338553,"Y","2023-03-03",0,1,"established"
"174",0,"JH17MI0141","28.3","BEATENS CAVE","MI",3,0,4.34e-05,0,0,"JH2212",2017,NA,-4.362586091,1,NA,0.0408292387674945,7.10138392124692,NA,-1.37852003888781,"N","2017-11-13",1,0,NA,NA,NA,NA,NA,NA,NA,NA,NA,NA,NA,NA,NA,NA,NA,NA,NA,NA,NA,NA,"invasion"
"175",0,"JH17MI0142","28.3","BEATENS CAVE","MI",3,0,0.001000568,0,0,"JH2213",2017,NA,-2.999753387,1,NA,0.0408292387674945,7.10138392124692,NA,-1.37852003888781,"N","2017-11-13",1,0,NA,NA,NA,NA,NA,NA,NA,NA,NA,NA,NA,NA,NA,NA,NA,NA,NA,NA,NA,NA,"invasion"
"176",1,"JH17MI0143","28.3","BEATENS CAVE","MI",3,4,0.00158389,0,0,"JH2214",2017,NA,-2.800274949,1,NA,0.0408292387674945,7.10138392124692,NA,-1.37852003888781,"N","2017-11-13",1,1,1,"JH18MI0036","MI",4,"20",0,0.01323231,0,NA,-1.878364323,1,NA,0.111722471261116,4.99124424778761,NA,-0.947989498577717,"Y","2018-03-12",0,1,"invasion"
"177",1,"JH18MI0183","28.7","BEATENS CAVE","MI",4,4,0.000179496,0,0,"JH2214",2018,NA,-3.745945336,1,NA,0.0408292387674945,6.51336486486487,NA,-1.37852003888781,"Y","2018-11-12",0,1,NA,NA,NA,NA,NA,NA,NA,NA,NA,NA,NA,NA,NA,NA,NA,NA,NA,NA,NA,NA,"established"
"178",1,"KL19MI0270","26.7","BEATENS CAVE","MI",5,4,6e-06,0,0,"JH2214",2019,NA,-5.221700029,1,NA,0.0760433258108985,6.13457815442561,NA,-1.11326497782868,"Y","2019-11-07",0,1,0,"KL20MI0241","MI",4,"29.2",1,0.079665935,1,NA,-1.098727342,1,NA,0.0809447401234304,4.75799350649351,NA,-1.08647891773328,"Y","2020-03-08",0,1,"established"
"179",1,"JH17MI0144","28.6","BEATENS CAVE","MI",3,9,2.48e-05,0,0,"JH2215",2017,NA,-4.604863776,1,NA,0.0408292387674945,7.10138392124692,NA,-1.37852003888781,"N","2017-11-13",1,1,1,"JH18MI0045","MI",9,"28.9",0,2.85e-06,0,NA,-5.544452712,1,NA,0.111722471261116,4.99124424778761,NA,-0.947989498577717,"Y","2018-03-12",0,1,"invasion"
"180",1,"JH18MI0182","28.7","BEATENS CAVE","MI",4,9,3.25e-05,0,0,"JH2215",2018,NA,-4.487792276,1,NA,0.0408292387674945,6.51336486486487,NA,-1.37852003888781,"Y","2018-11-12",0,1,1,"KL19MI0169","MI",9,"48.5",NA,3.28e-06,NA,NA,-5.483735335,1,NA,0.111722471261116,4.91582730923695,NA,-0.947989498577717,"Y","2019-03-11",0,1,"established"
"181",1,"KL19MI0272","26.6","BEATENS CAVE","MI",5,9,7.91e-06,0,0,"JH2215",2019,NA,-5.102074805,1,NA,0.0760433258108985,6.13457815442561,NA,-1.11326497782868,"Y","2019-11-07",0,1,1,"KL20MI0228","MI",9,"24",0,0.000191442,0,NA,-3.717963344,1,NA,0.0809447401234304,4.75799350649351,NA,-1.08647891773328,"Y","2020-03-08",0,1,"established"
"182",1,"KL21MI0452","48.5","BEATENS CAVE","MI",7,9,4.31e-06,0,0,"JH2215",2021,10.72,-5.365413463,1,0.167253823606161,0.0581471444837418,7.10007425742574,94.0823126400028,-1.22806621747543,"Y","2021-11-10",0,1,1,"KL22MI0074","MI",9,"12.3",0,0.005220972,0,5.1,-2.282248659,1,0.0599409420209014,0.122836608342756,4.64745011086475,85.4042138483733,-0.907150951026464,"Y","2022-03-06",0,1,"established"
"183",1,"JH17MI0148","41","BEATENS CAVE","MI",3,7,2.92e-05,0,0,"JH2216",2017,NA,-4.534219685,1,NA,0.0408292387674945,7.10138392124692,NA,-1.37852003888781,"N","2017-11-13",1,1,1,"JH18MI0032","MI",7,"14.8",1,0.000317023,2,NA,-3.49890924,1,NA,0.111722471261116,4.99124424778761,NA,-0.947989498577717,"Y","2018-03-12",0,1,"invasion"
"184",1,"KL19MI0297","55.1","BEATENS CAVE","MI",5,7,9.1e-06,0,0,"JH2216",2019,NA,-5.041069176,1,NA,0.0760433258108985,6.13457815442561,NA,-1.11326497782868,"Y","2019-11-07",0,1,1,"KL20MI0235","MI",7,"24.8",1,0.008448547,1,NA,-2.073218001,1,NA,0.0809447401234304,4.75799350649351,NA,-1.08647891773328,"Y","2020-03-08",0,1,"established"
"185",1,"KL20MI0498","47.6","BEATENS CAVE","MI",6,7,1.54e-05,0,0,"JH2216",2020,NA,-4.813447226,1,NA,0.0465294505908943,6.91302144249513,95.2177747148686,-1.32303720583404,"Y","2020-11-13",0,1,1,"KL21MI0099","MI",7,"44.3",1,0.000705006,1,NA,-3.151807218,1,NA,0.0977998035745537,4.52669934640523,88.2147676784887,-1.00524391883922,"Y","2021-03-04",0,1,"established"
"186",0,"KL21MI0440","27","BEATENS CAVE","MI",7,7,0.003076933,0,0,"JH2216",2021,8.45,-2.511881956,1,0.138865007267465,0.0581471444837418,7.10007425742574,94.0823126400028,-1.22806621747543,"Y","2021-11-10",0,1,NA,NA,NA,NA,NA,NA,NA,NA,NA,NA,NA,NA,NA,NA,NA,NA,NA,NA,NA,NA,"established"
"187",1,"KL20MI0494","44.3","BEATENS CAVE","MI",6,8,9.14e-05,0,0,"JH2217",2020,NA,-4.039174369,1,NA,0.0465294505908943,6.91302144249513,95.2177747148686,-1.32303720583404,"Y","2020-11-13",0,1,1,"KL21MI0093","MI",8,"44.1",0,0.001055276,0,NA,-2.976633939,1,NA,0.0977998035745537,4.52669934640523,88.2147676784887,-1.00524391883922,"Y","2021-03-04",0,1,"established"
"188",1,"KL21MI0449","47.5","BEATENS CAVE","MI",7,8,4.13e-06,0,0,"JH2217",2021,10.25,-5.38457594,1,0.108990282132452,0.0581471444837418,7.10007425742574,94.0823126400028,-1.22806621747543,"Y","2021-11-10",0,1,1,"KL22MI0110","MI",8,"44.7",0,1.48e-06,0,NA,-5.830817074,1,NA,0.122836608342756,4.64745011086475,85.4042138483733,-0.907150951026464,"Y","2022-03-06",0,1,"established"
"189",1,"KL22MI0534","35 to 40","BEATENS CAVE","MI",8,8,3.3e-06,0,0,"JH2217",2022,NA,-5.480990265,1,NA,0.0414613536861847,6.61924170616114,95.7830095525757,-1.37200616445478,"Y","2022-11-11",0,1,0,"KL23MI0267","MI",8,"40 to 45",1,0.001806561,1,NA,-2.743147276,1,NA,0.133185891535623,4.78165966386555,84.5026668116197,-0.872293144005535,"Y","2023-03-03",0,1,"established"
"190",1,"JH17MI0155","16","MASS C","MI",3,1,0.000223896,NA,NA,"JH2218",2017,NA,-3.649954028,1,NA,0.0311979292405735,6.1290625,NA,-1.49217205837593,"N","2017-11-14",1,1,0,"JH18MI0093","MI",1,"19",1,0.002472256,1,NA,-2.606906568,1,NA,0.0132509908915458,3.78603738525318,NA,-1.84615493749623,"Y","2018-03-13",0,1,"invasion"
"191",0,"JH17MI0156","16","MASS C","MI",3,0,0.001224439,NA,NA,"JH2219",2017,NA,-2.912062781,1,NA,0.0311979292405735,6.1290625,NA,-1.49217205837593,"N","2017-11-14",1,0,NA,NA,NA,NA,NA,NA,NA,NA,NA,NA,NA,NA,NA,NA,NA,NA,NA,NA,NA,NA,"invasion"
"192",0,"JH17MI0161","17.5","MASS C","MI",3,0,1.41e-06,NA,NA,"JH2221",2017,NA,-5.851108257,1,NA,0.0311979292405735,6.1290625,NA,-1.49217205837593,"N","2017-11-14",1,0,NA,NA,NA,NA,NA,NA,NA,NA,NA,NA,NA,NA,NA,NA,NA,NA,NA,NA,NA,NA,"invasion"
"193",1,"JH17MI0160","17.5","MASS C","MI",3,3,4.29e-05,NA,NA,"JH2222",2017,NA,-4.36765758,1,NA,0.0311979292405735,6.1290625,NA,-1.49217205837593,"N","2017-11-14",1,1,1,"JH18MI0102","MI",3,"28",1,0.001948301,1,NA,-2.71034404,1,NA,0.0132509908915458,3.78603738525318,NA,-1.84615493749623,"Y","2018-03-13",0,1,"invasion"
"194",1,"JH18MI0165","15.4","MASS C","MI",4,3,0.000135562,0,0,"JH2222",2018,NA,-3.867860522,1,NA,0.0311979292405735,4.27454838709677,NA,-1.49217205837593,"Y","2018-11-11",0,1,0,"KL19MI0217","MI",3,"24",1,0.013368355,1,NA,-1.87392203,1,NA,0.0132509908915458,2.88225,NA,-1.84615493749623,"Y","2019-03-11",0,1,"established"
"195",1,"JH17MI0165","20","MASS C","MI",3,1,0.000100789,NA,NA,"JH2223",2017,NA,-3.996585161,1,NA,0.0311979292405735,6.1290625,NA,-1.49217205837593,"N","2017-11-14",1,1,0,"JH18MI0089","MI",1,"14.5",1,0.000100158,1,NA,-3.999314205,1,NA,0.0132509908915458,3.78603738525318,NA,-1.84615493749623,"Y","2018-03-13",0,1,"invasion"
"196",1,"JH18MI0167","18.2","MASS C","MI",4,5,0.002768609,0,0,"JH2224",2018,NA,-2.557738316,1,NA,0.0311979292405735,4.27454838709677,NA,-1.49217205837593,"Y","2018-11-11",1,1,1,"KL19MI0216","MI",5,"24",1,0.006940323,1,NA,-2.158620348,1,NA,0.0132509908915458,2.88225,NA,-1.84615493749623,"Y","2019-03-11",0,1,"established"
"197",1,"KL19MI0341","33","MASS C","MI",5,5,3.69e-05,0,0,"JH2224",2019,NA,-4.432624573,1,NA,0.0311979292405735,6.1290625,NA,-1.49217205837593,"Y","2019-11-08",0,1,1,"KL20MI0099","MI",5,"21.7",1,0.048286355,1,NA,-1.316175577,1,NA,0.0203997488722152,3.15357142857143,97.2900129803217,-1.6695913231018,"Y","2020-03-07",0,1,"established"
"198",1,"KL20MI0459","27.7","MASS C","MI",6,5,0.001908401,0,0,"JH2224",2020,NA,-2.719330478,1,NA,0.0311979292405735,6.22762376237624,96.6326008388968,-1.49217205837593,"Y","2020-11-13",0,1,0,"KL21MI0217","MI",5,"31.2",1,0.000226182,1,NA,-3.645541096,1,NA,0.0132509908915458,3.78603738525318,NA,-1.84615493749623,"Y","2021-03-04",0,1,"established"
"199",0,"JH17MI0168","20","MASS C","MI",3,0,0.000732607,NA,NA,"JH2225",2017,NA,-3.135129027,1,NA,0.0311979292405735,6.1290625,NA,-1.49217205837593,"N","2017-11-14",1,0,NA,NA,NA,NA,NA,NA,NA,NA,NA,NA,NA,NA,NA,NA,NA,NA,NA,NA,NA,NA,"invasion"
"200",1,"JH17MI0169","26.8","MASS C","MI",3,2,2.86e-05,NA,NA,"JH2226",2017,NA,-4.543154361,1,NA,0.0311979292405735,6.1290625,NA,-1.49217205837593,"N","2017-11-14",1,1,1,"JH18MI0103","MI",2,"28",0,0.053384873,0,NA,-1.272581784,1,NA,0.0132509908915458,3.78603738525318,NA,-1.84615493749623,"Y","2018-03-13",0,1,"invasion"
"201",0,"JH18MI0161","12.9","MASS C","MI",4,2,0.002643577,0,0,"JH2226",2018,NA,-2.577807991,1,NA,0.0311979292405735,4.27454838709677,NA,-1.49217205837593,"Y","2018-11-11",0,1,NA,NA,NA,NA,NA,NA,NA,NA,NA,NA,NA,NA,NA,NA,NA,NA,NA,NA,NA,NA,"established"
"202",1,"JH17MI0172","26.8","MASS C","MI",3,1,0.000264889,NA,NA,"JH2227",2017,NA,-3.576935272,1,NA,0.0311979292405735,6.1290625,NA,-1.49217205837593,"N","2017-11-14",1,1,0,"JH18MI0085","MI",1,"12.5",1,0.000955383,1,NA,-3.019822673,1,NA,0.0132509908915458,3.78603738525318,NA,-1.84615493749623,"Y","2018-03-13",0,1,"invasion"
"203",0,"JH17MI0173","26.8","MASS C","MI",3,0,0.000371443,NA,NA,"JH2228",2017,NA,-3.430107431,1,NA,0.0311979292405735,6.1290625,NA,-1.49217205837593,"N","2017-11-14",1,0,NA,NA,NA,NA,NA,NA,NA,NA,NA,NA,NA,NA,NA,NA,NA,NA,NA,NA,NA,NA,"invasion"
"204",0,"JH17MI0178","25.3","GLEN ADIT","MI",3,0,0.02775089,1,1,"JH2229",2017,NA,-1.556723086,1,NA,0.0281796040434707,5.72730303030303,NA,-1.53492060561949,"N","2017-11-14",1,0,NA,NA,NA,NA,NA,NA,NA,NA,NA,NA,NA,NA,NA,NA,NA,NA,NA,NA,NA,NA,"invasion"
"205",0,"JH17MI0179","25.3","GLEN ADIT","MI",3,0,0.011765374,1,1,"JH2230",2017,NA,-1.929394248,1,NA,0.0281796040434707,5.72730303030303,NA,-1.53492060561949,"N","2017-11-14",1,0,NA,NA,NA,NA,NA,NA,NA,NA,NA,NA,NA,NA,NA,NA,NA,NA,NA,NA,NA,NA,"invasion"
"206",1,"JH17MI0180","26","GLEN ADIT","MI",3,1,0.001387748,0,0,"JH2231",2017,NA,-2.857689473,1,NA,0.0281796040434707,5.72730303030303,NA,-1.53492060561949,"N","2017-11-14",1,1,0,"JH18MI0007","MI",1,"25",1,0.003543715,1,NA,-2.450541256,1,NA,0.0130307536985769,3.24333,NA,-1.85291899908275,"Y","2018-03-12",0,1,"invasion"
"207",1,"JH17MI0181","26","GLEN ADIT","MI",3,3,0.000281833,0,0,"JH2232",2017,NA,-3.550007823,1,NA,0.0281796040434707,5.72730303030303,NA,-1.53492060561949,"N","2017-11-14",1,1,1,"JH18MI0018","MI",3,"28.5",NA,0.001787283,NA,NA,-2.747806576,1,NA,0.0130307536985769,3.24333,NA,-1.85291899908275,"Y","2018-03-12",0,1,"invasion"
"208",1,"JH18MI0137","29","GLEN ADIT","MI",4,3,0.000147196,0,0,"JH2232",2018,NA,-3.832103583,1,NA,0.0281796040434707,5.11451948051948,NA,-1.53492060561949,"Y","2018-11-11",0,1,0,"KL19MI0068","MI",3,"27.6",1,0.001309733,1,NA,-2.88281723,1,NA,0.0130307536985769,2.37507792207792,NA,-1.85291899908275,"Y","2019-03-10",0,1,"established"
"209",1,"JH17MI0183","26","GLEN ADIT","MI",3,3,4.77e-05,0,0,"JH2233",2017,NA,-4.321619881,1,NA,0.0281796040434707,5.72730303030303,NA,-1.53492060561949,"N","2017-11-14",1,1,1,"JH18MI0008","MI",3,"25",1,0.00011922,1,NA,-3.923649703,1,NA,0.0130307536985769,3.24333,NA,-1.85291899908275,"Y","2018-03-12",0,1,"invasion"
"210",1,"JH18MI0130","24.7","GLEN ADIT","MI",4,3,5.53e-06,0,0,"JH2233",2018,NA,-5.257184902,1,NA,0.0281796040434707,5.11451948051948,NA,-1.53492060561949,"Y","2018-11-11",0,1,0,"KL19MI0054","MI",3,"25",1,6.92e-06,1,NA,-5.160020823,1,NA,0.0130307536985769,2.37507792207792,NA,-1.85291899908275,"Y","2019-03-10",0,1,"established"
"211",1,"JH17MI0184","26.2","GLEN ADIT","MI",3,2,0.000814106,0,0,"JH2234",2017,NA,-3.089319098,1,NA,0.0281796040434707,5.72730303030303,NA,-1.53492060561949,"N","2017-11-14",1,1,1,"JH18MI0002","MI",2,"11",0,0.000236889,0,NA,-3.625454212,1,NA,0.0130307536985769,3.24333,NA,-1.85291899908275,"Y","2018-03-12",0,1,"invasion"
"212",1,"JH17MI0185","26.2","GLEN ADIT","MI",3,3,0.00084733,0,0,"JH2235",2017,NA,-3.071947321,1,NA,0.0281796040434707,5.72730303030303,NA,-1.53492060561949,"N","2017-11-14",1,1,NA,NA,NA,NA,NA,NA,NA,NA,NA,NA,NA,NA,NA,NA,NA,NA,NA,NA,NA,NA,"invasion"
"213",1,"JH18MI0135","29","GLEN ADIT","MI",4,3,0.001512055,0,0,"JH2235",2018,NA,-2.820432459,1,NA,0.0281796040434707,5.11451948051948,NA,-1.53492060561949,"Y","2018-11-11",0,1,NA,NA,NA,NA,NA,NA,NA,NA,NA,NA,NA,NA,NA,NA,NA,NA,NA,NA,NA,NA,"established"
"214",0,"JH17MI0186","26.2","GLEN ADIT","MI",3,0,0.00040685,0,0,"JH2237",2017,NA,-3.390565701,1,NA,0.0281796040434707,5.72730303030303,NA,-1.53492060561949,"N","2017-11-14",1,0,NA,NA,NA,NA,NA,NA,NA,NA,NA,NA,NA,NA,NA,NA,NA,NA,NA,NA,NA,NA,"invasion"
"215",0,"JH17MI0187","26.4","GLEN ADIT","MI",3,0,0.004776698,1,1,"JH2238",2017,NA,-2.320872175,1,NA,0.0281796040434707,5.72730303030303,NA,-1.53492060561949,"N","2017-11-14",1,0,NA,NA,NA,NA,NA,NA,NA,NA,NA,NA,NA,NA,NA,NA,NA,NA,NA,NA,NA,NA,"invasion"
"216",0,"JH17MI0166","20","MASS C","MI",3,0,7.19e-05,NA,NA,"JH2324",2017,NA,-4.143042425,1,NA,0.0311979292405735,6.1290625,NA,-1.49217205837593,"N","2017-11-14",1,0,NA,NA,NA,NA,NA,NA,NA,NA,NA,NA,NA,NA,NA,NA,NA,NA,NA,NA,NA,NA,"invasion"
"217",0,"KL16WI0535","B","PUMP STATION","WI",1,0,0.000146725,0,0,"JH2370",2016,NA,-3.833496178,1,NA,NA,NA,NA,NA,"N","2016-11-13",1,0,NA,NA,NA,NA,NA,NA,NA,NA,NA,NA,NA,NA,NA,NA,NA,NA,NA,NA,NA,NA,"invasion"
"218",0,"KL16WI0543","B","PUMP STATION","WI",1,0,0.000622234,0,0,"JH2371",2016,NA,-3.206046087,1,NA,NA,NA,NA,NA,"N","2016-11-13",1,0,NA,NA,NA,NA,NA,NA,NA,NA,NA,NA,NA,NA,NA,NA,NA,NA,NA,NA,NA,NA,"invasion"
"219",0,"KL16WI0550","B","ST. JOHN","WI",2,0,0.17694675,1,1,"JH2372",2016,NA,-0.75215741,1,NA,0.00357396516002405,9.26384732824427,NA,-2.33970714774565,"N","2016-11-14",1,0,NA,NA,NA,NA,NA,NA,NA,NA,NA,NA,NA,NA,NA,NA,NA,NA,NA,NA,NA,NA,"invasion"
"220",0,"KL16WI0552","B","ST. JOHN","WI",2,0,0.005754645,0,0,"JH2374",2016,NA,-2.2399815,1,NA,0.00357396516002405,9.26384732824427,NA,-2.33970714774565,"N","2016-11-14",1,0,NA,NA,NA,NA,NA,NA,NA,NA,NA,NA,NA,NA,NA,NA,NA,NA,NA,NA,NA,NA,"invasion"
"221",0,"KL16WI0553","B","ST. JOHN","WI",2,0,0.000411393,0,0,"JH2375",2016,NA,-3.385743155,1,NA,0.00357396516002405,9.26384732824427,NA,-2.33970714774565,"N","2016-11-14",1,0,NA,NA,NA,NA,NA,NA,NA,NA,NA,NA,NA,NA,NA,NA,NA,NA,NA,NA,NA,NA,"invasion"
"222",0,"KL16WI0554","B","ST. JOHN","WI",2,0,0.007624777,1,1,"JH2376",2016,NA,-2.117772882,1,NA,0.00357396516002405,9.26384732824427,NA,-2.33970714774565,"N","2016-11-14",1,0,NA,NA,NA,NA,NA,NA,NA,NA,NA,NA,NA,NA,NA,NA,NA,NA,NA,NA,NA,NA,"invasion"
"223",1,"JH17MI0171","26.8","MASS C","MI",3,8,1.4e-06,NA,NA,"JH2382",2017,NA,-5.853110127,1,NA,0.0311979292405735,6.1290625,NA,-1.49217205837593,"Y","2017-11-14",0,1,1,"JH18MI0095","MI",8,"24",1,1.6e-05,1,NA,-4.795338061,1,NA,0.0132509908915458,3.78603738525318,NA,-1.84615493749623,"Y","2018-03-13",0,1,"invasion"
"224",1,"JH18MI0172","20 to 25","MASS C","MI",4,8,2.19e-05,0,0,"JH2382",2018,NA,-4.659140743,1,NA,0.0311979292405735,6.22762376237624,96.6326008388968,-1.49217205837593,"Y","2018-11-11",0,1,1,"KL19MI0214","MI",8,"24",0,0.01067687,0,NA,-1.971556045,1,NA,0.0132509908915458,2.88225,NA,-1.84615493749623,"Y","2019-03-11",0,1,"established"
"225",1,"KL19MI0340","33","MASS C","MI",5,8,5.86e-05,0,0,"JH2382",2019,NA,-4.23245007,1,NA,0.0311979292405735,6.1290625,NA,-1.49217205837593,"Y","2019-11-08",0,1,1,"KL20MI0096","MI",8,"21.7",0,0.000780974,0,NA,-3.107363647,1,NA,0.0203997488722152,3.15357142857143,97.2900129803217,-1.6695913231018,"Y","2020-03-07",0,1,"established"
"226",1,"KL20MI0461","27.7","MASS C","MI",6,8,3.74e-05,0,0,"JH2382",2020,NA,-4.426619329,1,NA,0.0311979292405735,6.22762376237624,96.6326008388968,-1.49217205837593,"Y","2020-11-13",0,1,0,"KL21MI0205","MI",8,"23.3",1,0.001514077,1,NA,-2.819852038,1,NA,0.0132509908915458,3.78603738525318,NA,-1.84615493749623,"Y","2021-03-04",0,1,"established"
"227",0,"JH17MI0159","17.5","MASS C","MI",3,1,9.81e-05,NA,NA,"JH2383",2017,NA,-4.008115593,1,NA,0.0311979292405735,6.1290625,NA,-1.49217205837593,"Y","2017-11-14",0,1,NA,NA,NA,NA,NA,NA,NA,NA,NA,NA,NA,NA,NA,NA,NA,NA,NA,NA,NA,NA,"invasion"
"228",1,"JH17MI0167","20","MASS C","MI",3,7,0.000257256,NA,NA,"JH2384",2017,NA,-3.589634747,1,NA,0.0311979292405735,6.1290625,NA,-1.49217205837593,"Y","2017-11-14",0,1,NA,NA,NA,NA,NA,NA,NA,NA,NA,NA,NA,NA,NA,NA,NA,NA,NA,NA,NA,NA,"invasion"
"229",1,"JH18MI0171","20 to 25","MASS C","MI",4,7,7.8e-05,0,0,"JH2384",2018,NA,-4.108075129,1,NA,0.0311979292405735,6.22762376237624,96.6326008388968,-1.49217205837593,"Y","2018-11-11",0,1,1,"KL19MI0215","MI",7,"24",0,0.037519005,0,NA,-1.425748688,1,NA,0.0132509908915458,2.88225,NA,-1.84615493749623,"Y","2019-03-11",0,1,"established"
"230",1,"KL19MI0327","18.5","MASS C","MI",5,7,7.29e-05,0,0,"JH2384",2019,NA,-4.136995065,1,NA,0.0311979292405735,6.1290625,NA,-1.49217205837593,"Y","2019-11-08",0,1,1,"KL20MI0101","MI",7,"21.7",0,0.032102025,0,NA,-1.493467571,1,NA,0.0203997488722152,3.15357142857143,97.2900129803217,-1.6695913231018,"Y","2020-03-07",0,1,"established"
"231",1,"KL20MI0450","12","MASS C","MI",6,7,8.32e-05,0,0,"JH2384",2020,NA,-4.079844051,1,NA,0.0311979292405735,6.22762376237624,96.6326008388968,-1.49217205837593,"Y","2020-11-13",0,1,0,"KL21MI0211","MI",7,"29.5",0,0.006042234,0,NA,-2.218802496,1,NA,0.0132509908915458,3.78603738525318,NA,-1.84615493749623,"Y","2021-03-04",0,1,"established"
"232",1,"JH17MI0170","26.8","MASS C","MI",3,8,0.000426883,NA,NA,"JH2385",2017,NA,-3.369690898,1,NA,0.0311979292405735,6.1290625,NA,-1.49217205837593,"Y","2017-11-14",0,1,1,"JH18MI0101","MI",8,"28",1,0.005753735,1,NA,-2.24005018,1,NA,0.0132509908915458,3.78603738525318,NA,-1.84615493749623,"Y","2018-03-13",0,1,"invasion"
"233",1,"JH18MI0174","30.3","MASS C","MI",4,8,0.000138847,0,0,"JH2385",2018,NA,-3.857462087,1,NA,0.0311979292405735,4.27454838709677,NA,-1.49217205837593,"Y","2018-11-11",0,1,1,"KL19MI0222","MI",8,"29.7",0,0.009747016,0,NA,-2.011128343,1,NA,0.0132509908915458,2.88225,NA,-1.84615493749623,"Y","2019-03-11",0,1,"established"
"234",1,"KL19MI0333","30.5","MASS C","MI",5,8,0.000524742,0,0,"JH2385",2019,NA,-3.28005405,1,NA,0.0311979292405735,6.1290625,NA,-1.49217205837593,"Y","2019-11-08",0,1,1,"KL20MI0100","MI",8,"21.7",0,0.100251685,0,NA,-0.998908319,1,NA,0.0203997488722152,3.15357142857143,97.2900129803217,-1.6695913231018,"Y","2020-03-07",0,1,"established"
"235",1,"KL20MI0468","28.9","MASS C","MI",6,8,0.004210587,0,0,"JH2385",2020,NA,-2.375657355,1,NA,0.0311979292405735,6.22762376237624,96.6326008388968,-1.49217205837593,"Y","2020-11-13",0,1,0,"KL21MI0214","MI",8,"29.5",0,0.00123158,0,NA,-2.909537372,1,NA,0.0132509908915458,3.78603738525318,NA,-1.84615493749623,"Y","2021-03-04",0,1,"established"
"236",0,"JH17MI0175",NA,"MASS C","MI",3,1,0.076093118,0,0,"JH2387",2017,NA,-1.118654618,1,NA,0.0311979292405735,6.11654088050314,NA,-1.49217205837593,"Y","2017-11-14",0,1,NA,NA,NA,NA,NA,NA,NA,NA,NA,NA,NA,NA,NA,NA,NA,NA,NA,NA,NA,NA,"invasion"
"237",1,"JH17MI0158","17.5","MASS C","MI",3,10,0.00016985,NA,NA,"JH2389",2017,NA,-3.769933632,1,NA,0.0311979292405735,6.1290625,NA,-1.49217205837593,"Y","2017-11-14",1,1,1,"JH18MI0086","MI",10,"12.5",0,0.000495376,0,NA,-3.305064724,1,NA,0.0132509908915458,3.78603738525318,NA,-1.84615493749623,"Y","2018-03-13",0,1,"invasion"
"238",1,"JH18MI0163","15.4","MASS C","MI",4,10,0.000134876,0,0,"JH2389",2018,NA,-3.870064408,1,NA,0.0311979292405735,4.27454838709677,NA,-1.49217205837593,"Y","2018-11-11",0,1,1,"KL19MI0220","MI",10,"29.7",0,0.002926357,0,NA,-2.533672693,1,NA,0.0132509908915458,2.88225,NA,-1.84615493749623,"Y","2019-03-11",0,1,"established"
"239",1,"KL19MI0320","15.5","MASS C","MI",5,10,3.22e-06,0,0,"JH2389",2019,NA,-5.491830524,1,NA,0.0311979292405735,6.1290625,NA,-1.49217205837593,"Y","2019-11-08",0,1,1,"KL20MI0105","MI",10,"26.4",NA,0.02834594,NA,NA,-1.547509136,1,NA,0.0203997488722152,3.15357142857143,97.2900129803217,-1.6695913231018,"Y","2020-03-07",0,1,"established"
"240",1,"KL20MI0449","12","MASS C","MI",6,10,2.38e-05,0,0,"JH2389",2020,NA,-4.623367209,1,NA,0.0311979292405735,6.22762376237624,96.6326008388968,-1.49217205837593,"Y","2020-11-13",0,1,1,"KL21MI0201","MI",10,"19.2",0,0.04644705,0,NA,-1.333041864,1,NA,0.0132509908915458,3.78603738525318,NA,-1.84615493749623,"Y","2021-03-04",0,1,"established"
"241",1,"KL22MI0560","25 to 30","MASS C","MI",8,10,8.45e-05,0,0,"JH2389",2022,NA,-4.073146449,1,NA,0.0311979292405735,6.1290625,NA,-1.49217205837593,"Y","2022-11-11",0,1,NA,NA,NA,NA,NA,NA,NA,NA,NA,NA,NA,NA,NA,NA,NA,NA,NA,NA,NA,NA,"established"
"242",1,"JH17MI0154","16","MASS C","MI",3,12,8.89e-05,NA,NA,"JH2397",2017,NA,-4.051110893,1,NA,0.0311979292405735,6.1290625,NA,-1.49217205837593,"Y","2017-11-14",0,1,NA,NA,NA,NA,NA,NA,NA,NA,NA,NA,NA,NA,NA,NA,NA,NA,NA,NA,NA,NA,"invasion"
"243",1,"JH18MI0164","15.4","MASS C","MI",4,12,0.00012241,0,0,"JH2397",2018,NA,-3.912183569,1,NA,0.0311979292405735,4.27454838709677,NA,-1.49217205837593,"Y","2018-11-11",0,1,1,"KL19MI0221","MI",12,"29.7",0,0.004685151,0,NA,-2.329276407,1,NA,0.0132509908915458,2.88225,NA,-1.84615493749623,"Y","2019-03-11",0,1,"established"
"244",1,"KL19MI0334","30.5","MASS C","MI",5,12,7.4e-05,0,0,"JH2397",2019,NA,-4.130945673,1,NA,0.0311979292405735,6.1290625,NA,-1.49217205837593,"Y","2019-11-08",0,1,NA,NA,NA,NA,NA,NA,NA,NA,NA,NA,NA,NA,NA,NA,NA,NA,NA,NA,NA,NA,"established"
"245",1,"KL20MI0467","28.9","MASS C","MI",6,12,0.001686015,0,0,"JH2397",2020,NA,-2.773138695,1,NA,0.0311979292405735,6.22762376237624,96.6326008388968,-1.49217205837593,"Y","2020-11-13",0,1,1,"KL21MI0215","MI",12,"29.5",0,0.001110429,0,NA,-2.954509205,1,NA,0.0132509908915458,3.78603738525318,NA,-1.84615493749623,"Y","2021-03-04",0,1,"established"
"246",1,"KL21MI0508","30 to 35","MASS C","MI",7,12,0.000338689,0,0,"JH2397",2021,9.48,-3.470198728,1,0.119212232308992,0.0311979292405735,6.1290625,NA,-1.49217205837593,"Y","2021-11-10",0,1,1,"KL22MI0131","MI",12,"10.5",1,0.00082855,1,NA,-3.081681317,1,NA,0.0132509908915458,3.78603738525318,NA,-1.84615493749623,"Y","2022-03-06",0,1,"established"
"247",1,"KL22MI0568","40 to 45","MASS C","MI",8,12,7.93e-05,0,0,"JH2397",2022,NA,-4.100869417,1,NA,0.0311979292405735,6.1290625,NA,-1.49217205837593,"Y","2022-11-11",0,1,1,"KL23MI0139","MI",12,"20 to 25",1,0.012881767,1,NA,-1.890024567,1,NA,0.0203997488722152,3.15357142857143,97.2900129803217,-1.6695913231018,"Y","2023-03-01",0,1,"established"
"248",1,"KL23MI0389","10 to 15","MASS C","MI",9,12,4.21e-06,0,0,"JH2397",2023,NA,-5.376233151,1,NA,0.0311979292405735,5.94341975308642,NA,-1.49217205837593,"Y","2023-11-10",0,1,0,"KL24MI0232","MI",12,"28.8",0,0.000482779,0,NA,-3.31625143,1,NA,NA,3.70337662337662,NA,NA,"Y","2024-02-29",0,1,NA
"249",1,"KL17WI0531","B","SOUTH PORTAL","WI",1,1,0.000672519,NA,NA,"JH2401",2017,NA,-3.1722957,1,NA,0.0350119761662731,7.05728904847397,NA,-1.44355304595559,"N","2017-11-06",1,1,0,"KL18WI0146","WI",1,"C",1,0.25523445,1,NA,-0.593060708,1,NA,0.0364672166366908,7.16866666666667,NA,-1.42634856856152,"Y","2018-03-08",0,1,"invasion"
"250",0,"KL17WI0532","B","SOUTH PORTAL","WI",1,0,3.59e-05,NA,NA,"JH2402",2017,NA,-4.444810719,1,NA,0.0350119761662731,7.05728904847397,NA,-1.44355304595559,"N","2017-11-06",1,0,NA,NA,NA,NA,NA,NA,NA,NA,NA,NA,NA,NA,NA,NA,NA,NA,NA,NA,NA,NA,"invasion"
"251",0,"KL17WI0533","B","SOUTH PORTAL","WI",1,0,4.71e-05,NA,NA,"JH2403",2017,NA,-4.327245191,1,NA,0.0350119761662731,7.05728904847397,NA,-1.44355304595559,"N","2017-11-06",1,0,NA,NA,NA,NA,NA,NA,NA,NA,NA,NA,NA,NA,NA,NA,NA,NA,NA,NA,NA,NA,"invasion"
"252",0,"KL17WI0534","B","SOUTH PORTAL","WI",1,0,6.24e-06,NA,NA,"JH2404",2017,NA,-5.204899424,1,NA,0.0350119761662731,7.05728904847397,NA,-1.44355304595559,"N","2017-11-06",1,0,NA,NA,NA,NA,NA,NA,NA,NA,NA,NA,NA,NA,NA,NA,NA,NA,NA,NA,NA,NA,"invasion"
"253",0,"KL17WI0535","B","SOUTH PORTAL","WI",1,0,2.49e-05,NA,NA,"JH2405",2017,NA,-4.604365865,1,NA,0.0350119761662731,7.05728904847397,NA,-1.44355304595559,"N","2017-11-06",1,0,NA,NA,NA,NA,NA,NA,NA,NA,NA,NA,NA,NA,NA,NA,NA,NA,NA,NA,NA,NA,"invasion"
"254",0,"KL17WI0536","B","SOUTH PORTAL","WI",1,0,1.92e-05,NA,NA,"JH2406",2017,NA,-4.715621949,1,NA,0.0350119761662731,7.05728904847397,NA,-1.44355304595559,"N","2017-11-06",1,0,NA,NA,NA,NA,NA,NA,NA,NA,NA,NA,NA,NA,NA,NA,NA,NA,NA,NA,NA,NA,"invasion"
"255",0,"KL17WI0537","B","SOUTH PORTAL","WI",1,0,0.014080255,NA,NA,"JH2407",2017,NA,-1.85138948,1,NA,0.0350119761662731,7.05728904847397,NA,-1.44355304595559,"N","2017-11-06",1,0,NA,NA,NA,NA,NA,NA,NA,NA,NA,NA,NA,NA,NA,NA,NA,NA,NA,NA,NA,NA,"invasion"
"256",0,"KL17WI0538","B","SOUTH PORTAL","WI",1,0,0.000468055,NA,NA,"JH2408",2017,NA,-3.329702786,1,NA,0.0350119761662731,7.05728904847397,NA,-1.44355304595559,"N","2017-11-06",1,0,NA,NA,NA,NA,NA,NA,NA,NA,NA,NA,NA,NA,NA,NA,NA,NA,NA,NA,NA,NA,"invasion"
"257",0,"KL17WI0539","B","SOUTH PORTAL","WI",1,0,0.000607151,NA,NA,"JH2409",2017,NA,-3.216703643,1,NA,0.0350119761662731,7.05728904847397,NA,-1.44355304595559,"N","2017-11-06",1,0,NA,NA,NA,NA,NA,NA,NA,NA,NA,NA,NA,NA,NA,NA,NA,NA,NA,NA,NA,NA,"invasion"
"258",1,"KL17WI0540","B","SOUTH PORTAL","WI",1,1,6.96e-05,NA,NA,"JH2410",2017,NA,-4.157349985,1,NA,0.0350119761662731,7.05728904847397,NA,-1.44355304595559,"N","2017-11-06",1,1,0,"KL18WI0140","WI",1,"A",1,0.068910145,2,NA,-1.161716836,1,NA,0.0364672166366908,1.93665,NA,-1.42634856856152,"Y","2018-03-08",0,1,"invasion"
"259",0,"KL17WI0541","B","SOUTH PORTAL","WI",1,0,5.76e-05,NA,NA,"JH2411",2017,NA,-4.239726341,1,NA,0.0350119761662731,7.05728904847397,NA,-1.44355304595559,"N","2017-11-06",1,0,NA,NA,NA,NA,NA,NA,NA,NA,NA,NA,NA,NA,NA,NA,NA,NA,NA,NA,NA,NA,"invasion"
"260",0,"KL17WI0542","B","SOUTH PORTAL","WI",1,0,7.94e-05,NA,NA,"JH2412",2017,NA,-4.099984109,1,NA,0.0350119761662731,7.05728904847397,NA,-1.44355304595559,"N","2017-11-06",1,0,NA,NA,NA,NA,NA,NA,NA,NA,NA,NA,NA,NA,NA,NA,NA,NA,NA,NA,NA,NA,"invasion"
"261",0,"KL17WI0543","B","SOUTH PORTAL","WI",1,0,0.000257127,NA,NA,"JH2413",2017,NA,-3.589851811,1,NA,0.0350119761662731,7.05728904847397,NA,-1.44355304595559,"N","2017-11-06",1,0,NA,NA,NA,NA,NA,NA,NA,NA,NA,NA,NA,NA,NA,NA,NA,NA,NA,NA,NA,NA,"invasion"
"262",0,"KL17WI0600","HR","MARIBEL","WI",2,0,0.001323089,0,0,"JH2414",2017,NA,-2.878410941,1,NA,0.00727119348414132,10.0325185185185,NA,-2.08243181980906,"N","2017-11-10",1,0,NA,NA,NA,NA,NA,NA,NA,NA,NA,NA,NA,NA,NA,NA,NA,NA,NA,NA,NA,NA,"invasion"
"263",1,"KL17WI0632","A","HORSESHOE BAY","WI",3,1,0.04558587,0,0,"JH2415",2017,NA,-1.341169752,1,NA,0.00560791882594482,10.3073535569335,NA,-2.17993530068476,"N","2017-11-11",1,1,0,"KL18WI0221","WI",1,"A",1,0.04696781,1,NA,-1.328199689,1,NA,0.00662992900900963,7.16366839883079,NA,-2.11747950282347,"Y","2018-03-14",0,1,"invasion"
"264",1,"KL17WI0633","B","HORSESHOE BAY","WI",3,2,0.005057204,1,1,"JH2416",2017,NA,-2.29608957,1,NA,0.00570031909428908,10.5962027879874,NA,-2.17390451407693,"N","2017-11-11",1,1,NA,NA,NA,NA,NA,NA,NA,NA,NA,NA,NA,NA,NA,NA,NA,NA,NA,NA,NA,NA,"invasion"
"265",0,"JH17MI0099","15","TAYLOR MINE","MI",2,0,7.98e-05,0,0,"JH2417",2017,NA,-4.098013744,1,NA,0.0121443386066422,7.27887894736842,NA,-1.88126126172287,"N","2017-11-13",1,0,NA,NA,NA,NA,NA,NA,NA,NA,NA,NA,NA,NA,NA,NA,NA,NA,NA,NA,NA,NA,"invasion"
"266",1,"JH17MI0100","16.5","TAYLOR MINE","MI",2,13,4.64e-05,0,0,"JH2418",2017,NA,-4.333901424,1,NA,0.0121443386066422,7.27887894736842,NA,-1.88126126172287,"N","2017-11-13",1,1,1,"JH18MI0065","MI",13,"15",0,0.007267285,0,NA,-2.138627811,1,NA,0.0155324386961681,5.82775,NA,-1.78166307902563,"Y","2018-03-13",0,1,"invasion"
"267",1,"JH18MI0119","19","TAYLOR MINE","MI",3,13,4e-05,NA,NA,"JH2418",2018,NA,-4.397552711,1,NA,0.0121443386066422,6.67608333333333,NA,-1.88126126172287,"Y","2018-11-11",0,1,1,"KL19MI0011","MI",13,"12.5",1,0.069779595,2,NA,-1.156271556,1,NA,0.0155324386961681,6.22590789473684,NA,-1.78166307902563,"Y","2019-03-10",0,1,"invasion"
"268",1,"KL19MI0438","24.2","TAYLOR MINE","MI",4,13,4.23e-06,0,0,"JH2418",2019,NA,-5.373855263,1,NA,0.0100056433894314,6.34058139534884,98.955030237405,-1.95838456353207,"Y","2019-11-09",0,1,1,"KL20MI0013","MI",13,"14.1",0,0.024626695,0,NA,-1.608593868,1,NA,0.0068342891863462,5.59399193548387,99.2502785151233,-2.10600040142277,"Y","2020-03-06",0,1,"established"
"269",1,"KL20MI0398","17.6","TAYLOR MINE","MI",5,13,4.84e-05,0,0,"JH2418",2020,NA,-4.314936873,1,NA,0.0153215557309948,6.43891666666667,98.3904288045746,-1.78723844771543,"Y","2020-11-12",0,1,1,"KL21MI0001","MI",13,"11.1",1,0.02303646,1,NA,-1.637584258,1,NA,0.017019811022567,5.0413810741688,98.0436358211176,-1.74424976786787,"Y","2021-03-04",0,1,"established"
"270",1,"KL22MI0478","15 to 20","TAYLOR MINE","MI",7,13,2.27e-06,0,0,"JH2418",2022,NA,-5.643313781,1,NA,0.00903971444859413,6.51924812030075,99.0652055942953,-1.99827863929891,"Y","2022-11-10",0,1,1,"KL23MI0007","MI",13,"10 to 15",1,0.003925569,1,NA,-2.406097432,1,NA,0.0184782807128241,5.56125252525252,97.9258743464042,-1.71044937958706,"Y","2023-03-01",0,1,"established"
"271",1,"KL24MI0453","18.7","TAYLOR MINE","MI",9,13,6.14e-06,0,0,"JH2418",2024,NA,-5.212054583,1,NA,0.0121443386066422,7.25776817138485,NA,-1.88126126172287,"Y","2024-11-14",0,1,0,"KL25MI0068","MI",13,"20 to 25",0,0.001434958,0,NA,-2.843160771,1,NA,0.0155324386961681,5.68922802850356,NA,-1.78166307902563,"Y","2025-03-12",0,1,NA
"272",1,"JH17MI0101","16.5","TAYLOR MINE","MI",2,13,1.33e-05,NA,NA,"JH2419",2017,NA,-4.87530093,1,NA,0.0121443386066422,7.27887894736842,NA,-1.88126126172287,"N","2017-11-13",1,1,1,"JH18MI0075","MI",13,"19.5",1,7.15e-05,1,NA,-4.145934424,1,NA,0.0155324386961681,5.82775,NA,-1.78166307902563,"Y","2018-03-13",0,1,"invasion"
"273",1,"JH18MI0108","19","TAYLOR MINE","MI",3,13,2.95e-06,0,0,"JH2419",2018,NA,-5.530744449,1,NA,0.0121443386066422,6.67608333333333,NA,-1.88126126172287,"Y","2018-11-11",0,1,NA,NA,NA,NA,NA,NA,NA,NA,NA,NA,NA,NA,NA,NA,NA,NA,NA,NA,NA,NA,"invasion"
"274",1,"KL19MI0429","23.65","TAYLOR MINE","MI",4,13,1.31e-05,0,0,"JH2419",2019,NA,-4.882168925,1,NA,0.0100056433894314,6.34058139534884,98.955030237405,-1.95838456353207,"Y","2019-11-09",0,1,1,"KL20MI0027","MI",13,"15.8",0,0.030889665,0,NA,-1.510186802,1,NA,0.0068342891863462,5.59399193548387,99.2502785151233,-2.10600040142277,"Y","2020-03-06",0,1,"established"
"275",1,"KL20MI0395","17.6","TAYLOR MINE","MI",5,13,0.000257051,0,0,"JH2419",2020,NA,-3.58998104,1,NA,0.0153215557309948,6.43891666666667,98.3904288045746,-1.78723844771543,"Y","2020-11-12",0,1,1,"KL21MI0012","MI",13,"14.7",1,0.074354285,1,NA,-1.128693998,1,NA,0.017019811022567,5.0413810741688,98.0436358211176,-1.74424976786787,"Y","2021-03-04",0,1,"established"
"276",1,"KL21MI0399","10 to 15","TAYLOR MINE","MI",6,13,1.38e-06,0,0,"JH2419",2021,7.33,-5.861108134,1,0.010990001211432,0.0118606740799797,6.8500221238938,98.7756524297436,-1.8907362676837,"Y","2021-11-10",0,1,1,"KL22MI0223","MI",13,"15 to 20",0,0.01732465,0,7.08,-1.761335536,1,0.0122654623791217,0.0068342891863462,5.59399193548387,99.2502785151233,-2.10600040142277,"Y","2022-03-07",0,1,"established"
"277",1,"KL22MI0482","15 to 20","TAYLOR MINE","MI",7,13,6.41e-06,0,0,"JH2419",2022,NA,-5.192815154,1,NA,0.00903971444859413,6.51924812030075,99.0652055942953,-1.99827863929891,"Y","2022-11-10",0,1,1,"KL23MI0045","MI",13,"15 to 20",0,0.037842559,0,NA,-1.422019504,1,NA,0.0068342891863462,5.59399193548387,99.2502785151233,-2.10600040142277,"Y","2023-03-01",0,1,"established"
"278",1,"KL24MI0421","10 to 15","TAYLOR MINE","MI",9,13,0.000259792,0,0,"JH2419",2024,NA,-3.58537359,1,NA,0.0121443386066422,7.25776817138485,NA,-1.88126126172287,"Y","2024-11-14",0,1,0,"KL25MI0083","MI",13,"15 to 20",0,0.000751269,0,NA,-3.124204661,1,NA,0.0068342891863462,5.59399193548387,99.2502785151233,-2.10600040142277,"Y","2025-03-12",0,1,NA
"279",1,"JH17MI0102","17","TAYLOR MINE","MI",2,14,8.13e-05,0,0,"JH2420",2017,NA,-4.090078045,1,NA,0.0121443386066422,7.27887894736842,NA,-1.88126126172287,"N","2017-11-13",1,1,1,"JH18MI0063","MI",14,"14.9",0,0.000276606,0,NA,-3.558137788,1,NA,0.0155324386961681,5.82775,NA,-1.78166307902563,"Y","2018-03-13",0,1,"invasion"
"280",1,"JH18MI0122","19.1","TAYLOR MINE","MI",3,14,5.13e-06,0,0,"JH2420",2018,NA,-5.290015878,1,NA,0.0121443386066422,6.67608333333333,NA,-1.88126126172287,"Y","2018-11-11",0,1,1,"KL19MI0020","MI",14,"19",0,0.040792485,0,NA,-1.389419837,1,NA,0.0155324386961681,6.22590789473684,NA,-1.78166307902563,"Y","2019-03-10",0,1,"invasion"
"281",1,"KL19MI0419","23.6","TAYLOR MINE","MI",4,14,1.43e-06,0,0,"JH2420",2019,NA,-5.844428202,1,NA,0.0100056433894314,6.34058139534884,98.955030237405,-1.95838456353207,"Y","2019-11-09",0,1,1,"KL20MI0026","MI",14,"15.8",0,0.02344942,0,NA,-1.629867895,1,NA,0.0068342891863462,5.59399193548387,99.2502785151233,-2.10600040142277,"Y","2020-03-06",0,1,"established"
"282",1,"KL20MI0394","17.6","TAYLOR MINE","MI",5,14,0.000146745,0,0,"JH2420",2020,NA,-3.833437131,1,NA,0.0153215557309948,6.43891666666667,98.3904288045746,-1.78723844771543,"Y","2020-11-12",0,1,NA,NA,NA,NA,NA,NA,NA,NA,NA,NA,NA,NA,NA,NA,NA,NA,NA,NA,NA,NA,"established"
"283",1,"KL21MI0380","10 to 15","TAYLOR MINE","MI",6,14,7.43e-05,0,0,"JH2420",2021,7.33,-4.129216601,1,0.010990001211432,0.0118606740799797,6.8500221238938,98.7756524297436,-1.8907362676837,"Y","2021-11-10",0,1,1,"KL22MI0234","MI",14,"15 to 20",0,0.01253737,0,7.08,-1.901793555,1,0.0122654623791217,0.0068342891863462,5.59399193548387,99.2502785151233,-2.10600040142277,"Y","2022-03-07",0,1,"established"
"284",1,"KL22MI0453","10 to 15","TAYLOR MINE","MI",7,14,4.57e-05,0,0,"JH2420",2022,NA,-4.340221147,1,NA,0.0142089671810034,6.95856548856549,NA,-1.81790027725672,"Y","2022-11-10",0,1,1,"KL23MI0029","MI",14,"10 to 15",1,0.003688989,1,NA,-2.433092584,1,NA,0.0184782807128241,5.56125252525252,97.9258743464042,-1.71044937958706,"Y","2023-03-01",0,1,"established"
"285",1,"KL24MI0447","18.6","TAYLOR MINE","MI",9,14,1.07e-05,0,0,"JH2420",2024,NA,-4.970558093,1,NA,0.0121443386066422,7.25776817138485,NA,-1.88126126172287,"Y","2024-11-14",0,1,0,"KL25MI0093","MI",14,"15 to 20",0,0.001799316,0,NA,-2.74489255,1,NA,0.0068342891863462,5.59399193548387,99.2502785151233,-2.10600040142277,"Y","2025-03-12",0,1,NA
"286",1,"JH17MI0103","17","TAYLOR MINE","MI",2,11,0.00034182,0,0,"JH2421",2017,NA,-3.466202763,1,NA,0.0121443386066422,7.27887894736842,NA,-1.88126126172287,"N","2017-11-13",1,1,NA,NA,NA,NA,NA,NA,NA,NA,NA,NA,NA,NA,NA,NA,NA,NA,NA,NA,NA,NA,"invasion"
"287",1,"JH18MI0113","19","TAYLOR MINE","MI",3,11,1.53e-05,0,0,"JH2421",2018,NA,-4.816123629,1,NA,0.0121443386066422,6.67608333333333,NA,-1.88126126172287,"Y","2018-11-11",0,1,1,"KL19MI0017","MI",11,"18.4",0,0.004046752,0,NA,-2.392893464,1,NA,0.0155324386961681,6.22590789473684,NA,-1.78166307902563,"Y","2019-03-10",0,1,"invasion"
"288",1,"KL19MI0423","23.65","TAYLOR MINE","MI",4,11,7.45e-05,0,0,"JH2421",2019,NA,-4.127682398,1,NA,0.0100056433894314,6.34058139534884,98.955030237405,-1.95838456353207,"Y","2019-11-09",0,1,1,"KL20MI0025","MI",11,"15.8",0,0.063304505,0,NA,-1.198565383,1,NA,0.0068342891863462,5.59399193548387,99.2502785151233,-2.10600040142277,"Y","2020-03-06",0,1,"established"
"289",1,"KL21MI0391","10 to 15","TAYLOR MINE","MI",6,11,6.34e-05,0,0,"JH2421",2021,7.33,-4.198220949,1,0.010990001211432,0.0118606740799797,6.8500221238938,98.7756524297436,-1.8907362676837,"Y","2021-11-10",0,1,1,"KL22MI0245","MI",11,"15 to 20",0,0.000202185,0,7.12,-3.694251456,1,0.0299579891628402,0.0068342891863462,5.59399193548387,99.2502785151233,-2.10600040142277,"Y","2022-03-07",0,1,"established"
"290",1,"KL22MI0460","10 to 15","TAYLOR MINE","MI",7,11,4.43e-06,0,0,"JH2421",2022,NA,-5.353898648,1,NA,0.0142089671810034,6.95856548856549,NA,-1.81790027725672,"Y","2022-11-10",0,1,NA,NA,NA,NA,NA,NA,NA,NA,NA,NA,NA,NA,NA,NA,NA,NA,NA,NA,NA,NA,"established"
"291",1,"KL23MI0299","10 to 15","TAYLOR MINE","MI",8,11,1.68e-05,0,0,"JH2421",2023,NA,-4.775202066,1,NA,0.00691800453734487,6.98169554455446,NA,-2.101384253715,"Y","2023-11-10",0,1,1,"KL24MI0116","MI",11,"15 to 20",1,0.004009858,1,NA,-2.396871025,1,NA,0.00816813531678972,5.88844827586207,99.1201799499513,-2.03771898537435,"Y","2024-02-29",0,1,"established"
"292",1,"KL24MI0433","18","TAYLOR MINE","MI",9,11,0.00040793,0,0,"JH2421",2024,NA,-3.389414127,1,NA,0.0121443386066422,7.25776817138485,NA,-1.88126126172287,"Y","2024-11-14",0,1,0,"KL25MI0108","MI",11,"15 to 20",0,0.003682163,0,NA,-2.433897003,1,NA,0.0068342891863462,5.59399193548387,99.2502785151233,-2.10600040142277,"Y","2025-03-12",0,1,NA
"293",1,"JH17MI0104","17","TAYLOR MINE","MI",2,12,0.000200502,0,0,"JH2422",2017,NA,-3.697880739,1,NA,0.0121443386066422,7.27887894736842,NA,-1.88126126172287,"N","2017-11-13",1,1,1,"JH18MI0070","MI",12,"17",0,0.007137963,0,NA,-2.146425719,1,NA,0.0155324386961681,5.82775,NA,-1.78166307902563,"Y","2018-03-13",0,1,"invasion"
"294",1,"JH18MI0123","20.9","TAYLOR MINE","MI",3,12,6.47e-06,NA,NA,"JH2422",2018,NA,-5.189237407,1,NA,0.0121443386066422,6.67608333333333,NA,-1.88126126172287,"Y","2018-11-11",0,1,1,"KL19MI0027","MI",12,"19",1,0.003894488,1,NA,-2.409549686,1,NA,0.0155324386961681,6.22590789473684,NA,-1.78166307902563,"Y","2019-03-10",0,1,"invasion"
"295",1,"KL19MI0426","23.65","TAYLOR MINE","MI",4,12,9.46e-05,0,0,"JH2422",2019,NA,-4.024123509,1,NA,0.0100056433894314,6.34058139534884,98.955030237405,-1.95838456353207,"Y","2019-11-09",0,1,1,"KL20MI0028","MI",12,"15.8",0,0.0263842,0,NA,-1.57865607,1,NA,0.0068342891863462,5.59399193548387,99.2502785151233,-2.10600040142277,"Y","2020-03-06",0,1,"established"
"296",1,"KL21MI0384","10 to 15","TAYLOR MINE","MI",6,12,3.34e-05,0,0,"JH2422",2021,7.33,-4.475718401,1,0.010990001211432,0.0118606740799797,6.8500221238938,98.7756524297436,-1.8907362676837,"Y","2021-11-10",0,1,1,"KL22MI0226","MI",12,"15 to 20",0,0.013433624,0,7.08,-1.871806816,1,0.0122654623791217,0.0068342891863462,5.59399193548387,99.2502785151233,-2.10600040142277,"Y","2022-03-07",0,1,"established"
"297",1,"KL22MI0451","10 to 15","TAYLOR MINE","MI",7,12,6.08e-06,0,0,"JH2422",2022,NA,-5.216007213,1,NA,0.0142089671810034,6.95856548856549,NA,-1.81790027725672,"Y","2022-11-10",0,1,NA,NA,NA,NA,NA,NA,NA,NA,NA,NA,NA,NA,NA,NA,NA,NA,NA,NA,NA,NA,"established"
"298",1,"KL23MI0296","10 to 15","TAYLOR MINE","MI",8,12,5.27e-06,0,0,"JH2422",2023,NA,-5.278435492,1,NA,0.00691800453734487,6.98169554455446,NA,-2.101384253715,"Y","2023-11-10",0,1,NA,NA,NA,NA,NA,NA,NA,NA,NA,NA,NA,NA,NA,NA,NA,NA,NA,NA,NA,NA,"established"
"299",1,"KL24MI0448","18.6","TAYLOR MINE","MI",9,12,0.000784447,0,0,"JH2422",2024,NA,-3.105436441,1,NA,0.0121443386066422,7.25776817138485,NA,-1.88126126172287,"Y","2024-11-14",0,1,0,"KL25MI0086","MI",12,"15 to 20",0,0.002570396,0,NA,-2.589999987,1,NA,0.0068342891863462,5.59399193548387,99.2502785151233,-2.10600040142277,"Y","2025-03-12",0,1,NA
"300",1,"JH17MI0106","17","TAYLOR MINE","MI",2,11,4.08e-05,0,0,"JH2423",2017,NA,-4.389151137,1,NA,0.0121443386066422,7.27887894736842,NA,-1.88126126172287,"N","2017-11-13",1,1,1,"JH18MI0067","MI",11,"15",0,0.000690982,0,NA,-3.160533325,1,NA,0.0155324386961681,5.82775,NA,-1.78166307902563,"Y","2018-03-13",0,1,"invasion"
"301",1,"JH18MI0115","19","TAYLOR MINE","MI",3,11,4.17e-05,0,0,"JH2423",2018,NA,-4.380122811,1,NA,0.0121443386066422,6.67608333333333,NA,-1.88126126172287,"Y","2018-11-11",0,1,1,"KL19MI0018","MI",11,"18.4",0,0.06283291,0,NA,-1.201812826,1,NA,0.0155324386961681,6.22590789473684,NA,-1.78166307902563,"Y","2019-03-10",0,1,"invasion"
"302",1,"KL19MI0420","23.6","TAYLOR MINE","MI",4,11,0.000254411,0,0,"JH2423",2019,NA,-3.594464542,1,NA,0.0100056433894314,6.34058139534884,98.955030237405,-1.95838456353207,"Y","2019-11-09",0,1,1,"KL20MI0014","MI",11,"14.1",0,0.011509035,0,NA,-1.938961089,1,NA,0.0068342891863462,5.59399193548387,99.2502785151233,-2.10600040142277,"Y","2020-03-06",0,1,"established"
"303",1,"KL21MI0389","10 to 15","TAYLOR MINE","MI",6,11,1.06e-05,0,0,"JH2423",2021,7.33,-4.974122874,1,0.010990001211432,0.0118606740799797,6.8500221238938,98.7756524297436,-1.8907362676837,"Y","2021-11-10",0,1,1,"KL22MI0231","MI",11,"15 to 20",0,0.004435624,0,7.08,-2.353045324,1,0.0122654623791217,0.0068342891863462,5.59399193548387,99.2502785151233,-2.10600040142277,"Y","2022-03-07",0,1,"established"
"304",1,"KL22MI0452","10 to 15","TAYLOR MINE","MI",7,11,7.51e-05,0,0,"JH2423",2022,NA,-4.124349238,1,NA,0.0142089671810034,6.95856548856549,NA,-1.81790027725672,"Y","2022-11-10",0,1,1,"KL23MI0009","MI",11,"10 to 15",1,0.000329794,2,NA,-3.481756974,1,NA,0.0184782807128241,5.56125252525252,97.9258743464042,-1.71044937958706,"Y","2023-03-01",0,1,"established"
"305",1,"KL23MI0331","20 to 25","TAYLOR MINE","MI",8,11,9.14e-05,0,0,"JH2423",2023,NA,-4.039171893,1,NA,0.00691800453734487,6.98169554455446,NA,-2.101384253715,"Y","2023-11-10",0,1,0,"KL24MI0144","MI",11,"19.2",1,0.005595161,1,NA,-2.252187443,1,NA,0.0092996060195015,5.76979459459459,NA,-1.98717938760832,"Y","2024-02-29",0,1,"established"
"306",0,"JH17MI0107","19","TAYLOR MINE","MI",2,0,0.000418859,0,0,"JH2424",2017,NA,-3.37793176,1,NA,0.0121443386066422,7.27887894736842,NA,-1.88126126172287,"N","2017-11-13",1,0,NA,NA,NA,NA,NA,NA,NA,NA,NA,NA,NA,NA,NA,NA,NA,NA,NA,NA,NA,NA,"invasion"
"307",0,"JH17MI0108","19","TAYLOR MINE","MI",2,0,0.000437137,0,0,"JH2425",2017,NA,-3.359382609,1,NA,0.0121443386066422,7.27887894736842,NA,-1.88126126172287,"N","2017-11-13",1,0,NA,NA,NA,NA,NA,NA,NA,NA,NA,NA,NA,NA,NA,NA,NA,NA,NA,NA,NA,NA,"invasion"
"308",1,"JH17MI0109","19.4","TAYLOR MINE","MI",2,13,1.73e-05,NA,NA,"JH2426",2017,NA,-4.761604437,1,NA,0.0121443386066422,7.27887894736842,NA,-1.88126126172287,"N","2017-11-13",1,1,1,"JH18MI0066","MI",13,"15",0,0.001539919,0,NA,-2.812502061,1,NA,0.0155324386961681,5.82775,NA,-1.78166307902563,"Y","2018-03-13",0,1,"invasion"
"309",1,"JH18MI0105","13.4","TAYLOR MINE","MI",3,13,2.59e-06,0,0,"JH2426",2018,NA,-5.586798186,1,NA,0.0121443386066422,6.67608333333333,NA,-1.88126126172287,"Y","2018-11-11",0,1,1,"KL19MI0032","MI",13,"17.5",1,0.03850042,1,NA,-1.414534533,1,NA,0.0155324386961681,6.22590789473684,NA,-1.78166307902563,"Y","2019-03-10",0,1,"invasion"
"310",1,"KL19MI0413","16.5","TAYLOR MINE","MI",4,13,2.8e-05,0,0,"JH2426",2019,NA,-4.552811802,1,NA,0.0100056433894314,6.34058139534884,98.955030237405,-1.95838456353207,"Y","2019-11-09",0,1,1,"KL20MI0010","MI",13,"14.2",1,0.03448631,1,NA,-1.462353272,1,NA,0.0068342891863462,5.59399193548387,99.2502785151233,-2.10600040142277,"Y","2020-03-06",0,1,"established"
"311",1,"KL21MI0377","5 to 10","TAYLOR MINE","MI",6,13,3.78e-06,0,0,"JH2426",2021,6.86,-5.422559949,1,0.0108298890706725,0.0167780721946947,6.62225,98.2451360376438,-1.75011533451307,"Y","2021-11-10",0,1,1,"KL22MI0215","MI",13,"0 to 5",0,0.002667531,0,5.4,-2.573890495,1,0.0103562755395685,0.0149124163870934,5.43212669683258,NA,-1.79826386536307,"Y","2022-03-07",0,1,"established"
"312",1,"KL23MI0281","5 to 10","TAYLOR MINE","MI",8,13,4.44e-07,0,0,"JH2426",2023,NA,-6.35216236,1,NA,0.0181873505746675,6.45373056994819,98.0866737691283,-1.71698498932076,"Y","2023-11-10",0,1,1,"KL24MI0110","MI",13,"10 to 15",1,0.000950808,1,NA,-3.021907251,1,NA,0.0092996060195015,5.76979459459459,NA,-1.98717938760832,"Y","2024-02-29",0,1,"established"
"313",1,"KL24MI0444","16.5","TAYLOR MINE","MI",9,13,1.14e-05,0,0,"JH2426",2024,NA,-4.94472391,1,NA,0.0121443386066422,7.25776817138485,NA,-1.88126126172287,"Y","2024-11-14",0,1,0,"KL25MI0107","MI",13,"15 to 20",0,0.014524176,0,NA,-1.837908498,1,NA,0.0068342891863462,5.59399193548387,99.2502785151233,-2.10600040142277,"Y","2025-03-12",0,1,NA
"314",0,"JH17MI0110","20.1","TAYLOR MINE","MI",2,0,0.000382396,0,0,"JH2427",2017,NA,-3.417487003,1,NA,0.0121443386066422,7.27887894736842,NA,-1.88126126172287,"N","2017-11-13",1,0,NA,NA,NA,NA,NA,NA,NA,NA,NA,NA,NA,NA,NA,NA,NA,NA,NA,NA,NA,NA,"invasion"
"315",1,"JH17MI0111","20","TAYLOR MINE","MI",2,11,7.53e-05,0,0,"JH2428",2017,NA,-4.123333243,1,NA,0.0121443386066422,7.27887894736842,NA,-1.88126126172287,"N","2017-11-13",1,1,1,"JH18MI0064","MI",11,"14.9",0,0.002646047,0,NA,-2.577402365,1,NA,0.0155324386961681,5.82775,NA,-1.78166307902563,"Y","2018-03-13",0,1,"invasion"
"316",1,"JH18MI0127","29.3","TAYLOR MINE","MI",3,11,6.32e-06,NA,NA,"JH2428",2018,NA,-5.199100818,1,NA,0.0121443386066422,6.67608333333333,NA,-1.88126126172287,"Y","2018-11-11",0,1,NA,NA,NA,NA,NA,NA,NA,NA,NA,NA,NA,NA,NA,NA,NA,NA,NA,NA,NA,NA,"invasion"
"317",1,"KL19MI0415","21.5","TAYLOR MINE","MI",4,11,0.000146823,0,0,"JH2428",2019,NA,-3.833206646,1,NA,0.0100056433894314,6.34058139534884,98.955030237405,-1.95838456353207,"Y","2019-11-09",0,1,1,"KL20MI0009","MI",11,"14.2",0,0.16579125,0,NA,-0.780438394,1,NA,0.0068342891863462,5.59399193548387,99.2502785151233,-2.10600040142277,"Y","2020-03-06",0,1,"established"
"318",1,"KL22MI0495","20 to 25","TAYLOR MINE","MI",7,11,6.83e-06,0,0,"JH2428",2022,NA,-5.165405167,1,NA,0.0142089671810034,6.95856548856549,NA,-1.81790027725672,"Y","2022-11-10",0,1,1,"KL23MI0020","MI",11,"10 to 15",0,0.000504457,0,NA,-3.297175906,1,NA,0.0184782807128241,5.56125252525252,97.9258743464042,-1.71044937958706,"Y","2023-03-01",0,1,"established"
"319",1,"KL23MI0320","15 to 20","TAYLOR MINE","MI",8,11,1.42e-06,0,0,"JH2428",2023,NA,-5.846871155,1,NA,0.00903971444859413,6.51924812030075,99.0652055942953,-1.99827863929891,"Y","2023-11-10",0,1,1,"KL24MI0101","MI",11,"6.8",1,0.000104655,2,NA,-3.980241134,1,NA,0.0092996060195015,5.76979459459459,NA,-1.98717938760832,"Y","2024-02-29",0,1,"established"
"320",1,"JH17MI0112","20","TAYLOR MINE","MI",2,1,0.000355974,0,0,"JH2429",2017,NA,-3.448581704,1,NA,0.0121443386066422,7.27887894736842,NA,-1.88126126172287,"N","2017-11-13",1,1,0,"JH18MI0062","MI",1,"9",1,0.003704092,1,NA,-2.431318179,1,NA,0.0155324386961681,5.82775,NA,-1.78166307902563,"Y","2018-03-13",0,1,"invasion"
"321",1,"JH17MI0113","21","TAYLOR MINE","MI",2,15,0.000288192,NA,NA,"JH2430",2017,NA,-3.54031777,1,NA,0.0121443386066422,7.27887894736842,NA,-1.88126126172287,"N","2017-11-13",1,1,1,"JH18MI0076","MI",15,"20",0,0.002751492,0,NA,-2.560431737,1,NA,0.0155324386961681,5.82775,NA,-1.78166307902563,"Y","2018-03-13",0,1,"invasion"
"322",1,"JH18MI0112","19","TAYLOR MINE","MI",3,15,4.75e-05,0,0,"JH2430",2018,NA,-4.323473649,1,NA,0.0121443386066422,6.67608333333333,NA,-1.88126126172287,"Y","2018-11-11",0,1,1,"KL19MI0026","MI",15,"19",0,0.001102849,0,NA,-2.957483868,1,NA,0.0155324386961681,6.22590789473684,NA,-1.78166307902563,"Y","2019-03-10",0,1,"invasion"
"323",1,"KL19MI0410","16.5","TAYLOR MINE","MI",4,15,0.000195599,0,0,"JH2430",2019,NA,-3.708634036,1,NA,0.0100056433894314,6.34058139534884,98.955030237405,-1.95838456353207,"Y","2019-11-09",0,1,1,"KL20MI0019","MI",15,"14",0,0.04354967,0,NA,-1.361015132,1,NA,0.0068342891863462,5.59399193548387,99.2502785151233,-2.10600040142277,"Y","2020-03-06",0,1,"established"
"324",1,"KL20MI0392","17.6","TAYLOR MINE","MI",5,15,0.001759026,0,0,"JH2430",2020,NA,-2.754727865,1,NA,0.0153215557309948,6.43891666666667,98.3904288045746,-1.78723844771543,"Y","2020-11-12",0,1,1,"KL21MI0008","MI",15,"13.9",0,0.00013266,0,NA,-3.877259843,1,NA,0.017019811022567,5.0413810741688,98.0436358211176,-1.74424976786787,"Y","2021-03-04",0,1,"established"
"325",1,"KL21MI0392","10 to 15","TAYLOR MINE","MI",6,15,3.06e-05,0,0,"JH2430",2021,7.33,-4.514115523,1,0.010990001211432,0.0118606740799797,6.8500221238938,98.7756524297436,-1.8907362676837,"Y","2021-11-10",0,1,1,"KL22MI0228","MI",15,"15 to 20",0,0.002586459,0,7.08,-2.587294324,1,0.0122654623791217,0.0068342891863462,5.59399193548387,99.2502785151233,-2.10600040142277,"Y","2022-03-07",0,1,"established"
"326",1,"KL22MI0455","10 to 15","TAYLOR MINE","MI",7,15,2.97e-05,0,0,"JH2430",2022,NA,-4.526811291,1,NA,0.0142089671810034,6.95856548856549,NA,-1.81790027725672,"Y","2022-11-10",0,1,1,"KL23MI0035","MI",15,"15 to 20",1,0.006134738,1,NA,-2.212203972,1,NA,0.0068342891863462,5.59399193548387,99.2502785151233,-2.10600040142277,"Y","2023-03-01",0,1,"established"
"327",1,"KL23MI0291","10 to 15","TAYLOR MINE","MI",8,15,2.65e-07,0,0,"JH2430",2023,NA,-6.57611231,1,NA,0.00691800453734487,6.98169554455446,NA,-2.101384253715,"Y","2023-11-10",0,1,1,"KL24MI0126","MI",15,"16.5",1,0.002504138,1,NA,-2.601341678,1,NA,0.0092996060195015,5.76979459459459,NA,-1.98717938760832,"Y","2024-02-29",0,1,"established"
"328",1,"KL24MI0425","10 to 15","TAYLOR MINE","MI",9,15,2.07e-06,0,0,"JH2430",2024,NA,-5.684800195,1,NA,0.0121443386066422,7.25776817138485,NA,-1.88126126172287,"Y","2024-11-14",0,1,0,"KL25MI0073","MI",15,"15 to 20",0,0.000344169,0,NA,-3.463228227,1,NA,0.0068342891863462,5.59399193548387,99.2502785151233,-2.10600040142277,"Y","2025-03-12",0,1,NA
"329",0,"KL17WI0517","B","SOUTH PORTAL","WI",1,0,0.003663913,0,0,"JH2431",2017,NA,-2.436054907,1,NA,0.0350119761662731,7.05728904847397,NA,-1.44355304595559,"N","2017-11-06",1,0,NA,NA,NA,NA,NA,NA,NA,NA,NA,NA,NA,NA,NA,NA,NA,NA,NA,NA,NA,NA,"invasion"
"330",0,"KL17WI0519","B","SOUTH PORTAL","WI",1,0,5.39e-05,0,0,"JH2433",2017,NA,-4.268299332,1,NA,0.0350119761662731,7.05728904847397,NA,-1.44355304595559,"N","2017-11-06",1,0,NA,NA,NA,NA,NA,NA,NA,NA,NA,NA,NA,NA,NA,NA,NA,NA,NA,NA,NA,NA,"invasion"
"331",0,"KL17WI0582","B","BOSCOBEL BEAR","WI",3,0,0.001225011,0,0,"JH2434",2017,NA,-2.911860189,1,NA,0.00750210942612023,7.90127122940431,NA,-2.07047330976005,"N","2017-11-09",1,0,NA,NA,NA,NA,NA,NA,NA,NA,NA,NA,NA,NA,NA,NA,NA,NA,NA,NA,NA,NA,"invasion"
"332",0,"JH17MI0114","20 to 25","TAYLOR MINE","MI",2,0,0.000262416,NA,NA,"JH2435",2017,NA,-3.581010112,1,NA,0.0121443386066422,7.27887894736842,NA,-1.88126126172287,"N","2017-11-13",1,0,NA,NA,NA,NA,NA,NA,NA,NA,NA,NA,NA,NA,NA,NA,NA,NA,NA,NA,NA,NA,"invasion"
"333",1,"JH17MI0115","20 to 25","TAYLOR MINE","MI",2,12,0.000251495,NA,NA,"JH2436",2017,NA,-3.59947125,1,NA,0.0121443386066422,7.27887894736842,NA,-1.88126126172287,"N","2017-11-13",1,1,1,"JH18MI0078","MI",12,"20",0,0.005464544,0,NA,-2.262446037,1,NA,0.0155324386961681,5.82775,NA,-1.78166307902563,"Y","2018-03-13",0,1,"invasion"
"334",1,"KL19MI0424","23.65","TAYLOR MINE","MI",4,12,0.000482413,0,0,"JH2436",2019,NA,-3.316581358,1,NA,0.0100056433894314,6.34058139534884,98.955030237405,-1.95838456353207,"Y","2019-11-09",0,1,1,"KL20MI0004","MI",12,"14.2",NA,0.01069248,NA,NA,-1.970921553,1,NA,0.0068342891863462,5.59399193548387,99.2502785151233,-2.10600040142277,"Y","2020-03-06",0,1,"established"
"335",1,"KL20MI0413","20.4","TAYLOR MINE","MI",5,12,6.47e-05,0,0,"JH2436",2020,NA,-4.188895936,1,NA,0.0153215557309948,6.43891666666667,98.3904288045746,-1.78723844771543,"Y","2020-11-12",0,1,1,"KL21MI0018","MI",12,"14.7",1,0.00666267,1,NA,-2.176351729,1,NA,0.017019811022567,5.0413810741688,98.0436358211176,-1.74424976786787,"Y","2021-03-04",0,1,"established"
"336",1,"KL21MI0387","10 to 15","TAYLOR MINE","MI",6,12,3.7e-06,0,0,"JH2436",2021,7.33,-5.431511672,1,0.010990001211432,0.0118606740799797,6.8500221238938,98.7756524297436,-1.8907362676837,"Y","2021-11-10",0,1,NA,NA,NA,NA,NA,NA,NA,NA,NA,NA,NA,NA,NA,NA,NA,NA,NA,NA,NA,NA,"established"
"337",1,"KL22MI0456","10 to 15","TAYLOR MINE","MI",7,12,9.13e-06,0,0,"JH2436",2022,NA,-5.039520779,1,NA,0.0142089671810034,6.95856548856549,NA,-1.81790027725672,"Y","2022-11-10",0,1,1,"KL23MI0013","MI",12,"10 to 15",0,0.000237603,0,NA,-3.624148292,1,NA,0.0184782807128241,5.56125252525252,97.9258743464042,-1.71044937958706,"Y","2023-03-01",0,1,"established"
"338",1,"KL23MI0308","10 to 15","TAYLOR MINE","MI",8,12,1.33e-06,0,0,"JH2436",2023,NA,-5.875340598,1,NA,0.00691800453734487,6.98169554455446,NA,-2.101384253715,"Y","2023-11-10",0,1,1,"KL24MI0122","MI",12,"16.5",0,0.000672498,0,NA,-3.172309198,1,NA,0.0092996060195015,5.76979459459459,NA,-1.98717938760832,"Y","2024-02-29",0,1,"established"
"339",0,"KL17WI0518","B","SOUTH PORTAL","WI",1,0,6.82e-05,0,0,"JH2437",2017,NA,-4.166223617,1,NA,0.0350119761662731,7.05728904847397,NA,-1.44355304595559,"N","2017-11-06",1,0,NA,NA,NA,NA,NA,NA,NA,NA,NA,NA,NA,NA,NA,NA,NA,NA,NA,NA,NA,NA,"invasion"
"340",1,"KL17WI0583","B","BOSCOBEL BEAR","WI",3,4,6.16e-05,0,0,"JH2439",2017,NA,-4.210587031,1,NA,0.00750210942612023,7.90127122940431,NA,-2.07047330976005,"N","2017-11-09",1,1,1,"KL18WI0031","WI",4,"B",1,0.50212075,2,NA,-0.299191831,1,NA,0.0119844433863225,5.8366038647343,NA,-1.88657666285639,"Y","2018-03-04",0,1,"invasion"
"341",1,"JH17MI0116","20 to 25","TAYLOR MINE","MI",2,11,0.000234581,NA,NA,"JH2440",2017,NA,-3.629706278,1,NA,0.0121443386066422,7.27887894736842,NA,-1.88126126172287,"N","2017-11-13",1,1,1,"JH18MI0077","MI",11,"20",0,0.001264877,0,NA,-2.897951557,1,NA,0.0155324386961681,5.82775,NA,-1.78166307902563,"Y","2018-03-13",0,1,"invasion"
"342",1,"JH18MI0109","19","TAYLOR MINE","MI",3,11,1.62e-05,0,0,"JH2440",2018,NA,-4.790339189,1,NA,0.0121443386066422,6.67608333333333,NA,-1.88126126172287,"Y","2018-11-11",0,1,NA,NA,NA,NA,NA,NA,NA,NA,NA,NA,NA,NA,NA,NA,NA,NA,NA,NA,NA,NA,"invasion"
"343",1,"KL21MI0403","10 to 15","TAYLOR MINE","MI",6,11,0.000910196,0,0,"JH2440",2021,7.33,-3.04086507,1,0.010990001211432,0.0118606740799797,6.8500221238938,98.7756524297436,-1.8907362676837,"Y","2021-11-10",0,1,NA,NA,NA,NA,NA,NA,NA,NA,NA,NA,NA,NA,NA,NA,NA,NA,NA,NA,NA,NA,"established"
"344",1,"KL22MI0461","10 to 15","TAYLOR MINE","MI",7,11,4.46e-06,0,0,"JH2440",2022,NA,-5.350881665,1,NA,0.0142089671810034,6.95856548856549,NA,-1.81790027725672,"Y","2022-11-10",0,1,1,"KL23MI0012","MI",11,"10 to 15",0,0.001405629,0,NA,-2.852129417,1,NA,0.0184782807128241,5.56125252525252,97.9258743464042,-1.71044937958706,"Y","2023-03-01",0,1,"established"
"345",1,"KL23MI0285","10 to 15","TAYLOR MINE","MI",8,11,7.1e-06,0,0,"JH2440",2023,NA,-5.148743717,1,NA,0.00691800453734487,6.98169554455446,NA,-2.101384253715,"Y","2023-11-10",0,1,1,"KL24MI0147","MI",11,"19.2",NA,0.001456124,NA,NA,-2.836801579,1,NA,0.0092996060195015,5.76979459459459,NA,-1.98717938760832,"Y","2024-02-29",0,1,"established"
"346",1,"KL24MI0432","18","TAYLOR MINE","MI",9,11,0.00024379,0,0,"JH2440",2024,NA,-3.612983604,1,NA,0.0121443386066422,7.25776817138485,NA,-1.88126126172287,"Y","2024-11-14",0,1,0,"KL25MI0078","MI",11,"15 to 20",0,0.00031829,0,NA,-3.497176748,1,NA,0.0068342891863462,5.59399193548387,99.2502785151233,-2.10600040142277,"Y","2025-03-12",0,1,NA
"347",1,"JH17MI0117","20 to 25","TAYLOR MINE","MI",2,12,2.95e-05,NA,NA,"JH2441",2017,NA,-4.530222931,1,NA,0.0121443386066422,7.27887894736842,NA,-1.88126126172287,"N","2017-11-13",1,1,1,"JH18MI0079","MI",12,"20",0,1.74e-05,0,NA,-4.759498674,1,NA,0.0155324386961681,5.82775,NA,-1.78166307902563,"Y","2018-03-13",0,1,"invasion"
"348",1,"KL19MI0427","23.65","TAYLOR MINE","MI",4,12,6.61e-05,0,0,"JH2441",2019,NA,-4.179685514,1,NA,0.0100056433894314,6.34058139534884,98.955030237405,-1.95838456353207,"Y","2019-11-09",0,1,1,"KL20MI0018","MI",12,"14",0,0.04886435,0,NA,-1.311007874,1,NA,0.0068342891863462,5.59399193548387,99.2502785151233,-2.10600040142277,"Y","2020-03-06",0,1,"established"
"349",1,"KL20MI0399","17.6","TAYLOR MINE","MI",5,12,7.67e-05,0,0,"JH2441",2020,NA,-4.115440646,1,NA,0.0153215557309948,6.43891666666667,98.3904288045746,-1.78723844771543,"Y","2020-11-12",0,1,NA,NA,NA,NA,NA,NA,NA,NA,NA,NA,NA,NA,NA,NA,NA,NA,NA,NA,NA,NA,"established"
"350",1,"KL21MI0383","10 to 15","TAYLOR MINE","MI",6,12,7.21e-05,0,0,"JH2441",2021,7.33,-4.14186884,1,0.010990001211432,0.0118606740799797,6.8500221238938,98.7756524297436,-1.8907362676837,"Y","2021-11-10",0,1,1,"KL22MI0230","MI",12,"15 to 20",0,0.020836182,0,7.08,-1.681181856,1,0.0122654623791217,0.0068342891863462,5.59399193548387,99.2502785151233,-2.10600040142277,"Y","2022-03-07",0,1,"established"
"351",1,"KL22MI0449","10 to 15","TAYLOR MINE","MI",7,12,4.04e-06,0,0,"JH2441",2022,NA,-5.393501038,1,NA,0.0142089671810034,6.95856548856549,NA,-1.81790027725672,"Y","2022-11-10",0,1,1,"KL23MI0011","MI",12,"10 to 15",0,0.000677515,0,NA,-3.16908111,1,NA,0.0184782807128241,5.56125252525252,97.9258743464042,-1.71044937958706,"Y","2023-03-01",0,1,"established"
"352",1,"KL24MI0455","18.7","TAYLOR MINE","MI",9,12,2.13e-05,0,0,"JH2441",2024,NA,-4.671650498,1,NA,0.0121443386066422,7.25776817138485,NA,-1.88126126172287,"Y","2024-11-14",0,1,0,"KL25MI0092","MI",12,"15 to 20",0,0.001300069,0,NA,-2.886033586,1,NA,0.0068342891863462,5.59399193548387,99.2502785151233,-2.10600040142277,"Y","2025-03-12",0,1,NA
"353",0,"JH17MI0118","20 to 25","TAYLOR MINE","MI",2,0,0.001848274,NA,NA,"JH2442",2017,NA,-2.733233729,1,NA,0.0121443386066422,7.27887894736842,NA,-1.88126126172287,"N","2017-11-13",1,0,NA,NA,NA,NA,NA,NA,NA,NA,NA,NA,NA,NA,NA,NA,NA,NA,NA,NA,NA,NA,"invasion"
"354",1,"JH17MI0119","20 to 25","TAYLOR MINE","MI",2,14,0.001683034,NA,NA,"JH2443",2017,NA,-2.773907017,1,NA,0.0121443386066422,7.27887894736842,NA,-1.88126126172287,"N","2017-11-13",1,1,NA,NA,NA,NA,NA,NA,NA,NA,NA,NA,NA,NA,NA,NA,NA,NA,NA,NA,NA,NA,"invasion"
"355",1,"JH18MI0106","19","TAYLOR MINE","MI",3,14,1.4e-06,0,0,"JH2443",2018,NA,-5.854326615,1,NA,0.0121443386066422,6.67608333333333,NA,-1.88126126172287,"Y","2018-11-11",0,1,1,"KL19MI0023","MI",14,"19",1,0.009178286,1,NA,-2.037238414,1,NA,0.0155324386961681,6.22590789473684,NA,-1.78166307902563,"Y","2019-03-10",0,1,"invasion"
"356",1,"KL19MI0433","23.65","TAYLOR MINE","MI",4,14,1.84e-06,0,0,"JH2443",2019,NA,-5.735324172,1,NA,0.0100056433894314,6.34058139534884,98.955030237405,-1.95838456353207,"Y","2019-11-09",0,1,1,"KL20MI0005","MI",14,"14.2",NA,0.02125539,NA,NA,-1.672530922,1,NA,0.0068342891863462,5.59399193548387,99.2502785151233,-2.10600040142277,"Y","2020-03-06",0,1,"established"
"357",1,"KL20MI0406","20","TAYLOR MINE","MI",5,14,0.000109808,0,0,"JH2443",2020,NA,-3.959367205,1,NA,0.0153215557309948,6.43891666666667,98.3904288045746,-1.78723844771543,"Y","2020-11-12",0,1,1,"KL21MI0004","MI",14,"13.9",0,0.000109341,0,NA,-3.961217673,1,NA,0.017019811022567,5.0413810741688,98.0436358211176,-1.74424976786787,"Y","2021-03-04",0,1,"established"
"358",1,"KL21MI0409","10 to 15","TAYLOR MINE","MI",6,14,4.22e-06,0,0,"JH2443",2021,NA,-5.374719629,1,NA,0.0118606740799797,6.8500221238938,98.7756524297436,-1.8907362676837,"Y","2021-11-10",0,1,1,"KL22MI0224","MI",14,"15 to 20",0,0.003386113,0,7.08,-2.470298507,1,0.0122654623791217,0.0068342891863462,5.59399193548387,99.2502785151233,-2.10600040142277,"Y","2022-03-07",0,1,"established"
"359",1,"KL22MI0464","10 to 15","TAYLOR MINE","MI",7,14,5.5e-06,0,0,"JH2443",2022,NA,-5.25972336,1,NA,0.0142089671810034,6.95856548856549,NA,-1.81790027725672,"Y","2022-11-10",0,1,1,"KL23MI0005","MI",14,"10 to 15",0,0.000130677,0,NA,-3.883800401,1,NA,0.0184782807128241,5.56125252525252,97.9258743464042,-1.71044937958706,"Y","2023-03-01",0,1,"established"
"360",1,"KL23MI0293","10 to 15","TAYLOR MINE","MI",8,14,7.62e-06,0,0,"JH2443",2023,NA,-5.118079722,1,NA,0.00691800453734487,6.98169554455446,NA,-2.101384253715,"Y","2023-11-10",0,1,1,"KL24MI0137","MI",14,"18",1,0.002180513,1,NA,-2.66144137,1,NA,0.0092996060195015,5.76979459459459,NA,-1.98717938760832,"Y","2024-02-29",0,1,"established"
"361",1,"KL24MI0441","18","TAYLOR MINE","MI",9,14,1.75e-05,0,0,"JH2443",2024,NA,-4.757762688,1,NA,0.0121443386066422,7.25776817138485,NA,-1.88126126172287,"Y","2024-11-14",0,1,0,"KL25MI0080","MI",14,"15 to 20",0,0.000417309,0,NA,-3.379542319,1,NA,0.0068342891863462,5.59399193548387,99.2502785151233,-2.10600040142277,"Y","2025-03-12",0,1,NA
"362",1,"JH17MI0120","22.1","TAYLOR MINE","MI",2,10,0.000567331,0,0,"JH2444",2017,NA,-3.246163297,1,NA,0.0121443386066422,7.27887894736842,NA,-1.88126126172287,"N","2017-11-13",1,1,NA,NA,NA,NA,NA,NA,NA,NA,NA,NA,NA,NA,NA,NA,NA,NA,NA,NA,NA,NA,"invasion"
"363",1,"JH18MI0124","21.9","TAYLOR MINE","MI",3,10,1.43e-06,NA,NA,"JH2444",2018,NA,-5.844095988,1,NA,0.0121443386066422,6.67608333333333,NA,-1.88126126172287,"Y","2018-11-11",0,1,1,"KL19MI0035","MI",10,"23.6",0,0.01735308,0,NA,-1.760623431,1,NA,0.0155324386961681,6.22590789473684,NA,-1.78166307902563,"Y","2019-03-10",0,1,"invasion"
"364",1,"KL22MI0470","10 to 15","TAYLOR MINE","MI",7,10,6.03e-06,0,0,"JH2444",2022,NA,-5.219586813,1,NA,0.0142089671810034,6.95856548856549,NA,-1.81790027725672,"Y","2022-11-10",0,1,1,"KL23MI0030","MI",10,"10 to 15",0,9.21e-05,0,NA,-4.03583628,1,NA,0.0184782807128241,5.56125252525252,97.9258743464042,-1.71044937958706,"Y","2023-03-01",0,1,"established"
"365",1,"KL24MI0463","20","TAYLOR MINE","MI",9,10,2.76e-05,0,0,"JH2444",2024,NA,-4.558818697,1,NA,0.0121443386066422,7.25776817138485,NA,-1.88126126172287,"Y","2024-11-14",0,1,0,"KL25MI0109","MI",10,"15 to 20",0,0.022399938,0,NA,-1.64975319,1,NA,0.0068342891863462,5.59399193548387,99.2502785151233,-2.10600040142277,"Y","2025-03-12",0,1,NA
"366",1,"JH17MI0121","22.1","TAYLOR MINE","MI",2,1,0.001375019,0,0,"JH2445",2017,NA,-2.861691287,1,NA,0.0121443386066422,7.27887894736842,NA,-1.88126126172287,"N","2017-11-13",1,1,NA,NA,NA,NA,NA,NA,NA,NA,NA,NA,NA,NA,NA,NA,NA,NA,NA,NA,NA,NA,"invasion"
"367",0,"JH18MI0117","19","TAYLOR MINE","MI",3,1,2.08e-05,NA,NA,"JH2445",2018,NA,-4.682484117,1,NA,0.0121443386066422,6.67608333333333,NA,-1.88126126172287,"Y","2018-11-11",0,1,NA,NA,NA,NA,NA,NA,NA,NA,NA,NA,NA,NA,NA,NA,NA,NA,NA,NA,NA,NA,"invasion"
"368",1,"KL17WI0585","B","BOSCOBEL BEAR","WI",3,1,0.003607235,0,0,"JH2446",2017,NA,-2.442825624,1,NA,0.00750210942612023,7.90127122940431,NA,-2.07047330976005,"N","2017-11-09",1,1,0,"KL18WI0033","WI",1,"B",0,2.2529935,0,NA,0.352759939,1,NA,0.0119844433863225,5.8366038647343,NA,-1.88657666285639,"Y","2018-03-04",0,1,"invasion"
"369",0,"KL17WI0584","B","BOSCOBEL BEAR","WI",3,0,0.031352225,0,0,"JH2447",2017,NA,-1.503731633,1,NA,0.00750210942612023,7.90127122940431,NA,-2.07047330976005,"N","2017-11-09",1,0,NA,NA,NA,NA,NA,NA,NA,NA,NA,NA,NA,NA,NA,NA,NA,NA,NA,NA,NA,NA,"invasion"
"370",1,"KL17WI0581","B","BOSCOBEL BEAR","WI",3,4,0.092242345,0,0,"JH2448",2017,NA,-1.035069665,1,NA,0.00750210942612023,7.90127122940431,NA,-2.07047330976005,"N","2017-11-09",1,1,NA,NA,NA,NA,NA,NA,NA,NA,NA,NA,NA,NA,NA,NA,NA,NA,NA,NA,NA,NA,"invasion"
"371",1,"KL18WI0335","A","BOSCOBEL BEAR","WI",4,4,0.000181806,0,0,"JH2448",2018,NA,-3.740392027,1,NA,0.00869018050998496,7.94,NA,-2.0136681327779,"Y","2018-11-05",0,1,NA,NA,NA,NA,NA,NA,NA,NA,NA,NA,NA,NA,NA,NA,NA,NA,NA,NA,NA,NA,"established"
"372",1,"KL19WI1713","A","BOSCOBEL BEAR","WI",5,4,0.003250723,0,0,"JH2448",2019,NA,-2.488020103,1,NA,0.00869018050998496,7.86760048899755,NA,-2.0136681327779,"Y","2019-11-16",0,1,NA,NA,NA,NA,NA,NA,NA,NA,NA,NA,NA,NA,NA,NA,NA,NA,NA,NA,NA,NA,"established"
"373",1,"KL21WI2031","A","BOSCOBEL BEAR","WI",7,4,0.020282075,0,0,"JH2448",2021,NA,-1.692887626,1,NA,0.0108425389998803,7.89134848484848,NA,-1.92655517637793,"Y","2021-11-19",0,1,0,"KL22WI0115","WI",4,"A",1,0.104436711,1,4.24,-0.981146815,1,0.0212309893057571,0.00681405591830765,3.74659272727273,NA,-2.10712348523747,"Y","2022-02-26",0,1,"established"
"374",0,"KL17WI0580","B","BOSCOBEL BEAR","WI",3,0,0.005915153,0,0,"JH2449",2017,NA,-2.228034054,1,NA,0.00750210942612023,7.90127122940431,NA,-2.07047330976005,"N","2017-11-09",1,0,NA,NA,NA,NA,NA,NA,NA,NA,NA,NA,NA,NA,NA,NA,NA,NA,NA,NA,NA,NA,"invasion"
"375",1,"KL17WI0578","A","BOSCOBEL BEAR","WI",3,1,0.19560835,0,0,"JH2450",2017,NA,-0.70861261,1,NA,0.00869018050998496,8.15734705882353,NA,-2.0136681327779,"N","2017-11-09",1,1,0,"KL18WI0029","WI",1,"B",1,1.8104625,2,NA,0.257789534,1,NA,0.0119844433863225,5.8366038647343,NA,-1.88657666285639,"Y","2018-03-04",0,1,"invasion"
"376",0,"KL17WI0493","A","SOUTH PORTAL","WI",1,0,0.001918648,0,0,"JH2455",2017,NA,-2.717004695,1,NA,0.0350119761662731,6.36087244897959,NA,-1.44355304595559,"N","2017-11-06",1,0,NA,NA,NA,NA,NA,NA,NA,NA,NA,NA,NA,NA,NA,NA,NA,NA,NA,NA,NA,NA,"invasion"
"377",0,"KL17WI0520","B","SOUTH PORTAL","WI",1,0,0.000433071,0,0,"JH2457",2017,NA,-3.363441198,1,NA,0.0350119761662731,7.05728904847397,NA,-1.44355304595559,"N","2017-11-06",1,0,NA,NA,NA,NA,NA,NA,NA,NA,NA,NA,NA,NA,NA,NA,NA,NA,NA,NA,NA,NA,"invasion"
"378",1,"KL17WI0521","B","SOUTH PORTAL","WI",1,1,4.8e-05,0,0,"JH2458",2017,NA,-4.319105794,1,NA,0.0350119761662731,7.05728904847397,NA,-1.44355304595559,"N","2017-11-06",1,1,0,"KL18WI0145","WI",1,"C",1,0.459535,1,NA,-0.337681405,1,NA,0.0364672166366908,7.16866666666667,NA,-1.42634856856152,"Y","2018-03-08",0,1,"invasion"
"379",0,"KL17WI0522","B","SOUTH PORTAL","WI",1,0,6.63e-05,0,0,"JH2459",2017,NA,-4.178397886,1,NA,0.0350119761662731,7.05728904847397,NA,-1.44355304595559,"N","2017-11-06",1,0,NA,NA,NA,NA,NA,NA,NA,NA,NA,NA,NA,NA,NA,NA,NA,NA,NA,NA,NA,NA,"invasion"
"380",0,"KL17WI0490","A","SOUTH PORTAL","WI",1,0,0.001823699,0,0,"JH2460",2017,NA,-2.73904684,1,NA,0.0350119761662731,6.36087244897959,NA,-1.44355304595559,"N","2017-11-06",1,0,NA,NA,NA,NA,NA,NA,NA,NA,NA,NA,NA,NA,NA,NA,NA,NA,NA,NA,NA,NA,"invasion"
"381",0,"KL17WI0523","B","SOUTH PORTAL","WI",1,0,6.44e-05,0,0,"JH2461",2017,NA,-4.190943854,1,NA,0.0350119761662731,7.05728904847397,NA,-1.44355304595559,"N","2017-11-06",1,0,NA,NA,NA,NA,NA,NA,NA,NA,NA,NA,NA,NA,NA,NA,NA,NA,NA,NA,NA,NA,"invasion"
"382",0,"KL17WI0524","B","SOUTH PORTAL","WI",1,0,6.35e-05,0,0,"JH2462",2017,NA,-4.197026443,1,NA,0.0350119761662731,7.05728904847397,NA,-1.44355304595559,"N","2017-11-06",1,0,NA,NA,NA,NA,NA,NA,NA,NA,NA,NA,NA,NA,NA,NA,NA,NA,NA,NA,NA,NA,"invasion"
"383",0,"KL17WI0525","B","SOUTH PORTAL","WI",1,0,0.000105561,0,0,"JH2463",2017,NA,-3.976496648,1,NA,0.0350119761662731,7.05728904847397,NA,-1.44355304595559,"N","2017-11-06",1,0,NA,NA,NA,NA,NA,NA,NA,NA,NA,NA,NA,NA,NA,NA,NA,NA,NA,NA,NA,NA,"invasion"
"384",0,"KL17WI0526","B","SOUTH PORTAL","WI",1,0,0.000220826,0,0,"JH2464",2017,NA,-3.655949499,1,NA,0.0350119761662731,7.05728904847397,NA,-1.44355304595559,"N","2017-11-06",1,0,NA,NA,NA,NA,NA,NA,NA,NA,NA,NA,NA,NA,NA,NA,NA,NA,NA,NA,NA,NA,"invasion"
"385",0,"KL17WI0502","B","SOUTH PORTAL","WI",1,0,0.000153437,0,0,"JH2465",2017,NA,-3.814069194,1,NA,0.0350119761662731,7.05728904847397,NA,-1.44355304595559,"N","2017-11-06",1,0,NA,NA,NA,NA,NA,NA,NA,NA,NA,NA,NA,NA,NA,NA,NA,NA,NA,NA,NA,NA,"invasion"
"386",0,"KL17WI0529","B","SOUTH PORTAL","WI",1,0,4.21e-06,NA,NA,"JH2467",2017,NA,-5.375627032,1,NA,0.0350119761662731,7.05728904847397,NA,-1.44355304595559,"N","2017-11-06",1,0,NA,NA,NA,NA,NA,NA,NA,NA,NA,NA,NA,NA,NA,NA,NA,NA,NA,NA,NA,NA,"invasion"
"387",0,"KL17WI0528","B","SOUTH PORTAL","WI",1,0,0.000263728,NA,NA,"JH2468",2017,NA,-3.578843429,1,NA,0.0350119761662731,7.05728904847397,NA,-1.44355304595559,"N","2017-11-06",1,0,NA,NA,NA,NA,NA,NA,NA,NA,NA,NA,NA,NA,NA,NA,NA,NA,NA,NA,NA,NA,"invasion"
"388",0,"KL17WI0527","B","SOUTH PORTAL","WI",1,0,0.000350797,NA,NA,"JH2469",2017,NA,-3.454944563,1,NA,0.0350119761662731,7.05728904847397,NA,-1.44355304595559,"N","2017-11-06",1,0,NA,NA,NA,NA,NA,NA,NA,NA,NA,NA,NA,NA,NA,NA,NA,NA,NA,NA,NA,NA,"invasion"
"389",0,"KL17WI0486",NA,"GEIGER BEER CAVE","WI",1,0,4.68e-06,0,0,"JH2472",2017,NA,-5.329557135,1,NA,0.0158457379586157,9.26039108910891,NA,-1.77350995919549,"N","2017-11-05",1,0,NA,NA,NA,NA,NA,NA,NA,NA,NA,NA,NA,NA,NA,NA,NA,NA,NA,NA,NA,NA,"invasion"
"390",0,"KL17WI0485",NA,"GEIGER BEER CAVE","WI",1,0,1.36e-05,0,0,"JH2473",2017,NA,-4.867034995,1,NA,0.0158457379586157,9.26039108910891,NA,-1.77350995919549,"N","2017-11-05",1,0,NA,NA,NA,NA,NA,NA,NA,NA,NA,NA,NA,NA,NA,NA,NA,NA,NA,NA,NA,NA,"invasion"
"391",0,"KL18WI0287","B","GEIGER BEER CAVE","WI",2,1,1.59e-06,NA,NA,"JH2478",2018,NA,-5.799176304,1,NA,0.00431051870157483,10.9416673076923,NA,-2.27486305740632,"Y","2018-10-11",0,1,NA,NA,NA,NA,NA,NA,NA,NA,NA,NA,NA,NA,NA,NA,NA,NA,NA,NA,NA,NA,"invasion"
"392",1,"KL17WI0477",NA,"GEIGER BEER CAVE","WI",1,1,5.03e-05,0,0,"JH2481",2017,NA,-4.298648569,1,NA,0.0158457379586157,9.26039108910891,NA,-1.77350995919549,"N","2017-11-05",1,1,0,"KL18WI0106","WI",1,"B",1,0.03229113,1,NA,-1.490916757,1,NA,0.0279835269604405,4.72974074074074,NA,-1.53784876702717,"Y","2018-03-07",0,1,"invasion"
"393",1,"KL17WI0476",NA,"GEIGER BEER CAVE","WI",1,1,6.24e-06,0,0,"JH2482",2017,NA,-5.20510925,1,NA,0.0158457379586157,9.26039108910891,NA,-1.77350995919549,"N","2017-11-05",1,1,0,"KL18WI0110","WI",1,"B",1,0.007538121,1,NA,-2.122736896,1,NA,0.0279835269604405,4.72974074074074,NA,-1.53784876702717,"Y","2018-03-07",0,1,"invasion"
"394",1,"KL17WI0474",NA,"GEIGER BEER CAVE","WI",1,1,0.000290541,0,0,"JH2484",2017,NA,-3.536792872,1,NA,0.0158457379586157,9.26039108910891,NA,-1.77350995919549,"N","2017-11-05",1,1,0,"KL18WI0109","WI",1,"B",1,0.007269881,1,NA,-2.138472698,1,NA,0.0279835269604405,4.72974074074074,NA,-1.53784876702717,"Y","2018-03-07",0,1,"invasion"
"395",0,"KL17WI0473",NA,"GEIGER BEER CAVE","WI",1,0,0.00121022,0,0,"JH2485",2017,NA,-2.917135674,1,NA,0.0158457379586157,9.26039108910891,NA,-1.77350995919549,"N","2017-11-05",1,0,NA,NA,NA,NA,NA,NA,NA,NA,NA,NA,NA,NA,NA,NA,NA,NA,NA,NA,NA,NA,"invasion"
"396",1,"KL17WI0472",NA,"GEIGER BEER CAVE","WI",1,1,8.9e-06,0,0,"JH2486",2017,NA,-5.050619997,1,NA,0.0158457379586157,9.26039108910891,NA,-1.77350995919549,"N","2017-11-05",1,1,0,"KL18WI0111","WI",1,"B",1,0.06261406,1,NA,-1.203328135,1,NA,0.0279835269604405,4.72974074074074,NA,-1.53784876702717,"Y","2018-03-07",0,1,"invasion"
"397",1,"KL17WI0471",NA,"GEIGER BEER CAVE","WI",1,1,3.97e-06,0,0,"JH2487",2017,NA,-5.400929972,1,NA,0.0158457379586157,9.26039108910891,NA,-1.77350995919549,"N","2017-11-05",1,1,0,"KL18WI0095","WI",1,"A",0,0.01271756,0,NA,-1.895596205,1,NA,0.0135380916405985,2.07567204301075,NA,-1.83749259790279,"Y","2018-03-07",0,1,"invasion"
"398",1,"JH18MI0142","30.5","GLEN ADIT","MI",4,7,0.002600726,1,1,"JH2530",2018,NA,-2.584905353,1,NA,0.0281796040434707,5.11451948051948,NA,-1.53492060561949,"Y","2018-11-11",0,1,1,"KL19MI0073","MI",7,"27.7",1,0.009326028,1,NA,-2.030303308,1,NA,0.0130307536985769,2.37507792207792,NA,-1.85291899908275,"Y","2019-03-10",0,1,"established"
"399",1,"KL19MI0455","24.4","GLEN ADIT","MI",5,7,0.13211775,0,0,"JH2530",2019,NA,-0.879038831,1,NA,0.0281796040434707,4.84176023391813,NA,-1.53492060561949,"Y","2019-11-09",0,1,1,"KL20MI0136","MI",7,"27",1,0.002433985,1,NA,-2.613682192,1,NA,0.00769691397508161,3.23129900332226,NA,-2.06063482569769,"Y","2020-03-07",0,1,"established"
"400",1,"KL22MI0507","35 to 40","GLEN ADIT","MI",8,7,0.000752541,1,1,"JH2530",2022,NA,-3.12347003,1,NA,0.0335087060377296,5.86336567336567,NA,-1.46207132500899,"Y","2022-11-11",0,1,NA,NA,NA,NA,NA,NA,NA,NA,NA,NA,NA,NA,NA,NA,NA,NA,NA,NA,NA,NA,"established"
"401",1,"KL18WI0407","HR","MARIBEL","WI",3,5,0.000163706,NA,NA,"JH2551",2018,NA,-3.785936597,1,NA,0.00727119348414132,10.0884795381818,NA,-2.08243181980906,"Y","2018-11-13",0,1,NA,NA,NA,NA,NA,NA,NA,NA,NA,NA,NA,NA,NA,NA,NA,NA,NA,NA,NA,NA,"invasion"
"402",1,"KL19WI1473","HR","MARIBEL","WI",4,5,6.14e-05,0,0,"JH2551",2019,NA,-4.211509034,1,NA,0.0147254787399746,9.75796116504854,NA,-1.80339612419975,"Y","2019-11-11",0,1,1,"KL20WI0784","WI",5,"SEL",1,0.49845865,1,NA,-0.302370863,1,NA,0.014427224757672,7.64682857142857,NA,-1.81171219323901,"Y","2020-03-13",0,1,"established"
"403",1,"KL20WI1752","SEL","MARIBEL","WI",5,5,0.003940426,NA,NA,"JH2551",2020,NA,-2.404456824,1,NA,0.00955483337957002,10.0729323308271,99.2255587308235,-1.97654861815021,"Y","2020-11-17",0,1,NA,NA,NA,NA,NA,NA,NA,NA,NA,NA,NA,NA,NA,NA,NA,NA,NA,NA,NA,NA,"established"
"404",0,"KL18WI0329","93","PUMP STATION","WI",3,0,0.001364285,0,0,"JH2554",2018,NA,-2.865094896,1,NA,NA,NA,NA,NA,"N","2018-11-05",1,0,NA,NA,NA,NA,NA,NA,NA,NA,NA,NA,NA,NA,NA,NA,NA,NA,NA,NA,NA,NA,"invasion"
"405",1,"KL18WI0330","94","PUMP STATION","WI",3,1,0.005404295,NA,NA,"JH2555",2018,NA,-2.267260953,1,NA,NA,NA,NA,NA,"N","2018-11-05",1,1,NA,NA,NA,NA,NA,NA,NA,NA,NA,NA,NA,NA,NA,NA,NA,NA,NA,NA,NA,NA,"invasion"
"406",1,"KL18WI0334","A","BOSCOBEL BEAR","WI",4,2,2.86e-06,0,0,"JH2556",2018,NA,-5.543747339,1,NA,0.00869018050998496,7.94,NA,-2.0136681327779,"N","2018-11-05",1,1,1,"KL19WI0429","WI",2,"A",1,0.39863515,1,NA,-0.39942441,1,NA,0.00710576992865949,4.7647619047619,NA,-2.09120572728217,"Y","2019-03-03",0,1,"established"
"407",0,"KL19WI1715","A","BOSCOBEL BEAR","WI",5,2,3.69e-06,0,0,"JH2556",2019,NA,-5.433346357,1,NA,0.00869018050998496,7.86760048899755,NA,-2.0136681327779,"Y","2019-11-16",0,1,NA,NA,NA,NA,NA,NA,NA,NA,NA,NA,NA,NA,NA,NA,NA,NA,NA,NA,NA,NA,"established"
"408",0,"KL18WI0336","B","BOSCOBEL BEAR","WI",4,0,0.012822135,0,0,"JH2557",2018,NA,-1.892039655,1,NA,0.00750210942612023,7.90127122940431,NA,-2.07047330976005,"N","2018-11-05",1,0,NA,NA,NA,NA,NA,NA,NA,NA,NA,NA,NA,NA,NA,NA,NA,NA,NA,NA,NA,NA,"established"
"409",1,"KL18WI0345","A","ELROY SPARTA","WI",3,5,0.000134223,0,0,"JH2558",2018,NA,-3.872174676,1,NA,0.024135827296111,6.98396592862093,NA,-1.59970681625555,"N","2018-11-06",1,1,NA,NA,NA,NA,NA,NA,NA,NA,NA,NA,NA,NA,NA,NA,NA,NA,NA,NA,NA,NA,"invasion"
"410",1,"KL20WI1397","A","ELROY SPARTA","WI",5,5,1.48e-06,0,0,"JH2558",2020,NA,-5.829634712,1,NA,0.0143686294603464,7.58871657754011,98.6293158854991,-1.81336486017417,"Y","2020-11-07",0,1,1,"KL21WI0050","WI",5,"A",0,0.02891137,0,NA,-1.538931328,1,NA,0.0148643254688095,6.21990476190476,98.4143506331709,-1.79957838882683,"Y","2021-02-25",0,1,"established"
"411",1,"KL23WI1304","A","ELROY SPARTA","WI",8,5,7.34e-05,0,0,"JH2558",2023,NA,-4.134225835,1,NA,0.024135827296111,6.98396592862093,98.5725309013097,-1.59970681625555,"Y","2023-11-05",0,1,0,"KL24WI0442","WI",5,"A",1,0.005575068,1,NA,-2.253749845,1,NA,0.0540635183620746,4.79889495724466,NA,-1.25913604219049,"y","2024-03-13",0,1,"established"
"412",0,"KL18WI0346","A","ELROY SPARTA","WI",3,0,2.98e-05,0,0,"JH2559",2018,NA,-4.525738269,1,NA,0.024135827296111,6.98396592862093,NA,-1.59970681625555,"N","2018-11-06",1,0,NA,NA,NA,NA,NA,NA,NA,NA,NA,NA,NA,NA,NA,NA,NA,NA,NA,NA,NA,NA,"invasion"
"413",1,"KL18WI0351","B","ELROY SPARTA","WI",3,1,0.000173656,0,0,"JH2560",2018,NA,-3.760309832,1,NA,0.0130197452664096,8.48741237113402,NA,-1.85325987726791,"N","2018-11-06",1,1,0,"KL19WI0562","WI",1,"A",1,0.01361643,1,NA,-1.865936742,1,NA,0.0540635183620746,4.79889495724466,NA,-1.25913604219049,"Y","2019-03-05",0,1,"invasion"
"414",1,"KL18WI0352","B","ELROY SPARTA","WI",3,1,8.63e-06,0,0,"JH2561",2018,NA,-5.063806039,1,NA,0.0130197452664096,8.48741237113402,NA,-1.85325987726791,"N","2018-11-06",1,1,NA,NA,NA,NA,NA,NA,NA,NA,NA,NA,NA,NA,NA,NA,NA,NA,NA,NA,NA,NA,"invasion"
"415",1,"KL18WI0353","B","ELROY SPARTA","WI",3,5,0.000100912,0,0,"JH2562",2018,NA,-3.996058822,1,NA,0.0130197452664096,8.48741237113402,NA,-1.85325987726791,"N","2018-11-06",1,1,1,"KL19WI0569","WI",5,"B",1,0.12769975,1,NA,-0.893809953,1,NA,0.0203052228963963,7.16136842105263,NA,-1.67151391782736,"Y","2019-03-05",0,1,"invasion"
"416",1,"KL19WI1088","B","ELROY SPARTA","WI",4,5,7.94e-06,0,0,"JH2562",2019,NA,-5.100406769,1,NA,0.0130197452664096,8.5834832419244,NA,-1.85325987726791,"Y","2019-11-01",0,1,NA,NA,NA,NA,NA,NA,NA,NA,NA,NA,NA,NA,NA,NA,NA,NA,NA,NA,NA,NA,"established"
"417",1,"KL24WI1217","2","ELROY SPARTA","WI",9,5,0.000310553,0,0,"JH2562",2024,NA,-3.507864083,1,NA,0.00604771036032719,9.41630882352941,99.4815094296966,-2.15195195242467,"Y","2024-11-09",0,1,0,"KL25WI0350","WI",5,"B",1,0.025849597,1,6.48,-1.587546219,1,0.00669264533040899,0.0203052228963963,7.74869914135626,NA,-1.67151391782736,"Y","2025-03-07",0,1,NA
"418",0,"KL18WI0355","B","ELROY SPARTA","WI",3,0,8.77e-05,0,0,"JH2563",2018,NA,-4.057090593,1,NA,0.0130197452664096,8.48741237113402,NA,-1.85325987726791,"N","2018-11-06",1,0,NA,NA,NA,NA,NA,NA,NA,NA,NA,NA,NA,NA,NA,NA,NA,NA,NA,NA,NA,NA,"invasion"
"419",1,"KL18WI0356","B","ELROY SPARTA","WI",3,4,0.02425533,0,0,"JH2564",2018,NA,-1.615192812,1,NA,0.0130197452664096,8.48741237113402,NA,-1.85325987726791,"N","2018-11-06",1,1,NA,NA,NA,NA,NA,NA,NA,NA,NA,NA,NA,NA,NA,NA,NA,NA,NA,NA,NA,NA,"invasion"
"420",1,"KL22WI1953","B","ELROY SPARTA","WI",7,4,1.03e-05,0,0,"JH2564",2022,NA,-4.988423429,1,NA,0.0186698748248385,8.54377593360996,NA,-1.70619840383536,"Y","2022-11-18",0,1,NA,NA,NA,NA,NA,NA,NA,NA,NA,NA,NA,NA,NA,NA,NA,NA,NA,NA,NA,NA,"established"
"421",1,"KL23WI1314","B","ELROY SPARTA","WI",8,4,4.23e-05,0,0,"JH2564",2023,NA,-4.373921552,1,NA,0.0130197452664096,8.5834832419244,98.5725309013097,-1.85325987726791,"Y","2023-11-05",0,1,0,"KL24WI0453","WI",4,"B",1,0.01126012,1,NA,-1.948456967,1,NA,0.0203052228963963,7.74869914135626,NA,-1.67151391782736,"Y","2024-03-13",0,1,"established"
"422",1,"KL18WI0358","B","ELROY SPARTA","WI",3,4,3.43e-06,0,0,"JH2565",2018,NA,-5.465199902,1,NA,0.0130197452664096,8.48741237113402,NA,-1.85325987726791,"N","2018-11-06",1,1,NA,NA,NA,NA,NA,NA,NA,NA,NA,NA,NA,NA,NA,NA,NA,NA,NA,NA,NA,NA,"invasion"
"423",1,"KL23WI1316","B","ELROY SPARTA","WI",8,4,9.12e-06,0,0,"JH2565",2023,NA,-5.040176594,1,NA,0.0130197452664096,8.5834832419244,98.5725309013097,-1.85325987726791,"Y","2023-11-05",0,1,NA,NA,NA,NA,NA,NA,NA,NA,NA,NA,NA,NA,NA,NA,NA,NA,NA,NA,NA,NA,"established"
"424",0,"KL24WI1225","2","ELROY SPARTA","WI",9,4,3.38e-07,0,0,"JH2565",2024,NA,-6.471615942,1,NA,0.00604771036032719,9.41630882352941,99.4815094296966,-2.15195195242467,"Y","2024-11-09",0,1,NA,NA,NA,NA,NA,NA,NA,NA,NA,NA,NA,NA,NA,NA,NA,NA,NA,NA,NA,NA,NA
"425",0,"KL18WI0360","B","ELROY SPARTA","WI",3,0,4.67e-06,0,0,"JH2567",2018,NA,-5.331052194,1,NA,0.0130197452664096,8.48741237113402,NA,-1.85325987726791,"N","2018-11-06",1,0,NA,NA,NA,NA,NA,NA,NA,NA,NA,NA,NA,NA,NA,NA,NA,NA,NA,NA,NA,NA,"invasion"
"426",1,"KL18WI0362","B","ELROY SPARTA","WI",3,1,4.09e-06,0,0,"JH2568",2018,NA,-5.388764512,1,NA,0.0130197452664096,8.48741237113402,NA,-1.85325987726791,"N","2018-11-06",1,1,0,"KL19WI0577","WI",1,"C",1,0.39632985,1,NA,-0.401943217,1,NA,0.0152400787418193,8.27642105263158,NA,-1.78941186936487,"Y","2019-03-05",0,1,"invasion"
"427",0,"KL18WI0363","B","ELROY SPARTA","WI",3,0,6.87e-05,0,0,"JH2569",2018,NA,-4.163275739,1,NA,0.0130197452664096,8.48741237113402,NA,-1.85325987726791,"N","2018-11-06",1,0,NA,NA,NA,NA,NA,NA,NA,NA,NA,NA,NA,NA,NA,NA,NA,NA,NA,NA,NA,NA,"invasion"
"428",1,"KL22WI1954","B","ELROY SPARTA","WI",7,4,1.67e-06,0,0,"JH2570",2022,NA,-5.778582632,1,NA,0.0186698748248385,8.54377593360996,NA,-1.70619840383536,"Y","2022-11-18",0,1,NA,NA,NA,NA,NA,NA,NA,NA,NA,NA,NA,NA,NA,NA,NA,NA,NA,NA,NA,NA,"established"
"429",1,"KL23WI1320","B","ELROY SPARTA","WI",8,4,1.74e-06,0,0,"JH2570",2023,NA,-5.759722257,1,NA,0.0130197452664096,8.5834832419244,98.5725309013097,-1.85325987726791,"Y","2023-11-05",0,1,1,"KL24WI0450","WI",4,"B",1,0.005995376,1,NA,-2.222183568,1,NA,0.0203052228963963,7.74869914135626,NA,-1.67151391782736,"Y","2024-03-13",0,1,"established"
"430",0,"KL24WI1234","2","ELROY SPARTA","WI",9,4,1.3e-07,0,0,"JH2570",2024,NA,-6.88528102,1,NA,0.00604771036032719,9.41630882352941,99.4815094296966,-2.15195195242467,"Y","2024-11-09",0,1,NA,NA,NA,NA,NA,NA,NA,NA,NA,NA,NA,NA,NA,NA,NA,NA,NA,NA,NA,NA,NA
"431",1,"KL18WI0365","B","ELROY SPARTA","WI",3,1,3.08e-06,0,0,"JH2571",2018,NA,-5.511669448,1,NA,0.0130197452664096,8.48741237113402,NA,-1.85325987726791,"N","2018-11-06",1,1,NA,NA,NA,NA,NA,NA,NA,NA,NA,NA,NA,NA,NA,NA,NA,NA,NA,NA,NA,NA,"invasion"
"432",0,"KL20WI1406","B","ELROY SPARTA","WI",5,1,1.7e-06,0,0,"JH2571",2020,NA,-5.770643553,1,NA,0.00824779446013136,8.28274193548387,99.2452067193124,-2.03396183136978,"Y","2020-11-07",0,1,NA,NA,NA,NA,NA,NA,NA,NA,NA,NA,NA,NA,NA,NA,NA,NA,NA,NA,NA,NA,"established"
"433",0,"KL18WI0366","B","ELROY SPARTA","WI",3,0,3.12e-06,0,0,"JH2572",2018,NA,-5.506426733,1,NA,0.0130197452664096,8.48741237113402,NA,-1.85325987726791,"N","2018-11-06",1,0,NA,NA,NA,NA,NA,NA,NA,NA,NA,NA,NA,NA,NA,NA,NA,NA,NA,NA,NA,NA,"invasion"
"434",1,"KL18WI0367","B","ELROY SPARTA","WI",3,1,9.33e-06,0,0,"JH2573",2018,NA,-5.030317442,1,NA,0.0130197452664096,8.48741237113402,NA,-1.85325987726791,"N","2018-11-06",1,1,NA,NA,NA,NA,NA,NA,NA,NA,NA,NA,NA,NA,NA,NA,NA,NA,NA,NA,NA,NA,"invasion"
"435",1,"KL18WI0370","C","ELROY SPARTA","WI",3,3,0.000308658,0,0,"JH2574",2018,NA,-3.510522603,1,NA,0.0157942609339492,8.93138659793815,NA,-1.77483910342518,"N","2018-11-06",1,1,1,"KL19WI0581","WI",3,"C",1,0.20709945,1,NA,-0.683821054,1,NA,0.0152400787418193,8.27642105263158,NA,-1.78941186936487,"Y","2019-03-05",0,1,"invasion"
"436",0,"KL24WI1252","3","ELROY SPARTA","WI",9,3,0.018301098,1,1,"JH2574",2024,NA,-1.737522849,1,NA,0.00604771036032719,9.41630882352941,99.4815094296966,-2.15195195242467,"Y","2024-11-09",0,1,NA,NA,NA,NA,NA,NA,NA,NA,NA,NA,NA,NA,NA,NA,NA,NA,NA,NA,NA,NA,NA
"437",1,"KL22WI1958","C","ELROY SPARTA","WI",7,3,3.51e-06,0,0,"JH2575",2022,NA,-5.454163037,1,NA,0.0156424216938746,8.4578056374959,NA,-1.77878347781917,"Y","2022-11-18",0,1,NA,NA,NA,NA,NA,NA,NA,NA,NA,NA,NA,NA,NA,NA,NA,NA,NA,NA,NA,NA,"established"
"438",1,"JH18MI0107","19","TAYLOR MINE","MI",3,1,1.6e-05,0,0,"JH2577",2018,NA,-4.795927067,1,NA,0.0121443386066422,6.67608333333333,NA,-1.88126126172287,"N","2018-11-11",1,1,0,"KL19MI0030","MI",1,"25",1,0.003724071,1,NA,-2.428982048,1,NA,0.0155324386961681,6.22590789473684,NA,-1.78166307902563,"Y","2019-03-10",0,1,"invasion"
"439",1,"JH18MI0111","19","TAYLOR MINE","MI",3,1,5.66e-05,0,0,"JH2579",2018,NA,-4.247177677,1,NA,0.0121443386066422,6.67608333333333,NA,-1.88126126172287,"N","2018-11-11",1,1,0,"KL19MI0008","MI",1,"3.5",1,0.23241415,2,NA,-0.633737434,1,NA,0.0155324386961681,6.22590789473684,NA,-1.78166307902563,"Y","2019-03-10",0,1,"invasion"
"440",1,"JH18MI0114","19","TAYLOR MINE","MI",3,1,7.45e-06,0,0,"JH2580",2018,NA,-5.128006389,1,NA,0.0121443386066422,6.67608333333333,NA,-1.88126126172287,"N","2018-11-11",1,1,0,"KL19MI0001","MI",1,"3",1,0.0246524,1,NA,-1.608140794,1,NA,0.0155324386961681,6.22590789473684,NA,-1.78166307902563,"Y","2019-03-10",0,1,"invasion"
"441",0,"JH18MI0118","19","TAYLOR MINE","MI",3,0,4.5e-05,NA,NA,"JH2581",2018,NA,-4.346669279,1,NA,0.0121443386066422,6.67608333333333,NA,-1.88126126172287,"N","2018-11-11",1,0,NA,NA,NA,NA,NA,NA,NA,NA,NA,NA,NA,NA,NA,NA,NA,NA,NA,NA,NA,NA,"invasion"
"442",0,"JH18MI0125","29.3","TAYLOR MINE","MI",3,0,2.55e-05,NA,NA,"JH2582",2018,NA,-4.59420363,1,NA,0.0121443386066422,6.67608333333333,NA,-1.88126126172287,"N","2018-11-11",1,0,NA,NA,NA,NA,NA,NA,NA,NA,NA,NA,NA,NA,NA,NA,NA,NA,NA,NA,NA,NA,"invasion"
"443",0,"JH18MI0126","29.3","TAYLOR MINE","MI",3,0,0.000135168,NA,NA,"JH2583",2018,NA,-3.869125425,1,NA,0.0121443386066422,6.67608333333333,NA,-1.88126126172287,"N","2018-11-11",1,0,NA,NA,NA,NA,NA,NA,NA,NA,NA,NA,NA,NA,NA,NA,NA,NA,NA,NA,NA,NA,"invasion"
"444",1,"JH18MI0131","27.2","GLEN ADIT","MI",4,1,0.000296666,0,0,"JH2584",2018,NA,-3.527732598,1,NA,0.0281796040434707,5.11451948051948,NA,-1.53492060561949,"N","2018-11-11",1,1,0,"KL19MI0090","MI",1,"31.4",1,0.010541254,1,NA,-1.977107742,1,NA,0.0130307536985769,2.37507792207792,NA,-1.85291899908275,"Y","2019-03-10",0,1,"established"
"445",1,"JH18MI0132","29","GLEN ADIT","MI",4,1,0.000118269,0,0,"JH2585",2018,NA,-3.927128358,1,NA,0.0281796040434707,5.11451948051948,NA,-1.53492060561949,"N","2018-11-11",1,1,0,"KL19MI0072","MI",1,"27.7",1,0.000326981,1,NA,-3.48547715,1,NA,0.0130307536985769,2.37507792207792,NA,-1.85291899908275,"Y","2019-03-10",0,1,"established"
"446",0,"JH18MI0133","29","GLEN ADIT","MI",4,0,0.005696709,0,0,"JH2586",2018,NA,-2.24437596,1,NA,0.0281796040434707,5.11451948051948,NA,-1.53492060561949,"N","2018-11-11",1,0,NA,NA,NA,NA,NA,NA,NA,NA,NA,NA,NA,NA,NA,NA,NA,NA,NA,NA,NA,NA,"established"
"447",0,"JH18MI0134","29","GLEN ADIT","MI",4,0,0.001474184,0,0,"JH2587",2018,NA,-2.831448186,1,NA,0.0281796040434707,5.11451948051948,NA,-1.53492060561949,"N","2018-11-11",1,0,NA,NA,NA,NA,NA,NA,NA,NA,NA,NA,NA,NA,NA,NA,NA,NA,NA,NA,NA,NA,"established"
"448",1,"JH18MI0136","29","GLEN ADIT","MI",4,1,0.000398755,0,0,"JH2588",2018,NA,-3.399293816,1,NA,0.0281796040434707,5.11451948051948,NA,-1.53492060561949,"N","2018-11-11",1,1,0,"KL19MI0086","MI",1,"31.4",1,0.001461332,1,NA,-2.835251254,1,NA,0.0130307536985769,2.37507792207792,NA,-1.85291899908275,"Y","2019-03-10",0,1,"established"
"449",1,"JH18MI0138","29.1","GLEN ADIT","MI",4,1,1.31e-05,0,0,"JH2589",2018,NA,-4.884299583,1,NA,0.0281796040434707,5.11451948051948,NA,-1.53492060561949,"N","2018-11-11",1,1,0,"KL19MI0057","MI",1,"25.9",1,0.012698095,1,NA,-1.896261428,1,NA,0.0130307536985769,2.37507792207792,NA,-1.85291899908275,"Y","2019-03-10",0,1,"established"
"450",1,"JH18MI0139","29.1","GLEN ADIT","MI",4,1,5.4e-05,0,0,"JH2590",2018,NA,-4.267939452,1,NA,0.0281796040434707,5.11451948051948,NA,-1.53492060561949,"N","2018-11-11",1,1,0,"KL19MI0064","MI",1,"27.2",1,0.005171821,1,NA,-2.286356557,1,NA,0.0130307536985769,2.37507792207792,NA,-1.85291899908275,"Y","2019-03-10",0,1,"established"
"451",1,"JH18MI0140","29.1","GLEN ADIT","MI",4,1,0.000315558,0,0,"JH2591",2018,NA,-3.50092108,1,NA,0.0281796040434707,5.11451948051948,NA,-1.53492060561949,"N","2018-11-11",1,1,0,"KL19MI0083","MI",1,"31.4",1,0.031770435,1,NA,-1.497976839,1,NA,0.0130307536985769,2.37507792207792,NA,-1.85291899908275,"Y","2019-03-10",0,1,"established"
"452",0,"JH18MI0141","30.5","GLEN ADIT","MI",4,0,0.00363651,1,1,"JH2592",2018,NA,-2.439315262,1,NA,0.0281796040434707,5.11451948051948,NA,-1.53492060561949,"N","2018-11-11",1,0,NA,NA,NA,NA,NA,NA,NA,NA,NA,NA,NA,NA,NA,NA,NA,NA,NA,NA,NA,NA,"established"
"453",1,"JH18MI0144","30.5","GLEN ADIT","MI",4,1,1.02e-05,0,0,"JH2593",2018,NA,-4.990913362,1,NA,0.0281796040434707,5.11451948051948,NA,-1.53492060561949,"N","2018-11-11",1,1,0,"KL19MI0048","MI",1,"19.5",1,0.002919089,1,NA,-2.534752738,1,NA,0.0130307536985769,2.37507792207792,NA,-1.85291899908275,"Y","2019-03-10",0,1,"established"
"454",1,"JH18MI0145","30.5","GLEN ADIT","MI",4,1,0.000412121,0,0,"JH2594",2018,NA,-3.384974986,1,NA,0.0281796040434707,5.11451948051948,NA,-1.53492060561949,"N","2018-11-11",1,1,0,"KL19MI0076","MI",1,"27.7",1,0.004086807,1,NA,-2.388615871,1,NA,0.0130307536985769,2.37507792207792,NA,-1.85291899908275,"Y","2019-03-10",0,1,"established"
"455",0,"JH18MI0147","43","GLEN ADIT","MI",4,0,0.00127888,0,0,"JH2595",2018,NA,-2.893170049,1,NA,0.0281796040434707,5.11451948051948,NA,-1.53492060561949,"N","2018-11-11",1,0,NA,NA,NA,NA,NA,NA,NA,NA,NA,NA,NA,NA,NA,NA,NA,NA,NA,NA,NA,NA,"established"
"456",1,"JH18MI0162","12.9","MASS C","MI",4,8,0.000173963,0,0,"JH2596",2018,NA,-3.759543512,1,NA,0.0311979292405735,4.27454838709677,NA,-1.49217205837593,"N","2018-11-11",1,1,1,"KL19MI0224","MI",8,"29.7",0,0.004548315,0,NA,-2.342149513,1,NA,0.0132509908915458,2.88225,NA,-1.84615493749623,"Y","2019-03-11",0,1,"established"
"457",1,"KL19MI0330","30","MASS C","MI",5,8,1.87e-05,0,0,"JH2596",2019,NA,-4.72741133,1,NA,0.0311979292405735,6.1290625,NA,-1.49217205837593,"Y","2019-11-08",0,1,1,"KL20MI0093","MI",8,"20.5",0,0.11350825,0,NA,-0.944972572,1,NA,0.0203997488722152,3.15357142857143,97.2900129803217,-1.6695913231018,"Y","2020-03-07",0,1,"established"
"458",1,"KL20MI0446","5.6","MASS C","MI",6,8,0.00011534,0,0,"JH2596",2020,NA,-3.938021559,1,NA,0.0311979292405735,6.22762376237624,96.6326008388968,-1.49217205837593,"Y","2020-11-13",0,1,NA,NA,NA,NA,NA,NA,NA,NA,NA,NA,NA,NA,NA,NA,NA,NA,NA,NA,NA,NA,"established"
"459",1,"KL21MI0509","30 to 35","MASS C","MI",7,8,0.001197057,0,0,"JH2596",2021,9.48,-2.921885113,1,0.119212232308992,0.0311979292405735,6.1290625,NA,-1.49217205837593,"Y","2021-11-10",0,1,NA,NA,NA,NA,NA,NA,NA,NA,NA,NA,NA,NA,NA,NA,NA,NA,NA,NA,NA,NA,"established"
"460",1,"KL22MI0567","40 to 45","MASS C","MI",8,8,8.06e-06,0,0,"JH2596",2022,NA,-5.093744196,1,NA,0.0311979292405735,6.1290625,NA,-1.49217205837593,"Y","2022-11-11",0,1,1,"KL23MI0127","MI",8,"5 to 10",0,0.005868501,0,NA,-2.231472808,1,NA,0.0132509908915458,3.78603738525318,NA,-1.84615493749623,"Y","2023-03-01",0,1,"established"
"461",0,"KL23MI0387","10 to 15","MASS C","MI",9,8,9.07e-06,0,0,"JH2596",2023,NA,-5.042167317,1,NA,0.0311979292405735,5.94341975308642,NA,-1.49217205837593,"Y","2023-11-10",0,1,NA,NA,NA,NA,NA,NA,NA,NA,NA,NA,NA,NA,NA,NA,NA,NA,NA,NA,NA,NA,NA
"462",1,"JH18MI0166","18.2","MASS C","MI",4,1,0.002812535,0,0,"JH2597",2018,NA,-2.550902081,1,NA,0.0311979292405735,4.27454838709677,NA,-1.49217205837593,"N","2018-11-11",1,1,0,"KL19MI0223","MI",1,"29.7",1,0.011107345,1,NA,-1.954389739,1,NA,0.0132509908915458,2.88225,NA,-1.84615493749623,"Y","2019-03-11",0,1,"established"
"463",1,"JH18MI0168","18.2","MASS C","MI",4,1,0.007692535,0,0,"JH2598",2018,NA,-2.113930537,1,NA,0.0311979292405735,4.27454838709677,NA,-1.49217205837593,"N","2018-11-11",1,1,0,"KL19MI0196","MI",1,"11.9",1,0.006446813,1,NA,-2.190654961,1,NA,0.0132509908915458,2.88225,NA,-1.84615493749623,"Y","2019-03-11",0,1,"established"
"464",1,"JH18MI0170","20 to 25","MASS C","MI",4,1,3.88e-05,0,0,"JH2599",2018,NA,-4.411125953,1,NA,0.0311979292405735,6.22762376237624,96.6326008388968,-1.49217205837593,"N","2018-11-11",1,1,NA,NA,NA,NA,NA,NA,NA,NA,NA,NA,NA,NA,NA,NA,NA,NA,NA,NA,NA,NA,"established"
"465",0,"KL20MI0460","27.7","MASS C","MI",6,1,0.000448847,0,0,"JH2599",2020,NA,-3.347901867,1,NA,0.0311979292405735,6.22762376237624,96.6326008388968,-1.49217205837593,"Y","2020-11-13",0,1,NA,NA,NA,NA,NA,NA,NA,NA,NA,NA,NA,NA,NA,NA,NA,NA,NA,NA,NA,NA,"established"
"466",0,"JH18MI0177","25.5","BEATENS CAVE","MI",4,0,5.35e-06,0,0,"JH2600",2018,NA,-5.271917799,1,NA,0.0408292387674945,6.51336486486487,NA,-1.37852003888781,"N","2018-11-12",1,0,NA,NA,NA,NA,NA,NA,NA,NA,NA,NA,NA,NA,NA,NA,NA,NA,NA,NA,NA,NA,"established"
"467",1,"JH18MI0148","43","GLEN ADIT","MI",4,1,6.31e-05,0,0,"JH2606",2018,NA,-4.200025206,1,NA,0.0281796040434707,5.11451948051948,NA,-1.53492060561949,"Y","2018-11-11",1,1,0,"KL19MI0074","MI",1,"27.7",1,4e-06,1,NA,-5.397615766,1,NA,0.0130307536985769,2.37507792207792,NA,-1.85291899908275,"Y","2019-03-10",0,1,"established"
"468",1,"JH18MI0146","43","GLEN ADIT","MI",4,4,5.06e-05,0,0,"JH2607",2018,NA,-4.296044903,1,NA,0.0281796040434707,5.11451948051948,NA,-1.53492060561949,"Y","2018-11-11",1,1,1,"KL19MI0101","MI",4,"37.5",0,0.004822215,0,NA,-2.31675343,1,NA,0.0130307536985769,2.37507792207792,NA,-1.85291899908275,"Y","2019-03-10",0,1,"established"
"469",1,"JH18MI0181","28.7","BEATENS CAVE","MI",4,2,1.44e-06,0,0,"JH2626",2018,NA,-5.841707049,1,NA,0.0408292387674945,6.51336486486487,NA,-1.37852003888781,"Y","2018-11-12",1,1,1,"KL19MI0126","MI",2,"12.5",NA,0.04699861,NA,NA,-1.327914986,1,NA,0.111722471261116,4.91582730923695,NA,-0.947989498577717,"Y","2019-03-11",0,1,"established"
"470",0,"KL19MI0273","26.6","BEATENS CAVE","MI",5,2,3.06e-06,0,0,"JH2626",2019,NA,-5.513986162,1,NA,0.0760433258108985,6.13457815442561,NA,-1.11326497782868,"Y","2019-11-07",0,1,NA,NA,NA,NA,NA,NA,NA,NA,NA,NA,NA,NA,NA,NA,NA,NA,NA,NA,NA,NA,"established"
"471",1,"JH18MI0185","28.7","BEATENS CAVE","MI",4,3,1.94e-05,0,0,"JH2627",2018,NA,-4.713008927,1,NA,0.0408292387674945,6.51336486486487,NA,-1.37852003888781,"Y","2018-11-12",0,1,1,"KL19MI0161","MI",3,"33",NA,0.022948945,NA,NA,-1.639237275,1,NA,0.111722471261116,4.91582730923695,NA,-0.947989498577717,"Y","2019-03-11",0,1,"established"
"472",0,"KL19MI0264","24.5","BEATENS CAVE","MI",5,3,1.82e-06,0,0,"JH2627",2019,NA,-5.739436492,1,NA,0.0760433258108985,6.13457815442561,NA,-1.11326497782868,"Y","2019-11-07",0,1,NA,NA,NA,NA,NA,NA,NA,NA,NA,NA,NA,NA,NA,NA,NA,NA,NA,NA,NA,NA,"established"
"473",0,"KL21MI0374","0 to 5","TAYLOR MINE","MI",6,2,5.29e-05,0,0,"JH2628",2021,6.86,-4.276525972,1,0.0108298890706725,0.00629380828973617,7.10787735849057,99.3762370245736,-2.13704565585688,"Y","2021-11-10",0,1,NA,NA,NA,NA,NA,NA,NA,NA,NA,NA,NA,NA,NA,NA,NA,NA,NA,NA,NA,NA,"established"
"474",1,"KL21WI1776","D","HORSESHOE BAY","WI",7,5,0.000144799,0,0,"JH2632",2021,NA,-3.839234502,1,NA,0.00512600746514702,9.86141351888668,NA,-2.21282247829827,"Y","2021-11-14",0,1,NA,NA,NA,NA,NA,NA,NA,NA,NA,NA,NA,NA,NA,NA,NA,NA,NA,NA,NA,NA,"established"
"475",1,"KL22WI1769","D","HORSESHOE BAY","WI",8,5,4.01e-05,0,0,"JH2632",2022,NA,-4.397052785,1,NA,0.00512600746514702,9.93302533783784,NA,-2.21282247829827,"Y","2022-11-14",0,1,0,"KL23WI0689","WI",5,"C",1,0.013792238,1,NA,-1.860365248,1,NA,0.00645521719191687,8.29698795180723,99.4109583001499,-2.12753969977946,"Y","2023-03-12",0,1,"established"
"476",1,"KL19WI1537","D","HORSESHOE BAY","WI",5,6,8.61e-06,NA,NA,"JH2634",2019,NA,-5.06497463,1,NA,0.00512600746514702,9.93302533783784,NA,-2.21282247829827,"Y","2019-11-12",0,1,1,"KL20WI0643","WI",6,"B",1,0.008061672,1,NA,-2.093574876,1,NA,0.00700979983866586,5.64874684343434,NA,-2.09637833660603,"Y","2020-03-10",0,1,"established"
"477",1,"KL22WI1772","D","HORSESHOE BAY","WI",8,6,4.23e-06,NA,NA,"JH2634",2022,NA,-5.373380075,1,NA,0.00512600746514702,9.93302533783784,NA,-2.21282247829827,"Y","2022-11-14",0,1,0,"KL23WI0680","WI",6,"B",1,0.031869944,1,NA,-1.496618695,1,NA,0.00711750722281278,7.63032323232323,99.3269507776963,-2.09057731627432,"Y","2023-03-12",0,1,"established"
"478",1,"KL18WI0402","DS","LEDGEVIEW","WI",2,2,0.000143413,0,0,"JH2640",2018,NA,-3.843410117,1,NA,NA,10.4137934400871,NA,NA,"Y","2018-11-13",0,1,NA,NA,NA,NA,NA,NA,NA,NA,NA,NA,NA,NA,NA,NA,NA,NA,NA,NA,NA,NA,"invasion"
"479",0,"KL19WI1455","DS","LEDGEVIEW","WI",3,2,2.6e-05,0,0,"JH2640",2019,NA,-4.585185115,1,NA,NA,9.81051923076923,NA,NA,"Y","2019-11-11",0,1,NA,NA,NA,NA,NA,NA,NA,NA,NA,NA,NA,NA,NA,NA,NA,NA,NA,NA,NA,NA,"invasion"
"480",1,"KL18WI0419","SEL","MARIBEL","WI",3,5,0.003003528,NA,NA,"JH2642",2018,NA,-2.522368387,1,NA,0.00727119348414132,10.1152650946256,NA,-2.08243181980906,"Y","2018-11-13",0,1,NA,NA,NA,NA,NA,NA,NA,NA,NA,NA,NA,NA,NA,NA,NA,NA,NA,NA,NA,NA,"invasion"
"481",1,"KL19WI1464","HR","MARIBEL","WI",4,5,0.000378714,0,0,"JH2642",2019,NA,-3.421689041,1,NA,0.0147254787399746,9.75796116504854,NA,-1.80339612419975,"Y","2019-11-11",0,1,NA,NA,NA,NA,NA,NA,NA,NA,NA,NA,NA,NA,NA,NA,NA,NA,NA,NA,NA,NA,"established"
"482",1,"KL20WI1760","WL","MARIBEL","WI",5,5,0.0006401,NA,NA,"JH2642",2020,NA,-3.193752376,1,NA,0.00955483337957002,10.0729323308271,99.2255587308235,-1.97654861815021,"Y","2020-11-17",0,1,1,"KL21WI0455","WI",5,"HR",0,0.013587445,0,NA,-1.866862201,1,NA,0.00659171451206662,7.72001837365784,NA,-2.11966013200402,"Y","2021-03-08",0,1,"established"
"483",1,"KL18WI0416","HR","MARIBEL","WI",3,4,0.03207476,NA,NA,"JH2643",2018,NA,-1.493836585,1,NA,0.00727119348414132,10.0884795381818,NA,-2.08243181980906,"Y","2018-11-13",0,1,NA,NA,NA,NA,NA,NA,NA,NA,NA,NA,NA,NA,NA,NA,NA,NA,NA,NA,NA,NA,"invasion"
"484",1,"KL19WI1491","WL","MARIBEL","WI",4,4,0.00077213,0,0,"JH2643",2019,NA,-3.112309517,1,NA,0.0147254787399746,9.75796116504854,NA,-1.80339612419975,"Y","2019-11-11",0,1,NA,NA,NA,NA,NA,NA,NA,NA,NA,NA,NA,NA,NA,NA,NA,NA,NA,NA,NA,NA,"established"
"485",1,"KL20WI1747","HR","MARIBEL","WI",5,4,0.000430479,0,0,"JH2643",2020,NA,-3.366048131,1,NA,0.00955483337957002,10.0729323308271,99.2255587308235,-1.97654861815021,"Y","2020-11-17",0,1,NA,NA,NA,NA,NA,NA,NA,NA,NA,NA,NA,NA,NA,NA,NA,NA,NA,NA,NA,NA,"established"
"486",1,"KL18WI0412","HR","MARIBEL","WI",3,10,0.000252158,NA,NA,"JH2644",2018,NA,-3.598327679,1,NA,0.00727119348414132,10.0884795381818,NA,-2.08243181980906,"Y","2018-11-13",0,1,NA,NA,NA,NA,NA,NA,NA,NA,NA,NA,NA,NA,NA,NA,NA,NA,NA,NA,NA,NA,"invasion"
"487",1,"KL19WI1468","HR","MARIBEL","WI",4,10,0.000194707,0,0,"JH2644",2019,NA,-3.710618546,1,NA,0.0147254787399746,9.75796116504854,NA,-1.80339612419975,"Y","2019-11-11",0,1,1,"KL20WI0764","WI",10,"HR",1,0.01826484,1,NA,-1.738384128,1,NA,0.014427224757672,7.64682857142857,NA,-1.81171219323901,"Y","2020-03-13",0,1,"established"
"488",1,"KL21WI1841","HR","MARIBEL","WI",6,10,0.000320251,0,0,"JH2644",2021,NA,-3.494509153,1,NA,0.00727119348414132,10.0884795381818,NA,-2.08243181980906,"Y","2021-11-15",0,1,1,"KL22WI0744","WI",10,"WL",1,0.034143766,1,9.61,-1.466688579,1,0.0324375249137304,0.00528175900129025,7.73744129554656,NA,-2.20191872925835,"Y","2022-03-12",0,1,"established"
"489",1,"KL22WI1824","HR","MARIBEL","WI",7,10,1.44e-07,0,0,"JH2644",2022,NA,-6.840734289,1,NA,0.00681424122463258,9.94692946058091,NA,-2.10711318628889,"Y","2022-11-15",0,1,1,"KL23WI0634","WI",10,"SEL",0,0.102427374,0,NA,-0.98958396,1,NA,0.00383016585581764,7.80072874493927,NA,-2.3160379564059,"Y","2023-03-11",0,1,"established"
"490",1,"KL23WI1550","HR","MARIBEL","WI",8,10,5.25e-07,0,0,"JH2644",2023,NA,-6.279483808,1,NA,0.0072716668068694,10.3133609958506,99.4207131506805,-2.08240696782513,"Y","2023-11-14",0,1,0,"KL24WI0248","WI",10,"SEL",1,0.007892168,1,NA,-2.102803671,1,NA,0.00659171451206662,8.00508064516129,NA,-2.11966013200402,"Y","2024-03-08",0,1,"established"
"491",1,"KL18WI0418","WL","MARIBEL","WI",3,6,0.000795846,NA,NA,"JH2645",2018,NA,-3.099170989,1,NA,0.00727119348414132,10.1152650946256,NA,-2.08243181980906,"Y","2018-11-13",0,1,NA,NA,NA,NA,NA,NA,NA,NA,NA,NA,NA,NA,NA,NA,NA,NA,NA,NA,NA,NA,"invasion"
"492",1,"KL19WI1470","HR","MARIBEL","WI",4,6,0.001729152,0,0,"JH2645",2019,NA,-2.762166829,1,NA,0.0147254787399746,9.75796116504854,NA,-1.80339612419975,"Y","2019-11-11",0,1,NA,NA,NA,NA,NA,NA,NA,NA,NA,NA,NA,NA,NA,NA,NA,NA,NA,NA,NA,NA,"established"
"493",1,"KL20WI1748","HR","MARIBEL","WI",5,6,0.000139245,0,0,"JH2645",2020,NA,-3.856220079,1,NA,0.00955483337957002,10.0729323308271,99.2255587308235,-1.97654861815021,"Y","2020-11-17",0,1,NA,NA,NA,NA,NA,NA,NA,NA,NA,NA,NA,NA,NA,NA,NA,NA,NA,NA,NA,NA,"established"
"494",1,"KL21WI1837","HR","MARIBEL","WI",6,6,0.000531974,0,0,"JH2645",2021,NA,-3.274109863,1,NA,0.00727119348414132,10.0884795381818,NA,-2.08243181980906,"Y","2021-11-15",0,1,NA,NA,NA,NA,NA,NA,NA,NA,NA,NA,NA,NA,NA,NA,NA,NA,NA,NA,NA,NA,"established"
"495",1,"KL23WI1573","WL","MARIBEL","WI",8,6,0.000112231,1,1,"JH2645",2023,NA,-3.949886233,1,NA,0.0072716668068694,10.2997466307278,NA,-2.08240696782513,"Y","2023-11-14",0,1,NA,NA,NA,NA,NA,NA,NA,NA,NA,NA,NA,NA,NA,NA,NA,NA,NA,NA,NA,NA,"established"
"496",0,"KL24WI1666","WL","MARIBEL","WI",9,6,5.89e-07,0,0,"JH2645",2024,NA,-6.230133995,1,NA,0.00193188251823338,10.7453563218391,99.8501231676854,-2.53285343604496,"Y","2024-11-19",0,1,NA,NA,NA,NA,NA,NA,NA,NA,NA,NA,NA,NA,NA,NA,NA,NA,NA,NA,NA,NA,NA
"497",1,"KL18WI0411","HR","MARIBEL","WI",3,3,0.000496701,NA,NA,"JH2649",2018,NA,-3.303905403,1,NA,0.00727119348414132,10.0884795381818,NA,-2.08243181980906,"Y","2018-11-13",0,1,NA,NA,NA,NA,NA,NA,NA,NA,NA,NA,NA,NA,NA,NA,NA,NA,NA,NA,NA,NA,"invasion"
"498",1,"KL19WI1482","HR","MARIBEL","WI",4,3,0.000581675,0,0,"JH2649",2019,NA,-3.235319601,1,NA,0.0147254787399746,9.75796116504854,NA,-1.80339612419975,"Y","2019-11-11",0,1,NA,NA,NA,NA,NA,NA,NA,NA,NA,NA,NA,NA,NA,NA,NA,NA,NA,NA,NA,NA,"established"
"499",0,"KL20WI1749","SEL","MARIBEL","WI",5,3,7.71e-05,NA,NA,"JH2649",2020,NA,-4.11306776,1,NA,0.00955483337957002,10.0729323308271,99.2255587308235,-1.97654861815021,"Y","2020-11-17",0,1,NA,NA,NA,NA,NA,NA,NA,NA,NA,NA,NA,NA,NA,NA,NA,NA,NA,NA,NA,NA,"established"
"500",0,"JH18MI0176","25.5","BEATENS CAVE","MI",4,0,2.32e-05,0,0,"JH2651",2018,NA,-4.635363472,1,NA,0.0408292387674945,6.51336486486487,NA,-1.37852003888781,"N","2018-11-12",1,0,NA,NA,NA,NA,NA,NA,NA,NA,NA,NA,NA,NA,NA,NA,NA,NA,NA,NA,NA,NA,"established"
"501",1,"KL18WI0426","WL","MARIBEL","WI",3,1,0.011652725,NA,NA,"JH2652",2018,NA,-1.933572503,1,NA,0.00727119348414132,10.1152650946256,NA,-2.08243181980906,"N","2018-11-13",1,1,NA,NA,NA,NA,NA,NA,NA,NA,NA,NA,NA,NA,NA,NA,NA,NA,NA,NA,NA,NA,"invasion"
"502",0,"KL19WI1474","HR","MARIBEL","WI",4,1,0.006493884,0,0,"JH2652",2019,NA,-2.187495473,1,NA,0.0147254787399746,9.75796116504854,NA,-1.80339612419975,"Y","2019-11-11",0,1,NA,NA,NA,NA,NA,NA,NA,NA,NA,NA,NA,NA,NA,NA,NA,NA,NA,NA,NA,NA,"established"
"503",1,"KL18WI0427","WL","MARIBEL","WI",3,3,0.000978279,NA,NA,"JH2653",2018,NA,-3.009537291,1,NA,0.00727119348414132,10.1152650946256,NA,-2.08243181980906,"N","2018-11-13",1,1,NA,NA,NA,NA,NA,NA,NA,NA,NA,NA,NA,NA,NA,NA,NA,NA,NA,NA,NA,NA,"invasion"
"504",1,"KL20WI1758","WL","MARIBEL","WI",5,3,0.007722858,NA,NA,"JH2653",2020,NA,-2.11222195,1,NA,0.00955483337957002,10.0729323308271,99.2255587308235,-1.97654861815021,"Y","2020-11-17",0,1,NA,NA,NA,NA,NA,NA,NA,NA,NA,NA,NA,NA,NA,NA,NA,NA,NA,NA,NA,NA,"established"
"505",1,"KL21WI1869","WL","MARIBEL","WI",6,3,0.108859143,0,0,"JH2653",2021,10.72,-0.963135089,1,0.0715790249675961,0.00727119348414132,10.3682213114754,NA,-2.08243181980906,"Y","2021-11-15",0,1,0,"KL22WI0731","WI",3,"SEL",1,0.073665313,1,7.33,-1.132736962,1,0,0.00528175900129025,7.73744129554656,NA,-2.20191872925835,"Y","2022-03-12",0,1,"established"
"506",0,"KL18WI0428","WL","MARIBEL","WI",3,0,0.70373245,1,1,"JH2654",2018,NA,-0.152592423,1,NA,0.00727119348414132,10.1152650946256,NA,-2.08243181980906,"N","2018-11-13",1,0,NA,NA,NA,NA,NA,NA,NA,NA,NA,NA,NA,NA,NA,NA,NA,NA,NA,NA,NA,NA,"invasion"
"507",0,"KL18WI0431","B","HORSESHOE BAY","WI",4,0,0.000440905,0,0,"JH2655",2018,NA,-3.355654582,1,NA,0.00570031909428908,9.92291666666667,NA,-2.17390451407693,"N","2018-11-14",1,0,NA,NA,NA,NA,NA,NA,NA,NA,NA,NA,NA,NA,NA,NA,NA,NA,NA,NA,NA,NA,"established"
"508",1,"KL18WI0433","C","HORSESHOE BAY","WI",4,1,4.91e-05,0,0,"JH2656",2018,NA,-4.308916385,1,NA,0.00627929532871588,8.79443609022556,99.4456684448472,-2.13791066047578,"N","2018-11-14",1,1,0,"KL19WI0947","WI",1,"B",1,0.086888235,1,NA,-1.061039025,1,NA,0.00700979983866586,4.52784,NA,-2.09637833660603,"Y","2019-03-13",0,1,"established"
"509",0,"KL18WI0455","A","SOUTH PORTAL","WI",2,0,0.001162839,0,0,"JH2657",2018,NA,-2.934480504,1,NA,0.0350119761662731,3.28900925925926,NA,-1.44355304595559,"N","2018-11-17",1,0,NA,NA,NA,NA,NA,NA,NA,NA,NA,NA,NA,NA,NA,NA,NA,NA,NA,NA,NA,NA,"invasion"
"510",0,"KL18WI0456","A","SOUTH PORTAL","WI",2,0,0.000111357,0,0,"JH2658",2018,NA,-3.953282868,1,NA,0.0350119761662731,3.28900925925926,NA,-1.44355304595559,"N","2018-11-17",1,0,NA,NA,NA,NA,NA,NA,NA,NA,NA,NA,NA,NA,NA,NA,NA,NA,NA,NA,NA,NA,"invasion"
"511",0,"KL18WI0457","B","SOUTH PORTAL","WI",2,0,0.000230429,0,0,"JH2659",2018,NA,-3.637463242,1,NA,0.0350119761662731,7.05728904847397,NA,-1.44355304595559,"N","2018-11-17",1,0,NA,NA,NA,NA,NA,NA,NA,NA,NA,NA,NA,NA,NA,NA,NA,NA,NA,NA,NA,NA,"invasion"
"512",0,"KL18WI0458","B","SOUTH PORTAL","WI",2,0,0.000388422,0,0,"JH2660",2018,NA,-3.410696348,1,NA,0.0350119761662731,7.05728904847397,NA,-1.44355304595559,"N","2018-11-17",1,0,NA,NA,NA,NA,NA,NA,NA,NA,NA,NA,NA,NA,NA,NA,NA,NA,NA,NA,NA,NA,"invasion"
"513",0,"KL18WI0459","B","SOUTH PORTAL","WI",2,0,0.00047824,0,0,"JH2661",2018,NA,-3.320353966,1,NA,0.0350119761662731,7.05728904847397,NA,-1.44355304595559,"N","2018-11-17",1,0,NA,NA,NA,NA,NA,NA,NA,NA,NA,NA,NA,NA,NA,NA,NA,NA,NA,NA,NA,NA,"invasion"
"514",0,"KL18WI0460","B","SOUTH PORTAL","WI",2,0,0.001603232,0,0,"JH2662",2018,NA,-2.795003763,1,NA,0.0350119761662731,7.05728904847397,NA,-1.44355304595559,"N","2018-11-17",1,0,NA,NA,NA,NA,NA,NA,NA,NA,NA,NA,NA,NA,NA,NA,NA,NA,NA,NA,NA,NA,"invasion"
"515",1,"KL18WI0461","B","SOUTH PORTAL","WI",2,3,6.74e-06,0,0,"JH2663",2018,NA,-5.171529585,1,NA,0.0350119761662731,7.05728904847397,NA,-1.44355304595559,"N","2018-11-17",1,1,1,"KL19WI0736","WI",3,"B",1,0.01814049,2,NA,-1.741350986,1,NA,0.0364672166366908,5.94837545126354,NA,-1.42634856856152,"Y","2019-03-07",0,1,"invasion"
"516",1,"KL19WI1234","C","SOUTH PORTAL","WI",3,3,7.72e-05,0,0,"JH2663",2019,NA,-4.112399633,1,NA,0.0350119761662731,7.7134891566265,NA,-1.44355304595559,"Y","2019-11-04",0,1,NA,NA,NA,NA,NA,NA,NA,NA,NA,NA,NA,NA,NA,NA,NA,NA,NA,NA,NA,NA,"invasion"
"517",1,"KL18WI0462","B","SOUTH PORTAL","WI",2,4,0.026854625,0,0,"JH2664",2018,NA,-1.570980908,1,NA,0.0350119761662731,7.05728904847397,NA,-1.44355304595559,"N","2018-11-17",1,1,1,"KL19WI0727","WI",4,"A",1,0.5748567,1,NA,-0.240440403,1,NA,0.0364672166366908,-1.5041568627451,NA,-1.42634856856152,"Y","2019-03-07",0,1,"invasion"
"518",1,"KL19WI1231","C","SOUTH PORTAL","WI",3,4,0.001267614,0,0,"JH2664",2019,NA,-2.897013144,1,NA,0.0350119761662731,7.7134891566265,NA,-1.44355304595559,"Y","2019-11-04",0,1,NA,NA,NA,NA,NA,NA,NA,NA,NA,NA,NA,NA,NA,NA,NA,NA,NA,NA,NA,NA,"invasion"
"519",0,"KL19MI0274","26.6","BEATENS CAVE","MI",5,0,5.36e-06,0,0,"JH2683",2019,NA,-5.270822368,1,NA,0.0760433258108985,6.13457815442561,NA,-1.11326497782868,"N","2019-11-07",1,0,NA,NA,NA,NA,NA,NA,NA,NA,NA,NA,NA,NA,NA,NA,NA,NA,NA,NA,NA,NA,"established"
"520",0,"KL19MI0291","41.6","BEATENS CAVE","MI",5,0,0.056284715,0,0,"JH2685",2019,NA,-1.249609529,1,NA,0.0760433258108985,6.13457815442561,NA,-1.11326497782868,"N","2019-11-07",1,0,NA,NA,NA,NA,NA,NA,NA,NA,NA,NA,NA,NA,NA,NA,NA,NA,NA,NA,NA,NA,"established"
"521",1,"KL19MI0319","15.5","MASS C","MI",5,3,3.52e-06,0,0,"JH2686",2019,NA,-5.453678056,1,NA,0.0311979292405735,6.1290625,NA,-1.49217205837593,"N","2019-11-08",1,1,1,"KL20MI0102","MI",3,"26.4",0,0.13641695,0,NA,-0.865131665,1,NA,0.0203997488722152,3.15357142857143,97.2900129803217,-1.6695913231018,"Y","2020-03-07",0,1,"established"
"522",1,"KL20MI0453","12.8","MASS C","MI",6,3,0.04588306,0,0,"JH2686",2020,NA,-1.338347626,1,NA,0.0311979292405735,6.22762376237624,96.6326008388968,-1.49217205837593,"Y","2020-11-13",0,1,0,"KL21MI0202","MI",3,"19.2",0,0.079273215,0,NA,-1.100873528,1,NA,0.0132509908915458,3.78603738525318,NA,-1.84615493749623,"Y","2021-03-04",0,1,"established"
"523",0,"KL19MI0323","16.5","MASS C","MI",5,0,0.010985785,0,0,"JH2687",2019,NA,-1.959168905,1,NA,0.0311979292405735,6.1290625,NA,-1.49217205837593,"N","2019-11-08",1,0,NA,NA,NA,NA,NA,NA,NA,NA,NA,NA,NA,NA,NA,NA,NA,NA,NA,NA,NA,NA,"established"
"524",0,"KL19MI0324","16.5","MASS C","MI",5,0,0.01937686,0,0,"JH2688",2019,NA,-1.712716599,1,NA,0.0311979292405735,6.1290625,NA,-1.49217205837593,"N","2019-11-08",1,0,NA,NA,NA,NA,NA,NA,NA,NA,NA,NA,NA,NA,NA,NA,NA,NA,NA,NA,NA,NA,"established"
"525",0,"KL19MI0354","A","SOUTH LAKE MINE","MI",5,0,0.000113361,0,0,"JH2690",2019,NA,-3.945535565,1,NA,0.0431585527104382,5.09376126126126,NA,-1.35498516897837,"N","2019-11-08",1,0,NA,NA,NA,NA,NA,NA,NA,NA,NA,NA,NA,NA,NA,NA,NA,NA,NA,NA,NA,NA,"established"
"526",1,"KL20MI0364","E","SOUTH LAKE MINE","MI",6,3,0.000479087,0,0,"JH2692",2020,NA,-3.319585704,1,NA,0.00653246694987818,4.12904761904762,99.2046728089764,-2.12306276519951,"Y","2020-11-12",1,1,NA,NA,NA,NA,NA,NA,NA,NA,NA,NA,NA,NA,NA,NA,NA,NA,NA,NA,NA,NA,"established"
"527",1,"KL23MI0440","E","SOUTH LAKE MINE","MI",9,3,3.48e-07,0,0,"JH2692",2023,NA,-6.458857895,1,NA,0.00578019823260043,4.36416246056782,NA,-2.16875760848309,"Y","2023-11-11",0,1,0,"KL24MI0015","MI",3,"B",1,0.001151467,1,NA,-2.938748692,1,NA,0.014594792028516,3.58012931034483,NA,-1.80702041260098,"Y","2024-02-28",0,1,NA
"528",1,"KL19MI0366","A","SOUTH LAKE MINE","MI",5,1,4.93e-05,0,0,"JH2693",2019,NA,-4.307275414,1,NA,0.0431585527104382,5.09376126126126,NA,-1.35498516897837,"N","2019-11-08",1,1,NA,NA,NA,NA,NA,NA,NA,NA,NA,NA,NA,NA,NA,NA,NA,NA,NA,NA,NA,NA,"established"
"529",0,"KL19MI0372","B","SOUTH LAKE MINE","MI",5,0,0.00021506,0,0,"JH2695",2019,NA,-3.667441166,1,NA,0.0478431347880528,4.6037191011236,NA,-1.31119647049571,"N","2019-11-08",1,0,NA,NA,NA,NA,NA,NA,NA,NA,NA,NA,NA,NA,NA,NA,NA,NA,NA,NA,NA,NA,"established"
"530",0,"KL19MI0373","C","SOUTH LAKE MINE","MI",5,0,0.000333261,0,0,"JH2696",2019,NA,-3.477215311,1,NA,0.00659390480705383,3.14812658227848,99.1334713896834,-2.11953485123498,"N","2019-11-08",1,0,NA,NA,NA,NA,NA,NA,NA,NA,NA,NA,NA,NA,NA,NA,NA,NA,NA,NA,NA,NA,"established"
"531",1,"KL19MI0376","C","SOUTH LAKE MINE","MI",5,3,2.59e-05,0,0,"JH2697",2019,NA,-4.586876589,1,NA,0.00659390480705383,3.14812658227848,99.1334713896834,-2.11953485123498,"N","2019-11-08",1,1,1,"KL20MI0030","MI",3,"A",1,0.007704708,1,NA,-2.113243844,1,NA,0.0413547678883675,2.59810126582278,NA,-1.37309769392699,"Y","2020-03-06",0,1,"established"
"532",0,"KL22MI0374","C","SOUTH LAKE MINE","MI",8,3,0.000226393,0,0,"JH2697",2022,NA,-3.645136766,1,NA,0.00536060946186449,3.27470833333333,99.3045398542561,-2.19650126906174,"Y","2022-11-10",0,1,NA,NA,NA,NA,NA,NA,NA,NA,NA,NA,NA,NA,NA,NA,NA,NA,NA,NA,NA,NA,"established"
"533",1,"KL19MI0380","C","SOUTH LAKE MINE","MI",5,6,0.00013063,0,0,"JH2699",2019,NA,-3.883956242,1,NA,0.00659390480705383,3.14812658227848,99.1334713896834,-2.11953485123498,"N","2019-11-08",1,1,NA,NA,NA,NA,NA,NA,NA,NA,NA,NA,NA,NA,NA,NA,NA,NA,NA,NA,NA,NA,"established"
"534",1,"KL20MI0328","C","SOUTH LAKE MINE","MI",6,6,0.00013014,0,0,"JH2699",2020,NA,-3.885590132,1,NA,0.00659390480705383,3.14812658227848,99.1334713896834,-2.11953485123498,"Y","2020-11-12",0,1,1,"KL21MI0365","MI",6,"J",1,0.02193379,1,NA,-1.658886319,1,NA,0.0380559205407364,3.8668115942029,95.0573121401025,-1.40831312149804,"Y","2021-03-05",0,1,"established"
"535",1,"KL23MI0426","C","SOUTH LAKE MINE","MI",9,6,6.61e-05,0,0,"JH2699",2023,NA,-4.17958574,1,NA,0.00659390480705383,3.14812658227848,99.1334713896834,-2.11953485123498,"Y","2023-11-11",0,1,1,"KL24MI0009","MI",6,"B",1,0.001599916,1,NA,-2.795902826,1,NA,0.014594792028516,3.58012931034483,NA,-1.80702041260098,"Y","2024-02-28",0,1,NA
"536",0,"KL24MI0301","E","SOUTH LAKE MINE","MI",10,6,8.02e-06,0,0,"JH2699",2024,NA,-5.095804744,1,NA,0.00511715005971735,4.98,99.413174949149,-2.21345086570003,"Y","2024-11-14",0,1,NA,NA,NA,NA,NA,NA,NA,NA,NA,NA,NA,NA,NA,NA,NA,NA,NA,NA,NA,NA,NA
"537",1,"KL19MI0381","C","SOUTH LAKE MINE","MI",5,4,4.62e-06,0,0,"JH2700",2019,NA,-5.335526887,1,NA,0.00659390480705383,3.14812658227848,99.1334713896834,-2.11953485123498,"N","2019-11-08",1,1,1,"KL20MI0033","MI",4,"A",1,0.01396883,1,NA,-1.854839968,1,NA,0.0413547678883675,2.59810126582278,NA,-1.37309769392699,"Y","2020-03-06",0,1,"established"
"538",1,"KL20MI0321","C","SOUTH LAKE MINE","MI",6,4,0.000159694,0,0,"JH2700",2020,NA,-3.796710449,1,NA,0.00659390480705383,3.14812658227848,99.1334713896834,-2.11953485123498,"Y","2020-11-12",0,1,NA,NA,NA,NA,NA,NA,NA,NA,NA,NA,NA,NA,NA,NA,NA,NA,NA,NA,NA,NA,"established"
"539",0,"KL22MI0375","C","SOUTH LAKE MINE","MI",8,4,0.000133732,0,0,"JH2700",2022,NA,-3.873764014,1,NA,0.00536060946186449,3.27470833333333,99.3045398542561,-2.19650126906174,"Y","2022-11-10",0,1,NA,NA,NA,NA,NA,NA,NA,NA,NA,NA,NA,NA,NA,NA,NA,NA,NA,NA,NA,NA,"established"
"540",0,"KL20WI1010",NA,"MAIDEN ROCK","WI",5,0,7.1e-05,NA,NA,"JH2727",2020,NA,-4.148824053,1,NA,NA,NA,NA,NA,"N","2020-08-26",1,0,NA,NA,NA,NA,NA,NA,NA,NA,NA,NA,NA,NA,NA,NA,NA,NA,NA,NA,NA,NA,"established"
"541",0,"KL20WI1011",NA,"MAIDEN ROCK","WI",5,0,8.53e-05,NA,NA,"JH2728",2020,NA,-4.069101504,1,NA,NA,NA,NA,NA,"N","2020-08-26",1,0,NA,NA,NA,NA,NA,NA,NA,NA,NA,NA,NA,NA,NA,NA,NA,NA,NA,NA,NA,NA,"established"
"542",0,"KL20WI1012",NA,"MAIDEN ROCK","WI",5,0,0.000731447,NA,NA,"JH2729",2020,NA,-3.135817374,1,NA,NA,NA,NA,NA,"N","2020-08-26",1,0,NA,NA,NA,NA,NA,NA,NA,NA,NA,NA,NA,NA,NA,NA,NA,NA,NA,NA,NA,NA,"established"
"543",0,"KL20WI1013",NA,"MAIDEN ROCK","WI",5,0,1.83e-05,NA,NA,"JH2730",2020,NA,-4.737326955,1,NA,NA,NA,NA,NA,"N","2020-08-26",1,0,NA,NA,NA,NA,NA,NA,NA,NA,NA,NA,NA,NA,NA,NA,NA,NA,NA,NA,NA,NA,"established"
"544",0,"KL20WI1014",NA,"MAIDEN ROCK","WI",5,0,6.17e-05,NA,NA,"JH2731",2020,NA,-4.209388217,1,NA,NA,NA,NA,NA,"N","2020-08-26",1,0,NA,NA,NA,NA,NA,NA,NA,NA,NA,NA,NA,NA,NA,NA,NA,NA,NA,NA,NA,NA,"established"
"545",0,"KL20WI1016",NA,"MAIDEN ROCK","WI",5,0,2.13e-05,NA,NA,"JH2732",2020,NA,-4.671190189,1,NA,NA,NA,NA,NA,"N","2020-08-26",1,0,NA,NA,NA,NA,NA,NA,NA,NA,NA,NA,NA,NA,NA,NA,NA,NA,NA,NA,NA,NA,"established"
"546",0,"KL20WI1017",NA,"MAIDEN ROCK","WI",5,0,0.000125742,NA,NA,"JH2733",2020,NA,-3.900521363,1,NA,NA,NA,NA,NA,"N","2020-08-26",1,0,NA,NA,NA,NA,NA,NA,NA,NA,NA,NA,NA,NA,NA,NA,NA,NA,NA,NA,NA,NA,"established"
"547",1,"KL20WI1018",NA,"MAIDEN ROCK","WI",5,1,2.64e-05,NA,NA,"JH2734",2020,NA,-4.578718459,1,NA,NA,NA,NA,NA,"N","2020-08-26",1,1,NA,NA,NA,NA,NA,NA,NA,NA,NA,NA,NA,NA,NA,NA,NA,NA,NA,NA,NA,NA,"established"
"548",0,"KL20WI1019",NA,"MAIDEN ROCK","WI",5,0,5.99e-06,NA,NA,"JH2735",2020,NA,-5.222823023,1,NA,NA,NA,NA,NA,"N","2020-08-26",1,0,NA,NA,NA,NA,NA,NA,NA,NA,NA,NA,NA,NA,NA,NA,NA,NA,NA,NA,NA,NA,"established"
"549",0,"KL20WI1020",NA,"MAIDEN ROCK","WI",5,0,7.61e-05,NA,NA,"JH2736",2020,NA,-4.118356613,1,NA,NA,NA,NA,NA,"N","2020-08-26",1,0,NA,NA,NA,NA,NA,NA,NA,NA,NA,NA,NA,NA,NA,NA,NA,NA,NA,NA,NA,NA,"established"
"550",0,"KL20WI1021",NA,"MAIDEN ROCK","WI",5,0,8.36e-05,NA,NA,"JH2737",2020,NA,-4.077723675,1,NA,NA,NA,NA,NA,"N","2020-08-26",1,0,NA,NA,NA,NA,NA,NA,NA,NA,NA,NA,NA,NA,NA,NA,NA,NA,NA,NA,NA,NA,"established"
"551",0,"KL20WI1022",NA,"MAIDEN ROCK","WI",5,0,4.21e-05,NA,NA,"JH2738",2020,NA,-4.375971747,1,NA,NA,NA,NA,NA,"N","2020-08-26",1,0,NA,NA,NA,NA,NA,NA,NA,NA,NA,NA,NA,NA,NA,NA,NA,NA,NA,NA,NA,NA,"established"
"552",0,"KL20WI1023",NA,"MAIDEN ROCK","WI",5,0,1.1e-05,NA,NA,"JH2739",2020,NA,-4.959885625,1,NA,NA,NA,NA,NA,"N","2020-08-26",1,0,NA,NA,NA,NA,NA,NA,NA,NA,NA,NA,NA,NA,NA,NA,NA,NA,NA,NA,NA,NA,"established"
"553",0,"KL24WI1478","5","MAIDEN ROCK","WI",9,0,4.4e-05,1,1,"JH2741",2024,NA,-4.356148753,1,NA,NA,NA,NA,NA,"Y","2024-11-12",1,0,NA,NA,NA,NA,NA,NA,NA,NA,NA,NA,NA,NA,NA,NA,NA,NA,NA,NA,NA,NA,NA
"554",0,"KL20WI1026",NA,"MAIDEN ROCK","WI",5,0,8.38e-05,NA,NA,"JH2742",2020,NA,-4.07686094,1,NA,NA,NA,NA,NA,"N","2020-08-26",1,0,NA,NA,NA,NA,NA,NA,NA,NA,NA,NA,NA,NA,NA,NA,NA,NA,NA,NA,NA,NA,"established"
"555",0,"KL20WI1027",NA,"MAIDEN ROCK","WI",5,0,9.59e-05,NA,NA,"JH2743",2020,NA,-4.018270185,1,NA,NA,NA,NA,NA,"N","2020-08-26",1,0,NA,NA,NA,NA,NA,NA,NA,NA,NA,NA,NA,NA,NA,NA,NA,NA,NA,NA,NA,NA,"established"
"556",0,"KL20WI1028",NA,"MAIDEN ROCK","WI",5,0,1.6e-05,NA,NA,"JH2744",2020,NA,-4.795715559,1,NA,NA,NA,NA,NA,"N","2020-08-26",1,0,NA,NA,NA,NA,NA,NA,NA,NA,NA,NA,NA,NA,NA,NA,NA,NA,NA,NA,NA,NA,"established"
"557",0,"KL20WI1029",NA,"MAIDEN ROCK","WI",5,0,1.17e-05,NA,NA,"JH2745",2020,NA,-4.931795616,1,NA,NA,NA,NA,NA,"N","2020-08-26",1,0,NA,NA,NA,NA,NA,NA,NA,NA,NA,NA,NA,NA,NA,NA,NA,NA,NA,NA,NA,NA,"established"
"558",0,"KL20WI1030",NA,"MAIDEN ROCK","WI",5,0,2.99e-05,NA,NA,"JH2746",2020,NA,-4.525047226,1,NA,NA,NA,NA,NA,"N","2020-08-26",1,0,NA,NA,NA,NA,NA,NA,NA,NA,NA,NA,NA,NA,NA,NA,NA,NA,NA,NA,NA,NA,"established"
"559",0,"KL20WI1032",NA,"MAIDEN ROCK","WI",5,0,0.000102998,NA,NA,"JH2748",2020,NA,-3.987170154,1,NA,NA,NA,NA,NA,"N","2020-08-26",1,0,NA,NA,NA,NA,NA,NA,NA,NA,NA,NA,NA,NA,NA,NA,NA,NA,NA,NA,NA,NA,"established"
"560",0,"KL20WI1033",NA,"MAIDEN ROCK","WI",5,0,5.86e-05,NA,NA,"JH2749",2020,NA,-4.232039542,1,NA,NA,NA,NA,NA,"N","2020-08-26",1,0,NA,NA,NA,NA,NA,NA,NA,NA,NA,NA,NA,NA,NA,NA,NA,NA,NA,NA,NA,NA,"established"
"561",0,"KL20WI1034",NA,"MAIDEN ROCK","WI",5,0,1.68e-05,NA,NA,"JH2750",2020,NA,-4.77394027,1,NA,NA,NA,NA,NA,"N","2020-08-26",1,0,NA,NA,NA,NA,NA,NA,NA,NA,NA,NA,NA,NA,NA,NA,NA,NA,NA,NA,NA,NA,"established"
"562",0,"SH18VA0054","CTP","NEW RIVER","VA",10,0,3.51e-06,0,0,"JH2769",2018,NA,-5.455136003,1,NA,NA,11.1891868131868,NA,NA,"N","2018-11-26",1,0,NA,NA,NA,NA,NA,NA,NA,NA,NA,NA,NA,NA,NA,NA,NA,NA,NA,NA,NA,NA,NA
"563",0,"SH18VA0056","CTP","NEW RIVER","VA",10,0,6.35e-06,0,0,"JH2770",2018,NA,-5.197182813,1,NA,NA,11.1891868131868,NA,NA,"N","2018-11-26",1,0,NA,NA,NA,NA,NA,NA,NA,NA,NA,NA,NA,NA,NA,NA,NA,NA,NA,NA,NA,NA,NA
"564",0,"SH18VA0058","CTP","NEW RIVER","VA",10,0,0.00015568,0,0,"JH2772",2018,NA,-3.80776648,1,NA,NA,11.1891868131868,NA,NA,"N","2018-11-26",1,0,NA,NA,NA,NA,NA,NA,NA,NA,NA,NA,NA,NA,NA,NA,NA,NA,NA,NA,NA,NA,NA
"565",0,"SH18VA0059","CTP","NEW RIVER","VA",10,0,1.61e-05,0,0,"JH2773",2018,NA,-4.794219576,1,NA,NA,11.1891868131868,NA,NA,"N","2018-11-26",1,0,NA,NA,NA,NA,NA,NA,NA,NA,NA,NA,NA,NA,NA,NA,NA,NA,NA,NA,NA,NA,NA
"566",1,"SH18VA0060","CTP","NEW RIVER","VA",10,1,0.000577572,0,0,"JH2774",2018,NA,-3.23839417,1,NA,NA,11.1891868131868,NA,NA,"N","2018-11-26",1,1,0,"SH19VA0145","VA",1,"CTP",0,0.022786083,0,NA,-1.642330324,1,NA,NA,NA,NA,NA,"Y","2019-03-29",0,1,NA
"567",0,"KL20WI1590","7A","MAIDEN ROCK","WI",5,0,0.000273147,0,0,"JH2801",2020,NA,-3.563604281,1,NA,NA,NA,NA,NA,"N","2020-11-10",1,0,NA,NA,NA,NA,NA,NA,NA,NA,NA,NA,NA,NA,NA,NA,NA,NA,NA,NA,NA,NA,"established"
"568",0,"KL20WI1606","5","MAIDEN ROCK","WI",5,0,0.000631234,0,0,"JH2804",2020,NA,-3.19980941,1,NA,NA,NA,NA,NA,"N","2020-11-10",1,0,NA,NA,NA,NA,NA,NA,NA,NA,NA,NA,NA,NA,NA,NA,NA,NA,NA,NA,NA,NA,"established"
"569",1,"KL20WI1613","5","MAIDEN ROCK","WI",5,1,0.0008068,0,0,"JH2805",2020,NA,-3.093234003,1,NA,NA,NA,NA,NA,"N","2020-11-10",1,1,0,"KL21WI0335","WI",1,"5",1,0.015831025,2,NA,-1.800490965,1,NA,NA,NA,NA,NA,"Y","2021-03-02",0,1,"established"
"570",1,"KL20WI1616","5","MAIDEN ROCK","WI",5,1,0.000841163,0,0,"JH2806",2020,NA,-3.075119865,1,NA,NA,NA,NA,NA,"N","2020-11-10",1,1,NA,NA,NA,NA,NA,NA,NA,NA,NA,NA,NA,NA,NA,NA,NA,NA,NA,NA,NA,NA,"established"
"571",0,"KL20WI1663","1A","BAY CITY","WI",5,0,0.000445857,0,0,"JH2808",2020,NA,-3.350804313,1,NA,0.0397434280942537,4.62571694599628,95.3607546037222,-1.38994243287677,"N","2020-11-10",1,0,NA,NA,NA,NA,NA,NA,NA,NA,NA,NA,NA,NA,NA,NA,NA,NA,NA,NA,NA,NA,"established"
"572",0,"KL20WI1664","1A","BAY CITY","WI",5,0,4.02e-06,0,0,"JH2809",2020,NA,-5.395618893,1,NA,0.0397434280942537,4.62571694599628,95.3607546037222,-1.38994243287677,"N","2020-11-10",1,0,NA,NA,NA,NA,NA,NA,NA,NA,NA,NA,NA,NA,NA,NA,NA,NA,NA,NA,NA,NA,"established"
"573",0,"KL20WI1666","1A","BAY CITY","WI",5,0,8.97e-05,0,0,"JH2810",2020,NA,-4.047386686,1,NA,0.0397434280942537,4.62571694599628,95.3607546037222,-1.38994243287677,"N","2020-11-10",1,0,NA,NA,NA,NA,NA,NA,NA,NA,NA,NA,NA,NA,NA,NA,NA,NA,NA,NA,NA,NA,"established"
"574",0,"KL22MI0408","J","SOUTH LAKE MINE","MI",8,1,0.000323745,0,0,"JH2832",2022,NA,-3.489797104,1,NA,0.0207157199272421,5.1114451261077,NA,-1.66322576817853,"Y","2022-11-10",0,1,NA,NA,NA,NA,NA,NA,NA,NA,NA,NA,NA,NA,NA,NA,NA,NA,NA,NA,NA,NA,"established"
"575",1,"KL23MI0436","E","SOUTH LAKE MINE","MI",9,4,4.28e-05,0,0,"JH2834",2023,NA,-4.368754557,1,NA,0.00578019823260043,4.36416246056782,NA,-2.16875760848309,"Y","2023-11-11",0,1,0,"KL24MI0010","MI",4,"B",1,0.037360779,1,NA,-1.42758408,1,NA,0.014594792028516,3.58012931034483,NA,-1.80702041260098,"Y","2024-02-28",0,1,NA
"576",0,"KL22MI0385","L","SOUTH LAKE MINE","MI",8,1,1.83e-05,0,0,"JH2836",2022,NA,-4.736688697,1,NA,0.0207157199272421,4.90253363646963,NA,-1.66322576817853,"Y","2022-11-10",0,1,NA,NA,NA,NA,NA,NA,NA,NA,NA,NA,NA,NA,NA,NA,NA,NA,NA,NA,NA,NA,"established"
"577",1,"KL22MI0432","E","SOUTH LAKE MINE","MI",8,4,0.00032938,0,0,"JH2837",2022,NA,-3.482303011,1,NA,0.00594960732699145,4.27442792557816,NA,-2.15803973361688,"Y","2022-11-10",0,1,1,"KL23MI0196","MI",4,"G",1,0.000915719,1,NA,-3.038237542,1,NA,0.0129473404873149,2.58941129032258,98.2307420671399,-1.85550859682027,"Y","2023-03-03",0,1,"established"
"578",0,"KL24MI0340","G","SOUTH LAKE MINE","MI",10,4,0.000349679,0,0,"JH2837",2024,NA,-3.456330333,1,NA,0.001222117180895,4.9173023255814,99.8586669006057,-2.65323304275149,"Y","2024-11-14",0,1,NA,NA,NA,NA,NA,NA,NA,NA,NA,NA,NA,NA,NA,NA,NA,NA,NA,NA,NA,NA,NA
"579",1,"KL21WI1767","D","HORSESHOE BAY","WI",7,1,8.73e-05,0,0,"JH2838",2021,NA,-4.058983255,1,NA,0.00512600746514702,9.86141351888668,NA,-2.21282247829827,"N","2021-11-14",1,1,NA,NA,NA,NA,NA,NA,NA,NA,NA,NA,NA,NA,NA,NA,NA,NA,NA,NA,NA,NA,"established"
"580",0,"KL23WI1595","D","HORSESHOE BAY","WI",9,1,0.001784029,0,0,"JH2838",2023,NA,-2.748598076,1,NA,0.00512600746514702,10.0296585365854,NA,-2.21282247829827,"Y","2023-11-15",0,1,NA,NA,NA,NA,NA,NA,NA,NA,NA,NA,NA,NA,NA,NA,NA,NA,NA,NA,NA,NA,NA
"581",1,"KL21WI1770","D","HORSESHOE BAY","WI",7,1,2.42e-06,0,0,"JH2839",2021,NA,-5.616806674,1,NA,0.00512600746514702,9.86141351888668,NA,-2.21282247829827,"N","2021-11-14",1,1,0,"KL22WI0697","WI",1,"C",0,0.037922672,0,NA,-1.421101069,1,NA,0.00645521719191687,8.29698795180723,99.4109583001499,-2.12753969977946,"Y","2022-03-11",0,1,"established"
"582",1,"KL21WI1773","D","HORSESHOE BAY","WI",7,1,2.25e-06,0,0,"JH2840",2021,NA,-5.647504396,1,NA,0.00512600746514702,9.86141351888668,NA,-2.21282247829827,"N","2021-11-14",1,1,0,"KL22WI0705","WI",1,"C",0,0.025747186,0,NA,-1.589270222,1,NA,0.00645521719191687,8.29698795180723,99.4109583001499,-2.12753969977946,"Y","2022-03-11",0,1,"established"
"583",1,"KL21WI1778","D","HORSESHOE BAY","WI",7,1,0.002011708,0,0,"JH2841",2021,NA,-2.696435016,1,NA,0.00512600746514702,9.86141351888668,NA,-2.21282247829827,"N","2021-11-14",1,1,0,"KL22WI0700","WI",1,"C",1,0.002752278,1,NA,-2.560307726,1,NA,0.00645521719191687,8.29698795180723,99.4109583001499,-2.12753969977946,"Y","2022-03-11",0,1,"established"
"584",0,"KL21WI1781","D","HORSESHOE BAY","WI",7,1,0.000427259,0,0,"JH2843",2021,NA,-3.369309064,1,NA,0.00512600746514702,9.86141351888668,NA,-2.21282247829827,"N","2021-11-14",0,1,NA,NA,NA,NA,NA,NA,NA,NA,NA,NA,NA,NA,NA,NA,NA,NA,NA,NA,NA,NA,"established"
"585",0,"KL21WI1784","D","HORSESHOE BAY","WI",7,0,0.000225172,0,0,"JH2845",2021,NA,-3.647485168,1,NA,0.00512600746514702,9.86141351888668,NA,-2.21282247829827,"N","2021-11-14",1,0,NA,NA,NA,NA,NA,NA,NA,NA,NA,NA,NA,NA,NA,NA,NA,NA,NA,NA,NA,NA,"established"
"586",1,"KL21WI1786","D","HORSESHOE BAY","WI",7,3,1.57e-05,0,0,"JH2847",2021,NA,-4.803874324,1,NA,0.00512600746514702,9.86141351888668,NA,-2.21282247829827,"N","2021-11-14",1,1,NA,NA,NA,NA,NA,NA,NA,NA,NA,NA,NA,NA,NA,NA,NA,NA,NA,NA,NA,NA,"established"
"587",1,"KL22WI1778","D","HORSESHOE BAY","WI",8,3,5.84e-06,0,0,"JH2847",2022,NA,-5.23358626,1,NA,0.00512600746514702,9.93302533783784,NA,-2.21282247829827,"Y","2022-11-14",0,1,1,"KL23WI0682","WI",3,"B",1,0.01530393,1,NA,-1.815197043,1,NA,0.00711750722281278,7.63032323232323,99.3269507776963,-2.09057731627432,"Y","2023-03-12",0,1,"established"
"588",0,"KL24WI1606","D","HORSESHOE BAY","WI",10,3,0.000108084,0,0,"JH2847",2024,NA,-3.966239598,1,NA,0.00512600746514702,9.93302533783784,NA,-2.21282247829827,"Y","2024-11-18",0,1,NA,NA,NA,NA,NA,NA,NA,NA,NA,NA,NA,NA,NA,NA,NA,NA,NA,NA,NA,NA,NA
"589",1,"KL21WI1787","D","HORSESHOE BAY","WI",7,1,2.83e-05,0,0,"JH2848",2021,NA,-4.548160486,1,NA,0.00512600746514702,9.86141351888668,NA,-2.21282247829827,"N","2021-11-14",1,1,0,"KL22WI0681","WI",1,"B",0,0.174209483,0,NA,-0.758928209,1,NA,0.007012414456388,4.97468168168168,NA,-2.09623659414295,"Y","2022-03-11",0,1,"established"
"590",1,"KL21WI1788","D","HORSESHOE BAY","WI",7,1,2.12e-05,0,0,"JH2849",2021,NA,-4.673259381,1,NA,0.00512600746514702,9.86141351888668,NA,-2.21282247829827,"N","2021-11-14",1,1,0,"KL22WI0691","WI",1,"B",0,0.026602425,0,NA,-1.575078771,1,NA,0.007012414456388,4.97468168168168,NA,-2.09623659414295,"Y","2022-03-11",0,1,"established"
"591",0,"KL22NY0380",NA,"WALTER WILLIAMS PRESERVE","NY",15,0,0.000156397,0,0,"JH2851",2022,5.53,-3.805772949,1,0.0103970259891126,NA,NA,NA,NA,"N","2022-11-21",1,0,NA,NA,NA,NA,NA,NA,NA,NA,NA,NA,NA,NA,NA,NA,NA,NA,NA,NA,NA,NA,NA
"592",0,"KL22NY0381",NA,"WALTER WILLIAMS PRESERVE","NY",15,0,0.000190412,0,0,"JH2852",2022,5.53,-3.720305996,1,0.0103970259891126,NA,NA,NA,NA,"N","2022-11-21",1,0,NA,NA,NA,NA,NA,NA,NA,NA,NA,NA,NA,NA,NA,NA,NA,NA,NA,NA,NA,NA,NA
"593",0,"KL22NY0382",NA,"WALTER WILLIAMS PRESERVE","NY",15,0,0.003122724,1,1,"JH2853",2022,5.53,-2.50546636,1,0.0103970259891126,NA,NA,NA,NA,"N","2022-11-21",1,0,NA,NA,NA,NA,NA,NA,NA,NA,NA,NA,NA,NA,NA,NA,NA,NA,NA,NA,NA,NA,NA
"594",1,"KL22NY0383",NA,"WALTER WILLIAMS PRESERVE","NY",15,1,4.01e-05,0,0,"JH2854",2022,5.62,-4.396840079,1,0.0117267672173986,NA,NA,NA,NA,"N","2022-11-21",1,1,0,"KL23NY0183","NY",1,"M4",1,0.239699698,1,4.33,-0.620332514,1,0.00501852763625972,NA,NA,NA,NA,"Y","2023-03-25",0,1,NA
"595",0,"KL22NY0386",NA,"WALTER WILLIAMS PRESERVE","NY",15,0,0.002169655,1,1,"JH2855",2022,5.62,-2.663609311,1,0.0117267672173986,NA,NA,NA,NA,"N","2022-11-21",1,0,NA,NA,NA,NA,NA,NA,NA,NA,NA,NA,NA,NA,NA,NA,NA,NA,NA,NA,NA,NA,NA
"596",1,"KL21WI1785","D","HORSESHOE BAY","WI",7,1,0.000186872,0,0,"JH2856",2021,NA,-3.728456702,1,NA,0.00512600746514702,9.86141351888668,NA,-2.21282247829827,"N","2021-11-14",1,1,NA,NA,NA,NA,NA,NA,NA,NA,NA,NA,NA,NA,NA,NA,NA,NA,NA,NA,NA,NA,"established"
"597",0,"KL22NY0389",NA,"WALTER WILLIAMS PRESERVE","NY",15,1,6.67e-05,0,0,"JH2856",2022,5.62,-4.175867308,1,0.0117267672173986,NA,NA,NA,NA,"N","2022-11-21",0,1,NA,NA,NA,NA,NA,NA,NA,NA,NA,NA,NA,NA,NA,NA,NA,NA,NA,NA,NA,NA,NA
"598",1,"KL22NY0392",NA,"WALTER WILLIAMS PRESERVE","NY",15,1,1.89e-05,0,0,"JH2857",2022,5.62,-4.722994853,1,0.0117267672173986,NA,NA,NA,NA,"N","2022-11-21",1,1,0,"KL23NY0187","NY",1,"M6",1,0.155365819,1,4.33,-0.808644521,1,0.00501852763625972,NA,NA,NA,NA,"Y","2023-03-25",0,1,NA
"599",0,"KL22NY0393",NA,"WALTER WILLIAMS PRESERVE","NY",15,0,0.000438883,0,0,"JH2858",2022,5.62,-3.357651079,1,0.0117267672173986,NA,NA,NA,NA,"N","2022-11-21",1,0,NA,NA,NA,NA,NA,NA,NA,NA,NA,NA,NA,NA,NA,NA,NA,NA,NA,NA,NA,NA,NA
"600",0,"KL23WI1596","D","HORSESHOE BAY","WI",9,0,7.34e-06,0,0,"JH2897",2023,NA,-5.134258029,1,NA,0.00512600746514702,10.0296585365854,NA,-2.21282247829827,"Y","2023-11-15",1,0,NA,NA,NA,NA,NA,NA,NA,NA,NA,NA,NA,NA,NA,NA,NA,NA,NA,NA,NA,NA,NA
"601",0,"KL22NY0045",NA,"SCHOHARIE","NY",16,0,0.000139008,0,0,"JH2901",2022,9.91,-3.856961717,1,0.0520021181495779,NA,NA,NA,NA,"N","2022-10-19",1,0,NA,NA,NA,NA,NA,NA,NA,NA,NA,NA,NA,NA,NA,NA,NA,NA,NA,NA,NA,NA,NA
"602",0,"KL22NY0046",NA,"SCHOHARIE","NY",16,0,5.5e-05,0,0,"JH2902",2022,9.91,-4.259585946,1,0.0520021181495779,NA,NA,NA,NA,"N","2022-10-19",1,0,NA,NA,NA,NA,NA,NA,NA,NA,NA,NA,NA,NA,NA,NA,NA,NA,NA,NA,NA,NA,NA
"603",0,"KL22NY0047",NA,"SCHOHARIE","NY",16,0,2.99e-06,0,0,"JH2903",2022,9.91,-5.524209713,1,0.0520021181495779,NA,NA,NA,NA,"N","2022-10-19",1,0,NA,NA,NA,NA,NA,NA,NA,NA,NA,NA,NA,NA,NA,NA,NA,NA,NA,NA,NA,NA,NA
"604",0,"KL22NY0048",NA,"SCHOHARIE","NY",16,0,2.12e-05,0,0,"JH2904",2022,9.91,-4.672743544,1,0.0520021181495779,NA,NA,NA,NA,"N","2022-10-19",1,0,NA,NA,NA,NA,NA,NA,NA,NA,NA,NA,NA,NA,NA,NA,NA,NA,NA,NA,NA,NA,NA
"605",0,"KL22NY0051",NA,"SCHOHARIE","NY",16,0,1.13e-05,0,0,"JH2907",2022,9.99,-4.947089259,1,0.0447274852092492,NA,NA,NA,NA,"N","2022-10-19",1,0,NA,NA,NA,NA,NA,NA,NA,NA,NA,NA,NA,NA,NA,NA,NA,NA,NA,NA,NA,NA,NA
"606",0,"KL22NY0052",NA,"SCHOHARIE","NY",16,0,2.75e-05,0,0,"JH2908",2022,9.86,-4.559967356,1,0.0401033839297163,NA,NA,NA,NA,"N","2022-10-19",1,0,NA,NA,NA,NA,NA,NA,NA,NA,NA,NA,NA,NA,NA,NA,NA,NA,NA,NA,NA,NA,NA
"607",0,"KL22NY0053",NA,"SCHOHARIE","NY",16,0,0.000349708,0,0,"JH2909",2022,9.91,-3.456294307,1,0.0386878582466142,NA,NA,NA,NA,"N","2022-10-19",1,0,NA,NA,NA,NA,NA,NA,NA,NA,NA,NA,NA,NA,NA,NA,NA,NA,NA,NA,NA,NA,NA
"608",0,"KL22NY0054",NA,"SCHOHARIE","NY",16,0,7.68e-06,0,0,"JH2910",2022,9.78,-5.114673484,1,0.0414729962797444,NA,NA,NA,NA,"N","2022-10-19",1,0,NA,NA,NA,NA,NA,NA,NA,NA,NA,NA,NA,NA,NA,NA,NA,NA,NA,NA,NA,NA,NA
"609",0,"KL22NY0057",NA,"SCHOHARIE","NY",16,0,6.08e-07,0,0,"JH2911",2022,9.78,-6.215861078,1,0.0414729962797444,NA,NA,NA,NA,"N","2022-10-19",1,0,NA,NA,NA,NA,NA,NA,NA,NA,NA,NA,NA,NA,NA,NA,NA,NA,NA,NA,NA,NA,NA
"610",0,"KL22NY0063",NA,"SCHOHARIE","NY",16,0,2.04e-06,0,0,"JH2913",2022,9.78,-5.690913243,1,0.0414729962797444,NA,NA,NA,NA,"N","2022-10-19",1,0,NA,NA,NA,NA,NA,NA,NA,NA,NA,NA,NA,NA,NA,NA,NA,NA,NA,NA,NA,NA,NA
"611",0,"KL22NY0068",NA,"SCHOHARIE","NY",16,0,7.5e-06,0,0,"JH2916",2022,9.78,-5.124852702,1,0.0414729962797444,NA,NA,NA,NA,"N","2022-10-19",1,0,NA,NA,NA,NA,NA,NA,NA,NA,NA,NA,NA,NA,NA,NA,NA,NA,NA,NA,NA,NA,NA
"612",0,"KL22NY0071",NA,"SCHOHARIE","NY",16,0,3.85e-06,0,0,"JH2919",2022,9.78,-5.414713701,1,0.0414729962797444,NA,NA,NA,NA,"N","2022-10-19",1,0,NA,NA,NA,NA,NA,NA,NA,NA,NA,NA,NA,NA,NA,NA,NA,NA,NA,NA,NA,NA,NA
"613",0,"KL22NY0072",NA,"SCHOHARIE","NY",16,0,3.56e-07,0,0,"JH2920",2022,9.78,-6.449049327,1,0.0414729962797444,NA,NA,NA,NA,"N","2022-10-19",1,0,NA,NA,NA,NA,NA,NA,NA,NA,NA,NA,NA,NA,NA,NA,NA,NA,NA,NA,NA,NA,NA
"614",0,"KL22NY0088","A","HAILES CAVE","NY",16,0,0.000155468,0,0,"JH2921",2022,9.35,-3.808360354,1,0.0568588028907297,NA,7.86639112903226,NA,NA,"N","2022-10-19",1,0,NA,NA,NA,NA,NA,NA,NA,NA,NA,NA,NA,NA,NA,NA,NA,NA,NA,NA,NA,NA,NA
"615",1,"KL22NY0094","A","HAILES CAVE","NY",16,1,1.43e-05,0,0,"JH2922",2022,8.83,-4.845743087,1,0.043071881395146,NA,7.86639112903226,NA,NA,"N","2022-10-19",1,1,0,"KL23NY0003","NY",1,"A",1,0.023202808,2,NA,-1.634459451,1,NA,NA,7.49923387096774,NA,NA,"Y","2023-03-23",0,1,NA
"616",0,"KL22NY0097","A","HAILES CAVE","NY",16,0,5.56e-05,0,0,"JH2923",2022,8.83,-4.255164602,1,0.043071881395146,NA,7.86639112903226,NA,NA,"N","2022-10-19",1,0,NA,NA,NA,NA,NA,NA,NA,NA,NA,NA,NA,NA,NA,NA,NA,NA,NA,NA,NA,NA,NA
"617",0,"KL22NY0100","A","HAILES CAVE","NY",16,0,1.62e-06,0,0,"JH2924",2022,8.83,-5.79180838,1,0.043071881395146,NA,7.86639112903226,NA,NA,"N","2022-10-19",1,0,NA,NA,NA,NA,NA,NA,NA,NA,NA,NA,NA,NA,NA,NA,NA,NA,NA,NA,NA,NA,NA
"618",0,"KL22NY0101","A","HAILES CAVE","NY",16,0,5.69e-06,0,0,"JH2925",2022,10.81,-5.24489546,1,0.155868903779904,NA,7.86639112903226,NA,NA,"N","2022-10-19",1,0,NA,NA,NA,NA,NA,NA,NA,NA,NA,NA,NA,NA,NA,NA,NA,NA,NA,NA,NA,NA,NA
"619",1,"KL22NY0104","A","HAILES CAVE","NY",16,1,5.68e-06,0,0,"JH2926",2022,10.81,-5.245307982,1,0.155868903779904,NA,7.86639112903226,NA,NA,"N","2022-10-19",1,1,0,"KL23NY0001","NY",1,"A",1,0.00314346,1,NA,-2.502592098,1,NA,NA,7.49923387096774,NA,NA,"Y","2023-03-23",0,1,NA
"620",0,"KL22NY0107","A","HAILES CAVE","NY",16,0,2.12e-06,0,0,"JH2927",2022,10.81,-5.674245783,1,0.155868903779904,NA,7.86639112903226,NA,NA,"N","2022-10-19",1,0,NA,NA,NA,NA,NA,NA,NA,NA,NA,NA,NA,NA,NA,NA,NA,NA,NA,NA,NA,NA,NA
"621",0,"KL22NY0110","A","HAILES CAVE","NY",16,0,1.67e-06,0,0,"JH2928",2022,10.81,-5.776024523,1,0.155868903779904,NA,7.86639112903226,NA,NA,"N","2022-10-19",1,0,NA,NA,NA,NA,NA,NA,NA,NA,NA,NA,NA,NA,NA,NA,NA,NA,NA,NA,NA,NA,NA
"622",0,"KL22NY0116","B","HAILES CAVE","NY",16,0,1.07e-06,0,0,"JH2929",2022,8.66,-5.968908262,1,0.0428371976216223,NA,7.86639112903226,NA,NA,"N","2022-10-19",1,0,NA,NA,NA,NA,NA,NA,NA,NA,NA,NA,NA,NA,NA,NA,NA,NA,NA,NA,NA,NA,NA
"623",0,"KL22NY0119","B","HAILES CAVE","NY",16,0,7.74e-07,0,0,"JH2930",2022,8.66,-6.111327228,1,0.0428371976216223,NA,7.86639112903226,NA,NA,"N","2022-10-19",1,0,NA,NA,NA,NA,NA,NA,NA,NA,NA,NA,NA,NA,NA,NA,NA,NA,NA,NA,NA,NA,NA
"624",0,"KL22NY0122","B","HAILES CAVE","NY",16,0,4.18e-07,0,0,"JH2931",2022,8.66,-6.379212523,1,0.0428371976216223,NA,7.86639112903226,NA,NA,"N","2022-10-19",1,0,NA,NA,NA,NA,NA,NA,NA,NA,NA,NA,NA,NA,NA,NA,NA,NA,NA,NA,NA,NA,NA
"625",1,"KL22NY0123","B","HAILES CAVE","NY",16,1,5.8e-07,0,0,"JH2932",2022,8.66,-6.236628061,1,0.0428371976216223,NA,7.86639112903226,NA,NA,"N","2022-10-19",1,1,0,"KL23NY0017","NY",1,"B",1,0.005889662,1,NA,-2.229909656,1,NA,NA,7.49923387096774,NA,NA,"Y","2023-03-23",0,1,NA
"626",0,"KL22NY0124","B","HAILES CAVE","NY",16,0,5.2e-07,0,0,"JH2933",2022,8.66,-6.284154728,1,0.0428371976216223,NA,7.86639112903226,NA,NA,"N","2022-10-19",1,0,NA,NA,NA,NA,NA,NA,NA,NA,NA,NA,NA,NA,NA,NA,NA,NA,NA,NA,NA,NA,NA
"627",0,"KL22NY0125","B","HAILES CAVE","NY",16,0,7.36e-06,0,0,"JH2934",2022,8.66,-5.133111637,1,0.0428371976216223,NA,7.86639112903226,NA,NA,"N","2022-10-19",1,0,NA,NA,NA,NA,NA,NA,NA,NA,NA,NA,NA,NA,NA,NA,NA,NA,NA,NA,NA,NA,NA
"628",0,"KL22NY0126","B","HAILES CAVE","NY",16,0,8.01e-06,0,0,"JH2935",2022,8.66,-5.096333969,1,0.0428371976216223,NA,7.86639112903226,NA,NA,"N","2022-10-19",1,0,NA,NA,NA,NA,NA,NA,NA,NA,NA,NA,NA,NA,NA,NA,NA,NA,NA,NA,NA,NA,NA
"629",0,"KL22NY0129","B","HAILES CAVE","NY",16,0,0.000199505,0,0,"JH2938",2022,8.66,-3.700047021,1,0.0428371976216223,NA,7.86639112903226,NA,NA,"N","2022-10-19",1,0,NA,NA,NA,NA,NA,NA,NA,NA,NA,NA,NA,NA,NA,NA,NA,NA,NA,NA,NA,NA,NA
"630",0,"KL22NY0130","B","HAILES CAVE","NY",16,0,3.87e-07,0,0,"JH2939",2022,8.66,-6.411872178,1,0.0428371976216223,NA,7.86639112903226,NA,NA,"N","2022-10-19",1,0,NA,NA,NA,NA,NA,NA,NA,NA,NA,NA,NA,NA,NA,NA,NA,NA,NA,NA,NA,NA,NA
"631",0,"KL22NY0131","B","HAILES CAVE","NY",16,0,4.26e-07,0,0,"JH2940",2022,8.66,-6.370765092,1,0.0428371976216223,NA,7.86639112903226,NA,NA,"N","2022-10-19",1,0,NA,NA,NA,NA,NA,NA,NA,NA,NA,NA,NA,NA,NA,NA,NA,NA,NA,NA,NA,NA,NA
"632",0,"KL22NY0166","4","FAHNESTOCK","NY",15,0,1.29e-06,0,0,"JH2941",2022,11.24,-5.888557876,1,0.0805101434756515,NA,NA,NA,NA,"N","2022-10-20",1,0,NA,NA,NA,NA,NA,NA,NA,NA,NA,NA,NA,NA,NA,NA,NA,NA,NA,NA,NA,NA,NA
"633",0,"KL22NY0169","4","FAHNESTOCK","NY",15,0,5.97e-07,0,0,"JH2942",2022,11.54,-6.224147014,1,0.0875203480872158,NA,NA,NA,NA,"N","2022-10-20",1,0,NA,NA,NA,NA,NA,NA,NA,NA,NA,NA,NA,NA,NA,NA,NA,NA,NA,NA,NA,NA,NA
"634",0,"KL22NY0188","13","WILLIAMS HOTEL MINE","NY",15,0,8.28e-06,0,0,"JH2944",2022,8.58,-5.081886434,1,0.0822329709009779,0.0077238570347237,6.09158632860025,NA,-2.05929146018863,"N","2022-10-20",1,0,NA,NA,NA,NA,NA,NA,NA,NA,NA,NA,NA,NA,NA,NA,NA,NA,NA,NA,NA,NA,NA
"635",0,"KL22NY0194","13","WILLIAMS HOTEL MINE","NY",15,0,5.76e-06,0,0,"JH2946",2022,6.73,-5.239450962,1,0.0576587686979592,0.0077238570347237,6.09158632860025,NA,-2.05929146018863,"N","2022-10-20",1,0,NA,NA,NA,NA,NA,NA,NA,NA,NA,NA,NA,NA,NA,NA,NA,NA,NA,NA,NA,NA,NA
"636",0,"KL22NY0195","13","WILLIAMS HOTEL MINE","NY",15,0,1.09e-06,0,0,"JH2947",2022,6.73,-5.964427467,1,0.0576587686979592,0.0077238570347237,6.09158632860025,NA,-2.05929146018863,"N","2022-10-20",1,0,NA,NA,NA,NA,NA,NA,NA,NA,NA,NA,NA,NA,NA,NA,NA,NA,NA,NA,NA,NA,NA
"637",1,"KL22NY0196","13","WILLIAMS HOTEL MINE","NY",15,1,5.09e-07,0,0,"JH2948",2022,6.73,-6.29368585,1,0.0576587686979592,0.0077238570347237,6.09158632860025,NA,-2.05929146018863,"N","2022-10-20",1,1,0,"KL23NY0136","NY",1,"13",1,0.008379586,1,3.3,-2.076777416,1,0.0158070799179022,0.0196749958519035,2.37035261067494,NA,-1.68455456890942,"Y","2023-03-24",0,1,NA
"638",0,"KL22NY0197","13","WILLIAMS HOTEL MINE","NY",15,0,1.77e-06,0,0,"JH2949",2022,6.73,-5.752771063,1,0.0576587686979592,0.0077238570347237,6.09158632860025,NA,-2.05929146018863,"N","2022-10-20",1,0,NA,NA,NA,NA,NA,NA,NA,NA,NA,NA,NA,NA,NA,NA,NA,NA,NA,NA,NA,NA,NA
"639",1,"KL20WI1671","1A","BAY CITY","WI",5,2,2.42e-05,0,0,"JH2951",2020,NA,-4.615756294,1,NA,0.0397434280942537,4.62571694599628,95.3607546037222,-1.38994243287677,"N","2020-11-10",1,1,1,"KL21WI0310","WI",2,"1B",0,0.000110816,0,NA,-3.955396158,1,NA,0.0385983273884103,1.87892953929539,94.4174342508266,-1.40232315804734,"Y","2021-03-01",0,1,"established"
"640",0,"KL20WI1672","1A","BAY CITY","WI",5,0,0.015649695,NA,NA,"JH2952",2020,NA,-1.805494122,1,NA,0.0397434280942537,4.62571694599628,95.3607546037222,-1.38994243287677,"N","2020-11-10",1,0,NA,NA,NA,NA,NA,NA,NA,NA,NA,NA,NA,NA,NA,NA,NA,NA,NA,NA,NA,NA,"established"
"641",1,"KL21WI1974","4","NEDA MINE","WI",7,1,0.00297898,0,0,"JH2960",2021,NA,-2.525932415,1,NA,0.0119982386549739,8.71749539594843,NA,-1.88611549340474,"N","2021-11-17",1,1,NA,NA,NA,NA,NA,NA,NA,NA,NA,NA,NA,NA,NA,NA,NA,NA,NA,NA,NA,NA,"established"
"642",0,"KL23WI2051","3","NEDA MINE","WI",9,1,3.69e-05,0,0,"JH2960",2023,NA,-4.433101963,1,NA,0.0083033056919768,7.95673341375151,99.2151832486411,-2.03136270857569,"Y","2023-11-01",0,1,NA,NA,NA,NA,NA,NA,NA,NA,NA,NA,NA,NA,NA,NA,NA,NA,NA,NA,NA,NA,NA
"643",0,"KL20MI0289","C","SOUTH LAKE MINE","MI",6,0,7.67e-05,0,0,"JH2971",2020,NA,-4.115220972,1,NA,0.00659390480705383,3.14812658227848,99.1334713896834,-2.11953485123498,"N","2020-11-12",1,0,NA,NA,NA,NA,NA,NA,NA,NA,NA,NA,NA,NA,NA,NA,NA,NA,NA,NA,NA,NA,"established"
"644",0,"KL20MI0299","C","SOUTH LAKE MINE","MI",6,0,0.000563815,0,0,"JH2972",2020,NA,-3.248863451,1,NA,0.00659390480705383,3.14812658227848,99.1334713896834,-2.11953485123498,"N","2020-11-12",1,0,NA,NA,NA,NA,NA,NA,NA,NA,NA,NA,NA,NA,NA,NA,NA,NA,NA,NA,NA,NA,"established"
"645",1,"KL20MI0302","C","SOUTH LAKE MINE","MI",6,1,0.003527991,0,0,"JH2973",2020,NA,-2.452472593,1,NA,0.00659390480705383,3.14812658227848,99.1334713896834,-2.11953485123498,"N","2020-11-12",1,1,0,"KL21MI0369","MI",1,"J",1,0.22495985,1,NA,-0.647894986,1,NA,0.0380559205407364,3.8668115942029,95.0573121401025,-1.40831312149804,"Y","2021-03-05",0,1,"established"
"646",1,"KL20MI0308","C","SOUTH LAKE MINE","MI",6,1,6.49e-05,0,0,"JH2974",2020,NA,-4.187564062,1,NA,0.00659390480705383,3.14812658227848,99.1334713896834,-2.11953485123498,"N","2020-11-12",1,1,0,"KL21MI0230","MI",1,"A",1,0.014345725,1,NA,-1.843277499,1,NA,0.0303855464211087,2.7493293418732,95.0573121401025,-1.50327030589788,"Y","2021-03-05",0,1,"established"
"647",1,"KL20MI0311","C","SOUTH LAKE MINE","MI",6,2,9.18e-05,0,0,"JH2975",2020,NA,-4.03714904,1,NA,0.00659390480705383,3.14812658227848,99.1334713896834,-2.11953485123498,"N","2020-11-12",1,1,NA,NA,NA,NA,NA,NA,NA,NA,NA,NA,NA,NA,NA,NA,NA,NA,NA,NA,NA,NA,"established"
"648",1,"KL22MI0405","J","SOUTH LAKE MINE","MI",8,2,1.12e-05,1,1,"JH2975",2022,NA,-4.948864692,1,NA,0.0207157199272421,5.1114451261077,NA,-1.66322576817853,"Y","2022-11-10",0,1,NA,NA,NA,NA,NA,NA,NA,NA,NA,NA,NA,NA,NA,NA,NA,NA,NA,NA,NA,NA,"established"
"649",0,"KL23MI0430","L","SOUTH LAKE MINE","MI",9,2,6.14e-05,1,1,"JH2975",2023,NA,-4.21212283,1,NA,0.00746027531586839,5.09702317880795,NA,-2.07261550383841,"Y","2023-11-11",0,1,NA,NA,NA,NA,NA,NA,NA,NA,NA,NA,NA,NA,NA,NA,NA,NA,NA,NA,NA,NA,NA
"650",1,"KL20MI0314","D","SOUTH LAKE MINE","MI",6,1,4.47e-05,0,0,"JH2976",2020,NA,-4.349975346,1,NA,0.0184754319039486,3.63358912386707,98.0834524567074,-1.71051290226019,"N","2020-11-12",1,1,0,"KL21MI0266","MI",1,"I",1,0.001813621,1,NA,-2.741453464,1,NA,0.0380559205407364,2.63498245614035,95.0573121401025,-1.40831312149804,"Y","2021-03-05",0,1,"established"
"651",1,"KL20MI0327","C","SOUTH LAKE MINE","MI",6,3,0.000822388,0,0,"JH2977",2020,NA,-3.084923473,1,NA,0.00659390480705383,3.14812658227848,99.1334713896834,-2.11953485123498,"N","2020-11-12",1,1,1,"KL21MI0246","MI",3,"B",1,0.004598664,1,NA,-2.337368368,1,NA,0.0380559205407364,3.58778260869565,95.0573121401025,-1.40831312149804,"Y","2021-03-05",0,1,"established"
"652",1,"KL20MI0332","B","SOUTH LAKE MINE","MI",6,1,0.000127728,0,0,"JH2978",2020,NA,-3.893715078,1,NA,0.0184754319039486,4.6037191011236,98.0834524567074,-1.71051290226019,"N","2020-11-12",1,1,NA,NA,NA,NA,NA,NA,NA,NA,NA,NA,NA,NA,NA,NA,NA,NA,NA,NA,NA,NA,"established"
"653",0,"KL24MI0311","E","SOUTH LAKE MINE","MI",10,1,0.001283205,0,0,"JH2978",2024,NA,-2.891703825,1,NA,0.00511715005971735,4.98,99.413174949149,-2.21345086570003,"Y","2024-11-14",0,1,NA,NA,NA,NA,NA,NA,NA,NA,NA,NA,NA,NA,NA,NA,NA,NA,NA,NA,NA,NA,NA
"654",1,"KL20MI0336","B","SOUTH LAKE MINE","MI",6,1,3.64e-06,0,0,"JH2979",2020,NA,-5.438367765,1,NA,0.0184754319039486,4.6037191011236,98.0834524567074,-1.71051290226019,"N","2020-11-12",1,1,0,"KL21MI0367","MI",1,"J",1,0.009197569,1,NA,-2.036326945,1,NA,0.0380559205407364,3.8668115942029,95.0573121401025,-1.40831312149804,"Y","2021-03-05",0,1,"established"
"655",1,"KL21MI0393","10 to 15","TAYLOR MINE","MI",6,5,7.24e-05,0,0,"JH2980",2021,7.33,-4.140474451,1,0.010990001211432,0.0118606740799797,6.8500221238938,98.7756524297436,-1.8907362676837,"Y","2021-11-10",1,1,1,"KL22MI0216","MI",5,"0 to 5",0,0.004545573,0,5.4,-2.342411336,1,0.0103562755395685,0.0149124163870934,5.43212669683258,NA,-1.79826386536307,"Y","2022-03-07",0,1,"established"
"656",1,"KL23MI0288","10 to 15","TAYLOR MINE","MI",8,5,3.93e-06,0,0,"JH2980",2023,NA,-5.405673067,1,NA,0.00691800453734487,6.98169554455446,NA,-2.101384253715,"Y","2023-11-10",0,1,NA,NA,NA,NA,NA,NA,NA,NA,NA,NA,NA,NA,NA,NA,NA,NA,NA,NA,NA,NA,"established"
"657",1,"KL24MI0440","18","TAYLOR MINE","MI",9,5,1.53e-05,0,0,"JH2980",2024,NA,-4.814770442,1,NA,0.0121443386066422,7.25776817138485,NA,-1.88126126172287,"Y","2024-11-14",0,1,0,"KL25MI0089","MI",5,"15 to 20",1,0.014947234,1,NA,-1.825439171,1,NA,0.0068342891863462,5.59399193548387,99.2502785151233,-2.10600040142277,"Y","2025-03-12",0,1,NA
"658",0,"KL20MI0384","13.1","TAYLOR MINE","MI",5,0,0.000202655,0,0,"JH2981",2020,NA,-3.693242462,1,NA,0.0153215557309948,6.43891666666667,98.3904288045746,-1.78723844771543,"N","2020-11-12",1,0,NA,NA,NA,NA,NA,NA,NA,NA,NA,NA,NA,NA,NA,NA,NA,NA,NA,NA,NA,NA,"established"
"659",1,"KL20MI0387","16.3","TAYLOR MINE","MI",5,6,2.01e-06,0,0,"JH2982",2020,NA,-5.697524475,1,NA,0.0153215557309948,6.43891666666667,98.3904288045746,-1.78723844771543,"N","2020-11-12",1,1,NA,NA,NA,NA,NA,NA,NA,NA,NA,NA,NA,NA,NA,NA,NA,NA,NA,NA,NA,NA,"established"
"660",1,"KL21MI0404","10 to 15","TAYLOR MINE","MI",6,6,2.06e-05,0,0,"JH2982",2021,7.33,-4.686058144,1,0.010990001211432,0.0118606740799797,6.8500221238938,98.7756524297436,-1.8907362676837,"Y","2021-11-10",0,1,NA,NA,NA,NA,NA,NA,NA,NA,NA,NA,NA,NA,NA,NA,NA,NA,NA,NA,NA,NA,"established"
"661",1,"KL23MI0334","20 to 25","TAYLOR MINE","MI",8,6,1.23e-05,0,0,"JH2982",2023,NA,-4.909700816,1,NA,0.00691800453734487,6.98169554455446,NA,-2.101384253715,"Y","2023-11-10",0,1,1,"KL24MI0145","MI",6,"19.2",0,0.0062683,0,NA,-2.202850215,1,NA,0.0092996060195015,5.76979459459459,NA,-1.98717938760832,"Y","2024-02-29",0,1,"established"
"662",1,"KL24MI0450","18.6","TAYLOR MINE","MI",9,6,6.43e-06,0,0,"JH2982",2024,NA,-5.191893335,1,NA,0.0121443386066422,7.25776817138485,NA,-1.88126126172287,"Y","2024-11-14",0,1,0,"KL25MI0085","MI",6,"15 to 20",0,0.001246785,0,NA,-2.904208552,1,NA,0.0068342891863462,5.59399193548387,99.2502785151233,-2.10600040142277,"Y","2025-03-12",0,1,NA
"663",0,"KL20MI0424","31.6","GLEN ADIT","MI",6,0,0.000849079,0,0,"JH2983",2020,NA,-3.071052003,1,NA,0.0172119754534922,6.4315,98.195614062177,-1.73964294371527,"N","2020-11-13",1,0,NA,NA,NA,NA,NA,NA,NA,NA,NA,NA,NA,NA,NA,NA,NA,NA,NA,NA,NA,NA,"established"
"664",1,"KL20MI0456","12.8","MASS C","MI",6,1,3.45e-06,1,1,"JH2984",2020,NA,-5.462076561,1,NA,0.0311979292405735,6.22762376237624,96.6326008388968,-1.49217205837593,"N","2020-11-13",1,1,0,"KL21MI0208","MI",1,"24.7",1,0.00020842,1,NA,-3.6810604,1,NA,0.0132509908915458,3.78603738525318,NA,-1.84615493749623,"Y","2021-03-04",0,1,"established"
"665",0,"KL20MI0486","33.4","BEATENS CAVE","MI",6,0,0.02077546,0,0,"JH2985",2020,NA,-1.682449352,1,NA,0.0465294505908943,6.91302144249513,95.2177747148686,-1.32303720583404,"N","2020-11-13",1,0,NA,NA,NA,NA,NA,NA,NA,NA,NA,NA,NA,NA,NA,NA,NA,NA,NA,NA,NA,NA,"established"
"666",0,"KL20MI0487","33.4","BEATENS CAVE","MI",6,0,0.23057575,0,0,"JH2986",2020,NA,-0.63718637,1,NA,0.0465294505908943,6.91302144249513,95.2177747148686,-1.32303720583404,"N","2020-11-13",1,0,NA,NA,NA,NA,NA,NA,NA,NA,NA,NA,NA,NA,NA,NA,NA,NA,NA,NA,NA,NA,"established"
"667",1,"KL20WI1731","WW","LEDGEVIEW","WI",4,1,0.02619669,NA,NA,"JH2987",2020,NA,-1.581753579,1,NA,NA,10.4137934400871,NA,NA,"N","2020-11-17",1,1,NA,NA,NA,NA,NA,NA,NA,NA,NA,NA,NA,NA,NA,NA,NA,NA,NA,NA,NA,NA,"established"
"668",1,"KL20WI1756","WL","MARIBEL","WI",5,1,0.078969075,NA,NA,"JH2988",2020,NA,-1.102542949,1,NA,0.00955483337957002,10.0729323308271,99.2255587308235,-1.97654861815021,"N","2020-11-17",1,1,0,"KL21WI0467","WI",1,"SEL",1,0.00368003,1,NA,-2.4341487,1,NA,0.00659171451206662,7.7370158943299,NA,-2.11966013200402,"Y","2021-03-08",0,1,"established"
"669",1,"KL20WI1766","WL","MARIBEL","WI",5,2,0.00173076,NA,NA,"JH2989",2020,NA,-2.76176315,1,NA,0.00955483337957002,10.0729323308271,99.2255587308235,-1.97654861815021,"N","2020-11-17",1,1,NA,NA,NA,NA,NA,NA,NA,NA,NA,NA,NA,NA,NA,NA,NA,NA,NA,NA,NA,NA,"established"
"670",0,"KL23WI1571","WL","MARIBEL","WI",8,2,3.17e-05,0,0,"JH2989",2023,NA,-4.498499173,1,NA,0.0072716668068694,10.2997466307278,NA,-2.08240696782513,"Y","2023-11-14",0,1,NA,NA,NA,NA,NA,NA,NA,NA,NA,NA,NA,NA,NA,NA,NA,NA,NA,NA,NA,NA,"established"
"671",0,"KL20WI1772","WL","MARIBEL","WI",5,0,0.09016265,0,0,"JH2990",2020,NA,-1.044973332,1,NA,0.00955483337957002,10.0729323308271,99.2255587308235,-1.97654861815021,"N","2020-11-17",1,0,NA,NA,NA,NA,NA,NA,NA,NA,NA,NA,NA,NA,NA,NA,NA,NA,NA,NA,NA,NA,"established"
"672",0,"KL20WI1775","WL","MARIBEL","WI",5,0,0.059630825,NA,NA,"JH2991",2020,NA,-1.224529182,1,NA,0.00955483337957002,10.0729323308271,99.2255587308235,-1.97654861815021,"N","2020-11-17",1,0,NA,NA,NA,NA,NA,NA,NA,NA,NA,NA,NA,NA,NA,NA,NA,NA,NA,NA,NA,NA,"established"
"673",1,"KL21MI0668","A","MEAD MINE","MI",NA,1,0.004219029,0,0,"JH3163",2021,8.15,-2.37478751,1,0.0309462050174952,0.00901264849628199,7.35294964028777,99.1226466387956,-1.99945102989521,"Y","2021-11-13",1,1,0,"KL22MI0278","MI",1,"A",1,0.006850591,1,8.32,-2.164271989,1,0.0479926300478819,0.00739583044993687,7.35901639344262,99.2800329609274,-2.07593634038506,"Y","2022-03-08",0,1,NA
"674",0,"KL19MI0382","D","SOUTH LAKE MINE","MI",5,0,0.000209395,0,0,"JH3251",2019,NA,-3.679033485,1,NA,0.0478431347880528,3.57009550561798,NA,-1.31119647049571,"N","2019-11-08",1,0,NA,NA,NA,NA,NA,NA,NA,NA,NA,NA,NA,NA,NA,NA,NA,NA,NA,NA,NA,NA,"established"
"675",1,"KL19MI0385","D","SOUTH LAKE MINE","MI",5,4,7.07e-06,0,0,"JH3252",2019,NA,-5.1503506,1,NA,0.0478431347880528,3.57009550561798,NA,-1.31119647049571,"N","2019-11-08",1,1,NA,NA,NA,NA,NA,NA,NA,NA,NA,NA,NA,NA,NA,NA,NA,NA,NA,NA,NA,NA,"established"
"676",1,"KL20MI0305","C","SOUTH LAKE MINE","MI",6,4,7.06e-05,0,0,"JH3252",2020,NA,-4.151154332,1,NA,0.00659390480705383,3.14812658227848,99.1334713896834,-2.11953485123498,"Y","2020-11-12",0,1,NA,NA,NA,NA,NA,NA,NA,NA,NA,NA,NA,NA,NA,NA,NA,NA,NA,NA,NA,NA,"established"
"677",1,"KL22MI0382","C","SOUTH LAKE MINE","MI",8,4,5.23e-06,0,0,"JH3252",2022,NA,-5.281106251,1,NA,0.00536060946186449,3.27470833333333,99.3045398542561,-2.19650126906174,"Y","2022-11-10",0,1,1,"KL23MI0183","MI",4,"C",1,0.001570834,1,NA,-2.803869752,1,NA,0.00804168747684151,-1.1458064516129,NA,-2.04375050829806,"Y","2023-03-03",0,1,"established"
"678",1,"KL22MI0402","B","SOUTH LAKE MINE","MI",8,2,6.22e-05,0,0,"JH3253",2022,NA,-4.205952113,1,NA,0.0207157199272421,4.6037191011236,NA,-1.66322576817853,"Y","2022-11-10",0,1,0,"KL23MI0180","MI",2,"C",1,0.002566338,1,NA,-2.590686081,1,NA,0.00804168747684151,-1.1458064516129,NA,-2.04375050829806,"Y","2023-03-03",0,1,"established"
"679",0,"KL19MI0391","E","SOUTH LAKE MINE","MI",5,0,0.002101074,0,0,"JH3254",2019,NA,-2.677558755,1,NA,0.0599279986984211,3.9384979757085,NA,-1.21518308690929,"N","2019-11-08",1,0,NA,NA,NA,NA,NA,NA,NA,NA,NA,NA,NA,NA,NA,NA,NA,NA,NA,NA,NA,NA,"established"
"680",1,"KL20MI0358","E","SOUTH LAKE MINE","MI",6,1,0.005844946,0,0,"JH3255",2020,NA,-2.233219497,1,NA,0.00653246694987818,4.12904761904762,99.2046728089764,-2.12306276519951,"Y","2020-11-12",1,1,NA,NA,NA,NA,NA,NA,NA,NA,NA,NA,NA,NA,NA,NA,NA,NA,NA,NA,NA,NA,"established"
"681",0,"KL24MI0309","D","SOUTH LAKE MINE","MI",10,1,2.86e-06,0,0,"JH3255",2024,NA,-5.544058464,1,NA,0.00312425048241788,3.63358912386707,99.687368487526,-2.38465496612654,"Y","2024-11-14",0,1,NA,NA,NA,NA,NA,NA,NA,NA,NA,NA,NA,NA,NA,NA,NA,NA,NA,NA,NA,NA,NA
"682",1,"KL19MI0395","F","SOUTH LAKE MINE","MI",5,3,0.000150891,0,0,"JH3256",2019,NA,-3.821335656,1,NA,0.0478431347880528,4.66013644115975,NA,-1.31119647049571,"N","2019-11-08",1,1,NA,NA,NA,NA,NA,NA,NA,NA,NA,NA,NA,NA,NA,NA,NA,NA,NA,NA,NA,NA,"established"
"683",1,"KL20MI0361","E","SOUTH LAKE MINE","MI",6,3,0.005371834,0,0,"JH3256",2020,NA,-2.269877457,1,NA,0.00653246694987818,4.12904761904762,99.2046728089764,-2.12306276519951,"Y","2020-11-12",0,1,1,"KL21MI0252","MI",3,"E",1,0.005829829,1,NA,-2.234344221,1,NA,0.0269821147709505,2.2641935483871,96.2241418314789,-1.5531194664472,"Y","2021-03-05",0,1,"established"
"684",0,"KL22MI0438","F","SOUTH LAKE MINE","MI",8,3,5.3e-05,0,0,"JH3256",2022,NA,-4.275528959,1,NA,0.0207157199272421,4.90253363646963,NA,-1.66322576817853,"Y","2022-11-10",0,1,NA,NA,NA,NA,NA,NA,NA,NA,NA,NA,NA,NA,NA,NA,NA,NA,NA,NA,NA,NA,"established"
"685",1,"KL20MI0372","I","SOUTH LAKE MINE","MI",6,1,0.007671667,0,0,"JH3257",2020,NA,-2.115110257,1,NA,0.0184754319039486,5.66731266149871,98.0834524567074,-1.71051290226019,"Y","2020-11-12",1,1,0,"KL21MI0272","MI",1,"I",1,1.46e-06,1,NA,-5.836806859,1,NA,0.0380559205407364,2.63498245614035,95.0573121401025,-1.40831312149804,"Y","2021-03-05",0,1,"established"
"686",1,"KL19MI0399","F","SOUTH LAKE MINE","MI",5,1,1.35e-05,0,0,"JH3258",2019,NA,-4.87028224,1,NA,0.0478431347880528,4.66013644115975,NA,-1.31119647049571,"N","2019-11-08",1,1,NA,NA,NA,NA,NA,NA,NA,NA,NA,NA,NA,NA,NA,NA,NA,NA,NA,NA,NA,NA,"established"
"687",0,"KL19MI0414","16.5","TAYLOR MINE","MI",4,0,0.000440756,0,0,"JH3259",2019,NA,-3.355801373,1,NA,0.0100056433894314,6.34058139534884,98.955030237405,-1.95838456353207,"N","2019-11-09",1,0,NA,NA,NA,NA,NA,NA,NA,NA,NA,NA,NA,NA,NA,NA,NA,NA,NA,NA,NA,NA,"established"
"688",1,"KL19MI0418","21.5","TAYLOR MINE","MI",4,1,4.46e-05,0,0,"JH3260",2019,NA,-4.350738715,1,NA,0.0100056433894314,6.34058139534884,98.955030237405,-1.95838456353207,"N","2019-11-09",1,1,0,"KL20MI0021","MI",1,"14",0,0.009641945,0,NA,-2.015835373,1,NA,0.0068342891863462,5.59399193548387,99.2502785151233,-2.10600040142277,"Y","2020-03-06",0,1,"established"
"689",1,"KL19MI0425","23.65","TAYLOR MINE","MI",4,1,0.000152204,0,0,"JH3261",2019,NA,-3.817574219,1,NA,0.0100056433894314,6.34058139534884,98.955030237405,-1.95838456353207,"N","2019-11-09",1,1,0,"KL20MI0011","MI",1,"14.2",1,0.017068545,1,NA,-1.767803499,1,NA,0.0068342891863462,5.59399193548387,99.2502785151233,-2.10600040142277,"Y","2020-03-06",0,1,"established"
"690",1,"KL19MI0428","23.65","TAYLOR MINE","MI",4,1,1.48e-06,0,0,"JH3262",2019,NA,-5.829394213,1,NA,0.0100056433894314,6.34058139534884,98.955030237405,-1.95838456353207,"N","2019-11-09",1,1,0,"KL20MI0001","MI",1,"5.5",0,0.012266355,0,NA,-1.911284471,1,NA,0.0068342891863462,5.59399193548387,99.2502785151233,-2.10600040142277,"Y","2020-03-06",0,1,"established"
"691",1,"KL19MI0432","23.65","TAYLOR MINE","MI",4,8,4.23e-05,0,0,"JH3263",2019,NA,-4.373955166,1,NA,0.0100056433894314,6.34058139534884,98.955030237405,-1.95838456353207,"N","2019-11-09",1,1,1,"KL20MI0008","MI",8,"14.2",0,0.033039,0,NA,-1.480973106,1,NA,0.0068342891863462,5.59399193548387,99.2502785151233,-2.10600040142277,"Y","2020-03-06",0,1,"established"
"692",1,"KL20MI0396","17.6","TAYLOR MINE","MI",5,8,2.87e-05,0,0,"JH3263",2020,NA,-4.541992751,1,NA,0.0153215557309948,6.43891666666667,98.3904288045746,-1.78723844771543,"Y","2020-11-12",0,1,NA,NA,NA,NA,NA,NA,NA,NA,NA,NA,NA,NA,NA,NA,NA,NA,NA,NA,NA,NA,"established"
"693",1,"KL21MI0390","10 to 15","TAYLOR MINE","MI",6,8,1.01e-05,0,0,"JH3263",2021,7.33,-4.995105514,1,0.010990001211432,0.0118606740799797,6.8500221238938,98.7756524297436,-1.8907362676837,"Y","2021-11-10",0,1,1,"KL22MI0244","MI",8,"15 to 20",1,0.000483141,1,7.12,-3.315926064,1,0.0299579891628402,0.0068342891863462,5.59399193548387,99.2502785151233,-2.10600040142277,"Y","2022-03-07",0,1,"established"
"694",1,"KL22MI0481","15 to 20","TAYLOR MINE","MI",7,8,1.67e-06,0,0,"JH3263",2022,NA,-5.776955953,1,NA,0.00903971444859413,6.51924812030075,99.0652055942953,-1.99827863929891,"Y","2022-11-10",0,1,NA,NA,NA,NA,NA,NA,NA,NA,NA,NA,NA,NA,NA,NA,NA,NA,NA,NA,NA,NA,"established"
"695",1,"KL24MI0462","20","TAYLOR MINE","MI",9,8,1.42e-05,0,0,"JH3263",2024,NA,-4.847146056,1,NA,0.0121443386066422,7.25776817138485,NA,-1.88126126172287,"Y","2024-11-14",0,1,0,"KL25MI0069","MI",8,"20 to 25",0,0.007368319,0,NA,-2.132631582,1,NA,0.0155324386961681,5.68922802850356,NA,-1.78166307902563,"Y","2025-03-12",0,1,NA
"696",1,"KL19MI0434","23.65","TAYLOR MINE","MI",4,5,2.88e-06,0,0,"JH3264",2019,NA,-5.539953848,1,NA,0.0100056433894314,6.34058139534884,98.955030237405,-1.95838456353207,"N","2019-11-09",1,1,1,"KL20MI0020","MI",5,"14",0,0.06044015,0,NA,-1.218674467,1,NA,0.0068342891863462,5.59399193548387,99.2502785151233,-2.10600040142277,"Y","2020-03-06",0,1,"established"
"697",1,"KL20MI0388","16.3","TAYLOR MINE","MI",5,5,0.000218203,0,0,"JH3264",2020,NA,-3.661140178,1,NA,0.0153215557309948,6.43891666666667,98.3904288045746,-1.78723844771543,"Y","2020-11-12",0,1,1,"KL21MI0017","MI",5,"14.7",1,0.002404127,1,NA,-2.619042594,1,NA,0.017019811022567,5.0413810741688,98.0436358211176,-1.74424976786787,"Y","2021-03-04",0,1,"established"
"698",1,"KL21MI0405","10 to 15","TAYLOR MINE","MI",6,5,0.001587617,0,0,"JH3264",2021,7.33,-2.799254238,1,0.010990001211432,0.0118606740799797,6.8500221238938,98.7756524297436,-1.8907362676837,"Y","2021-11-10",0,1,0,"KL22MI0229","MI",5,"15 to 20",1,0.013830317,1,7.08,-1.85916786,1,0.0122654623791217,0.0068342891863462,5.59399193548387,99.2502785151233,-2.10600040142277,"Y","2022-03-07",0,1,"established"
"699",1,"KL19MI0439","28.2","TAYLOR MINE","MI",4,4,0.000316936,0,0,"JH3265",2019,NA,-3.499028291,1,NA,0.0100056433894314,6.34058139534884,98.955030237405,-1.95838456353207,"N","2019-11-09",1,1,1,"KL20MI0012","MI",4,"14.2",0,0.0740911,0,NA,-1.130233957,1,NA,0.0068342891863462,5.59399193548387,99.2502785151233,-2.10600040142277,"Y","2020-03-06",0,1,"established"
"700",1,"KL20MI0389","16.3","TAYLOR MINE","MI",5,4,0.002585336,0,0,"JH3265",2020,NA,-2.58748309,1,NA,0.0153215557309948,6.43891666666667,98.3904288045746,-1.78723844771543,"Y","2020-11-12",0,1,NA,NA,NA,NA,NA,NA,NA,NA,NA,NA,NA,NA,NA,NA,NA,NA,NA,NA,NA,NA,"established"
"701",1,"KL24MI0436","18","TAYLOR MINE","MI",9,4,2.44e-05,0,0,"JH3265",2024,NA,-4.613292816,1,NA,0.0121443386066422,7.25776817138485,NA,-1.88126126172287,"Y","2024-11-14",0,1,0,"KL25MI0084","MI",4,"15 to 20",1,0.001533943,1,NA,-2.814190686,1,NA,0.0068342891863462,5.59399193548387,99.2502785151233,-2.10600040142277,"Y","2025-03-12",0,1,NA
"702",1,"KL19MI0440","28.2","TAYLOR MINE","MI",4,6,0.000286661,0,0,"JH3266",2019,NA,-3.542631085,1,NA,0.0100056433894314,6.34058139534884,98.955030237405,-1.95838456353207,"N","2019-11-09",1,1,NA,NA,NA,NA,NA,NA,NA,NA,NA,NA,NA,NA,NA,NA,NA,NA,NA,NA,NA,NA,"established"
"703",1,"KL21MI0413","10 to 15","TAYLOR MINE","MI",6,6,4.05e-05,0,0,"JH3266",2021,NA,-4.392048702,1,NA,0.0118606740799797,6.8500221238938,98.7756524297436,-1.8907362676837,"Y","2021-11-10",0,1,1,"KL22MI0240","MI",6,"15 to 20",0,0.022010861,0,7.12,-1.657362968,1,0.0299579891628402,0.0068342891863462,5.59399193548387,99.2502785151233,-2.10600040142277,"Y","2022-03-07",0,1,"established"
"704",1,"KL22MI0492","20 to 25","TAYLOR MINE","MI",7,6,2.31e-05,0,0,"JH3266",2022,NA,-4.636311886,1,NA,0.0142089671810034,6.95856548856549,NA,-1.81790027725672,"Y","2022-11-10",0,1,NA,NA,NA,NA,NA,NA,NA,NA,NA,NA,NA,NA,NA,NA,NA,NA,NA,NA,NA,NA,"established"
"705",1,"KL23MI0333","20 to 25","TAYLOR MINE","MI",8,6,1.14e-06,0,0,"JH3266",2023,NA,-5.942525195,1,NA,0.00691800453734487,6.98169554455446,NA,-2.101384253715,"Y","2023-11-10",0,1,1,"KL24MI0111","MI",6,"10 to 15",0,0.000906265,0,NA,-3.042744745,1,NA,0.0092996060195015,5.76979459459459,NA,-1.98717938760832,"Y","2024-02-29",0,1,"established"
"706",0,"KL19WI1604","3","NEDA MINE","WI",5,0,2.94e-06,NA,NA,"JH3267",2019,NA,-5.530952602,1,NA,0.0083033056919768,7.95673341375151,99.2151832486411,-2.03136270857569,"N","2019-11-14",1,0,NA,NA,NA,NA,NA,NA,NA,NA,NA,NA,NA,NA,NA,NA,NA,NA,NA,NA,NA,NA,"established"
"707",1,"KL19WI1624","5","NEDA MINE","WI",5,2,9.46e-05,NA,NA,"JH3268",2019,NA,-4.023946584,1,NA,0.0117397485122778,8.56875076923077,NA,-1.89483914506252,"N","2019-11-14",1,1,NA,NA,NA,NA,NA,NA,NA,NA,NA,NA,NA,NA,NA,NA,NA,NA,NA,NA,NA,NA,"established"
"708",1,"KL21MI0388","10 to 15","TAYLOR MINE","MI",6,2,3.78e-05,0,0,"JH3268",2021,7.33,-4.42289481,1,0.010990001211432,0.0118606740799797,6.8500221238938,98.7756524297436,-1.8907362676837,"Y","2021-11-10",0,1,NA,NA,NA,NA,NA,NA,NA,NA,NA,NA,NA,NA,NA,NA,NA,NA,NA,NA,NA,NA,"established"
"709",0,"KL23MI0298","10 to 15","TAYLOR MINE","MI",8,2,1.3e-07,0,0,"JH3268",2023,NA,-6.885777378,1,NA,0.00691800453734487,6.98169554455446,NA,-2.101384253715,"Y","2023-11-10",0,1,NA,NA,NA,NA,NA,NA,NA,NA,NA,NA,NA,NA,NA,NA,NA,NA,NA,NA,NA,NA,"established"
"710",1,"KL22WI1956","B","ELROY SPARTA","WI",7,4,3.18e-05,0,0,"JH3271",2022,NA,-4.497878378,1,NA,0.0186698748248385,8.54377593360996,NA,-1.70619840383536,"Y","2022-11-18",0,1,NA,NA,NA,NA,NA,NA,NA,NA,NA,NA,NA,NA,NA,NA,NA,NA,NA,NA,NA,NA,"established"
"711",1,"KL23WI1308","B","ELROY SPARTA","WI",8,4,1.17e-07,0,0,"JH3271",2023,NA,-6.933566813,1,NA,0.0130197452664096,8.5834832419244,98.5725309013097,-1.85325987726791,"Y","2023-11-05",0,1,NA,NA,NA,NA,NA,NA,NA,NA,NA,NA,NA,NA,NA,NA,NA,NA,NA,NA,NA,NA,"established"
"712",0,"KL24WI1222","2","ELROY SPARTA","WI",9,4,6.05e-05,0,0,"JH3271",2024,NA,-4.217944317,1,NA,0.00604771036032719,9.41630882352941,99.4815094296966,-2.15195195242467,"Y","2024-11-09",0,1,NA,NA,NA,NA,NA,NA,NA,NA,NA,NA,NA,NA,NA,NA,NA,NA,NA,NA,NA,NA,NA
"713",0,"KL22WI1979","C","ELROY SPARTA","WI",7,1,4.44e-07,NA,NA,"JH3274",2022,NA,-6.352723499,1,NA,0.0156424216938746,8.4578056374959,NA,-1.77878347781917,"Y","2022-11-18",0,1,NA,NA,NA,NA,NA,NA,NA,NA,NA,NA,NA,NA,NA,NA,NA,NA,NA,NA,NA,NA,"established"
"714",1,"KL21WI1598","C","ELROY SPARTA","WI",6,2,8.44e-05,0,0,"JH3277",2021,9.22,-4.073465986,1,0,0.0156433408636729,8.59457831325301,98.5679656714918,-1.77875949216641,"Y","2021-11-05",0,1,0,"KL22WI0664","WI",2,"C",0,0.014430395,0,8.11,-1.84072179,1,0,0.0114356588179929,8.09242914979757,NA,-1.90533120167352,"Y","2022-03-04",0,1,"established"
"715",1,"KL20WI1422","C","ELROY SPARTA","WI",5,3,0.006715121,NA,NA,"JH3278",2020,NA,-2.17294619,1,NA,0.0156831778660336,8.39354838709677,98.5773455375673,-1.77772121999154,"Y","2020-11-07",0,1,NA,NA,NA,NA,NA,NA,NA,NA,NA,NA,NA,NA,NA,NA,NA,NA,NA,NA,NA,NA,"established"
"716",1,"KL22WI1983","C","ELROY SPARTA","WI",7,3,9.62e-07,0,0,"JH3279",2022,NA,-6.016928928,1,NA,0.0156424216938746,8.4578056374959,NA,-1.77878347781917,"Y","2022-11-18",0,1,NA,NA,NA,NA,NA,NA,NA,NA,NA,NA,NA,NA,NA,NA,NA,NA,NA,NA,NA,NA,"established"
"717",1,"KL23WI1338","C","ELROY SPARTA","WI",8,3,3.26e-07,0,0,"JH3279",2023,NA,-6.486826413,1,NA,0.0161357855777508,8.80601659751037,98.5725309013097,-1.76609598085992,"Y","2023-11-05",0,1,NA,NA,NA,NA,NA,NA,NA,NA,NA,NA,NA,NA,NA,NA,NA,NA,NA,NA,NA,NA,"established"
"718",1,"KL20WI1432","C","ELROY SPARTA","WI",5,6,3.08e-06,0,0,"JH3284",2020,NA,-5.511579168,1,NA,0.0156831778660336,8.39354838709677,98.5773455375673,-1.77772121999154,"Y","2020-11-07",0,1,1,"KL21WI0080","WI",6,"C",1,0.00065548,1,NA,-3.183440555,1,NA,0.0153346312309683,8.03718253968254,98.5747662385671,-1.78689066566748,"Y","2021-02-25",0,1,"established"
"719",1,"KL22WI1976","C","ELROY SPARTA","WI",7,6,2.44e-06,0,0,"JH3284",2022,NA,-5.612895329,1,NA,0.0156424216938746,8.4578056374959,NA,-1.77878347781917,"Y","2022-11-18",0,1,NA,NA,NA,NA,NA,NA,NA,NA,NA,NA,NA,NA,NA,NA,NA,NA,NA,NA,NA,NA,"established"
"720",1,"KL23WI1333","C","ELROY SPARTA","WI",8,6,4.67e-07,0,0,"JH3284",2023,NA,-6.331042148,1,NA,0.0161357855777508,8.80601659751037,98.5725309013097,-1.76609598085992,"Y","2023-11-05",0,1,1,"KL24WI0459","WI",6,"C",1,0.004340843,1,NA,-2.362425941,1,NA,0.0152400787418193,8.1780816993464,NA,-1.78941186936487,"Y","2024-03-13",0,1,"established"
"721",0,"KL20WI1323","B","BEAR CREEK","WI",5,0,0.002511864,0,0,"JH3303",2020,NA,-2.600003965,1,NA,0.0101047962479319,7.98984539614561,99.4860584884843,-1.95448940552709,"N","2020-11-06",1,0,NA,NA,NA,NA,NA,NA,NA,NA,NA,NA,NA,NA,NA,NA,NA,NA,NA,NA,NA,NA,"established"
"722",1,"KL20WI1402","B","ELROY SPARTA","WI",5,1,6.88e-05,0,0,"JH3304",2020,NA,-4.162413108,1,NA,0.00824779446013136,8.28274193548387,99.2452067193124,-2.03396183136978,"N","2020-11-07",1,1,NA,NA,NA,NA,NA,NA,NA,NA,NA,NA,NA,NA,NA,NA,NA,NA,NA,NA,NA,NA,"established"
"723",0,"KL20WI1404","B","ELROY SPARTA","WI",5,0,9.11e-05,0,0,"JH3305",2020,NA,-4.040583344,1,NA,0.00824779446013136,8.28274193548387,99.2452067193124,-2.03396183136978,"N","2020-11-07",1,0,NA,NA,NA,NA,NA,NA,NA,NA,NA,NA,NA,NA,NA,NA,NA,NA,NA,NA,NA,NA,"established"
"724",1,"KL20WI1405","B","ELROY SPARTA","WI",5,2,4.03e-06,0,0,"JH3306",2020,NA,-5.394923153,1,NA,0.00824779446013136,8.28274193548387,99.2452067193124,-2.03396183136978,"N","2020-11-07",1,1,1,"KL21WI0067","WI",2,"B",1,0.01162597,1,NA,-1.934570802,1,NA,0.00713683458105821,7.66593301435407,99.2793223308782,-2.08954451296639,"Y","2021-02-25",0,1,"established"
"725",0,"KL21WI1576","B","ELROY SPARTA","WI",6,0,2.7e-05,0,0,"JH3307",2021,9.35,-4.568754986,1,0.037986913543331,0.0130197452664096,8.5834832419244,NA,-1.85325987726791,"Y","2021-11-05",1,0,NA,NA,NA,NA,NA,NA,NA,NA,NA,NA,NA,NA,NA,NA,NA,NA,NA,NA,NA,NA,"established"
"726",0,"KL20WI1416","C","ELROY SPARTA","WI",5,0,4.46e-05,NA,NA,"JH3310",2020,NA,-4.350434958,1,NA,0.0156831778660336,8.39354838709677,98.5773455375673,-1.77772121999154,"N","2020-11-07",1,0,NA,NA,NA,NA,NA,NA,NA,NA,NA,NA,NA,NA,NA,NA,NA,NA,NA,NA,NA,NA,"established"
"727",1,"KL20WI1627","1A","BAY CITY","WI",5,1,9.07e-05,0,0,"JH3311",2020,NA,-4.042214603,1,NA,0.0397434280942537,4.62571694599628,95.3607546037222,-1.38994243287677,"N","2020-11-10",1,1,NA,NA,NA,NA,NA,NA,NA,NA,NA,NA,NA,NA,NA,NA,NA,NA,NA,NA,NA,NA,"established"
"728",1,"KL20WI1633","1A","BAY CITY","WI",5,1,7.16e-05,0,0,"JH3313",2020,NA,-4.145267496,1,NA,0.0397434280942537,4.62571694599628,95.3607546037222,-1.38994243287677,"N","2020-11-10",1,1,0,"KL21WI0264","WI",1,"2A",NA,0.09477796,NA,NA,-1.023292643,1,NA,0.00615744011455357,1.83234567901235,99.0933803572743,-2.14524227698121,"Y","2021-03-01",0,1,"established"
"729",0,"KL20WI1636","1A","BAY CITY","WI",5,0,7.19e-06,0,0,"JH3314",2020,NA,-5.143061624,1,NA,0.0397434280942537,4.62571694599628,95.3607546037222,-1.38994243287677,"N","2020-11-10",1,0,NA,NA,NA,NA,NA,NA,NA,NA,NA,NA,NA,NA,NA,NA,NA,NA,NA,NA,NA,NA,"established"
"730",1,"KL20WI1639","1A","BAY CITY","WI",5,1,0.000115971,0,0,"JH3315",2020,NA,-3.935651665,1,NA,0.0397434280942537,4.62571694599628,95.3607546037222,-1.38994243287677,"N","2020-11-10",1,1,NA,NA,NA,NA,NA,NA,NA,NA,NA,NA,NA,NA,NA,NA,NA,NA,NA,NA,NA,NA,"established"
"731",1,"KL20WI1642","1A","BAY CITY","WI",5,3,3.55e-05,0,0,"JH3317",2020,NA,-4.449750177,1,NA,0.0397434280942537,4.62571694599628,95.3607546037222,-1.38994243287677,"N","2020-11-10",1,1,NA,NA,NA,NA,NA,NA,NA,NA,NA,NA,NA,NA,NA,NA,NA,NA,NA,NA,NA,NA,"established"
"732",1,"KL21WI1533","1A","BAY CITY","WI",6,3,2.99e-05,NA,NA,"JH3317",2021,NA,-4.523610612,1,NA,0.0285414607384287,4.8088772845953,NA,-1.52956803390713,"Y","2021-11-04",0,1,1,"KL22WI0246","WI",3,"1A",0,5.09e-05,0,NA,-4.293591747,1,NA,0.0368162590800767,1.64580862533693,NA,-1.42232143533328,"Y","2022-03-01",0,1,"established"
"733",1,"KL20WI1648","1A","BAY CITY","WI",5,1,0.000304058,1,1,"JH3318",2020,NA,-3.517042923,1,NA,0.0397434280942537,4.62571694599628,95.3607546037222,-1.38994243287677,"N","2020-11-10",1,1,0,"KL21WI0292","WI",1,"1A-35",1,0.000359729,1,NA,-3.444024308,1,NA,0.027688131646505,2.58131688700212,NA,-1.54229773485037,"Y","2021-03-01",0,1,"established"
"734",0,"KL20WI1651","1A","BAY CITY","WI",5,0,3.32e-06,0,0,"JH3319",2020,NA,-5.479255052,1,NA,0.0397434280942537,4.62571694599628,95.3607546037222,-1.38994243287677,"N","2020-11-10",1,0,NA,NA,NA,NA,NA,NA,NA,NA,NA,NA,NA,NA,NA,NA,NA,NA,NA,NA,NA,NA,"established"
"735",1,"KL20WI1654","1A","BAY CITY","WI",5,1,6.85e-06,0,0,"JH3320",2020,NA,-5.164087583,1,NA,0.0397434280942537,4.62571694599628,95.3607546037222,-1.38994243287677,"N","2020-11-10",1,1,NA,NA,NA,NA,NA,NA,NA,NA,NA,NA,NA,NA,NA,NA,NA,NA,NA,NA,NA,NA,"established"
"736",0,"KL22WI1480","2A","BAY CITY","WI",7,1,8.54e-06,0,0,"JH3320",2022,NA,-5.06875686,1,NA,0.00578351851168156,3.85630434782609,99.2721384725041,-2.16854498550676,"Y","2022-11-06",0,1,NA,NA,NA,NA,NA,NA,NA,NA,NA,NA,NA,NA,NA,NA,NA,NA,NA,NA,NA,NA,"established"
"737",1,"KL20WI1660","1A","BAY CITY","WI",5,1,1.96e-05,0,0,"JH3321",2020,NA,-4.707044635,1,NA,0.0397434280942537,4.62571694599628,95.3607546037222,-1.38994243287677,"N","2020-11-10",1,1,0,"KL21WI0306","WI",1,"1A-35",1,3.17e-06,1,NA,-5.498778764,1,NA,0.027688131646505,2.58131688700212,NA,-1.54229773485037,"Y","2021-03-01",0,1,"established"
"738",1,"KL20WI1661","1A","BAY CITY","WI",5,1,4.05e-05,0,0,"JH3322",2020,NA,-4.392421676,1,NA,0.0397434280942537,4.62571694599628,95.3607546037222,-1.38994243287677,"N","2020-11-10",1,1,0,"KL21WI0303","WI",1,"1A-35",NA,0.004182481,NA,NA,-2.378566023,1,NA,0.027688131646505,2.58131688700212,NA,-1.54229773485037,"Y","2021-03-01",0,1,"established"
"739",1,"KL20WI1662","1A","BAY CITY","WI",5,1,1.42e-05,0,0,"JH3323",2020,NA,-4.847816266,1,NA,0.0397434280942537,4.62571694599628,95.3607546037222,-1.38994243287677,"N","2020-11-10",1,1,NA,NA,NA,NA,NA,NA,NA,NA,NA,NA,NA,NA,NA,NA,NA,NA,NA,NA,NA,NA,"established"
"740",0,"KL22WI1466","2A","BAY CITY","WI",7,1,8.22e-07,0,0,"JH3323",2022,NA,-6.085161789,1,NA,0.00578351851168156,3.85630434782609,99.2721384725041,-2.16854498550676,"Y","2022-11-06",0,1,NA,NA,NA,NA,NA,NA,NA,NA,NA,NA,NA,NA,NA,NA,NA,NA,NA,NA,NA,NA,"established"
"741",0,"KL20WI1712","3","MAIDEN ROCK","WI",5,0,0.003588496,0,0,"JH3324",2020,NA,-2.445087594,1,NA,NA,NA,NA,NA,"N","2020-11-10",1,0,NA,NA,NA,NA,NA,NA,NA,NA,NA,NA,NA,NA,NA,NA,NA,NA,NA,NA,NA,NA,"established"
"742",0,"KL20WI1709","3","MAIDEN ROCK","WI",5,0,0.004798443,0,0,"JH3325",2020,NA,-2.318899705,1,NA,NA,NA,NA,NA,"N","2020-11-10",1,0,NA,NA,NA,NA,NA,NA,NA,NA,NA,NA,NA,NA,NA,NA,NA,NA,NA,NA,NA,NA,"established"
"743",0,"KL20WI1705","3","MAIDEN ROCK","WI",5,0,0.002322809,0,0,"JH3326",2020,NA,-2.633986593,1,NA,NA,NA,NA,NA,"N","2020-11-10",1,0,NA,NA,NA,NA,NA,NA,NA,NA,NA,NA,NA,NA,NA,NA,NA,NA,NA,NA,NA,NA,"established"
"744",0,"KL20WI1702","3","MAIDEN ROCK","WI",5,0,4.46e-05,0,0,"JH3327",2020,NA,-4.35112061,1,NA,NA,NA,NA,NA,"N","2020-11-10",1,0,NA,NA,NA,NA,NA,NA,NA,NA,NA,NA,NA,NA,NA,NA,NA,NA,NA,NA,NA,NA,"established"
"745",0,"KL20WI1696","3","MAIDEN ROCK","WI",5,0,0.000373078,0,0,"JH3328",2020,NA,-3.428200185,1,NA,NA,NA,NA,NA,"N","2020-11-10",1,0,NA,NA,NA,NA,NA,NA,NA,NA,NA,NA,NA,NA,NA,NA,NA,NA,NA,NA,NA,NA,"established"
"746",1,"KL20WI1693","3","MAIDEN ROCK","WI",5,1,0.008074491,0,0,"JH3329",2020,NA,-2.092884872,1,NA,NA,NA,NA,NA,"N","2020-11-10",1,1,NA,NA,NA,NA,NA,NA,NA,NA,NA,NA,NA,NA,NA,NA,NA,NA,NA,NA,NA,NA,"established"
"747",1,"KL20WI1266","14","NEDA MINE","WI",6,1,3.64e-06,0,0,"JH3331",2020,NA,-5.438860021,1,NA,0.0144845539230808,8.03358536585366,99.1657758921961,-1.81010130122324,"N","2020-11-05",1,1,NA,NA,NA,NA,NA,NA,NA,NA,NA,NA,NA,NA,NA,NA,NA,NA,NA,NA,NA,NA,"established"
"748",1,"KL23IL0240","R11","BLACKBALL","IL",11,1,2.08e-05,0,0,"JH3337",2023,NA,-4.682434717,1,NA,0.00607900196484612,7.868568329718,NA,-2.15002796712846,"Y","2023-11-03",1,1,0,"KL24IL0110","IL",1,"L2",1,0.000120109,1,NA,-3.920426093,1,NA,0.0175457738677484,8.3343243902439,98.4084392138287,-1.73175503995841,"Y","2024-03-11",0,1,NA
"749",0,"KL21IL0522","3","ZIMMERMAN","IL",9,0,0.002676305,0,0,"JH3338",2021,9.31,-2.572464356,1,0.0248420926694154,0.0164071214947153,8.346,98.5069781383316,-1.75927303946956,"N","2021-11-18",1,0,NA,NA,NA,NA,NA,NA,NA,NA,NA,NA,NA,NA,NA,NA,NA,NA,NA,NA,NA,NA,NA
"750",0,"KL21IL0525","3","ZIMMERMAN","IL",9,0,8.85e-06,0,0,"JH3339",2021,9.35,-5.053295844,1,0.0248744159308629,0.0164071214947153,8.346,98.5069781383316,-1.75927303946956,"N","2021-11-18",1,0,NA,NA,NA,NA,NA,NA,NA,NA,NA,NA,NA,NA,NA,NA,NA,NA,NA,NA,NA,NA,NA
"751",0,"KL21IL0528","3","ZIMMERMAN","IL",9,0,0.000349521,0,0,"JH3340",2021,9.44,-3.456526281,1,0.0380982537895049,0.0164071214947153,8.346,98.5069781383316,-1.75927303946956,"N","2021-11-18",1,0,NA,NA,NA,NA,NA,NA,NA,NA,NA,NA,NA,NA,NA,NA,NA,NA,NA,NA,NA,NA,NA
"752",0,"KL21IL0529","3","ZIMMERMAN","IL",9,0,0.018276858,0,0,"JH3341",2021,9.31,-1.738098459,1,0.0248420926694154,0.0164071214947153,8.346,98.5069781383316,-1.75927303946956,"N","2021-11-18",1,0,NA,NA,NA,NA,NA,NA,NA,NA,NA,NA,NA,NA,NA,NA,NA,NA,NA,NA,NA,NA,NA
"753",0,"KL21IL0530","3","ZIMMERMAN","IL",9,0,0.000533939,0,0,"JH3342",2021,9.31,-3.272508538,1,0.0321221544263362,0.0164071214947153,8.346,98.5069781383316,-1.75927303946956,"N","2021-11-18",1,0,NA,NA,NA,NA,NA,NA,NA,NA,NA,NA,NA,NA,NA,NA,NA,NA,NA,NA,NA,NA,NA
"754",0,"KL21IL0535","3","ZIMMERMAN","IL",9,0,0.006439995,0,0,"JH3343",2021,9.31,-2.191114496,1,0.0248420926694154,0.0164071214947153,8.346,98.5069781383316,-1.75927303946956,"N","2021-11-18",1,0,NA,NA,NA,NA,NA,NA,NA,NA,NA,NA,NA,NA,NA,NA,NA,NA,NA,NA,NA,NA,NA
"755",0,"KL21IL0533","3","ZIMMERMAN","IL",9,0,0.001808225,0,0,"JH3344",2021,9.31,-2.742747558,1,0.0248420926694154,0.0164071214947153,8.346,98.5069781383316,-1.75927303946956,"N","2021-11-18",1,0,NA,NA,NA,NA,NA,NA,NA,NA,NA,NA,NA,NA,NA,NA,NA,NA,NA,NA,NA,NA,NA
"756",1,"KL21IL0534","3","ZIMMERMAN","IL",9,1,0.013673068,0,0,"JH3345",2021,9.26,-1.864134021,1,0.0306173505736368,0.0164071214947153,8.346,98.5069781383316,-1.75927303946956,"N","2021-11-18",1,1,0,"KL22IL0181","IL",1,"7",1,4.98e-06,1,6.73,-5.302648516,1,0.125048000844811,0.0256991074945247,6.68141700404858,NA,-1.57350325611413,"Y","2022-03-15",0,1,NA
"757",0,"KL21IL0538","3","ZIMMERMAN","IL",9,0,0.015444566,1,1,"JH3346",2021,9.31,-1.811224286,1,0.0248420926694154,0.0164071214947153,8.346,98.5069781383316,-1.75927303946956,"N","2021-11-18",1,0,NA,NA,NA,NA,NA,NA,NA,NA,NA,NA,NA,NA,NA,NA,NA,NA,NA,NA,NA,NA,NA
"758",1,"KL21IL0539","3","ZIMMERMAN","IL",9,1,4.21e-05,0,0,"JH3347",2021,9.18,-4.376086317,1,0.0189293363405512,0.0164071214947153,8.346,98.5069781383316,-1.75927303946956,"N","2021-11-18",1,1,0,"KL22IL0179","IL",1,"4",1,1.63e-05,1,6.13,-4.786620391,1,0.0566060940689387,0.0105493867107959,6.74632258064516,NA,-1.93744107682714,"Y","2022-03-15",0,1,NA
"759",0,"KL21IL0542","3","ZIMMERMAN","IL",9,0,0.000179095,0,0,"JH3348",2021,9.26,-3.746916435,1,0.0248017790155283,0.0164071214947153,8.346,98.5069781383316,-1.75927303946956,"N","2021-11-18",1,0,NA,NA,NA,NA,NA,NA,NA,NA,NA,NA,NA,NA,NA,NA,NA,NA,NA,NA,NA,NA,NA
"760",0,"KL21IL0543","3","ZIMMERMAN","IL",9,0,1.07e-05,0,0,"JH3349",2021,9.14,-4.971378991,1,0.013096543717632,0.0164071214947153,8.346,98.5069781383316,-1.75927303946956,"N","2021-11-18",1,0,NA,NA,NA,NA,NA,NA,NA,NA,NA,NA,NA,NA,NA,NA,NA,NA,NA,NA,NA,NA,NA
"761",0,"KL21IL0544","3","ZIMMERMAN","IL",9,0,5.13e-05,0,0,"JH3350",2021,9.18,-4.289643848,1,0.024737485656743,0.0164071214947153,8.346,98.5069781383316,-1.75927303946956,"N","2021-11-18",1,0,NA,NA,NA,NA,NA,NA,NA,NA,NA,NA,NA,NA,NA,NA,NA,NA,NA,NA,NA,NA,NA
"762",0,"KL24MI0466","19","TAYLOR MINE","MI",9,0,5.81e-06,0,0,"JH3463",2024,NA,-5.236014009,1,NA,0.0121443386066422,7.25776817138485,NA,-1.88126126172287,"Y","2024-11-14",1,0,NA,NA,NA,NA,NA,NA,NA,NA,NA,NA,NA,NA,NA,NA,NA,NA,NA,NA,NA,NA,NA
"763",1,"KL21MI0670","A","MEAD MINE","MI",NA,1,0.048205438,0,0,"JH3487",2021,8.45,-1.316903964,1,0.0369005871579472,0.00901264849628199,7.35294964028777,99.1226466387956,-1.99945102989521,"Y","2021-11-13",1,1,0,"KL22MI0311","MI",1,"B",1,0.000439149,1,8.06,-3.357387631,1,0.0182605986894137,0.0119092956703165,7.50377049180328,98.8520791925528,-1.88909745214407,"Y","2022-03-08",0,1,NA
"764",0,"KL21MI0385","10 to 15","TAYLOR MINE","MI",6,0,0.000124681,0,0,"JH3501",2021,7.33,-3.904201305,1,0.010990001211432,0.0118606740799797,6.8500221238938,98.7756524297436,-1.8907362676837,"N","2021-11-10",1,0,NA,NA,NA,NA,NA,NA,NA,NA,NA,NA,NA,NA,NA,NA,NA,NA,NA,NA,NA,NA,"established"
"765",1,"KL21MI0400","10 to 15","TAYLOR MINE","MI",6,6,1.56e-05,0,0,"JH3502",2021,7.33,-4.806765688,1,0.010990001211432,0.0118606740799797,6.8500221238938,98.7756524297436,-1.8907362676837,"N","2021-11-10",1,1,1,"KL22MI0253","MI",6,"15 to 20",1,0.021209869,1,7.12,-1.67346201,1,0.0299579891628402,0.0068342891863462,5.59399193548387,99.2502785151233,-2.10600040142277,"Y","2022-03-07",0,1,"established"
"766",1,"KL22MI0467","10 to 15","TAYLOR MINE","MI",7,6,1.46e-05,0,0,"JH3502",2022,NA,-4.83565334,1,NA,0.0142089671810034,6.95856548856549,NA,-1.81790027725672,"Y","2022-11-10",0,1,1,"KL23MI0044","MI",6,"15 to 20",0,0.019055435,0,NA,-1.719981142,1,NA,0.0068342891863462,5.59399193548387,99.2502785151233,-2.10600040142277,"Y","2023-03-01",0,1,"established"
"767",1,"KL23MI0287","10 to 15","TAYLOR MINE","MI",8,6,3.98e-06,0,0,"JH3502",2023,NA,-5.40045112,1,NA,0.00691800453734487,6.98169554455446,NA,-2.101384253715,"Y","2023-11-10",0,1,1,"KL24MI0139","MI",6,"18",1,0.000361677,1,NA,-3.441679567,1,NA,0.0092996060195015,5.76979459459459,NA,-1.98717938760832,"Y","2024-02-29",0,1,"established"
"768",0,"KL24MI0439","18","TAYLOR MINE","MI",9,6,4.13e-05,0,0,"JH3502",2024,NA,-4.384562691,1,NA,0.0121443386066422,7.25776817138485,NA,-1.88126126172287,"Y","2024-11-14",0,1,NA,NA,NA,NA,NA,NA,NA,NA,NA,NA,NA,NA,NA,NA,NA,NA,NA,NA,NA,NA,NA
"769",1,"KL21MI0401","10 to 15","TAYLOR MINE","MI",6,4,6.76e-06,0,0,"JH3503",2021,7.33,-5.170013422,1,0.010990001211432,0.0118606740799797,6.8500221238938,98.7756524297436,-1.8907362676837,"N","2021-11-10",1,1,1,"KL22MI0220","MI",4,"10 to 15",0,0.004741685,0,6.73,-2.324067306,1,0.0107862727988979,0.0157691054311865,5.42635080645161,NA,-1.77549010475598,"Y","2022-03-07",0,1,"established"
"770",1,"KL23MI0301","10 to 15","TAYLOR MINE","MI",8,4,2.01e-06,0,0,"JH3503",2023,NA,-5.696719925,1,NA,0.00691800453734487,6.98169554455446,NA,-2.101384253715,"Y","2023-11-10",0,1,1,"KL24MI0120","MI",4,"16.5",1,0.000390379,1,NA,-3.408513103,1,NA,0.0092996060195015,5.76979459459459,NA,-1.98717938760832,"Y","2024-02-29",0,1,"established"
"771",1,"KL21MI0408","10 to 15","TAYLOR MINE","MI",6,1,6.95e-07,0,0,"JH3504",2021,7.33,-6.157745879,1,0.010990001211432,0.0118606740799797,6.8500221238938,98.7756524297436,-1.8907362676837,"N","2021-11-10",1,1,0,"KL22MI0217","MI",1,"0 to 5",1,0.029130254,1,5.4,-1.535655732,1,0.0103562755395685,0.0149124163870934,5.43212669683258,NA,-1.79826386536307,"Y","2022-03-07",0,1,"established"
"772",1,"KL21MI0410","10 to 15","TAYLOR MINE","MI",6,5,0.000191362,0,0,"JH3505",2021,NA,-3.71814391,1,NA,0.0118606740799797,6.8500221238938,98.7756524297436,-1.8907362676837,"N","2021-11-10",1,1,1,"KL22MI0243","MI",5,"15 to 20",1,0.00291174,1,7.12,-2.535847381,1,0.0299579891628402,0.0068342891863462,5.59399193548387,99.2502785151233,-2.10600040142277,"Y","2022-03-07",0,1,"established"
"773",1,"KL22MI0448","10 to 15","TAYLOR MINE","MI",7,5,2.03e-05,0,0,"JH3505",2022,NA,-4.691803581,1,NA,0.0142089671810034,6.95856548856549,NA,-1.81790027725672,"Y","2022-11-10",0,1,1,"KL23MI0023","MI",5,"10 to 15",0,0.025168579,0,NA,-1.599141308,1,NA,0.0184782807128241,5.56125252525252,97.9258743464042,-1.71044937958706,"Y","2023-03-01",0,1,"established"
"774",0,"KL24MI0449","18.6","TAYLOR MINE","MI",9,5,8.24e-06,0,0,"JH3505",2024,NA,-5.083853999,1,NA,0.0121443386066422,7.25776817138485,NA,-1.88126126172287,"Y","2024-11-14",0,1,NA,NA,NA,NA,NA,NA,NA,NA,NA,NA,NA,NA,NA,NA,NA,NA,NA,NA,NA,NA,NA
"775",1,"KL21MI0414","10 to 15","TAYLOR MINE","MI",6,7,0.000133095,0,0,"JH3506",2021,NA,-3.87583841,1,NA,0.0118606740799797,6.8500221238938,98.7756524297436,-1.8907362676837,"N","2021-11-10",1,1,1,"KL22MI0235","MI",7,"15 to 20",0,0.00501743,0,7.08,-2.299518637,1,0.0122654623791217,0.0068342891863462,5.59399193548387,99.2502785151233,-2.10600040142277,"Y","2022-03-07",0,1,"established"
"776",1,"KL22MI0472","10 to 15","TAYLOR MINE","MI",7,7,3.32e-06,0,0,"JH3506",2022,NA,-5.479102119,1,NA,0.0142089671810034,6.95856548856549,NA,-1.81790027725672,"Y","2022-11-10",0,1,1,"KL23MI0037","MI",7,"15 to 20",NA,0.002352827,NA,NA,-2.628409956,1,NA,0.0068342891863462,5.59399193548387,99.2502785151233,-2.10600040142277,"Y","2023-03-01",0,1,"established"
"777",1,"KL23MI0336","20 to 25","TAYLOR MINE","MI",8,7,1.36e-05,0,0,"JH3506",2023,NA,-4.86751398,1,NA,0.00691800453734487,6.98169554455446,NA,-2.101384253715,"Y","2023-11-10",0,1,1,"KL24MI0143","MI",7,"19.2",0,0.000668793,0,NA,-3.174708278,1,NA,0.0092996060195015,5.76979459459459,NA,-1.98717938760832,"Y","2024-02-29",0,1,"established"
"778",1,"KL24MI0426","15","TAYLOR MINE","MI",9,7,2.49e-05,0,0,"JH3506",2024,NA,-4.603816969,1,NA,0.0121443386066422,7.25776817138485,NA,-1.88126126172287,"Y","2024-11-14",0,1,0,"KL25MI0077","MI",7,"15 to 20",1,0.014856966,2,NA,-1.828069871,1,NA,0.0068342891863462,5.59399193548387,99.2502785151233,-2.10600040142277,"Y","2025-03-12",0,1,NA
"779",0,"KL21MI0443","33.5","BEATENS CAVE","MI",7,0,0.006038122,0,0,"JH3508",2021,9.44,-2.219098092,1,0,0.0581471444837418,7.10007425742574,94.0823126400028,-1.22806621747543,"N","2021-11-10",1,0,NA,NA,NA,NA,NA,NA,NA,NA,NA,NA,NA,NA,NA,NA,NA,NA,NA,NA,NA,NA,"established"
"780",0,"KL21MI0446","41.6","BEATENS CAVE","MI",7,0,0.01070918,0,0,"JH3509",2021,10.25,-1.970243766,1,0.128123575354151,0.0581471444837418,7.10007425742574,94.0823126400028,-1.22806621747543,"N","2021-11-10",1,0,NA,NA,NA,NA,NA,NA,NA,NA,NA,NA,NA,NA,NA,NA,NA,NA,NA,NA,NA,NA,"established"
"781",0,"KL21MI0455","53.1","BEATENS CAVE","MI",7,0,0.00173374,0,0,"JH3510",2021,10.89,-2.761015911,1,0.148819743016076,0.0581471444837418,7.10007425742574,94.0823126400028,-1.22806621747543,"N","2021-11-10",1,0,NA,NA,NA,NA,NA,NA,NA,NA,NA,NA,NA,NA,NA,NA,NA,NA,NA,NA,NA,NA,"established"
"782",1,"KL21MI0456","53.1","BEATENS CAVE","MI",7,1,3.44e-05,0,0,"JH3511",2021,10.89,-4.463538197,1,0.156282323862291,0.0581471444837418,7.10007425742574,94.0823126400028,-1.22806621747543,"N","2021-11-10",1,1,0,"KL22MI0088","MI",1,"22",1,0.027075356,2,5.1,-1.567425825,1,0.0650029921460271,0.122836608342756,4.64745011086475,85.4042138483733,-0.907150951026464,"Y","2022-03-06",0,1,"established"
"783",1,"KL21MI0499","20 to 25","MASS C","MI",7,3,1.35e-05,0,0,"JH3513",2021,8.85,-4.870682134,1,0.0999145524764497,0.0311979292405735,6.22762376237624,96.6326008388968,-1.49217205837593,"N","2021-11-10",1,1,1,"KL22MI0128","MI",3,"7.2",0,0.002538096,0,NA,-2.59549191,1,NA,0.0132509908915458,3.78603738525318,NA,-1.84615493749623,"Y","2022-03-06",0,1,"established"
"784",1,"KL22MI0564","25 to 30","MASS C","MI",8,3,0.009594273,0,0,"JH3513",2022,NA,-2.017987936,1,NA,0.0311979292405735,6.1290625,NA,-1.49217205837593,"Y","2022-11-11",0,1,0,"KL23MI0125","MI",3,"5 to 10",1,0.036213405,2,NA,-1.441130638,1,NA,0.0132509908915458,3.78603738525318,NA,-1.84615493749623,"Y","2023-03-01",0,1,"established"
"785",1,"KL22MI0571","40 to 45","MASS C","MI",8,2,0.000506558,0,0,"JH3514",2022,NA,-3.295370801,1,NA,0.0311979292405735,6.1290625,NA,-1.49217205837593,"Y","2022-11-11",0,1,0,"KL23MI0123","MI",2,"5 to 10",1,0.000250818,2,NA,-3.600641652,1,NA,0.0132509908915458,3.78603738525318,NA,-1.84615493749623,"Y","2023-03-01",0,1,"established"
"786",1,"KL22MI0554","5 to 10","MASS C","MI",8,2,0.000220184,0,0,"JH3515",2022,NA,-3.65721348,1,NA,0.0311979292405735,6.1290625,NA,-1.49217205837593,"Y","2022-11-11",0,1,0,"KL23MI0131","MI",2,"15 to 20",1,0.007683551,1,NA,-2.114438005,1,NA,0.0132509908915458,3.78603738525318,NA,-1.84615493749623,"Y","2023-03-01",0,1,"established"
"787",1,"KL21MI0535","A","SOUTH LAKE MINE","MI",7,1,0.000454737,0,0,"JH3516",2021,NA,-3.342240107,1,NA,0,6.34147435897436,100,-3,"N","2021-11-11",1,1,0,"KL22MI0199","MI",1,"I",1,0.081687847,2,5.53,-1.08784255,1,0.164597906199015,0.0341065512945991,2.0860769800148,NA,-1.45461183152266,"Y","2022-03-07",0,1,"established"
"788",0,"KL21MI0536","A","SOUTH LAKE MINE","MI",7,0,5.99e-05,0,0,"JH3517",2021,NA,-4.222651526,1,NA,0,6.34147435897436,100,-3,"N","2021-11-11",1,0,NA,NA,NA,NA,NA,NA,NA,NA,NA,NA,NA,NA,NA,NA,NA,NA,NA,NA,NA,NA,"established"
"789",1,"KL21MI0537","A","SOUTH LAKE MINE","MI",7,1,0.000127094,0,0,"JH3518",2021,NA,-3.895876115,1,NA,0,6.34147435897436,100,-3,"N","2021-11-11",1,1,0,"KL22MI0154","MI",1,"A",1,0.000510619,1,1.5,-3.291903204,1,0.122073604832939,0.0574124491114707,1.7945641025641,91.6879918336266,-1.23349458432187,"Y","2022-03-07",0,1,"established"
"790",0,"KL21MI0540","A","SOUTH LAKE MINE","MI",7,0,3.76e-06,0,0,"JH3519",2021,NA,-5.424917827,1,NA,0,6.34147435897436,100,-3,"N","2021-11-11",1,0,NA,NA,NA,NA,NA,NA,NA,NA,NA,NA,NA,NA,NA,NA,NA,NA,NA,NA,NA,NA,"established"
"791",0,"KL21MI0543","A","SOUTH LAKE MINE","MI",7,0,9.83e-05,0,0,"JH3520",2021,NA,-4.007626262,1,NA,0,6.34147435897436,100,-3,"N","2021-11-11",1,0,NA,NA,NA,NA,NA,NA,NA,NA,NA,NA,NA,NA,NA,NA,NA,NA,NA,NA,NA,NA,"established"
"792",1,"KL21MI0546","A","SOUTH LAKE MINE","MI",7,4,3.77e-05,0,0,"JH3521",2021,NA,-4.423945633,1,NA,0,6.34147435897436,100,-3,"N","2021-11-11",1,1,NA,NA,NA,NA,NA,NA,NA,NA,NA,NA,NA,NA,NA,NA,NA,NA,NA,NA,NA,NA,"established"
"793",1,"KL22MI0363","A","SOUTH LAKE MINE","MI",8,4,1.81e-06,0,0,"JH3521",2022,NA,-5.742553881,1,NA,0.0644014288701368,6.05525241545894,NA,-1.18441276324092,"Y","2022-11-10",0,1,1,"KL23MI0163","MI",4,"A",1,0.004686572,1,NA,-2.329144683,1,NA,0.00997954002643393,2.69342148421484,NA,-1.95941585370796,"Y","2023-03-03",0,1,"established"
"794",1,"KL23MI0417","A","SOUTH LAKE MINE","MI",9,4,1.76e-06,0,0,"JH3521",2023,NA,-5.754039652,1,NA,0.0135212533500976,6.10058987341772,NA,-1.83799589744171,"Y","2023-11-11",0,1,NA,NA,NA,NA,NA,NA,NA,NA,NA,NA,NA,NA,NA,NA,NA,NA,NA,NA,NA,NA,NA
"795",0,"KL24MI0283","A","SOUTH LAKE MINE","MI",10,4,7.97e-05,0,0,"JH3521",2024,NA,-4.098375258,1,NA,0.00517480975064804,7.83768518518518,99.5132279983894,-2.20937641871875,"Y","2024-11-14",0,1,NA,NA,NA,NA,NA,NA,NA,NA,NA,NA,NA,NA,NA,NA,NA,NA,NA,NA,NA,NA,NA
"796",1,"KL21MI0547","A","SOUTH LAKE MINE","MI",7,5,5.04e-05,0,0,"JH3523",2021,NA,-4.297684999,1,NA,0,6.34147435897436,100,-3,"N","2021-11-11",1,1,1,"KL22MI0173","MI",5,"E",1,0.005893235,1,1.84,-2.229646274,1,0.0244744995573694,0.0100965266698631,1.93022471910112,98.5578965198384,-1.95481293870593,"Y","2022-03-07",0,1,"established"
"797",1,"KL22MI0427","E","SOUTH LAKE MINE","MI",8,5,1.81e-05,0,0,"JH3523",2022,NA,-4.741239473,1,NA,0.00594960732699145,4.27442792557816,NA,-2.15803973361688,"Y","2022-11-10",0,1,1,"KL23MI0164","MI",5,"A",1,0.038053613,1,NA,-1.419604106,1,NA,0.00997954002643393,2.69342148421484,NA,-1.95941585370796,"Y","2023-03-03",0,1,"established"
"798",0,"KL24MI0342","G","SOUTH LAKE MINE","MI",10,5,7.46e-05,0,0,"JH3523",2024,NA,-4.127234679,1,NA,0.001222117180895,4.9173023255814,99.8586669006057,-2.65323304275149,"Y","2024-11-14",0,1,NA,NA,NA,NA,NA,NA,NA,NA,NA,NA,NA,NA,NA,NA,NA,NA,NA,NA,NA,NA,NA
"799",0,"KL21MI0548","A","SOUTH LAKE MINE","MI",7,0,2.6e-05,0,0,"JH3524",2021,NA,-4.585573742,1,NA,0,6.34147435897436,100,-3,"N","2021-11-11",1,0,NA,NA,NA,NA,NA,NA,NA,NA,NA,NA,NA,NA,NA,NA,NA,NA,NA,NA,NA,NA,"established"
"800",0,"KL21MI0549","A","SOUTH LAKE MINE","MI",7,0,0.000106675,0,0,"JH3525",2021,NA,-3.971936632,1,NA,0,6.34147435897436,100,-3,"N","2021-11-11",1,0,NA,NA,NA,NA,NA,NA,NA,NA,NA,NA,NA,NA,NA,NA,NA,NA,NA,NA,NA,NA,"established"
"801",0,"KL21MI0550","A","SOUTH LAKE MINE","MI",7,0,0.000104925,0,0,"JH3526",2021,NA,-3.979120349,1,NA,0,6.34147435897436,100,-3,"N","2021-11-11",1,0,NA,NA,NA,NA,NA,NA,NA,NA,NA,NA,NA,NA,NA,NA,NA,NA,NA,NA,NA,NA,"established"
"802",1,"KL21MI0551","C","SOUTH LAKE MINE","MI",7,2,1.11e-05,0,0,"JH3527",2021,NA,-4.95654007,1,NA,0.00850352340605669,2.95212903225806,98.868591186474,-2.02211535133064,"N","2021-11-11",1,1,NA,NA,NA,NA,NA,NA,NA,NA,NA,NA,NA,NA,NA,NA,NA,NA,NA,NA,NA,NA,"established"
"803",1,"KL23MI0421","C","SOUTH LAKE MINE","MI",9,2,6.32e-05,0,0,"JH3527",2023,NA,-4.199550935,1,NA,0.00659390480705383,3.14812658227848,99.1334713896834,-2.11953485123498,"Y","2023-11-11",0,1,NA,NA,NA,NA,NA,NA,NA,NA,NA,NA,NA,NA,NA,NA,NA,NA,NA,NA,NA,NA,NA
"804",0,"KL24MI0308","D","SOUTH LAKE MINE","MI",10,2,0.000194549,0,0,"JH3527",2024,NA,-3.710972057,1,NA,0.00312425048241788,3.63358912386707,99.687368487526,-2.38465496612654,"Y","2024-11-14",0,1,NA,NA,NA,NA,NA,NA,NA,NA,NA,NA,NA,NA,NA,NA,NA,NA,NA,NA,NA,NA,NA
"805",0,"KL21MI0556","C","SOUTH LAKE MINE","MI",7,0,5.92e-05,0,0,"JH3529",2021,NA,-4.227404383,1,NA,0.00850352340605669,2.95212903225806,98.868591186474,-2.02211535133064,"N","2021-11-11",1,0,NA,NA,NA,NA,NA,NA,NA,NA,NA,NA,NA,NA,NA,NA,NA,NA,NA,NA,NA,NA,"established"
"806",1,"KL21MI0559","C","SOUTH LAKE MINE","MI",7,3,0.001406128,0,0,"JH3530",2021,NA,-2.851975224,1,NA,0.00850352340605669,2.95212903225806,98.868591186474,-2.02211535133064,"N","2021-11-11",1,1,1,"KL22MI0158","MI",3,"A",1,0.000584823,1,1.37,-3.232975591,1,0.127240635741291,0.0574124491114707,1.7945641025641,91.6879918336266,-1.23349458432187,"Y","2022-03-07",0,1,"established"
"807",0,"KL24MI0307","E","SOUTH LAKE MINE","MI",10,3,0.016373035,0,0,"JH3530",2024,NA,-1.78587082,1,NA,0.00511715005971735,4.98,99.413174949149,-2.21345086570003,"Y","2024-11-14",0,1,NA,NA,NA,NA,NA,NA,NA,NA,NA,NA,NA,NA,NA,NA,NA,NA,NA,NA,NA,NA,NA
"808",0,"KL21MI0560","C","SOUTH LAKE MINE","MI",7,0,0.000119961,0,0,"JH3531",2021,NA,-3.920959935,1,NA,0.00850352340605669,2.95212903225806,98.868591186474,-2.02211535133064,"N","2021-11-11",1,0,NA,NA,NA,NA,NA,NA,NA,NA,NA,NA,NA,NA,NA,NA,NA,NA,NA,NA,NA,NA,"established"
"809",0,"KL24MI0297","B","SOUTH LAKE MINE","MI",10,1,0.00063133,0,0,"JH3534",2024,NA,-3.199743558,1,NA,0.00312425048241788,4.6037191011236,99.687368487526,-2.38465496612654,"Y","2024-11-14",0,1,NA,NA,NA,NA,NA,NA,NA,NA,NA,NA,NA,NA,NA,NA,NA,NA,NA,NA,NA,NA,NA
"810",0,"KL23MI0413","A","SOUTH LAKE MINE","MI",9,0,2.83e-05,0,0,"JH3535",2023,NA,-4.548282518,1,NA,0.0135212533500976,6.10058987341772,NA,-1.83799589744171,"Y","2023-11-11",1,0,NA,NA,NA,NA,NA,NA,NA,NA,NA,NA,NA,NA,NA,NA,NA,NA,NA,NA,NA,NA,NA
"811",0,"KL22MI0429","E","SOUTH LAKE MINE","MI",8,1,4.04e-05,0,0,"JH3536",2022,NA,-4.394123798,1,NA,0.00594960732699145,4.27442792557816,NA,-2.15803973361688,"Y","2022-11-10",0,1,NA,NA,NA,NA,NA,NA,NA,NA,NA,NA,NA,NA,NA,NA,NA,NA,NA,NA,NA,NA,"established"
"812",1,"KL22MI0428","E","SOUTH LAKE MINE","MI",8,2,2.78e-05,1,1,"JH3537",2022,NA,-4.556120619,1,NA,0.00594960732699145,4.27442792557816,NA,-2.15803973361688,"Y","2022-11-10",0,1,NA,NA,NA,NA,NA,NA,NA,NA,NA,NA,NA,NA,NA,NA,NA,NA,NA,NA,NA,NA,"established"
"813",0,"KL24MI0344","G","SOUTH LAKE MINE","MI",10,2,0.000104331,0,0,"JH3537",2024,NA,-3.981587201,1,NA,0.001222117180895,4.9173023255814,99.8586669006057,-2.65323304275149,"Y","2024-11-14",0,1,NA,NA,NA,NA,NA,NA,NA,NA,NA,NA,NA,NA,NA,NA,NA,NA,NA,NA,NA,NA,NA
"814",1,"KL22MI0430","E","SOUTH LAKE MINE","MI",8,1,0.000174345,0,0,"JH3539",2022,NA,-3.758589949,1,NA,0.00594960732699145,4.27442792557816,NA,-2.15803973361688,"Y","2022-11-10",1,1,NA,NA,NA,NA,NA,NA,NA,NA,NA,NA,NA,NA,NA,NA,NA,NA,NA,NA,NA,NA,"established"
"815",0,"KL24MI0339","G","SOUTH LAKE MINE","MI",10,1,0.000164281,NA,NA,"JH3539",2024,NA,-3.784412489,1,NA,0.001222117180895,4.9173023255814,99.8586669006057,-2.65323304275149,"Y","2024-11-14",0,1,NA,NA,NA,NA,NA,NA,NA,NA,NA,NA,NA,NA,NA,NA,NA,NA,NA,NA,NA,NA,NA
"816",1,"KL22MI0431","E","SOUTH LAKE MINE","MI",8,1,4.13e-05,0,0,"JH3541",2022,NA,-4.384129193,1,NA,0.00594960732699145,4.27442792557816,NA,-2.15803973361688,"Y","2022-11-10",1,1,NA,NA,NA,NA,NA,NA,NA,NA,NA,NA,NA,NA,NA,NA,NA,NA,NA,NA,NA,NA,"established"
"817",0,"KL24MI0341","G","SOUTH LAKE MINE","MI",10,1,0.000374146,0,0,"JH3541",2024,NA,-3.426958688,1,NA,0.001222117180895,4.9173023255814,99.8586669006057,-2.65323304275149,"Y","2024-11-14",0,1,NA,NA,NA,NA,NA,NA,NA,NA,NA,NA,NA,NA,NA,NA,NA,NA,NA,NA,NA,NA,NA
"818",0,"KL21MI0552","C","SOUTH LAKE MINE","MI",7,0,5.75e-05,0,0,"JH3545",2021,NA,-4.240562603,1,NA,0.00850352340605669,2.95212903225806,98.868591186474,-2.02211535133064,"N","2021-11-11",1,0,NA,NA,NA,NA,NA,NA,NA,NA,NA,NA,NA,NA,NA,NA,NA,NA,NA,NA,NA,NA,"established"
"819",1,"KL22MI0426","E","SOUTH LAKE MINE","MI",8,1,7.58e-05,0,0,"JH3548",2022,NA,-4.120071448,1,NA,0.00594960732699145,4.27442792557816,NA,-2.15803973361688,"Y","2022-11-10",1,1,0,"KL23MI0182","MI",1,"C",1,0.012088288,1,NA,-1.917635208,1,NA,0.00804168747684151,-1.1458064516129,NA,-2.04375050829806,"Y","2023-03-03",0,1,"established"
"820",0,"KL22MI0425","E","SOUTH LAKE MINE","MI",8,1,0.007523782,0,0,"JH3549",2022,NA,-2.123563806,1,NA,0.00594960732699145,4.27442792557816,NA,-2.15803973361688,"Y","2022-11-10",0,1,NA,NA,NA,NA,NA,NA,NA,NA,NA,NA,NA,NA,NA,NA,NA,NA,NA,NA,NA,NA,"established"
"821",1,"KL21WI1828","HR","MARIBEL","WI",6,4,0.00174113,0,0,"JH3551",2021,NA,-2.759168819,1,NA,0.00727119348414132,10.0884795381818,NA,-2.08243181980906,"Y","2021-11-15",1,1,1,"KL22MI0157","MI",4,"A",1,0.001430755,1,1.37,-2.844434626,1,0.127240635741291,0.0574124491114707,1.7945641025641,91.6879918336266,-1.23349458432187,"Y","2022-03-07",0,1,"established"
"822",1,"KL22MI0369","B","SOUTH LAKE MINE","MI",8,4,8.44e-06,0,0,"JH3551",2022,NA,-5.073575264,1,NA,0.0207157199272421,4.6037191011236,NA,-1.66322576817853,"Y","2022-11-10",0,1,1,"KL23MI0171","MI",4,"B",1,0.009701356,1,NA,-2.013167559,1,NA,0.018140188209247,3.58778260869565,NA,-1.71805379603485,"Y","2023-03-03",0,1,"established"
"823",0,"KL24MI0294","B","SOUTH LAKE MINE","MI",10,4,0.000129474,0,0,"JH3551",2024,NA,-3.887815784,1,NA,0.00312425048241788,4.6037191011236,99.687368487526,-2.38465496612654,"Y","2024-11-14",0,1,NA,NA,NA,NA,NA,NA,NA,NA,NA,NA,NA,NA,NA,NA,NA,NA,NA,NA,NA,NA,NA
"824",1,"KL22MI0420","K","SOUTH LAKE MINE","MI",8,4,1.75e-05,0,0,"JH3553",2022,NA,-4.756313211,1,NA,0.011334975335417,5.98452282157676,98.7852341268394,-1.90886171457335,"Y","2022-11-10",0,1,1,"KL23MI0165","MI",4,"A",1,0.007849281,1,NA,-2.10517014,1,NA,0.00997954002643393,2.69342148421484,NA,-1.95941585370796,"Y","2023-03-03",0,1,"established"
"825",1,"KL24MI0322","K","SOUTH LAKE MINE","MI",10,4,0.000267251,0,0,"JH3553",2024,NA,-3.573081307,1,NA,0.0093098843532026,5.94492969870875,99.687368487526,-1.9867462062051,"Y","2024-11-14",0,1,0,"KL25MI0005","MI",4,"A",1,0.004851764,1,NA,-2.314100294,1,NA,0.0452125888102781,3.16055769230769,94.0744877971827,-1.335239701801,"Y","2025-03-12",0,1,NA
"826",1,"KL22MI0417","K","SOUTH LAKE MINE","MI",8,2,1.37e-05,0,0,"JH3554",2022,NA,-4.862242359,1,NA,0.011334975335417,5.98452282157676,98.7852341268394,-1.90886171457335,"Y","2022-11-10",0,1,NA,NA,NA,NA,NA,NA,NA,NA,NA,NA,NA,NA,NA,NA,NA,NA,NA,NA,NA,NA,"established"
"827",0,"KL24MI0324","K","SOUTH LAKE MINE","MI",10,2,9.37e-05,1,1,"JH3554",2024,NA,-4.028290075,1,NA,0.0093098843532026,5.94492969870875,99.687368487526,-1.9867462062051,"Y","2024-11-14",0,1,NA,NA,NA,NA,NA,NA,NA,NA,NA,NA,NA,NA,NA,NA,NA,NA,NA,NA,NA,NA,NA
"828",1,"KL22MI0421","K","SOUTH LAKE MINE","MI",8,3,4.98e-05,0,0,"JH3555",2022,NA,-4.302672533,1,NA,0.011334975335417,5.98452282157676,98.7852341268394,-1.90886171457335,"Y","2022-11-10",0,1,1,"KL23MI0170","MI",3,"B",1,0.023873244,1,NA,-1.62208856,1,NA,0.018140188209247,3.58778260869565,NA,-1.71805379603485,"Y","2023-03-03",0,1,"established"
"829",0,"KL24MI0320","K","SOUTH LAKE MINE","MI",10,3,0.001821544,1,1,"JH3555",2024,NA,-2.739560382,1,NA,0.0093098843532026,5.94492969870875,99.687368487526,-1.9867462062051,"Y","2024-11-14",0,1,NA,NA,NA,NA,NA,NA,NA,NA,NA,NA,NA,NA,NA,NA,NA,NA,NA,NA,NA,NA,NA
"830",1,"KL22MI0422","K","SOUTH LAKE MINE","MI",8,5,0.000553824,0,0,"JH3556",2022,NA,-3.256627888,1,NA,0.011334975335417,5.98452282157676,98.7852341268394,-1.90886171457335,"Y","2022-11-10",0,1,1,"KL23MI0161","MI",5,"A",0,0.002384055,0,NA,-2.622683697,1,NA,0.00997954002643393,2.69342148421484,NA,-1.95941585370796,"Y","2023-03-03",0,1,"established"
"831",1,"KL24MI0327","K","SOUTH LAKE MINE","MI",10,5,2.17e-05,0,0,"JH3556",2024,NA,-4.662619345,1,NA,0.0093098843532026,5.94492969870875,99.687368487526,-1.9867462062051,"Y","2024-11-14",0,1,0,"KL25MI0053","MI",5,"K",0,6.58e-05,0,NA,-4.181993445,1,NA,0.0784042011606351,5.61874838709677,91.3905483876609,-1.10015651907651,"Y","2025-03-12",0,1,NA
"832",0,"KL24MI0325","K","SOUTH LAKE MINE","MI",10,1,8.04e-05,0,0,"JH3558",2024,NA,-4.094638728,1,NA,0.0093098843532026,5.94492969870875,99.687368487526,-1.9867462062051,"Y","2024-11-14",0,1,NA,NA,NA,NA,NA,NA,NA,NA,NA,NA,NA,NA,NA,NA,NA,NA,NA,NA,NA,NA,NA
"833",0,"KL21MI0643","A","MEAD MINE","MI",NA,0,0.008014256,1,1,"JH3562",2021,7.98,-2.096136771,1,0.023803316942261,0.00901264849628199,7.35294964028777,99.1226466387956,-1.99945102989521,"N","2021-11-13",1,0,NA,NA,NA,NA,NA,NA,NA,NA,NA,NA,NA,NA,NA,NA,NA,NA,NA,NA,NA,NA,NA
"834",1,"KL21MI0646","A","MEAD MINE","MI",NA,1,0.122819529,1,1,"JH3563",2021,8.19,-0.910732571,1,0.0477943749904179,0.00901264849628199,7.35294964028777,99.1226466387956,-1.99945102989521,"N","2021-11-13",1,1,0,"KL22MI0280","MI",1,"A",1,0.011677432,1,7.85,-1.932652637,1,0.0181393404948436,0.00739583044993687,7.35901639344262,99.2800329609274,-2.07593634038506,"Y","2022-03-08",0,1,NA
"835",0,"KL21MI0649","A","MEAD MINE","MI",NA,0,0.043388382,1,1,"JH3564",2021,8.23,-1.362626547,1,0.0352387646342742,0.00901264849628199,7.35294964028777,99.1226466387956,-1.99945102989521,"N","2021-11-13",1,0,NA,NA,NA,NA,NA,NA,NA,NA,NA,NA,NA,NA,NA,NA,NA,NA,NA,NA,NA,NA,NA
"836",0,"KL21MI0652","A","MEAD MINE","MI",NA,0,0.014566511,0,0,"JH3565",2021,8.23,-1.836644467,1,0.0352387646342742,0.00901264849628199,7.35294964028777,99.1226466387956,-1.99945102989521,"N","2021-11-13",1,0,NA,NA,NA,NA,NA,NA,NA,NA,NA,NA,NA,NA,NA,NA,NA,NA,NA,NA,NA,NA,NA
"837",0,"KL21MI0653","A","MEAD MINE","MI",NA,0,0.013174255,0,0,"JH3566",2021,7.93,-1.880273945,1,0.0237656008143836,0.00901264849628199,7.35294964028777,99.1226466387956,-1.99945102989521,"N","2021-11-13",1,0,NA,NA,NA,NA,NA,NA,NA,NA,NA,NA,NA,NA,NA,NA,NA,NA,NA,NA,NA,NA,NA
"838",0,"KL21MI0656","A","MEAD MINE","MI",NA,0,0.016765442,1,1,"JH3567",2021,7.42,-1.775584985,1,0.00551406558463398,0.00901264849628199,7.35294964028777,99.1226466387956,-1.99945102989521,"N","2021-11-13",1,0,NA,NA,NA,NA,NA,NA,NA,NA,NA,NA,NA,NA,NA,NA,NA,NA,NA,NA,NA,NA,NA
"839",0,"KL21MI0659","A","MEAD MINE","MI",NA,0,0.024235374,0,0,"JH3568",2021,7.42,-1.615550271,1,0.00551406558463398,0.00901264849628199,7.35294964028777,99.1226466387956,-1.99945102989521,"N","2021-11-13",1,0,NA,NA,NA,NA,NA,NA,NA,NA,NA,NA,NA,NA,NA,NA,NA,NA,NA,NA,NA,NA,NA
"840",0,"KL21MI0660","A","MEAD MINE","MI",NA,0,0.01677229,1,1,"JH3569",2021,8.15,-1.775407638,1,0.0365492241534417,0.00901264849628199,7.35294964028777,99.1226466387956,-1.99945102989521,"N","2021-11-13",1,0,NA,NA,NA,NA,NA,NA,NA,NA,NA,NA,NA,NA,NA,NA,NA,NA,NA,NA,NA,NA,NA
"841",1,"KL21MI0663","A","MEAD MINE","MI",NA,1,0.008830105,NA,NA,"JH3570",2021,8.02,-2.054034133,1,0.0056196543353767,0.00901264849628199,7.35294964028777,99.1226466387956,-1.99945102989521,"N","2021-11-13",1,1,0,"KL22MI0315","MI",1,"B",1,0.00115003,2,8.19,-2.939291006,1,0.011293003398238,0.0119092956703165,7.50377049180328,98.8520791925528,-1.88909745214407,"Y","2022-03-08",0,1,NA
"842",0,"KL21MI0664","A","MEAD MINE","MI",NA,0,0.024810929,0,0,"JH3571",2021,8.32,-1.605356982,1,0.0297048142517212,0.00901264849628199,7.35294964028777,99.1226466387956,-1.99945102989521,"N","2021-11-13",1,0,NA,NA,NA,NA,NA,NA,NA,NA,NA,NA,NA,NA,NA,NA,NA,NA,NA,NA,NA,NA,NA
"843",1,"KL21MI0665","A","MEAD MINE","MI",NA,1,0.258542192,1,1,"JH3572",2021,8.19,-0.587468574,1,0.0239627650601215,0.00901264849628199,7.35294964028777,99.1226466387956,-1.99945102989521,"N","2021-11-13",1,1,0,"KL22MI0312","MI",1,"B",1,0.000314929,2,8.32,-3.501787984,1,0.00567365681628014,0.0119092956703165,7.50377049180328,98.8520791925528,-1.88909745214407,"Y","2022-03-08",0,1,NA
"844",1,"KL21MI0666","A","MEAD MINE","MI",NA,1,0.107940321,NA,NA,"JH3573",2021,8.49,-0.966816296,1,0.0538958836736213,0.00901264849628199,7.35294964028777,99.1226466387956,-1.99945102989521,"N","2021-11-13",1,1,0,"KL22MI0274","MI",1,"A",1,0.004043822,2,8.88,-2.393207934,1,0.0985980432685672,0.00739583044993687,7.35901639344262,99.2800329609274,-2.07593634038506,"Y","2022-03-08",0,1,NA
"845",1,"KL21MI0667","A","MEAD MINE","MI",NA,1,0.049587095,0,0,"JH3574",2021,8.53,-1.304631336,1,0.0596067982758369,0.00901264849628199,7.35294964028777,99.1226466387956,-1.99945102989521,"N","2021-11-13",1,1,0,"KL22MI0267","MI",1,"A",1,0.00664555,1,7.98,-2.177469042,1,0.0363524581902236,0.00739583044993687,7.35901639344262,99.2800329609274,-2.07593634038506,"Y","2022-03-08",0,1,NA
"846",1,"KL21MI0669","A","MEAD MINE","MI",NA,1,0.030655996,1,1,"JH3575",2021,8.45,-1.513484567,1,0.0481921841320216,0.00901264849628199,7.35294964028777,99.1226466387956,-1.99945102989521,"N","2021-11-13",1,1,0,"KL22MI0302","MI",1,"B",1,0.001205052,1,7.98,-2.918994335,1,0.0307795426760543,0.0119092956703165,7.50377049180328,98.8520791925528,-1.88909745214407,"Y","2022-03-08",0,1,NA
"847",1,"KL21MI0671","B","MEAD MINE","MI",NA,1,0.000117553,0,0,"JH3576",2021,8.45,-3.929767906,1,0.0481921841320216,0.0123365031728333,7.5154347826087,98.8125888666264,-1.87495802737752,"N","2021-11-13",1,1,0,"KL22MI0309","MI",1,"B",0,0.008752083,0,7.81,-2.057888596,1,0,0.0119092956703165,7.50377049180328,98.8520791925528,-1.88909745214407,"Y","2022-03-08",0,1,NA
"848",1,"KL21MI0674","B","MEAD MINE","MI",NA,1,0.030397424,0,0,"JH3577",2021,8.41,-1.517163215,1,0.0424956851260049,0.0123365031728333,7.5154347826087,98.8125888666264,-1.87495802737752,"N","2021-11-13",1,1,0,"KL22MI0282","MI",1,"A",1,0.006217353,1,8.23,-2.206394506,1,0.0478552386136748,0.00739583044993687,7.35901639344262,99.2800329609274,-2.07593634038506,"Y","2022-03-08",0,1,NA
"849",0,"KL21MI0677","B","MEAD MINE","MI",NA,0,0.006023558,1,1,"JH3578",2021,8.62,-2.220146926,1,0.0484551113455121,0.0123365031728333,7.5154347826087,98.8125888666264,-1.87495802737752,"N","2021-11-13",1,0,NA,NA,NA,NA,NA,NA,NA,NA,NA,NA,NA,NA,NA,NA,NA,NA,NA,NA,NA,NA,NA
"850",0,"KL21MI0678","B","MEAD MINE","MI",NA,0,0.003003227,0,0,"JH3579",2021,8.36,-2.522411778,1,0.0353851650332382,0.0123365031728333,7.5154347826087,98.8125888666264,-1.87495802737752,"N","2021-11-13",1,0,NA,NA,NA,NA,NA,NA,NA,NA,NA,NA,NA,NA,NA,NA,NA,NA,NA,NA,NA,NA,NA
"851",1,"KL21MI0681","B","MEAD MINE","MI",NA,1,4.87e-05,0,0,"JH3580",2021,8.36,-4.312749812,1,0.0424278950737424,0.0123365031728333,7.5154347826087,98.8125888666264,-1.87495802737752,"N","2021-11-13",1,1,0,"KL22MI0304","MI",1,"B",1,0.00492343,1,7.89,-2.307732197,1,0,0.0119092956703165,7.50377049180328,98.8520791925528,-1.88909745214407,"Y","2022-03-08",0,1,NA
"852",1,"KL21MI0682","B","MEAD MINE","MI",NA,1,1.86e-05,0,0,"JH3581",2021,8.36,-4.730326457,1,0.0424278950737424,0.0123365031728333,7.5154347826087,98.8125888666264,-1.87495802737752,"N","2021-11-13",1,1,0,"KL22MI0305","MI",1,"B",1,0.008477145,2,7.85,-2.071750374,1,0.00558941259202396,0.0119092956703165,7.50377049180328,98.8520791925528,-1.88909745214407,"Y","2022-03-08",0,1,NA
"853",0,"KL21MI0683","B","MEAD MINE","MI",NA,0,0.141778103,1,1,"JH3582",2021,8.06,-0.848390839,1,0.0238638605538025,0.0123365031728333,7.5154347826087,98.8125888666264,-1.87495802737752,"N","2021-11-13",1,0,NA,NA,NA,NA,NA,NA,NA,NA,NA,NA,NA,NA,NA,NA,NA,NA,NA,NA,NA,NA,NA
"854",0,"KL21MI0684","B","MEAD MINE","MI",NA,0,0.038604768,NA,NA,"JH3583",2021,8.32,-1.413359056,1,0.0367476796138031,0.0123365031728333,7.5154347826087,98.8125888666264,-1.87495802737752,"N","2021-11-13",1,0,NA,NA,NA,NA,NA,NA,NA,NA,NA,NA,NA,NA,NA,NA,NA,NA,NA,NA,NA,NA,NA
"855",0,"KL21MI0685","B","MEAD MINE","MI",NA,0,0.139332913,0,0,"JH3584",2021,8.19,-0.855946283,1,0.0365957671128428,0.0123365031728333,7.5154347826087,98.8125888666264,-1.87495802737752,"N","2021-11-13",1,0,NA,NA,NA,NA,NA,NA,NA,NA,NA,NA,NA,NA,NA,NA,NA,NA,NA,NA,NA,NA,NA
"856",1,"KL21MI0686","B","MEAD MINE","MI",NA,1,0.002975473,0,0,"JH3585",2021,7.93,-2.526443931,1,0.0167892068843625,0.0123365031728333,7.5154347826087,98.8125888666264,-1.87495802737752,"N","2021-11-13",1,1,0,"KL22MI0322","MI",1,"B",0,0.032267482,0,7.85,-1.491234926,1,0.012566075315838,0.0119092956703165,7.50377049180328,98.8520791925528,-1.88909745214407,"Y","2022-03-08",0,1,NA
"857",0,"KL21MI0687","B","MEAD MINE","MI",NA,0,0.106615988,1,1,"JH3586",2021,8.06,-0.972177666,1,0.0294599081017135,0.0123365031728333,7.5154347826087,98.8125888666264,-1.87495802737752,"N","2021-11-13",1,0,NA,NA,NA,NA,NA,NA,NA,NA,NA,NA,NA,NA,NA,NA,NA,NA,NA,NA,NA,NA,NA
"858",0,"KL21MI0688","B","MEAD MINE","MI",NA,0,0.029300591,0,0,"JH3587",2021,8.28,-1.533123625,1,0.0367008315764204,0.0123365031728333,7.5154347826087,98.8125888666264,-1.87495802737752,"N","2021-11-13",1,0,NA,NA,NA,NA,NA,NA,NA,NA,NA,NA,NA,NA,NA,NA,NA,NA,NA,NA,NA,NA,NA
"859",1,"KL21MI0689","B","MEAD MINE","MI",NA,1,0.015719385,0,0,"JH3588",2021,8.02,-1.803564439,1,0.0238335582778137,0.0123365031728333,7.5154347826087,98.8125888666264,-1.87495802737752,"N","2021-11-13",1,1,0,"KL22MI0283","MI",1,"C",1,0.029921925,1,8.45,-1.524010472,1,0.0425500397949967,0.0096525630601267,7.43139344262295,99.0660560767401,-1.97254588622077,"Y","2022-03-08",0,1,NA
"860",1,"KL21MI0690","B","MEAD MINE","MI",NA,1,0.010704076,NA,NA,"JH3589",2021,8.15,-1.970450819,1,0.0365492241534417,0.0123365031728333,7.5154347826087,98.8125888666264,-1.87495802737752,"N","2021-11-13",1,1,0,"KL22MI0276","MI",1,"A",1,0.009456937,1,8.66,-2.024249496,1,0.0612706143987376,0.00739583044993687,7.35901639344262,99.2800329609274,-2.07593634038506,"Y","2022-03-08",0,1,NA
"861",1,"KL21MI0691","B","MEAD MINE","MI",NA,1,0.001267761,1,1,"JH3590",2021,7.93,-2.896962688,1,0.00560361176715918,0.0123365031728333,7.5154347826087,98.8125888666264,-1.87495802737752,"N","2021-11-13",1,1,0,"KL22MI0314","MI",1,"B",1,0.009467162,2,8.15,-2.023780187,1,0.0365492241534417,0.0119092956703165,7.50377049180328,98.8520791925528,-1.88909745214407,"Y","2022-03-08",0,1,NA
"862",1,"KL21MI0692","B","MEAD MINE","MI",NA,1,0.000532588,0,0,"JH3591",2021,8.1,-3.2736083,1,0.0238942238727106,0.0123365031728333,7.5154347826087,98.8125888666264,-1.87495802737752,"N","2021-11-13",1,1,0,"KL22MI0287","MI",1,"C",1,0.022228854,1,8.58,-1.653082927,1,0.0242633825241553,0.0096525630601267,7.43139344262295,99.0660560767401,-1.97254588622077,"Y","2022-03-08",0,1,NA
"863",0,"KL21MI0693","B","MEAD MINE","MI",NA,0,0.0777385,1,1,"JH3592",2021,8.06,-1.109363846,1,0.0238638605538025,0.0123365031728333,7.5154347826087,98.8125888666264,-1.87495802737752,"N","2021-11-13",1,0,NA,NA,NA,NA,NA,NA,NA,NA,NA,NA,NA,NA,NA,NA,NA,NA,NA,NA,NA,NA,NA
"864",1,"KL21MI0694","B","MEAD MINE","MI",NA,1,0.026428806,0,0,"JH3593",2021,8.06,-1.577922451,1,0.0238638605538025,0.0123365031728333,7.5154347826087,98.8125888666264,-1.87495802737752,"N","2021-11-13",1,1,0,"KL22MI0272","MI",1,"A",1,0.009283103,1,8.45,-2.032306818,1,0.0481921841320216,0.00739583044993687,7.35901639344262,99.2800329609274,-2.07593634038506,"Y","2022-03-08",0,1,NA
"865",1,"KL21MI0695","B","MEAD MINE","MI",NA,1,0.0131958,0,0,"JH3594",2021,7.93,-1.879564274,1,0.0167892068843625,0.0123365031728333,7.5154347826087,98.8125888666264,-1.87495802737752,"N","2021-11-13",1,1,0,"KL22MI0268","MI",1,"A",1,0.003104952,2,8.19,-2.507945163,1,0.0295819610963037,0.00739583044993687,7.35901639344262,99.2800329609274,-2.07593634038506,"Y","2022-03-08",0,1,NA
"866",1,"KL21MI0696","B","MEAD MINE","MI",NA,1,0.305449596,1,1,"JH3595",2021,7.93,-0.515060445,1,0.00980158545508666,0.0123365031728333,7.5154347826087,98.8125888666264,-1.87495802737752,"N","2021-11-13",1,1,0,"KL22MI0307","MI",1,"B",1,0.001794331,1,7.76,-2.74609752,1,0.0111398601409117,0.0119092956703165,7.50377049180328,98.8520791925528,-1.88909745214407,"Y","2022-03-08",0,1,NA
"867",1,"KL21MI0697","B","MEAD MINE","MI",NA,1,0.013318431,0,0,"JH3596",2021,7.89,-1.875546923,1,0.0181623385423669,0.0123365031728333,7.5154347826087,98.8125888666264,-1.87495802737752,"N","2021-11-13",1,1,0,"KL22MI0270","MI",1,"A",1,0.007151451,1,8.44,-2.145605844,1,0.0467673848971534,0.00739583044993687,7.35901639344262,99.2800329609274,-2.07593634038506,"Y","2022-03-08",0,1,NA
"868",1,"KL21WI1932","14","NEDA MINE","WI",7,1,0.033779157,0,0,"JH3597",2021,NA,-1.471351188,1,NA,0.0188986821353483,8.01205607476635,98.2467277770573,-1.70117568541434,"N","2021-11-17",1,1,0,"KL22WI0883","WI",1,"14",1,0.124472103,2,4.8,-0.904927972,1,0.0215854475336273,0.016277418474862,4.79724696356275,NA,-1.76252114761387,"Y","2022-03-16",0,1,"established"
"869",1,"KL21WI1935","14","NEDA MINE","WI",7,1,0.000121209,0,0,"JH3598",2021,NA,-3.916463772,1,NA,0.0188986821353483,8.01205607476635,98.2467277770573,-1.70117568541434,"N","2021-11-17",1,1,0,"KL22WI0889","WI",1,"14",1,0.039351021,1,NA,-1.405043996,1,NA,0.016277418474862,4.79724696356275,NA,-1.76252114761387,"Y","2022-03-16",0,1,"established"
"870",1,"KL21WI1940","14","NEDA MINE","WI",7,3,0.01069385,0,0,"JH3599",2021,NA,-1.970865914,1,NA,0.0188986821353483,8.01205607476635,98.2467277770573,-1.70117568541434,"N","2021-11-17",1,1,1,"KL22WI0880","WI",3,"14",0,0.012151276,0,4.8,-1.915378107,1,0.0215854475336273,0.016277418474862,4.79724696356275,NA,-1.76252114761387,"Y","2022-03-16",0,1,"established"
"871",1,"KL23WI1110","14","NEDA MINE","WI",9,3,2.88e-05,0,0,"JH3599",2023,NA,-4.541353019,1,NA,0.0140319857858036,8.02228215767635,98.6914228454141,-1.82298364357477,"Y","2023-11-01",0,1,NA,NA,NA,NA,NA,NA,NA,NA,NA,NA,NA,NA,NA,NA,NA,NA,NA,NA,NA,NA,NA
"872",0,"KL24WI1173","14","NEDA MINE","WI",10,3,7.01e-06,0,0,"JH3599",2024,NA,-5.154215796,1,NA,0.0116174334502264,8.84673076923077,98.9781789422128,-1.89902897724422,"Y","2024-11-07",0,1,NA,NA,NA,NA,NA,NA,NA,NA,NA,NA,NA,NA,NA,NA,NA,NA,NA,NA,NA,NA,NA
"873",0,"KL21WI1943","20","NEDA MINE","WI",7,0,0.001177957,0,0,"JH3600",2021,NA,-2.92887046,1,NA,0.00599769849291022,8.79071942446043,99.4705384086006,-2.15504477372597,"N","2021-11-17",1,0,NA,NA,NA,NA,NA,NA,NA,NA,NA,NA,NA,NA,NA,NA,NA,NA,NA,NA,NA,NA,"established"
"874",0,"KL21IL0545","3","ZIMMERMAN","IL",9,0,6.77e-05,1,1,"JH3601",2021,9.18,-4.16938261,1,0.024737485656743,0.0164071214947153,8.346,98.5069781383316,-1.75927303946956,"N","2021-11-18",1,0,NA,NA,NA,NA,NA,NA,NA,NA,NA,NA,NA,NA,NA,NA,NA,NA,NA,NA,NA,NA,NA
"875",1,"KL21IL0548","3","ZIMMERMAN","IL",9,1,0.00016956,0,0,"JH3602",2021,9.09,-3.770675924,1,0.024665461414174,0.0164071214947153,8.346,98.5069781383316,-1.75927303946956,"N","2021-11-18",1,1,NA,NA,NA,NA,NA,NA,NA,NA,NA,NA,NA,NA,NA,NA,NA,NA,NA,NA,NA,NA,NA
"876",1,"KL21IL0549","3","ZIMMERMAN","IL",9,1,0.013297884,0,0,"JH3603",2021,9.09,-1.876217468,1,0.024665461414174,0.0164071214947153,8.346,98.5069781383316,-1.75927303946956,"N","2021-11-18",1,1,NA,NA,NA,NA,NA,NA,NA,NA,NA,NA,NA,NA,NA,NA,NA,NA,NA,NA,NA,NA,NA
"877",0,"KL21IL0550","3","ZIMMERMAN","IL",9,0,0.007005998,0,0,"JH3604",2021,9.01,-2.154529975,1,0.0188254045246277,0.0164071214947153,8.346,98.5069781383316,-1.75927303946956,"N","2021-11-18",1,0,NA,NA,NA,NA,NA,NA,NA,NA,NA,NA,NA,NA,NA,NA,NA,NA,NA,NA,NA,NA,NA
"878",0,"KL21IL0551","3","ZIMMERMAN","IL",9,0,0.000827742,0,0,"JH3605",2021,9.05,-3.082105133,1,0.0246335542655395,0.0164071214947153,8.346,98.5069781383316,-1.75927303946956,"N","2021-11-18",1,0,NA,NA,NA,NA,NA,NA,NA,NA,NA,NA,NA,NA,NA,NA,NA,NA,NA,NA,NA,NA,NA
"879",0,"KL21IL0552","3","ZIMMERMAN","IL",9,0,0.000201542,0,0,"JH3606",2021,9.05,-3.695634062,1,0.0188497798479636,0.0164071214947153,8.346,98.5069781383316,-1.75927303946956,"N","2021-11-18",1,0,NA,NA,NA,NA,NA,NA,NA,NA,NA,NA,NA,NA,NA,NA,NA,NA,NA,NA,NA,NA,NA
"880",0,"KL21IL0555","3","ZIMMERMAN","IL",9,0,0.000830788,0,0,"JH3607",2021,9.05,-3.080509681,1,0.0188497798479636,0.0164071214947153,8.346,98.5069781383316,-1.75927303946956,"N","2021-11-18",1,0,NA,NA,NA,NA,NA,NA,NA,NA,NA,NA,NA,NA,NA,NA,NA,NA,NA,NA,NA,NA,NA
"881",1,"KL21IL0556","4","ZIMMERMAN","IL",9,1,4.11e-05,0,0,"JH3608",2021,9.18,-4.38638298,1,0.0189293363405512,0,8.60020320855615,NA,-3,"N","2021-11-18",1,1,NA,NA,NA,NA,NA,NA,NA,NA,NA,NA,NA,NA,NA,NA,NA,NA,NA,NA,NA,NA,NA
"882",0,"KL23IL0287","3","ZIMMERMAN","IL",11,1,7.24e-07,0,0,"JH3608",2023,NA,-6.140386862,1,NA,0.0164071214947153,8.346,98.5069781383316,-1.75927303946956,"Y","2023-11-03",0,1,NA,NA,NA,NA,NA,NA,NA,NA,NA,NA,NA,NA,NA,NA,NA,NA,NA,NA,NA,NA,NA
"883",0,"KL21IL0559","4","ZIMMERMAN","IL",9,0,9.18e-05,1,1,"JH3609",2021,9.09,-4.037373822,1,0.024665461414174,0,8.60020320855615,NA,-3,"N","2021-11-18",1,0,NA,NA,NA,NA,NA,NA,NA,NA,NA,NA,NA,NA,NA,NA,NA,NA,NA,NA,NA,NA,NA
"884",0,"KL21IL0560","4","ZIMMERMAN","IL",9,0,0.000449316,0,0,"JH3610",2021,9.52,-3.347448214,1,0.0308774053265604,0,8.60020320855615,NA,-3,"N","2021-11-18",1,0,NA,NA,NA,NA,NA,NA,NA,NA,NA,NA,NA,NA,NA,NA,NA,NA,NA,NA,NA,NA,NA
"885",1,"KL21IL0561","4","ZIMMERMAN","IL",9,1,0.000317232,0,0,"JH3611",2021,9.61,-3.498623428,1,0.0441745758133578,0,8.60020320855615,NA,-3,"N","2021-11-18",1,1,NA,NA,NA,NA,NA,NA,NA,NA,NA,NA,NA,NA,NA,NA,NA,NA,NA,NA,NA,NA,NA
"886",0,"KL22IL0532","9_10","ZIMMERMAN","IL",10,1,2.45e-07,NA,NA,"JH3611",2022,NA,-6.610701761,1,NA,0.0192671518276452,9.63307448768964,NA,-1.6932072790548,"Y","2022-11-04",0,1,NA,NA,NA,NA,NA,NA,NA,NA,NA,NA,NA,NA,NA,NA,NA,NA,NA,NA,NA,NA,NA
"887",0,"KL21IL0562","4","ZIMMERMAN","IL",9,0,0.001070365,0,0,"JH3612",2021,9.56,-2.970468015,1,0.0367824986315002,0,8.60020320855615,NA,-3,"N","2021-11-18",1,0,NA,NA,NA,NA,NA,NA,NA,NA,NA,NA,NA,NA,NA,NA,NA,NA,NA,NA,NA,NA,NA
"888",0,"KL21IL0567","4","ZIMMERMAN","IL",9,0,0.001282784,1,1,"JH3614",2021,9.61,-2.8918465,1,0.0441745758133578,0,8.60020320855615,NA,-3,"N","2021-11-18",1,0,NA,NA,NA,NA,NA,NA,NA,NA,NA,NA,NA,NA,NA,NA,NA,NA,NA,NA,NA,NA,NA
"889",1,"KL21IL0568","4","ZIMMERMAN","IL",9,1,0.000967648,0,0,"JH3615",2021,9.61,-3.014282433,1,0.0441745758133578,0,8.60020320855615,NA,-3,"N","2021-11-18",1,1,0,"KL22IL0195","IL",1,"3B",1,0.009456937,1,5.75,-2.024249496,1,0.0559559151896894,0.0216126060390145,7.15311111111382,NA,-1.64564938355719,"Y","2022-03-15",0,1,NA
"890",0,"KL21IL0569","4","ZIMMERMAN","IL",9,0,0.000417514,0,0,"JH3616",2021,9.56,-3.379328667,1,0.0367824986315002,0,8.60020320855615,NA,-3,"N","2021-11-18",1,0,NA,NA,NA,NA,NA,NA,NA,NA,NA,NA,NA,NA,NA,NA,NA,NA,NA,NA,NA,NA,NA
"891",1,"KL21IL0572","4","ZIMMERMAN","IL",9,1,6.9e-05,0,0,"JH3617",2021,9.69,-4.161039557,1,0.0501622953922181,0,8.60020320855615,NA,-3,"N","2021-11-18",1,1,0,"KL22IL0027","IL",1,"7",1,0.012111081,1,6.9,-1.916817077,1,0.0739993196314233,0.0256991074945247,6.68141700404858,NA,-1.57350325611413,"Y","2022-03-15",0,1,NA
"892",0,"KL21IL0575","4","ZIMMERMAN","IL",9,0,2.39e-05,0,0,"JH3618",2021,9.61,-4.62124574,1,0.0441745758133578,0,8.60020320855615,NA,-3,"N","2021-11-18",1,0,NA,NA,NA,NA,NA,NA,NA,NA,NA,NA,NA,NA,NA,NA,NA,NA,NA,NA,NA,NA,NA
"893",0,"KL21IL0576","4","ZIMMERMAN","IL",9,0,0.000961729,1,1,"JH3619",2021,9.61,-3.016947307,1,0.0383099279728829,0,8.60020320855615,NA,-3,"N","2021-11-18",1,0,NA,NA,NA,NA,NA,NA,NA,NA,NA,NA,NA,NA,NA,NA,NA,NA,NA,NA,NA,NA,NA
"894",0,"KL21IL0577","4","ZIMMERMAN","IL",9,0,0.004312221,0,0,"JH3620",2021,9.61,-2.365299033,1,0.0383099279728829,0,8.60020320855615,NA,-3,"N","2021-11-18",1,0,NA,NA,NA,NA,NA,NA,NA,NA,NA,NA,NA,NA,NA,NA,NA,NA,NA,NA,NA,NA,NA
"895",0,"KL21IL0578","4","ZIMMERMAN","IL",9,0,0.00086676,0,0,"JH3621",2021,9.44,-3.06210091,1,0.0264105152749661,0,8.60020320855615,NA,-3,"N","2021-11-18",1,0,NA,NA,NA,NA,NA,NA,NA,NA,NA,NA,NA,NA,NA,NA,NA,NA,NA,NA,NA,NA,NA
"896",1,"KL21IL0579","4","ZIMMERMAN","IL",9,1,0.001144145,0,0,"JH3622",2021,9.61,-2.94151912,1,0.0383099279728829,0,8.60020320855615,NA,-3,"N","2021-11-18",1,1,0,"KL22IL0183","IL",1,"8",1,6e-06,1,5.53,-5.221818581,1,0.0939356543675636,0.0216126060390145,7.15311111111382,NA,-1.64564938355719,"Y","2022-03-15",0,1,NA
"897",1,"KL21IL0580","7","ZIMMERMAN","IL",9,1,3.22e-05,1,1,"JH3623",2021,9.48,-4.492020721,1,0.03230028646195,0.0253362275549213,8.60777777777778,97.7294419167001,-1.57944643398378,"N","2021-11-18",1,1,0,"KL22IL0144","IL",1,"3B",1,0.016125429,1,5.87,-1.792488717,1,0.0613463208404174,0.0216126060390145,7.15311111111382,NA,-1.64564938355719,"Y","2022-03-15",0,1,NA
"898",0,"KL21IL0581","7","ZIMMERMAN","IL",9,0,0.000123835,0,0,"JH3624",2021,9.35,-3.907156903,1,0.0248744159308629,0.0253362275549213,8.60777777777778,97.7294419167001,-1.57944643398378,"N","2021-11-18",1,0,NA,NA,NA,NA,NA,NA,NA,NA,NA,NA,NA,NA,NA,NA,NA,NA,NA,NA,NA,NA,NA
"899",0,"KL21IL0582","7","ZIMMERMAN","IL",9,0,1.82e-05,0,0,"JH3625",2021,9.35,-4.740351844,1,0.0307069889635304,0.0253362275549213,8.60777777777778,97.7294419167001,-1.57944643398378,"N","2021-11-18",1,0,NA,NA,NA,NA,NA,NA,NA,NA,NA,NA,NA,NA,NA,NA,NA,NA,NA,NA,NA,NA,NA
"900",0,"KL21IL0583","7","ZIMMERMAN","IL",9,0,1.55e-05,0,0,"JH3626",2021,9.22,-4.810780095,1,0.0189539191601683,0.0253362275549213,8.60777777777778,97.7294419167001,-1.57944643398378,"N","2021-11-18",1,0,NA,NA,NA,NA,NA,NA,NA,NA,NA,NA,NA,NA,NA,NA,NA,NA,NA,NA,NA,NA,NA
"901",0,"KL21WI2020","B","BEAR CREEK","WI",6,0,0.0019296,0,0,"JH3630",2021,8.19,-2.714532671,1,0.0239627650601215,0.0127471431109737,7.99421806853583,NA,-1.86178754620122,"N","2021-11-19",1,0,NA,NA,NA,NA,NA,NA,NA,NA,NA,NA,NA,NA,NA,NA,NA,NA,NA,NA,NA,NA,"established"
"902",1,"KL21IL0590","7","ZIMMERMAN","IL",9,2,6.61e-05,0,0,"JH3634",2021,9.22,-4.179766278,1,0.0116735491181551,0.0253362275549213,8.60777777777778,97.7294419167001,-1.57944643398378,"N","2021-11-18",1,1,1,"KL22IL0180","IL",2,"7",1,0.000287803,1,6.13,-3.540905168,1,0.0839784696384903,0.0256991074945247,6.68141700404858,NA,-1.57350325611413,"Y","2022-03-15",0,1,NA
"903",1,"KL21IL0506","7","ZIMMERMAN","IL",9,1,7.08e-05,0,0,"JH3635",2021,9.18,-4.149817765,1,0.0058330388006533,0.0253362275549213,8.60777777777778,97.7294419167001,-1.57944643398378,"N","2021-11-18",1,1,0,"KL22IL0143","IL",1,"14",1,0.091494385,1,6.82,-1.038605559,1,0.0175628699781725,0.00660239312142495,8.96441295546559,NA,-2.11904967668882,"Y","2022-03-15",0,1,NA
"904",1,"KL21IL0507","7","ZIMMERMAN","IL",9,1,0.000121694,0,0,"JH3636",2021,9.18,-3.914731197,1,0.0058330388006533,0.0253362275549213,8.60777777777778,97.7294419167001,-1.57944643398378,"N","2021-11-18",1,1,NA,NA,NA,NA,NA,NA,NA,NA,NA,NA,NA,NA,NA,NA,NA,NA,NA,NA,NA,NA,NA
"905",0,"KL23IL0308","7","ZIMMERMAN","IL",11,1,1.2e-06,0,0,"JH3636",2023,NA,-5.922409191,1,NA,0.0200846635527324,8.95929460580913,98.2422334575192,-1.67603332461628,"Y","2023-11-03",0,1,NA,NA,NA,NA,NA,NA,NA,NA,NA,NA,NA,NA,NA,NA,NA,NA,NA,NA,NA,NA,NA
"906",0,"KL21IL0508","7","ZIMMERMAN","IL",9,0,2.25e-05,0,0,"JH3637",2021,9.18,-4.648202485,1,0.0131135456965126,0.0253362275549213,8.60777777777778,97.7294419167001,-1.57944643398378,"N","2021-11-18",1,0,NA,NA,NA,NA,NA,NA,NA,NA,NA,NA,NA,NA,NA,NA,NA,NA,NA,NA,NA,NA,NA
"907",0,"KL21WI2032","A","BOSCOBEL BEAR","WI",7,0,0.001313022,1,1,"JH3638",2021,NA,-2.881728061,1,NA,0.0108425389998803,7.89134848484848,NA,-1.92655517637793,"N","2021-11-19",1,0,NA,NA,NA,NA,NA,NA,NA,NA,NA,NA,NA,NA,NA,NA,NA,NA,NA,NA,NA,NA,"established"
"908",0,"KL24MI0296","B","SOUTH LAKE MINE","MI",10,1,0.000154706,0,0,"JH3661",2024,NA,-3.810492754,1,NA,0.00312425048241788,4.6037191011236,99.687368487526,-2.38465496612654,"Y","2024-11-14",0,1,NA,NA,NA,NA,NA,NA,NA,NA,NA,NA,NA,NA,NA,NA,NA,NA,NA,NA,NA,NA,NA
"909",1,"KL22MI0351","A","SOUTH LAKE MINE","MI",8,1,1.46e-06,0,0,"JH3664",2022,NA,-5.837014379,1,NA,0.0644014288701368,6.05525241545894,NA,-1.18441276324092,"N","2022-11-10",1,1,NA,NA,NA,NA,NA,NA,NA,NA,NA,NA,NA,NA,NA,NA,NA,NA,NA,NA,NA,NA,"established"
"910",0,"KL24MI0299","B","SOUTH LAKE MINE","MI",10,1,0.0001558,0,0,"JH3664",2024,NA,-3.807432545,1,NA,0.00312425048241788,4.6037191011236,99.687368487526,-2.38465496612654,"Y","2024-11-14",0,1,NA,NA,NA,NA,NA,NA,NA,NA,NA,NA,NA,NA,NA,NA,NA,NA,NA,NA,NA,NA,NA
"911",1,"KL22MI0354","A","SOUTH LAKE MINE","MI",8,1,1.91e-06,0,0,"JH3665",2022,NA,-5.718525903,1,NA,0.0644014288701368,6.05525241545894,NA,-1.18441276324092,"N","2022-11-10",1,1,NA,NA,NA,NA,NA,NA,NA,NA,NA,NA,NA,NA,NA,NA,NA,NA,NA,NA,NA,NA,"established"
"912",0,"KL24MI0304","E","SOUTH LAKE MINE","MI",10,1,0.000829595,0,0,"JH3665",2024,NA,-3.081133631,1,NA,0.00511715005971735,4.98,99.413174949149,-2.21345086570003,"Y","2024-11-14",0,1,NA,NA,NA,NA,NA,NA,NA,NA,NA,NA,NA,NA,NA,NA,NA,NA,NA,NA,NA,NA,NA
"913",1,"KL22MI0357","A","SOUTH LAKE MINE","MI",8,1,0.00020926,0,0,"JH3666",2022,NA,-3.679312937,1,NA,0.0644014288701368,6.05525241545894,NA,-1.18441276324092,"N","2022-11-10",1,1,0,"KL23MI0162","MI",1,"A",1,0.032949355,1,NA,-1.482153081,1,NA,0.00997954002643393,2.69342148421484,NA,-1.95941585370796,"Y","2023-03-03",0,1,"established"
"914",1,"KL22MI0373","C","SOUTH LAKE MINE","MI",8,1,0.002895415,0,0,"JH3669",2022,NA,-2.538289253,1,NA,0.00536060946186449,3.27470833333333,99.3045398542561,-2.19650126906174,"N","2022-11-10",1,1,NA,NA,NA,NA,NA,NA,NA,NA,NA,NA,NA,NA,NA,NA,NA,NA,NA,NA,NA,NA,"established"
"915",0,"KL24MI0337","G","SOUTH LAKE MINE","MI",10,1,0.000974978,1,1,"JH3669",2024,NA,-3.011005314,1,NA,0.001222117180895,4.9173023255814,99.8586669006057,-2.65323304275149,"Y","2024-11-14",0,1,NA,NA,NA,NA,NA,NA,NA,NA,NA,NA,NA,NA,NA,NA,NA,NA,NA,NA,NA,NA,NA
"916",1,"KL22MI0447","10 to 15","TAYLOR MINE","MI",7,1,1.09e-05,0,0,"JH3671",2022,NA,-4.963712704,1,NA,0.0142089671810034,6.95856548856549,NA,-1.81790027725672,"N","2022-11-10",1,1,0,"KL23MI0001","MI",1,"0 to 5",1,0.002358782,1,NA,-2.627312225,1,NA,0.0184782807128241,5.56125252525252,97.9258743464042,-1.71044937958706,"Y","2023-03-01",0,1,"established"
"917",1,"KL22MI0450","10 to 15","TAYLOR MINE","MI",7,3,0.000978871,0,0,"JH3672",2022,NA,-3.009274447,1,NA,0.0142089671810034,6.95856548856549,NA,-1.81790027725672,"N","2022-11-10",1,1,1,"KL23MI0036","MI",3,"15 to 20",0,0.013632328,0,NA,-1.865429972,1,NA,0.0068342891863462,5.59399193548387,99.2502785151233,-2.10600040142277,"Y","2023-03-01",0,1,"established"
"918",1,"KL23MI0302","10 to 15","TAYLOR MINE","MI",8,3,1.82e-06,0,0,"JH3672",2023,NA,-5.739816574,1,NA,0.00691800453734487,6.98169554455446,NA,-2.101384253715,"Y","2023-11-10",0,1,0,"KL24MI0146","MI",3,"19.2",1,0.00219103,1,NA,-2.659351736,1,NA,0.0092996060195015,5.76979459459459,NA,-1.98717938760832,"Y","2024-02-29",0,1,"established"
"919",1,"KL22MI0457","10 to 15","TAYLOR MINE","MI",7,1,0.000331084,0,0,"JH3673",2022,NA,-3.480061264,1,NA,0.0142089671810034,6.95856548856549,NA,-1.81790027725672,"N","2022-11-10",1,1,0,"KL23MI0031","MI",1,"10 to 15",1,0.006777032,1,NA,-2.168960473,1,NA,0.0184782807128241,5.56125252525252,97.9258743464042,-1.71044937958706,"Y","2023-03-01",0,1,"established"
"920",1,"KL22MI0458","10 to 15","TAYLOR MINE","MI",7,2,9.02e-06,0,0,"JH3674",2022,NA,-5.044683655,1,NA,0.0142089671810034,6.95856548856549,NA,-1.81790027725672,"N","2022-11-10",1,1,1,"KL23MI0028","MI",2,"10 to 15",1,0.028276454,1,NA,-1.548575055,1,NA,0.0184782807128241,5.56125252525252,97.9258743464042,-1.71044937958706,"Y","2023-03-01",0,1,"established"
"921",1,"KL22MI0459","10 to 15","TAYLOR MINE","MI",7,3,2.08e-05,0,0,"JH3675",2022,NA,-4.682063157,1,NA,0.0142089671810034,6.95856548856549,NA,-1.81790027725672,"N","2022-11-10",1,1,1,"KL23MI0021","MI",3,"10 to 15",1,0.003121341,1,NA,-2.505658831,1,NA,0.0184782807128241,5.56125252525252,97.9258743464042,-1.71044937958706,"Y","2023-03-01",0,1,"established"
"922",1,"KL23MI0312","15 to 20","TAYLOR MINE","MI",8,3,1.21e-06,0,0,"JH3675",2023,NA,-5.918856043,1,NA,0.00903971444859413,6.51924812030075,99.0652055942953,-1.99827863929891,"Y","2023-11-10",0,1,0,"KL24MI0150","MI",3,"19.2",NA,0.003552406,NA,NA,-2.449477347,1,NA,0.0092996060195015,5.76979459459459,NA,-1.98717938760832,"Y","2024-02-29",0,1,"established"
"923",1,"KL22MI0471","10 to 15","TAYLOR MINE","MI",7,4,2.78e-06,0,0,"JH3676",2022,NA,-5.556172488,1,NA,0.0142089671810034,6.95856548856549,NA,-1.81790027725672,"N","2022-11-10",1,1,1,"KL23MI0043","MI",4,"15 to 20",1,0.018160801,1,NA,-1.740865009,1,NA,0.0068342891863462,5.59399193548387,99.2502785151233,-2.10600040142277,"Y","2023-03-01",0,1,"established"
"924",1,"KL23MI0300","10 to 15","TAYLOR MINE","MI",8,4,0.000923241,0,0,"JH3676",2023,NA,-3.034684925,1,NA,0.00691800453734487,6.98169554455446,NA,-2.101384253715,"Y","2023-11-10",0,1,1,"KL24MI0113","MI",4,"10 to 15",1,0.000984123,1,NA,-3.006950819,1,NA,0.0092996060195015,5.76979459459459,NA,-1.98717938760832,"Y","2024-02-29",0,1,"established"
"925",1,"KL22MI0475","15 to 20","TAYLOR MINE","MI",7,5,1.12e-05,0,0,"JH3677",2022,NA,-4.952310387,1,NA,0.00903971444859413,6.51924812030075,99.0652055942953,-1.99827863929891,"N","2022-11-10",1,1,1,"KL23MI0026","MI",5,"10 to 15",0,0.000305141,0,NA,-3.515499636,1,NA,0.0184782807128241,5.56125252525252,97.9258743464042,-1.71044937958706,"Y","2023-03-01",0,1,"established"
"926",1,"KL23MI0316","15 to 20","TAYLOR MINE","MI",8,5,0.000211451,0,0,"JH3677",2023,NA,-3.674789327,1,NA,0.00903971444859413,6.51924812030075,99.0652055942953,-1.99827863929891,"Y","2023-11-10",0,1,1,"KL24MI0112","MI",5,"10 to 15",0,0.001162753,0,NA,-2.934512548,1,NA,0.0092996060195015,5.76979459459459,NA,-1.98717938760832,"Y","2024-02-29",0,1,"established"
"927",1,"KL24MI0460","18.6","TAYLOR MINE","MI",9,5,0.000350834,0,0,"JH3677",2024,NA,-3.454898085,1,NA,0.0121443386066422,7.25776817138485,NA,-1.88126126172287,"Y","2024-11-14",0,1,0,"KL25MI0106","MI",5,"15 to 20",0,0.017519973,0,NA,-1.756466559,1,NA,0.0068342891863462,5.59399193548387,99.2502785151233,-2.10600040142277,"Y","2025-03-12",0,1,NA
"928",1,"KL22MI0483","15 to 20","TAYLOR MINE","MI",7,3,1.87e-05,0,0,"JH3678",2022,NA,-4.728662251,1,NA,0.00903971444859413,6.51924812030075,99.0652055942953,-1.99827863929891,"N","2022-11-10",1,1,1,"KL23MI0033","MI",3,"15 to 20",1,0.000625918,1,NA,-3.20348233,1,NA,0.0068342891863462,5.59399193548387,99.2502785151233,-2.10600040142277,"Y","2023-03-01",0,1,"established"
"929",1,"KL23MI0283","10 to 15","TAYLOR MINE","MI",8,3,7e-06,0,0,"JH3678",2023,NA,-5.154916601,1,NA,0.00691800453734487,6.98169554455446,NA,-2.101384253715,"Y","2023-11-10",0,1,0,"KL24MI0131","MI",3,"16.7",1,0.001810286,1,NA,-2.742252857,1,NA,0.0092996060195015,5.76979459459459,NA,-1.98717938760832,"Y","2024-02-29",0,1,"established"
"930",1,"KL22MI0484","15 to 20","TAYLOR MINE","MI",7,1,1.09e-05,0,0,"JH3679",2022,NA,-4.963477543,1,NA,0.00903971444859413,6.51924812030075,99.0652055942953,-1.99827863929891,"N","2022-11-10",1,1,NA,NA,NA,NA,NA,NA,NA,NA,NA,NA,NA,NA,NA,NA,NA,NA,NA,NA,NA,NA,"established"
"931",0,"KL23MI0303","10 to 15","TAYLOR MINE","MI",8,1,1.94e-06,0,0,"JH3679",2023,NA,-5.712420311,1,NA,0.00691800453734487,6.98169554455446,NA,-2.101384253715,"Y","2023-11-10",0,1,NA,NA,NA,NA,NA,NA,NA,NA,NA,NA,NA,NA,NA,NA,NA,NA,NA,NA,NA,NA,"established"
"932",1,"KL22MI0485","15 to 20","TAYLOR MINE","MI",7,5,5.67e-06,0,0,"JH3680",2022,NA,-5.2461406,1,NA,0.00903971444859413,6.51924812030075,99.0652055942953,-1.99827863929891,"N","2022-11-10",1,1,1,"KL23MI0040","MI",5,"15 to 20",1,0.004101426,1,NA,-2.387065102,1,NA,0.0068342891863462,5.59399193548387,99.2502785151233,-2.10600040142277,"Y","2023-03-01",0,1,"established"
"933",1,"KL23MI0290","10 to 15","TAYLOR MINE","MI",8,5,5.45e-07,1,1,"JH3680",2023,NA,-6.263635823,1,NA,0.00691800453734487,6.98169554455446,NA,-2.101384253715,"Y","2023-11-10",0,1,1,"KL24MI0151","MI",5,"19",NA,0.001342661,NA,NA,-2.872033755,1,NA,0.0092996060195015,5.76979459459459,NA,-1.98717938760832,"Y","2024-02-29",0,1,"established"
"934",1,"KL24MI0431","18","TAYLOR MINE","MI",9,5,5.14e-06,0,0,"JH3680",2024,NA,-5.288674406,1,NA,0.0121443386066422,7.25776817138485,NA,-1.88126126172287,"Y","2024-11-14",0,1,0,"KL25MI0090","MI",5,"15 to 20",1,0.00155356,1,NA,-2.808671869,1,NA,0.0068342891863462,5.59399193548387,99.2502785151233,-2.10600040142277,"Y","2025-03-12",0,1,NA
"935",1,"KL22MI0488","20 to 25","TAYLOR MINE","MI",7,1,5.92e-06,0,0,"JH3681",2022,NA,-5.227836078,1,NA,0.0142089671810034,6.95856548856549,NA,-1.81790027725672,"N","2022-11-10",1,1,0,"KL23MI0015","MI",1,"10 to 15",1,0.000674305,1,NA,-3.171143522,1,NA,0.0184782807128241,5.56125252525252,97.9258743464042,-1.71044937958706,"Y","2023-03-01",0,1,"established"
"936",1,"KL22MI0490","20 to 25","TAYLOR MINE","MI",7,4,1.61e-05,0,0,"JH3682",2022,NA,-4.793730029,1,NA,0.0142089671810034,6.95856548856549,NA,-1.81790027725672,"N","2022-11-10",1,1,1,"KL23MI0039","MI",4,"15 to 20",0,0.004851438,0,NA,-2.314129514,1,NA,0.0068342891863462,5.59399193548387,99.2502785151233,-2.10600040142277,"Y","2023-03-01",0,1,"established"
"937",1,"KL24MI0423","10 to 15","TAYLOR MINE","MI",9,4,9.49e-06,0,0,"JH3682",2024,NA,-5.022791294,1,NA,0.0121443386066422,7.25776817138485,NA,-1.88126126172287,"Y","2024-11-14",0,1,0,"KL25MI0082","MI",4,"15 to 20",1,0.004294969,2,NA,-2.367040002,1,NA,0.0068342891863462,5.59399193548387,99.2502785151233,-2.10600040142277,"Y","2025-03-12",0,1,NA
"938",1,"KL22MI0491","20 to 25","TAYLOR MINE","MI",7,3,5.34e-05,0,0,"JH3683",2022,NA,-4.272542606,1,NA,0.0142089671810034,6.95856548856549,NA,-1.81790027725672,"N","2022-11-10",1,1,1,"KL23MI0038","MI",3,"15 to 20",1,0.005490801,1,NA,-2.26036432,1,NA,0.0068342891863462,5.59399193548387,99.2502785151233,-2.10600040142277,"Y","2023-03-01",0,1,"established"
"939",1,"KL23MI0321","15 to 20","TAYLOR MINE","MI",8,3,4.03e-07,0,0,"JH3683",2023,NA,-6.394916875,1,NA,0.00903971444859413,6.51924812030075,99.0652055942953,-1.99827863929891,"Y","2023-11-10",0,1,0,"KL24MI0125","MI",3,"16.5",1,0.009403489,1,NA,-2.026710964,1,NA,0.0092996060195015,5.76979459459459,NA,-1.98717938760832,"Y","2024-02-29",0,1,"established"
"940",1,"KL22MI0498","20 to 25","TAYLOR MINE","MI",7,1,4.97e-06,NA,NA,"JH3684",2022,NA,-5.303388711,1,NA,0.0142089671810034,6.95856548856549,NA,-1.81790027725672,"N","2022-11-10",1,1,0,"KL23MI0041","MI",1,"15 to 20",0,0.001188059,0,NA,-2.925161814,1,NA,0.0068342891863462,5.59399193548387,99.2502785151233,-2.10600040142277,"Y","2023-03-01",0,1,"established"
"941",0,"KL22MI0538","35 to 40","BEATENS CAVE","MI",8,0,1.08e-05,0,0,"JH3686",2022,NA,-4.967504211,1,NA,0.0414613536861847,6.61924170616114,95.7830095525757,-1.37200616445478,"N","2022-11-11",1,0,NA,NA,NA,NA,NA,NA,NA,NA,NA,NA,NA,NA,NA,NA,NA,NA,NA,NA,NA,NA,"established"
"942",0,"KL22MI0561","25 to 30","MASS C","MI",8,0,1.71e-05,0,0,"JH3687",2022,NA,-4.767845008,1,NA,0.0311979292405735,6.1290625,NA,-1.49217205837593,"N","2022-11-11",1,0,NA,NA,NA,NA,NA,NA,NA,NA,NA,NA,NA,NA,NA,NA,NA,NA,NA,NA,NA,NA,"established"
"943",1,"KL22MI0572","40 to 45","MASS C","MI",8,1,9.8e-05,0,0,"JH3688",2022,NA,-4.008909599,1,NA,0.0311979292405735,6.1290625,NA,-1.49217205837593,"N","2022-11-11",1,1,0,"KL23MI0130","MI",1,"15 to 20",1,0.010836145,1,NA,-1.965125195,1,NA,0.0132509908915458,3.78603738525318,NA,-1.84615493749623,"Y","2023-03-01",0,1,"established"
"944",0,"KL22WI1765","D","HORSESHOE BAY","WI",8,0,0.005179641,0,0,"JH3689",2022,NA,-2.285700373,1,NA,0.00512600746514702,9.93302533783784,NA,-2.21282247829827,"N","2022-11-14",1,0,NA,NA,NA,NA,NA,NA,NA,NA,NA,NA,NA,NA,NA,NA,NA,NA,NA,NA,NA,NA,"established"
"945",0,"KL22WI1770","D","HORSESHOE BAY","WI",8,0,1.27e-05,0,0,"JH3690",2022,NA,-4.895205394,1,NA,0.00512600746514702,9.93302533783784,NA,-2.21282247829827,"N","2022-11-14",1,0,NA,NA,NA,NA,NA,NA,NA,NA,NA,NA,NA,NA,NA,NA,NA,NA,NA,NA,NA,NA,"established"
"946",1,"KL22WI1771","D","HORSESHOE BAY","WI",8,1,3.83e-05,0,0,"JH3691",2022,NA,-4.416332594,1,NA,0.00512600746514702,9.93302533783784,NA,-2.21282247829827,"N","2022-11-14",1,1,0,"KL23WI0683","WI",1,"B",1,0.01124927,1,NA,-1.948875666,1,NA,0.00711750722281278,7.63032323232323,99.3269507776963,-2.09057731627432,"Y","2023-03-12",0,1,"established"
"947",1,"KL22WI1774","D","HORSESHOE BAY","WI",8,1,5.73e-06,0,0,"JH3692",2022,NA,-5.241559793,1,NA,0.00512600746514702,9.93302533783784,NA,-2.21282247829827,"Y","2022-11-14",1,1,0,"KL23WI0667","WI",1,"A",1,0.202018654,1,NA,-0.694608528,1,NA,0.00711750722281278,7.63032323232323,99.3269507776963,-2.09057731627432,"Y","2023-03-12",0,1,"established"
"948",1,"KL22WI1776","D","HORSESHOE BAY","WI",8,1,1.92e-05,0,0,"JH3693",2022,NA,-4.716849295,1,NA,0.00512600746514702,9.93302533783784,NA,-2.21282247829827,"N","2022-11-14",1,1,NA,NA,NA,NA,NA,NA,NA,NA,NA,NA,NA,NA,NA,NA,NA,NA,NA,NA,NA,NA,"established"
"949",0,"KL23WI1593","D","HORSESHOE BAY","WI",9,1,3.36e-06,0,0,"JH3693",2023,NA,-5.473490151,1,NA,0.00512600746514702,10.0296585365854,NA,-2.21282247829827,"Y","2023-11-15",0,1,NA,NA,NA,NA,NA,NA,NA,NA,NA,NA,NA,NA,NA,NA,NA,NA,NA,NA,NA,NA,NA
"950",0,"KL22WI1777","D","HORSESHOE BAY","WI",8,0,8.7e-06,0,0,"JH3694",2022,NA,-5.060674157,1,NA,0.00512600746514702,9.93302533783784,NA,-2.21282247829827,"N","2022-11-14",1,0,NA,NA,NA,NA,NA,NA,NA,NA,NA,NA,NA,NA,NA,NA,NA,NA,NA,NA,NA,NA,"established"
"951",0,"KL22WI1779","D","HORSESHOE BAY","WI",8,0,2.87e-06,0,0,"JH3695",2022,NA,-5.542174149,1,NA,0.00512600746514702,9.93302533783784,NA,-2.21282247829827,"N","2022-11-14",1,0,NA,NA,NA,NA,NA,NA,NA,NA,NA,NA,NA,NA,NA,NA,NA,NA,NA,NA,NA,NA,"established"
"952",1,"KL22WI1780","D","HORSESHOE BAY","WI",8,1,6.57e-05,0,0,"JH3696",2022,NA,-4.182545853,1,NA,0.00512600746514702,9.93302533783784,NA,-2.21282247829827,"N","2022-11-14",1,1,0,"KL23WI0672","WI",1,"B",0,0.008527465,0,NA,-2.06918007,1,NA,0.00711750722281278,7.63032323232323,99.3269507776963,-2.09057731627432,"Y","2023-03-12",0,1,"established"
"953",0,"KL24MI0445","16.5","TAYLOR MINE","MI",9,1,1.06e-06,0,0,"JH3697",2024,NA,-5.974856881,1,NA,0.0121443386066422,7.25776817138485,NA,-1.88126126172287,"Y","2024-11-14",0,1,NA,NA,NA,NA,NA,NA,NA,NA,NA,NA,NA,NA,NA,NA,NA,NA,NA,NA,NA,NA,NA
"954",1,"KL23MI0323","15 to 20","TAYLOR MINE","MI",8,4,4.2e-07,0,0,"JH3698",2023,NA,-6.376968216,1,NA,0.00903971444859413,6.51924812030075,99.0652055942953,-1.99827863929891,"Y","2023-11-10",0,1,1,"KL24MI0154","MI",4,"20",NA,0.001564879,NA,NA,-2.805519174,1,NA,0.0092996060195015,5.76979459459459,NA,-1.98717938760832,"Y","2024-02-29",0,1,"established"
"955",1,"KL24MI0438","18","TAYLOR MINE","MI",9,4,2.62e-05,0,0,"JH3698",2024,NA,-4.580996805,1,NA,0.0121443386066422,7.25776817138485,NA,-1.88126126172287,"Y","2024-11-14",0,1,0,"KL25MI0099","MI",4,"15 to 20",1,4.32e-05,2,NA,-4.364690065,1,NA,0.0068342891863462,5.59399193548387,99.2502785151233,-2.10600040142277,"Y","2025-03-12",0,1,NA
"956",1,"KL22WI1896","5","NEDA MINE","WI",8,2,0.000204338,0,0,"JH3700",2022,NA,-3.6896518,1,NA,0.0123155799355492,8.55335966735967,NA,-1.87563991391719,"N","2022-11-17",1,1,1,"KL23MI0062","MI",2,"15 to 20",1,0.000886915,2,NA,-3.052118144,1,NA,0.00769691397508161,3.18084677419355,98.9951187555601,-2.06063482569769,"N","2023-03-01",0,1,"established"
"957",0,"KL22WI1895","5","NEDA MINE","WI",8,0,4.54e-05,0,0,"JH3701",2022,NA,-4.342695251,1,NA,0.0123155799355492,8.55335966735967,NA,-1.87563991391719,"N","2022-11-17",1,0,NA,NA,NA,NA,NA,NA,NA,NA,NA,NA,NA,NA,NA,NA,NA,NA,NA,NA,NA,NA,"established"
"958",0,"KL22WI1897","5","NEDA MINE","WI",8,0,2.56e-06,0,0,"JH3703",2022,NA,-5.591304124,1,NA,0.0123155799355492,8.55335966735967,NA,-1.87563991391719,"N","2022-11-17",1,0,NA,NA,NA,NA,NA,NA,NA,NA,NA,NA,NA,NA,NA,NA,NA,NA,NA,NA,NA,NA,"established"
"959",0,"KL22WI1901","10","NEDA MINE","WI",8,0,0.001233281,0,0,"JH3704",2022,NA,-2.908937848,1,NA,0.0123155799355492,8.55335966735967,NA,-1.87563991391719,"N","2022-11-17",1,0,NA,NA,NA,NA,NA,NA,NA,NA,NA,NA,NA,NA,NA,NA,NA,NA,NA,NA,NA,NA,"established"
"960",0,"KL22WI1903","BL","NEDA MINE","WI",8,0,5.25e-05,0,0,"JH3705",2022,NA,-4.279634803,1,NA,0.0123155799355492,8.55335966735967,NA,-1.87563991391719,"N","2022-11-17",1,0,NA,NA,NA,NA,NA,NA,NA,NA,NA,NA,NA,NA,NA,NA,NA,NA,NA,NA,NA,NA,"established"
"961",0,"KL23IL0224","R5","BLACKBALL","IL",11,1,6.27e-07,0,0,"JH3728",2023,NA,-6.20302906,1,NA,0.0105763628074089,8.69195022988506,NA,-1.93642787072916,"Y","2023-11-03",0,1,NA,NA,NA,NA,NA,NA,NA,NA,NA,NA,NA,NA,NA,NA,NA,NA,NA,NA,NA,NA,NA
"962",0,"KL23IL0235","R9","BLACKBALL","IL",11,1,7.4e-07,0,0,"JH3731",2023,NA,-6.130932849,1,NA,0.0105763628074089,8.69195022988506,NA,-1.93642787072916,"Y","2023-11-03",0,1,NA,NA,NA,NA,NA,NA,NA,NA,NA,NA,NA,NA,NA,NA,NA,NA,NA,NA,NA,NA,NA
"963",1,"KL23IL0238","R11","BLACKBALL","IL",11,2,2.59e-06,0,0,"JH3733",2023,NA,-5.586526562,1,NA,0.00607900196484612,7.868568329718,NA,-2.15002796712846,"Y","2023-11-03",0,1,NA,NA,NA,NA,NA,NA,NA,NA,NA,NA,NA,NA,NA,NA,NA,NA,NA,NA,NA,NA,NA
"964",0,"KL24IL0252","R11","BLACKBALL","IL",12,2,3.25e-06,0,0,"JH3733",2024,NA,-5.487616342,1,NA,0.00607900196484612,7.868568329718,NA,-2.15002796712846,"Y","2024-11-08",0,1,NA,NA,NA,NA,NA,NA,NA,NA,NA,NA,NA,NA,NA,NA,NA,NA,NA,NA,NA,NA,NA
"965",0,"KL23IL0223","R5","BLACKBALL","IL",11,1,3.93e-05,0,0,"JH3742",2023,NA,-4.406052221,1,NA,0.0105763628074089,8.69195022988506,NA,-1.93642787072916,"Y","2023-11-03",0,1,NA,NA,NA,NA,NA,NA,NA,NA,NA,NA,NA,NA,NA,NA,NA,NA,NA,NA,NA,NA,NA
"966",1,"KL23IL0284","3","ZIMMERMAN","IL",11,2,6.71e-06,0,0,"JH3749",2023,NA,-5.173585459,1,NA,0.0164071214947153,8.346,98.5069781383316,-1.75927303946956,"Y","2023-11-03",0,1,NA,NA,NA,NA,NA,NA,NA,NA,NA,NA,NA,NA,NA,NA,NA,NA,NA,NA,NA,NA,NA
"967",0,"KL24MI0442","18","TAYLOR MINE","MI",9,0,1.55e-05,0,0,"JH3767",2024,NA,-4.810607203,1,NA,0.0121443386066422,7.25776817138485,NA,-1.88126126172287,"Y","2024-11-14",1,0,NA,NA,NA,NA,NA,NA,NA,NA,NA,NA,NA,NA,NA,NA,NA,NA,NA,NA,NA,NA,NA
"968",0,"KL20WI1035",NA,"MAIDEN ROCK","WI",5,0,7.13e-05,NA,NA,"JH3851",2020,NA,-4.146680562,1,NA,NA,NA,NA,NA,"N","2020-08-26",1,0,NA,NA,NA,NA,NA,NA,NA,NA,NA,NA,NA,NA,NA,NA,NA,NA,NA,NA,NA,NA,"established"
"969",0,"KL20WI1036",NA,"MAIDEN ROCK","WI",5,0,5.55e-05,NA,NA,"JH3852",2020,NA,-4.256020056,1,NA,NA,NA,NA,NA,"N","2020-08-26",1,0,NA,NA,NA,NA,NA,NA,NA,NA,NA,NA,NA,NA,NA,NA,NA,NA,NA,NA,NA,NA,"established"
"970",0,"KL20WI1037",NA,"MAIDEN ROCK","WI",5,0,2.76e-06,NA,NA,"JH3853",2020,NA,-5.559650905,1,NA,NA,NA,NA,NA,"N","2020-08-26",1,0,NA,NA,NA,NA,NA,NA,NA,NA,NA,NA,NA,NA,NA,NA,NA,NA,NA,NA,NA,NA,"established"
"971",0,"KL20WI1038",NA,"MAIDEN ROCK","WI",5,0,2.85e-05,NA,NA,"JH3854",2020,NA,-4.545101199,1,NA,NA,NA,NA,NA,"N","2020-08-26",1,0,NA,NA,NA,NA,NA,NA,NA,NA,NA,NA,NA,NA,NA,NA,NA,NA,NA,NA,NA,NA,"established"
"972",0,"KL20WI1039",NA,"MAIDEN ROCK","WI",5,0,5.96e-06,NA,NA,"JH3855",2020,NA,-5.224904239,1,NA,NA,NA,NA,NA,"N","2020-08-26",1,0,NA,NA,NA,NA,NA,NA,NA,NA,NA,NA,NA,NA,NA,NA,NA,NA,NA,NA,NA,NA,"established"
"973",0,"KL20WI1040",NA,"MAIDEN ROCK","WI",5,0,3.27e-06,NA,NA,"JH3856",2020,NA,-5.485959885,1,NA,NA,NA,NA,NA,"N","2020-08-26",1,0,NA,NA,NA,NA,NA,NA,NA,NA,NA,NA,NA,NA,NA,NA,NA,NA,NA,NA,NA,NA,"established"
"974",0,"KL20WI1041",NA,"MAIDEN ROCK","WI",5,0,6.75e-06,NA,NA,"JH3857",2020,NA,-5.170626585,1,NA,NA,NA,NA,NA,"N","2020-08-26",1,0,NA,NA,NA,NA,NA,NA,NA,NA,NA,NA,NA,NA,NA,NA,NA,NA,NA,NA,NA,NA,"established"
"975",0,"KL20WI1042",NA,"MAIDEN ROCK","WI",5,0,2.11e-06,NA,NA,"JH3858",2020,NA,-5.675981289,1,NA,NA,NA,NA,NA,"N","2020-08-26",1,0,NA,NA,NA,NA,NA,NA,NA,NA,NA,NA,NA,NA,NA,NA,NA,NA,NA,NA,NA,NA,"established"
"976",1,"KL20WI1043",NA,"MAIDEN ROCK","WI",5,3,2.39e-06,NA,NA,"JH3859",2020,NA,-5.621643622,1,NA,NA,NA,NA,NA,"N","2020-08-26",1,1,1,"KL21WI0338","WI",3,"5",0,0.001151802,0,NA,-2.938622172,1,NA,NA,NA,NA,NA,"Y","2021-03-02",0,1,"established"
"977",1,"KL24WI1473","5","MAIDEN ROCK","WI",9,3,2.91e-06,0,0,"JH3859",2024,NA,-5.535910115,1,NA,NA,NA,NA,NA,"Y","2024-11-12",0,1,0,"KL25WI0183","WI",3,"5",1,0.027348498,1,NA,-1.563066517,1,NA,NA,NA,NA,NA,"Y","2025-03-05",0,1,NA
"978",0,"KL20WI1046",NA,"MAIDEN ROCK","WI",5,0,8.56e-06,NA,NA,"JH3861",2020,NA,-5.067476518,1,NA,NA,NA,NA,NA,"N","2020-08-26",1,0,NA,NA,NA,NA,NA,NA,NA,NA,NA,NA,NA,NA,NA,NA,NA,NA,NA,NA,NA,NA,"established"
"979",0,"KL20WI1048",NA,"MAIDEN ROCK","WI",5,0,1.8e-05,NA,NA,"JH3863",2020,NA,-4.745582569,1,NA,NA,NA,NA,NA,"N","2020-08-26",1,0,NA,NA,NA,NA,NA,NA,NA,NA,NA,NA,NA,NA,NA,NA,NA,NA,NA,NA,NA,NA,"established"
"980",0,"KL20WI1049",NA,"MAIDEN ROCK","WI",5,0,3.29e-06,NA,NA,"JH3864",2020,NA,-5.482699699,1,NA,NA,NA,NA,NA,"N","2020-08-26",1,0,NA,NA,NA,NA,NA,NA,NA,NA,NA,NA,NA,NA,NA,NA,NA,NA,NA,NA,NA,NA,"established"
"981",0,"KL20WI1074",NA,"MAIDEN ROCK","WI",5,0,1.89e-06,NA,NA,"JH3866",2020,NA,-5.724426535,1,NA,NA,NA,NA,NA,"N","2020-08-26",1,0,NA,NA,NA,NA,NA,NA,NA,NA,NA,NA,NA,NA,NA,NA,NA,NA,NA,NA,NA,NA,"established"
"982",0,"KL20WI1077",NA,"MAIDEN ROCK","WI",5,0,5.03e-06,NA,NA,"JH3869",2020,NA,-5.29858141,1,NA,NA,NA,NA,NA,"N","2020-08-26",1,0,NA,NA,NA,NA,NA,NA,NA,NA,NA,NA,NA,NA,NA,NA,NA,NA,NA,NA,NA,NA,"established"
"983",0,"KL20WI1083",NA,"MAIDEN ROCK","WI",5,0,5.01e-06,NA,NA,"JH3875",2020,NA,-5.299884969,1,NA,NA,NA,NA,NA,"N","2020-08-26",1,0,NA,NA,NA,NA,NA,NA,NA,NA,NA,NA,NA,NA,NA,NA,NA,NA,NA,NA,NA,NA,"established"
"984",0,"KL20WI1085",NA,"MAIDEN ROCK","WI",5,0,3.69e-06,NA,NA,"JH3877",2020,NA,-5.433210854,1,NA,NA,NA,NA,NA,"N","2020-08-26",1,0,NA,NA,NA,NA,NA,NA,NA,NA,NA,NA,NA,NA,NA,NA,NA,NA,NA,NA,NA,NA,"established"
"985",1,"KL20WI1141",NA,"NEDA MINE","WI",6,3,4.18e-06,NA,NA,"JH3881",2020,NA,-5.378677091,1,NA,0.00886008898788867,8.66394723490614,99.2079405003631,-2.00611916550761,"N","2020-09-02",1,1,NA,NA,NA,NA,NA,NA,NA,NA,NA,NA,NA,NA,NA,NA,NA,NA,NA,NA,NA,NA,"established"
"986",1,"KL23WI2056","4","NEDA MINE","WI",9,3,6.65e-07,0,0,"JH3881",2023,NA,-6.177054928,1,NA,0.0137312600008587,8.57109053497942,98.7647768338769,-1.83176010529469,"Y","2023-11-01",0,1,NA,NA,NA,NA,NA,NA,NA,NA,NA,NA,NA,NA,NA,NA,NA,NA,NA,NA,NA,NA,NA
"987",1,"KL24WI1149","4","NEDA MINE","WI",10,3,1.47e-06,0,0,"JH3881",2024,NA,-5.832112221,1,NA,0.00487325992475457,9.01720588235294,99.5737713792905,-2.23112077876053,"Y","2024-11-07",0,1,0,"TS25MW5149","WI",3,"4",1,0.005687556,1,4.59,-2.245074296,1,0.0164138254455091,0.00975837961835242,5.34511724137931,98.8706597158538,-1.96825313534262,"Y","2025-03-08",0,1,NA
"988",0,"KL20WI1140",NA,"NEDA MINE","WI",6,0,7.76e-05,NA,NA,"JH3881B",2020,NA,-4.110323761,1,NA,0.00886008898788867,8.66394723490614,99.2079405003631,-2.00611916550761,"N","2020-09-02",1,0,NA,NA,NA,NA,NA,NA,NA,NA,NA,NA,NA,NA,NA,NA,NA,NA,NA,NA,NA,NA,"established"
"989",0,"KL20WI1285","21","NEDA MINE","WI",6,1,2.02e-06,0,0,"JH3882",2020,NA,-5.694791842,1,NA,0.00905161816459097,8.20713286713287,99.1657758921961,-1.99776401750891,"Y","2020-11-05",0,1,NA,NA,NA,NA,NA,NA,NA,NA,NA,NA,NA,NA,NA,NA,NA,NA,NA,NA,NA,NA,"established"
"990",0,"KL20WI1143",NA,"NEDA MINE","WI",6,0,7.88e-06,NA,NA,"JH3883",2020,NA,-5.103212733,1,NA,0.00886008898788867,8.66394723490614,99.2079405003631,-2.00611916550761,"N","2020-09-02",1,0,NA,NA,NA,NA,NA,NA,NA,NA,NA,NA,NA,NA,NA,NA,NA,NA,NA,NA,NA,NA,"established"
"991",0,"KL20WI1144",NA,"NEDA MINE","WI",6,0,6.43e-06,NA,NA,"JH3884",2020,NA,-5.191888595,1,NA,0.00886008898788867,8.66394723490614,99.2079405003631,-2.00611916550761,"N","2020-09-02",1,0,NA,NA,NA,NA,NA,NA,NA,NA,NA,NA,NA,NA,NA,NA,NA,NA,NA,NA,NA,NA,"established"
"992",0,"KL20WI1145",NA,"NEDA MINE","WI",6,0,1.54e-05,NA,NA,"JH3885",2020,NA,-4.813718644,1,NA,0.00886008898788867,8.66394723490614,99.2079405003631,-2.00611916550761,"N","2020-09-02",1,0,NA,NA,NA,NA,NA,NA,NA,NA,NA,NA,NA,NA,NA,NA,NA,NA,NA,NA,NA,NA,"established"
"993",0,"KL20WI1146",NA,"NEDA MINE","WI",6,0,2.8e-05,NA,NA,"JH3886",2020,NA,-4.553569167,1,NA,0.00886008898788867,8.66394723490614,99.2079405003631,-2.00611916550761,"N","2020-09-02",1,0,NA,NA,NA,NA,NA,NA,NA,NA,NA,NA,NA,NA,NA,NA,NA,NA,NA,NA,NA,NA,"established"
"994",0,"KL20WI1147",NA,"NEDA MINE","WI",6,0,0.00013792,NA,NA,"JH3887",2020,NA,-3.860374011,1,NA,0.00886008898788867,8.66394723490614,99.2079405003631,-2.00611916550761,"N","2020-09-02",1,0,NA,NA,NA,NA,NA,NA,NA,NA,NA,NA,NA,NA,NA,NA,NA,NA,NA,NA,NA,NA,"established"
"995",0,"KL20WI1148",NA,"NEDA MINE","WI",6,0,8.3e-06,NA,NA,"JH3888",2020,NA,-5.081015762,1,NA,0.00886008898788867,8.66394723490614,99.2079405003631,-2.00611916550761,"N","2020-09-02",1,0,NA,NA,NA,NA,NA,NA,NA,NA,NA,NA,NA,NA,NA,NA,NA,NA,NA,NA,NA,NA,"established"
"996",0,"KL20WI1149",NA,"NEDA MINE","WI",6,0,9.62e-06,NA,NA,"JH3889",2020,NA,-5.016618033,1,NA,0.00886008898788867,8.66394723490614,99.2079405003631,-2.00611916550761,"N","2020-09-02",1,0,NA,NA,NA,NA,NA,NA,NA,NA,NA,NA,NA,NA,NA,NA,NA,NA,NA,NA,NA,NA,"established"
"997",0,"KL20WI1150",NA,"NEDA MINE","WI",6,0,6.72e-06,NA,NA,"JH3890",2020,NA,-5.172374136,1,NA,0.00886008898788867,8.66394723490614,99.2079405003631,-2.00611916550761,"N","2020-09-02",1,0,NA,NA,NA,NA,NA,NA,NA,NA,NA,NA,NA,NA,NA,NA,NA,NA,NA,NA,NA,NA,"established"
"998",0,"KL20WI1279","21","NEDA MINE","WI",6,1,1.39e-05,0,0,"JH3891",2020,NA,-4.855517331,1,NA,0.00905161816459097,8.20713286713287,99.1657758921961,-1.99776401750891,"Y","2020-11-05",0,1,NA,NA,NA,NA,NA,NA,NA,NA,NA,NA,NA,NA,NA,NA,NA,NA,NA,NA,NA,NA,"established"
"999",0,"KL20WI1152",NA,"NEDA MINE","WI",6,0,2.82e-06,NA,NA,"JH3892",2020,NA,-5.550437681,1,NA,0.00886008898788867,8.66394723490614,99.2079405003631,-2.00611916550761,"N","2020-09-02",1,0,NA,NA,NA,NA,NA,NA,NA,NA,NA,NA,NA,NA,NA,NA,NA,NA,NA,NA,NA,NA,"established"
"1000",0,"KL20WI1153",NA,"NEDA MINE","WI",6,0,2.77e-05,NA,NA,"JH3893",2020,NA,-4.557849683,1,NA,0.00886008898788867,8.66394723490614,99.2079405003631,-2.00611916550761,"N","2020-09-02",1,0,NA,NA,NA,NA,NA,NA,NA,NA,NA,NA,NA,NA,NA,NA,NA,NA,NA,NA,NA,NA,"established"
"1001",0,"KL20WI1154",NA,"NEDA MINE","WI",6,0,0.000260305,NA,NA,"JH3894",2020,NA,-3.584516822,1,NA,0.00886008898788867,8.66394723490614,99.2079405003631,-2.00611916550761,"N","2020-09-02",1,0,NA,NA,NA,NA,NA,NA,NA,NA,NA,NA,NA,NA,NA,NA,NA,NA,NA,NA,NA,NA,"established"
"1002",1,"KL20WI1155",NA,"NEDA MINE","WI",6,2,4.56e-05,NA,NA,"JH3895",2020,NA,-4.341147365,1,NA,0.00886008898788867,8.66394723490614,99.2079405003631,-2.00611916550761,"N","2020-09-02",1,1,1,"KL21WI0541","WI",2,"16",1,0.05418423,1,NA,-1.266127094,1,NA,0.00641346071675718,6.5395983935743,99.340937335067,-2.12997900938481,"Y","2021-03-10",0,1,"established"
"1003",0,"KL24WI1185","16","NEDA MINE","WI",10,2,1.29e-05,0,0,"JH3895",2024,NA,-4.889019208,1,NA,0.00298779205741835,9.06486559139785,99.7402810928821,-2.39926749596476,"Y","2024-11-07",0,1,NA,NA,NA,NA,NA,NA,NA,NA,NA,NA,NA,NA,NA,NA,NA,NA,NA,NA,NA,NA,NA
"1004",0,"KL20WI1156",NA,"NEDA MINE","WI",6,0,5.36e-05,NA,NA,"JH3896",2020,NA,-4.270950646,1,NA,0.00886008898788867,8.66394723490614,99.2079405003631,-2.00611916550761,"N","2020-09-02",1,0,NA,NA,NA,NA,NA,NA,NA,NA,NA,NA,NA,NA,NA,NA,NA,NA,NA,NA,NA,NA,"established"
"1005",0,"KL20WI1158",NA,"NEDA MINE","WI",6,0,0.000209474,NA,NA,"JH3898",2020,NA,-3.678870289,1,NA,0.00886008898788867,8.66394723490614,99.2079405003631,-2.00611916550761,"N","2020-09-02",1,0,NA,NA,NA,NA,NA,NA,NA,NA,NA,NA,NA,NA,NA,NA,NA,NA,NA,NA,NA,NA,"established"
"1006",1,"KL21WI1980","7","NEDA MINE","WI",7,1,0.000122482,0,0,"JH3900",2021,NA,-3.91192659,1,NA,0.00972645045813418,8.663875,99.1292727220977,-1.96954396875891,"Y","2021-11-17",1,1,NA,NA,NA,NA,NA,NA,NA,NA,NA,NA,NA,NA,NA,NA,NA,NA,NA,NA,NA,NA,"established"
"1007",0,"KL24WI1160","7","NEDA MINE","WI",10,1,1.4e-06,0,0,"JH3900",2024,NA,-5.85385923,1,NA,0.00928015885566643,8.57229166666667,99.1629662462189,-1.98800017428955,"Y","2024-11-07",0,1,NA,NA,NA,NA,NA,NA,NA,NA,NA,NA,NA,NA,NA,NA,NA,NA,NA,NA,NA,NA,NA
"1008",0,"KL20WI1161",NA,"NEDA MINE","WI",6,0,2.97e-05,NA,NA,"JH3901",2020,NA,-4.527380368,1,NA,0.00886008898788867,8.66394723490614,99.2079405003631,-2.00611916550761,"N","2020-09-02",1,0,NA,NA,NA,NA,NA,NA,NA,NA,NA,NA,NA,NA,NA,NA,NA,NA,NA,NA,NA,NA,"established"
"1009",0,"KL20WI1162",NA,"NEDA MINE","WI",6,0,0.000224302,NA,NA,"JH3902",2020,NA,-3.649167532,1,NA,0.00886008898788867,8.66394723490614,99.2079405003631,-2.00611916550761,"N","2020-09-02",1,0,NA,NA,NA,NA,NA,NA,NA,NA,NA,NA,NA,NA,NA,NA,NA,NA,NA,NA,NA,NA,"established"
"1010",0,"KL20WI1167",NA,"NEDA MINE","WI",6,0,1.38e-06,NA,NA,"JH3907",2020,NA,-5.859305332,1,NA,0.00886008898788867,8.66394723490614,99.2079405003631,-2.00611916550761,"N","2020-09-02",1,0,NA,NA,NA,NA,NA,NA,NA,NA,NA,NA,NA,NA,NA,NA,NA,NA,NA,NA,NA,NA,"established"
"1011",0,"KL22WI1898","10","NEDA MINE","WI",8,1,1.01e-05,0,0,"JH3913",2022,NA,-4.997615726,1,NA,0.0123155799355492,8.55335966735967,NA,-1.87563991391719,"Y","2022-11-17",0,1,NA,NA,NA,NA,NA,NA,NA,NA,NA,NA,NA,NA,NA,NA,NA,NA,NA,NA,NA,NA,"established"
"1012",0,"KL20WI1174",NA,"NEDA MINE","WI",6,0,2.09e-06,NA,NA,"JH3914",2020,NA,-5.679555421,1,NA,0.00886008898788867,8.66394723490614,99.2079405003631,-2.00611916550761,"N","2020-09-02",1,0,NA,NA,NA,NA,NA,NA,NA,NA,NA,NA,NA,NA,NA,NA,NA,NA,NA,NA,NA,NA,"established"
"1013",0,"KL20WI1275","20","NEDA MINE","WI",6,0,1.61e-06,0,0,"JH3915",2020,NA,-5.79437062,1,NA,0.00599769849291022,8.79071942446043,99.4705384086006,-2.15504477372597,"Y","2020-11-05",1,0,NA,NA,NA,NA,NA,NA,NA,NA,NA,NA,NA,NA,NA,NA,NA,NA,NA,NA,NA,NA,"established"
"1014",0,"KL22WI1869","20","NEDA MINE","WI",8,0,0.000768043,0,0,"JH3916",2022,NA,-3.114614312,1,NA,0.00599769849291022,8.79071942446043,99.4705384086006,-2.15504477372597,"Y","2022-11-17",1,0,NA,NA,NA,NA,NA,NA,NA,NA,NA,NA,NA,NA,NA,NA,NA,NA,NA,NA,NA,NA,"established"
"1015",0,"KL20WI1182",NA,"NEDA MINE","WI",6,0,4.24e-06,NA,NA,"JH3922",2020,NA,-5.372805693,1,NA,0.00886008898788867,8.66394723490614,99.2079405003631,-2.00611916550761,"N","2020-09-02",1,0,NA,NA,NA,NA,NA,NA,NA,NA,NA,NA,NA,NA,NA,NA,NA,NA,NA,NA,NA,NA,"established"
"1016",0,"KL24WI1167","14","NEDA MINE","WI",10,0,0.000386324,1,1,"JH3925",2024,NA,-3.413048372,1,NA,0.0116174334502264,8.84673076923077,98.9781789422128,-1.89902897724422,"Y","2024-11-07",1,0,NA,NA,NA,NA,NA,NA,NA,NA,NA,NA,NA,NA,NA,NA,NA,NA,NA,NA,NA,NA,NA
"1017",1,"KL20WI1242","3","NEDA MINE","WI",6,1,2.38e-06,0,0,"JH3936",2020,NA,-5.62370853,1,NA,0.00952621272954718,7.59281150159744,99.0758962936216,-1.97772785735361,"Y","2020-11-05",1,1,NA,NA,NA,NA,NA,NA,NA,NA,NA,NA,NA,NA,NA,NA,NA,NA,NA,NA,NA,NA,"established"
"1018",0,"KL21WI1975","4","NEDA MINE","WI",7,1,2.93e-05,0,0,"JH3936",2021,NA,-4.533107397,1,NA,0.0119982386549739,8.71749539594843,NA,-1.88611549340474,"Y","2021-11-17",0,1,NA,NA,NA,NA,NA,NA,NA,NA,NA,NA,NA,NA,NA,NA,NA,NA,NA,NA,NA,NA,"established"
"1019",1,"KL20WI1255","11","NEDA MINE","WI",6,1,4.18e-05,0,0,"JH3939",2020,NA,-4.378520441,1,NA,0.00905161816459097,8.20713286713287,99.1657758921961,-1.99776401750891,"Y","2020-11-05",1,1,NA,NA,NA,NA,NA,NA,NA,NA,NA,NA,NA,NA,NA,NA,NA,NA,NA,NA,NA,NA,"established"
"1020",0,"KL22WI1899","10","NEDA MINE","WI",8,1,1.44e-05,0,0,"JH3939",2022,NA,-4.842642504,1,NA,0.0123155799355492,8.55335966735967,NA,-1.87563991391719,"Y","2022-11-17",0,1,NA,NA,NA,NA,NA,NA,NA,NA,NA,NA,NA,NA,NA,NA,NA,NA,NA,NA,NA,NA,"established"
"1021",0,"KL20WI1288","21","NEDA MINE","WI",6,0,0.000144831,0,0,"JH3942",2020,NA,-3.839138321,1,NA,0.00905161816459097,8.20713286713287,99.1657758921961,-1.99776401750891,"Y","2020-11-05",1,0,NA,NA,NA,NA,NA,NA,NA,NA,NA,NA,NA,NA,NA,NA,NA,NA,NA,NA,NA,NA,"established"
"1022",0,"KL20WI1249","6","NEDA MINE","WI",6,0,1.49e-05,0,0,"JH3944",2020,NA,-4.827716632,1,NA,0.00905161816459097,8.20713286713287,99.1657758921961,-1.99776401750891,"Y","2020-11-05",1,0,NA,NA,NA,NA,NA,NA,NA,NA,NA,NA,NA,NA,NA,NA,NA,NA,NA,NA,NA,NA,"established"
"1023",1,"KL20WI1260","14","NEDA MINE","WI",6,2,0.010634942,0,0,"JH3949",2020,NA,-1.973264874,1,NA,0.0144845539230808,8.03358536585366,99.1657758921961,-1.81010130122324,"Y","2020-11-05",1,1,1,"KL21WI0530","WI",2,"14",1,0.04439066,1,NA,-1.352708398,1,NA,0.0163047006858416,5.27257164404223,99.1848975134822,-1.7618359081648,"Y","2021-03-10",0,1,"established"
"1024",0,"KL20WI1212",NA,"NEDA MINE","WI",6,0,1.78e-05,NA,NA,"JH3951",2020,NA,-4.748989344,1,NA,0.00886008898788867,8.66394723490614,99.2079405003631,-2.00611916550761,"N","2020-09-02",1,0,NA,NA,NA,NA,NA,NA,NA,NA,NA,NA,NA,NA,NA,NA,NA,NA,NA,NA,NA,NA,"established"
"1025",0,"KL21WI1976","4","NEDA MINE","WI",7,0,9.04e-06,0,0,"JH3961",2021,NA,-5.043808148,1,NA,0.0119982386549739,8.71749539594843,NA,-1.88611549340474,"N","2021-11-17",1,0,NA,NA,NA,NA,NA,NA,NA,NA,NA,NA,NA,NA,NA,NA,NA,NA,NA,NA,NA,NA,"established"
"1026",0,"KL21WI1981","7","NEDA MINE","WI",7,0,0.000154317,0,0,"JH3963",2021,NA,-3.811584959,1,NA,0.00972645045813418,8.663875,99.1292727220977,-1.96954396875891,"N","2021-11-17",1,0,NA,NA,NA,NA,NA,NA,NA,NA,NA,NA,NA,NA,NA,NA,NA,NA,NA,NA,NA,NA,"established"
"1027",0,"KL21WI1982","7","NEDA MINE","WI",7,0,0.000887855,0,0,"JH3965",2021,NA,-3.051657839,1,NA,0.00972645045813418,8.663875,99.1292727220977,-1.96954396875891,"N","2021-11-17",1,0,NA,NA,NA,NA,NA,NA,NA,NA,NA,NA,NA,NA,NA,NA,NA,NA,NA,NA,NA,NA,"established"
"1028",0,"KL21WI1983","7","NEDA MINE","WI",7,0,7.82e-05,0,0,"JH3966",2021,NA,-4.106851838,1,NA,0.00972645045813418,8.663875,99.1292727220977,-1.96954396875891,"N","2021-11-17",1,0,NA,NA,NA,NA,NA,NA,NA,NA,NA,NA,NA,NA,NA,NA,NA,NA,NA,NA,NA,NA,"established"
"1029",0,"KL23IL0251","L1","BLACKBALL","IL",11,1,2.18e-05,0,0,"JH3971",2023,NA,-4.660638724,1,NA,0.0125278344845446,7.817859375,98.7961630654591,-1.86877171904786,"Y","2023-11-03",0,1,NA,NA,NA,NA,NA,NA,NA,NA,NA,NA,NA,NA,NA,NA,NA,NA,NA,NA,NA,NA,NA
"1030",0,"KL23IL0225","R7","BLACKBALL","IL",11,0,5.34e-06,0,0,"JH3973",2023,NA,-5.272260738,1,NA,0.00472653494860082,7.73031496062992,NA,-2.2421080844713,"Y","2023-11-03",1,0,NA,NA,NA,NA,NA,NA,NA,NA,NA,NA,NA,NA,NA,NA,NA,NA,NA,NA,NA,NA,NA
"1031",0,"KL24IL0354","L1","BLACKBALL","IL",12,0,2.39e-05,0,0,"JH3974",2024,NA,-4.622313599,1,NA,0.0125278344845446,7.817859375,98.7961630654591,-1.86877171904786,"Y","2024-11-08",1,0,NA,NA,NA,NA,NA,NA,NA,NA,NA,NA,NA,NA,NA,NA,NA,NA,NA,NA,NA,NA,NA
"1032",0,"KL24WI1253","3","ELROY SPARTA","WI",9,0,8.58e-06,0,0,"JH5729",2024,NA,-5.066479859,1,NA,0.00604771036032719,9.41630882352941,99.4815094296966,-2.15195195242467,"N","2024-11-09",1,0,NA,NA,NA,NA,NA,NA,NA,NA,NA,NA,NA,NA,NA,NA,NA,NA,NA,NA,NA,NA,NA
"1033",0,"JH15MI0175","26","GLEN ADIT","MI",1,0,9.26e-05,0,0,"LLL2238",2015,NA,-4.033447483,1,NA,0.0281796040434707,6.89032701421801,NA,-1.53492060561949,NA,"2015-11-04",1,0,NA,NA,NA,NA,NA,NA,NA,NA,NA,NA,NA,NA,NA,NA,NA,NA,NA,NA,NA,NA,"invasion"
"1034",0,"KL23MI0448","J","SOUTH LAKE MINE","MI",9,0,0.000122616,0,0,"M2704",2023,NA,-3.911451508,1,NA,0.00746027531586839,5.41245112517581,NA,-2.07261550383841,"Y","2023-11-11",1,0,NA,NA,NA,NA,NA,NA,NA,NA,NA,NA,NA,NA,NA,NA,NA,NA,NA,NA,NA,NA,NA
"1035",0,"KL20MI0331","B","SOUTH LAKE MINE","MI",6,0,0.000122048,0,0,"M2838",2020,NA,-3.913470223,1,NA,0.0184754319039486,4.6037191011236,98.0834524567074,-1.71051290226019,"Y","2020-11-12",1,0,NA,NA,NA,NA,NA,NA,NA,NA,NA,NA,NA,NA,NA,NA,NA,NA,NA,NA,NA,NA,"established"
"1036",0,"KL22MI0423","E","SOUTH LAKE MINE","MI",8,1,0.006871691,1,1,"M2847",2022,NA,-2.162936384,1,NA,0.00594960732699145,4.27442792557816,NA,-2.15803973361688,"Y","2022-11-10",0,1,NA,NA,NA,NA,NA,NA,NA,NA,NA,NA,NA,NA,NA,NA,NA,NA,NA,NA,NA,NA,"established"
"1037",1,"KL20MI0349","E","SOUTH LAKE MINE","MI",6,1,0.000462419,0,0,"M2848",2020,NA,-3.334964799,1,NA,0.00653246694987818,4.12904761904762,99.2046728089764,-2.12306276519951,"Y","2020-11-12",1,1,0,"KL21MI0251","MI",1,"B",1,0.004487753,1,NA,-2.347971054,1,NA,0.0380559205407364,3.58778260869565,95.0573121401025,-1.40831312149804,"Y","2021-03-05",0,1,"established"
"1038",1,"KL20MI0296","C","SOUTH LAKE MINE","MI",6,1,0.002380236,0,0,"M2907",2020,NA,-2.623380072,1,NA,0.00659390480705383,3.14812658227848,99.1334713896834,-2.11953485123498,"Y","2020-11-12",1,1,NA,NA,NA,NA,NA,NA,NA,NA,NA,NA,NA,NA,NA,NA,NA,NA,NA,NA,NA,NA,"established"
"1039",0,"KL23MI0432","L","SOUTH LAKE MINE","MI",9,1,0.000248088,0,0,"M2907",2023,NA,-3.605393426,1,NA,0.00746027531586839,5.09702317880795,NA,-2.07261550383841,"Y","2023-11-11",0,1,NA,NA,NA,NA,NA,NA,NA,NA,NA,NA,NA,NA,NA,NA,NA,NA,NA,NA,NA,NA,NA
"1040",0,"KL22MI0424","E","SOUTH LAKE MINE","MI",8,0,0.000141881,0,0,"M2909",2022,NA,-3.848074976,1,NA,0.00594960732699145,4.27442792557816,NA,-2.15803973361688,"Y","2022-11-10",1,0,NA,NA,NA,NA,NA,NA,NA,NA,NA,NA,NA,NA,NA,NA,NA,NA,NA,NA,NA,NA,"established"
"1041",0,"KL24MI0305","E","SOUTH LAKE MINE","MI",10,0,0.000473147,0,0,"M2929",2024,NA,-3.325003718,1,NA,0.00511715005971735,4.98,99.413174949149,-2.21345086570003,"Y","2024-11-14",1,0,NA,NA,NA,NA,NA,NA,NA,NA,NA,NA,NA,NA,NA,NA,NA,NA,NA,NA,NA,NA,NA
"1042",0,"KL23MI0423","C","SOUTH LAKE MINE","MI",9,0,0.000987904,0,0,"M2939",2023,NA,-3.005285213,1,NA,0.00659390480705383,3.14812658227848,99.1334713896834,-2.11953485123498,"Y","2023-11-11",1,0,NA,NA,NA,NA,NA,NA,NA,NA,NA,NA,NA,NA,NA,NA,NA,NA,NA,NA,NA,NA,NA
"1043",0,"MADFW 15509",NA,"HOWE BARN","MA",NA,0,0.000215018,NA,NA,"MA 15509",2010,NA,-3.667525384,1,NA,NA,NA,NA,NA,"N","2011-05-04",1,0,NA,NA,NA,NA,NA,NA,NA,NA,NA,NA,NA,NA,NA,NA,NA,NA,NA,NA,NA,NA,NA
"1044",0,"15510",NA,"HOWE BARN","MA",NA,0,0.015976734,NA,NA,"MA 15510",2010,NA,-1.796511992,1,NA,NA,NA,NA,NA,"N","2011-05-04",1,0,NA,NA,NA,NA,NA,NA,NA,NA,NA,NA,NA,NA,NA,NA,NA,NA,NA,NA,NA,NA,NA
"1045",0,"15511",NA,"HOWE BARN","MA",NA,0,0.000521143,NA,NA,"MA 15511",2010,NA,-3.283043408,1,NA,NA,NA,NA,NA,"R0","2011-05-04",1,0,NA,NA,NA,NA,NA,NA,NA,NA,NA,NA,NA,NA,NA,NA,NA,NA,NA,NA,NA,NA,NA
"1046",0,"15513",NA,"PRINCETON","MA",NA,0,4.01e-05,NA,NA,"MA 15513",2010,NA,-4.397180033,1,NA,NA,NA,NA,NA,"N","2011-05-24",1,0,NA,NA,NA,NA,NA,NA,NA,NA,NA,NA,NA,NA,NA,NA,NA,NA,NA,NA,NA,NA,NA
"1047",0,"15514",NA,"PRINCETON","MA",NA,0,6.65e-05,NA,NA,"MA 15514",2010,NA,-4.177305674,1,NA,NA,NA,NA,NA,"N","2011-05-24",1,0,NA,NA,NA,NA,NA,NA,NA,NA,NA,NA,NA,NA,NA,NA,NA,NA,NA,NA,NA,NA,NA
"1048",0,"15538",NA,"PRINCETON","MA",NA,0,5.88e-05,NA,NA,"MA 15515",2010,NA,-4.230674517,1,NA,NA,NA,NA,NA,"N","2011-05-24",1,0,NA,NA,NA,NA,NA,NA,NA,NA,NA,NA,NA,NA,NA,NA,NA,NA,NA,NA,NA,NA,NA
"1049",0,"15516",NA,"PRINCETON","MA",NA,0,3.05e-05,NA,NA,"MA 15516",2010,NA,-4.515319633,1,NA,NA,NA,NA,NA,"R0","2011-05-24",1,0,NA,NA,NA,NA,NA,NA,NA,NA,NA,NA,NA,NA,NA,NA,NA,NA,NA,NA,NA,NA,NA
"1050",0,"15517",NA,"PRINCETON","MA",NA,0,0.015675226,NA,NA,"MA 15517",2010,NA,-1.8047862,1,NA,NA,NA,NA,NA,"N","2011-05-24",1,0,NA,NA,NA,NA,NA,NA,NA,NA,NA,NA,NA,NA,NA,NA,NA,NA,NA,NA,NA,NA,NA
"1051",0,"15518",NA,"PRINCETON","MA",NA,0,2.52e-06,NA,NA,"MA 15518",2010,NA,-5.598964779,1,NA,NA,NA,NA,NA,"N","2011-05-24",1,0,NA,NA,NA,NA,NA,NA,NA,NA,NA,NA,NA,NA,NA,NA,NA,NA,NA,NA,NA,NA,NA
"1052",0,"15519",NA,"PRINCETON","MA",NA,0,3.6e-05,NA,NA,"MA 15519",2010,NA,-4.444166233,1,NA,NA,NA,NA,NA,"N","2011-05-24",1,0,NA,NA,NA,NA,NA,NA,NA,NA,NA,NA,NA,NA,NA,NA,NA,NA,NA,NA,NA,NA,NA
"1053",0,"15520",NA,"PRINCETON","MA",NA,0,0.00010707,NA,NA,"MA 15520",2010,NA,-3.97033317,1,NA,NA,NA,NA,NA,"R0","2011-05-24",1,0,NA,NA,NA,NA,NA,NA,NA,NA,NA,NA,NA,NA,NA,NA,NA,NA,NA,NA,NA,NA,NA
"1054",0,"15521",NA,"PRINCETON","MA",NA,0,0.000241338,NA,NA,"MA 15521",2010,NA,-3.617374627,1,NA,NA,NA,NA,NA,"R0","2011-05-24",1,0,NA,NA,NA,NA,NA,NA,NA,NA,NA,NA,NA,NA,NA,NA,NA,NA,NA,NA,NA,NA,NA
"1055",0,"15522",NA,"PRINCETON","MA",NA,0,3.86e-06,NA,NA,"MA 15522",2010,NA,-5.412900455,1,NA,NA,NA,NA,NA,"N","2011-05-24",1,0,NA,NA,NA,NA,NA,NA,NA,NA,NA,NA,NA,NA,NA,NA,NA,NA,NA,NA,NA,NA,NA
"1056",0,"15523",NA,"PRINCETON","MA",NA,0,0.000131415,NA,NA,"MA 15523",2010,NA,-3.88135436,1,NA,NA,NA,NA,NA,"N","2011-05-24",1,0,NA,NA,NA,NA,NA,NA,NA,NA,NA,NA,NA,NA,NA,NA,NA,NA,NA,NA,NA,NA,NA
"1057",0,"15524",NA,"PRINCETON","MA",NA,0,1.48e-05,NA,NA,"MA 15524",2010,NA,-4.830463236,1,NA,NA,NA,NA,NA,"N","2011-05-24",1,0,NA,NA,NA,NA,NA,NA,NA,NA,NA,NA,NA,NA,NA,NA,NA,NA,NA,NA,NA,NA,NA
"1058",0,"15525",NA,"PRINCETON","MA",NA,0,1.19e-05,NA,NA,"MA 15525",2010,NA,-4.924123974,1,NA,NA,NA,NA,NA,"R0","2011-05-24",1,0,NA,NA,NA,NA,NA,NA,NA,NA,NA,NA,NA,NA,NA,NA,NA,NA,NA,NA,NA,NA,NA
"1059",0,"15526",NA,"PRINCETON","MA",NA,0,7.95e-05,NA,NA,"MA 15526",2010,NA,-4.09982099,1,NA,NA,NA,NA,NA,"N","2011-05-24",1,0,NA,NA,NA,NA,NA,NA,NA,NA,NA,NA,NA,NA,NA,NA,NA,NA,NA,NA,NA,NA,NA
"1060",0,"15527",NA,"PRINCETON","MA",NA,0,2.63e-05,NA,NA,"MA 15527",2010,NA,-4.579259295,1,NA,NA,NA,NA,NA,"N","2011-05-24",1,0,NA,NA,NA,NA,NA,NA,NA,NA,NA,NA,NA,NA,NA,NA,NA,NA,NA,NA,NA,NA,NA
"1061",0,"15528",NA,"PRINCETON","MA",NA,0,0.004018965,NA,NA,"MA 15528",2010,NA,-2.395885745,1,NA,NA,NA,NA,NA,"R0","2011-05-24",1,0,NA,NA,NA,NA,NA,NA,NA,NA,NA,NA,NA,NA,NA,NA,NA,NA,NA,NA,NA,NA,NA
"1062",0,"15529",NA,"PRINCETON","MA",NA,0,4.91e-06,NA,NA,"MA 15529",2010,NA,-5.308615205,1,NA,NA,NA,NA,NA,"N","2011-05-24",1,0,NA,NA,NA,NA,NA,NA,NA,NA,NA,NA,NA,NA,NA,NA,NA,NA,NA,NA,NA,NA,NA
"1063",0,"15530",NA,"PRINCETON","MA",NA,0,1.63e-05,NA,NA,"MA 15530",2010,NA,-4.78728701,1,NA,NA,NA,NA,NA,"N","2011-05-24",1,0,NA,NA,NA,NA,NA,NA,NA,NA,NA,NA,NA,NA,NA,NA,NA,NA,NA,NA,NA,NA,NA
"1064",0,"15531",NA,"PRINCETON","MA",NA,0,7.44e-06,NA,NA,"MA 15531",2010,NA,-5.128139777,1,NA,NA,NA,NA,NA,"N","2011-05-24",1,0,NA,NA,NA,NA,NA,NA,NA,NA,NA,NA,NA,NA,NA,NA,NA,NA,NA,NA,NA,NA,NA
"1065",0,"15532",NA,"PRINCETON","MA",NA,0,1.08e-05,NA,NA,"MA 15532",2010,NA,-4.96507071,1,NA,NA,NA,NA,NA,"N","2011-05-24",1,0,NA,NA,NA,NA,NA,NA,NA,NA,NA,NA,NA,NA,NA,NA,NA,NA,NA,NA,NA,NA,NA
"1066",0,"15533",NA,"PRINCETON","MA",NA,0,0.000389172,NA,NA,"MA 15533",2010,NA,-3.409858174,1,NA,NA,NA,NA,NA,"N","2011-05-24",1,0,NA,NA,NA,NA,NA,NA,NA,NA,NA,NA,NA,NA,NA,NA,NA,NA,NA,NA,NA,NA,NA
"1067",0,"15534",NA,"PRINCETON","MA",NA,0,4.75e-06,NA,NA,"MA 15534",2010,NA,-5.323146573,1,NA,NA,NA,NA,NA,"N","2011-05-24",1,0,NA,NA,NA,NA,NA,NA,NA,NA,NA,NA,NA,NA,NA,NA,NA,NA,NA,NA,NA,NA,NA
"1068",0,"15535",NA,"PRINCETON","MA",NA,0,5.68e-06,NA,NA,"MA 15535",2010,NA,-5.245728424,1,NA,NA,NA,NA,NA,"R0","2011-05-24",1,0,NA,NA,NA,NA,NA,NA,NA,NA,NA,NA,NA,NA,NA,NA,NA,NA,NA,NA,NA,NA,NA
"1069",0,"15536",NA,"PRINCETON","MA",NA,0,2.69e-05,NA,NA,"MA 15536",2010,NA,-4.57012539,1,NA,NA,NA,NA,NA,"N","2011-05-24",1,0,NA,NA,NA,NA,NA,NA,NA,NA,NA,NA,NA,NA,NA,NA,NA,NA,NA,NA,NA,NA,NA
"1070",0,"15537",NA,"PRINCETON","MA",NA,0,6.13e-05,NA,NA,"MA 15537",2010,NA,-4.212535111,1,NA,NA,NA,NA,NA,"R0","2011-05-24",1,0,NA,NA,NA,NA,NA,NA,NA,NA,NA,NA,NA,NA,NA,NA,NA,NA,NA,NA,NA,NA,NA
"1071",0,"15539",NA,"PRINCETON","MA",NA,0,5.13e-05,NA,NA,"MA 15539",2010,NA,-4.290138857,1,NA,NA,NA,NA,NA,"R0","2011-05-24",1,0,NA,NA,NA,NA,NA,NA,NA,NA,NA,NA,NA,NA,NA,NA,NA,NA,NA,NA,NA,NA,NA
"1072",0,"15540",NA,"PRINCETON","MA",NA,0,9.22e-05,NA,NA,"MA 15540",2010,NA,-4.03521832,1,NA,NA,NA,NA,NA,"R0","2011-05-24",1,0,NA,NA,NA,NA,NA,NA,NA,NA,NA,NA,NA,NA,NA,NA,NA,NA,NA,NA,NA,NA,NA
"1073",0,"15541",NA,"PRINCETON","MA",NA,0,2.71e-05,NA,NA,"MA 15541",2010,NA,-4.566638749,1,NA,NA,NA,NA,NA,"R0","2011-05-24",1,0,NA,NA,NA,NA,NA,NA,NA,NA,NA,NA,NA,NA,NA,NA,NA,NA,NA,NA,NA,NA,NA
"1074",0,"15542",NA,"PRINCETON","MA",NA,0,0.000125583,NA,NA,"MA 15542",2010,NA,-3.901069585,1,NA,NA,NA,NA,NA,"R0","2011-05-24",1,0,NA,NA,NA,NA,NA,NA,NA,NA,NA,NA,NA,NA,NA,NA,NA,NA,NA,NA,NA,NA,NA
"1075",0,"15545",NA,"PRINCETON","MA",NA,0,1.77e-05,NA,NA,"MA 15545",2010,NA,-4.751372384,1,NA,NA,NA,NA,NA,"R0","2011-05-24",1,0,NA,NA,NA,NA,NA,NA,NA,NA,NA,NA,NA,NA,NA,NA,NA,NA,NA,NA,NA,NA,NA
"1076",0,"15546",NA,"PRINCETON","MA",NA,0,0.000108989,NA,NA,"MA 15546",2010,NA,-3.962618671,1,NA,NA,NA,NA,NA,"N","2011-05-24",1,0,NA,NA,NA,NA,NA,NA,NA,NA,NA,NA,NA,NA,NA,NA,NA,NA,NA,NA,NA,NA,NA
"1077",0,"15547",NA,"PRINCETON","MA",NA,0,2.09e-05,NA,NA,"MA 15547",2010,NA,-4.679225638,1,NA,NA,NA,NA,NA,"R0","2011-05-24",1,0,NA,NA,NA,NA,NA,NA,NA,NA,NA,NA,NA,NA,NA,NA,NA,NA,NA,NA,NA,NA,NA
"1078",0,"15551",NA,"MERILL","NH",NA,0,3.53e-05,NA,NA,"MA 15551",2010,NA,-4.452471373,1,NA,NA,NA,NA,NA,"N","2011-05-31",1,0,NA,NA,NA,NA,NA,NA,NA,NA,NA,NA,NA,NA,NA,NA,NA,NA,NA,NA,NA,NA,NA
"1079",0,"15554",NA,"MERILL","NH",NA,0,1.03e-06,NA,NA,"MA 15554",2010,NA,-5.985805611,1,NA,NA,NA,NA,NA,"N","2011-05-31",1,0,NA,NA,NA,NA,NA,NA,NA,NA,NA,NA,NA,NA,NA,NA,NA,NA,NA,NA,NA,NA,NA
"1080",0,"15557",NA,"MERILL","NH",NA,0,1.16e-05,NA,NA,"MA 15557",2010,NA,-4.93621341,1,NA,NA,NA,NA,NA,"N","2011-05-31",1,0,NA,NA,NA,NA,NA,NA,NA,NA,NA,NA,NA,NA,NA,NA,NA,NA,NA,NA,NA,NA,NA
"1081",0,"15558",NA,"MERILL","NH",NA,0,2.86e-06,NA,NA,"MA 15558",2010,NA,-5.543566049,1,NA,NA,NA,NA,NA,"N","2011-05-31",1,0,NA,NA,NA,NA,NA,NA,NA,NA,NA,NA,NA,NA,NA,NA,NA,NA,NA,NA,NA,NA,NA
"1082",0,"15562",NA,"MERILL","NH",NA,0,6.19e-05,NA,NA,"MA 15562",2010,NA,-4.208269897,1,NA,NA,NA,NA,NA,"N","2011-05-31",1,0,NA,NA,NA,NA,NA,NA,NA,NA,NA,NA,NA,NA,NA,NA,NA,NA,NA,NA,NA,NA,NA
"1083",0,"15564",NA,"MERILL","NH",NA,0,3.42e-05,NA,NA,"MA 15564",2010,NA,-4.466108613,1,NA,NA,NA,NA,NA,"N","2011-05-31",1,0,NA,NA,NA,NA,NA,NA,NA,NA,NA,NA,NA,NA,NA,NA,NA,NA,NA,NA,NA,NA,NA
"1084",0,"15567",NA,"MERILL","NH",NA,0,8.2e-06,NA,NA,"MA 15567",2010,NA,-5.086067793,1,NA,NA,NA,NA,NA,"N","2011-05-31",1,0,NA,NA,NA,NA,NA,NA,NA,NA,NA,NA,NA,NA,NA,NA,NA,NA,NA,NA,NA,NA,NA
"1085",0,"15570",NA,"MERILL","NH",NA,0,4.12e-05,NA,NA,"MA 15570",2010,NA,-4.384586337,1,NA,NA,NA,NA,NA,"N","2011-05-31",1,0,NA,NA,NA,NA,NA,NA,NA,NA,NA,NA,NA,NA,NA,NA,NA,NA,NA,NA,NA,NA,NA
"1086",0,"15571",NA,"MERILL","NH",NA,0,3.56e-06,NA,NA,"MA 15571",2010,NA,-5.448704187,1,NA,NA,NA,NA,NA,"N","2011-05-31",1,0,NA,NA,NA,NA,NA,NA,NA,NA,NA,NA,NA,NA,NA,NA,NA,NA,NA,NA,NA,NA,NA
"1087",0,"15572",NA,"MERILL","NH",NA,0,2.38e-05,NA,NA,"MA 15572",2010,NA,-4.622849899,1,NA,NA,NA,NA,NA,"N","2011-05-31",1,0,NA,NA,NA,NA,NA,NA,NA,NA,NA,NA,NA,NA,NA,NA,NA,NA,NA,NA,NA,NA,NA
"1088",0,"15575",NA,"MERILL","NH",NA,0,0.000120002,NA,NA,"MA 15575",2010,NA,-3.920810489,1,NA,NA,NA,NA,NA,"N","2011-05-31",1,0,NA,NA,NA,NA,NA,NA,NA,NA,NA,NA,NA,NA,NA,NA,NA,NA,NA,NA,NA,NA,NA
"1089",0,"15577",NA,"MERILL","NH",NA,0,3.59e-05,NA,NA,"MA 15577",2010,NA,-4.444790726,1,NA,NA,NA,NA,NA,"N","2011-05-31",1,0,NA,NA,NA,NA,NA,NA,NA,NA,NA,NA,NA,NA,NA,NA,NA,NA,NA,NA,NA,NA,NA
"1090",0,"15583",NA,"MERILL","NH",NA,0,0.002272487,NA,NA,"MA 15583",2010,NA,-2.643498576,1,NA,NA,NA,NA,NA,"N","2011-05-31",1,0,NA,NA,NA,NA,NA,NA,NA,NA,NA,NA,NA,NA,NA,NA,NA,NA,NA,NA,NA,NA,NA
"1091",0,"15585",NA,"MERILL","NH",NA,0,1.08e-05,NA,NA,"MA 15585",2010,NA,-4.967057406,1,NA,NA,NA,NA,NA,"N","2011-05-31",1,0,NA,NA,NA,NA,NA,NA,NA,NA,NA,NA,NA,NA,NA,NA,NA,NA,NA,NA,NA,NA,NA
"1092",0,"15588",NA,"MERILL","NH",NA,0,0.000144806,NA,NA,"MA 15588",2010,NA,-3.839212337,1,NA,NA,NA,NA,NA,"N","2011-05-31",1,0,NA,NA,NA,NA,NA,NA,NA,NA,NA,NA,NA,NA,NA,NA,NA,NA,NA,NA,NA,NA,NA
"1093",0,"15591",NA,"MERILL","NH",NA,0,0.037738185,NA,NA,"MA 15591",2010,NA,-1.423218985,1,NA,NA,NA,NA,NA,"N","2011-05-31",1,0,NA,NA,NA,NA,NA,NA,NA,NA,NA,NA,NA,NA,NA,NA,NA,NA,NA,NA,NA,NA,NA
"1094",0,"MADFW 16111",NA,"HOWE BARN","MA",NA,0,0.000143118,NA,NA,"MA 16111",2010,NA,-3.844306348,1,NA,NA,NA,NA,NA,"R - year","2011-05-04",1,0,NA,NA,NA,NA,NA,NA,NA,NA,NA,NA,NA,NA,NA,NA,NA,NA,NA,NA,NA,NA,NA
"1095",0,"MADFW 15504",NA,"MERILL","NH",NA,0,0.000160277,NA,NA,"MADFW 15504",2010,NA,-3.795129066,1,NA,NA,NA,NA,NA,"R - year","2011-05-31",1,0,NA,NA,NA,NA,NA,NA,NA,NA,NA,NA,NA,NA,NA,NA,NA,NA,NA,NA,NA,NA,NA
"1096",0,"JH15MI0185","33","GLEN ADIT","MI",1,0,0.002261006,0,0,"MMM2431",2015,NA,-2.64569823,1,NA,0.0281796040434707,6.89032701421801,NA,-1.53492060561949,NA,"2015-11-04",1,0,NA,NA,NA,NA,NA,NA,NA,NA,NA,NA,NA,NA,NA,NA,NA,NA,NA,NA,NA,NA,"invasion"
"1097",1,"KL20WI1645","1A","BAY CITY","WI",5,2,0.000266705,0,0,"NWHC00208",2020,NA,-3.573968272,1,NA,0.0397434280942537,4.62571694599628,95.3607546037222,-1.38994243287677,"Y","2020-11-10",1,1,1,"KL21WI0296","WI",2,"1A-35",0,0.01984989,0,NA,-1.702241896,1,NA,0.027688131646505,2.58131688700212,NA,-1.54229773485037,"Y","2021-03-01",0,1,"established"
"1098",0,"KL24WI1413","1A","BAY CITY","WI",9,2,2.56e-05,0,0,"NWHC00208",2024,NA,-4.592305688,1,NA,0.0374195461444641,5.31002721088435,NA,-1.4154477698262,"Y","2024-11-12",0,1,NA,NA,NA,NA,NA,NA,NA,NA,NA,NA,NA,NA,NA,NA,NA,NA,NA,NA,NA,NA,NA
"1099",0,"KL24WI1407","1A","BAY CITY","WI",9,0,3.23e-06,0,0,"NWHC00219",2024,NA,-5.490753635,1,NA,0.0374195461444641,5.31002721088435,NA,-1.4154477698262,"Y","2024-11-12",1,0,NA,NA,NA,NA,NA,NA,NA,NA,NA,NA,NA,NA,NA,NA,NA,NA,NA,NA,NA,NA,NA
"1100",1,"KL20WI1657","1A","BAY CITY","WI",5,1,0.00108586,0,0,"NWHC00225",2020,NA,-2.964226185,1,NA,0.0397434280942537,4.62571694599628,95.3607546037222,-1.38994243287677,"Y","2020-11-10",1,1,0,"KL21WI0300","WI",1,"1A-35",1,0.002022055,1,NA,-2.694207036,1,NA,0.027688131646505,2.58131688700212,NA,-1.54229773485037,"Y","2021-03-01",0,1,"established"
"1101",1,"KL24WI1455","5","MAIDEN ROCK","WI",9,1,1.9e-05,0,0,"NWHC00252",2024,NA,-4.721567123,1,NA,NA,NA,NA,NA,"Y","2024-11-12",1,1,0,"KL25WI0200","WI",1,"5",1,0.000890627,1,NA,-3.050304234,1,NA,NA,NA,NA,NA,"Y","2025-03-05",0,1,NA
"1102",0,"KL20WI1599","5","MAIDEN ROCK","WI",5,0,0.000426197,1,1,"NWHC00364",2020,NA,-3.370389866,1,NA,NA,NA,NA,NA,"Y","2020-11-10",1,0,NA,NA,NA,NA,NA,NA,NA,NA,NA,NA,NA,NA,NA,NA,NA,NA,NA,NA,NA,NA,"established"
"1103",0,"KL21WI0771",NA,"BAY CITY","WI",6,0,9.72e-07,NA,NA,"NWHC00502",2021,NA,-6.012462933,1,NA,0.011546635571923,5.58928265106281,98.7113596806023,-1.90147271628955,"N","2021-08-16",1,0,NA,NA,NA,NA,NA,NA,NA,NA,NA,NA,NA,NA,NA,NA,NA,NA,NA,NA,NA,NA,"established"
"1104",1,"KL21WI0772",NA,"BAY CITY","WI",6,1,9.87e-06,NA,NA,"NWHC00503",2021,NA,-5.005872263,1,NA,0.011546635571923,5.58928265106281,98.7113596806023,-1.90147271628955,"N","2021-08-16",1,1,0,"KL22WI0275","WI",1,"2A",1,0.128415451,2,NA,-0.891382717,1,NA,0.0200231943095537,0.975425101214575,NA,-1.67730129565245,"Y","2022-03-01",0,1,"established"
"1105",0,"KL21WI0774",NA,"BAY CITY","WI",6,0,1.32e-06,NA,NA,"NWHC00504",2021,NA,-5.880761519,1,NA,0.011546635571923,5.58928265106281,98.7113596806023,-1.90147271628955,"N","2021-08-16",1,0,NA,NA,NA,NA,NA,NA,NA,NA,NA,NA,NA,NA,NA,NA,NA,NA,NA,NA,NA,NA,"established"
"1106",1,"KL23WI1118","20","NEDA MINE","WI",9,1,2.23e-05,0,0,"NWHC00528",2023,NA,-4.652518465,1,NA,0.00599769849291022,8.79071942446043,99.4705384086006,-2.15504477372597,"Y","2023-11-01",1,1,NA,NA,NA,NA,NA,NA,NA,NA,NA,NA,NA,NA,NA,NA,NA,NA,NA,NA,NA,NA,NA
"1107",0,"KL23WI0785",NA,"NEDA MINE","WI",9,0,1.5e-07,NA,NA,"NWHC00530",2023,NA,-6.823825932,1,NA,0.00840475771690902,8.19710253456221,99.2257765595167,-2.02665238815877,"Y","2023-08-28",1,0,NA,NA,NA,NA,NA,NA,NA,NA,NA,NA,NA,NA,NA,NA,NA,NA,NA,NA,NA,NA,NA
"1108",0,"KL21WI1956","15","NEDA MINE","WI",7,0,0.001156004,0,0,"NWHC00594",2021,NA,-2.93704081,1,NA,0.0119982386549739,8.71749539594843,NA,-1.88611549340474,"Y","2021-11-17",1,0,NA,NA,NA,NA,NA,NA,NA,NA,NA,NA,NA,NA,NA,NA,NA,NA,NA,NA,NA,NA,"established"
"1109",0,"KL23WI1122","20","NEDA MINE","WI",9,0,0.000884678,1,1,"NWHC00602",2023,NA,-3.053214891,1,NA,0.00599769849291022,8.79071942446043,99.4705384086006,-2.15504477372597,"Y","2023-11-01",1,0,NA,NA,NA,NA,NA,NA,NA,NA,NA,NA,NA,NA,NA,NA,NA,NA,NA,NA,NA,NA,NA
"1110",0,"KL24WI1409","1A","BAY CITY","WI",9,0,3.24e-05,0,0,"NWHC00740",2024,NA,-4.489476413,1,NA,0.0374195461444641,5.31002721088435,NA,-1.4154477698262,"Y","2024-11-12",1,0,NA,NA,NA,NA,NA,NA,NA,NA,NA,NA,NA,NA,NA,NA,NA,NA,NA,NA,NA,NA,NA
"1111",0,"KL24WI1480","5","MAIDEN ROCK","WI",9,0,7.99e-05,1,1,"NWHC00795",2024,NA,-4.097403487,1,NA,NA,NA,NA,NA,"Y","2024-11-12",1,0,NA,NA,NA,NA,NA,NA,NA,NA,NA,NA,NA,NA,NA,NA,NA,NA,NA,NA,NA,NA,NA
"1112",1,"KL24WI1483","5","MAIDEN ROCK","WI",9,1,3.88e-05,1,1,"NWHC00817",2024,NA,-4.410788188,1,NA,NA,NA,NA,NA,"Y","2024-11-12",1,1,0,"KL25WI0191","WI",1,"5",1,0.007099501,1,NA,-2.14877219,1,NA,NA,NA,NA,NA,"Y","2025-03-05",0,1,NA
"1113",0,"KL24WI1489","5","MAIDEN ROCK","WI",9,0,9.96e-05,1,1,"NWHC00821",2024,NA,-4.001596655,1,NA,NA,NA,NA,NA,"Y","2024-11-12",1,0,NA,NA,NA,NA,NA,NA,NA,NA,NA,NA,NA,NA,NA,NA,NA,NA,NA,NA,NA,NA,NA
"1114",0,"KL22WI1510","2","MAIDEN ROCK","WI",7,0,1.6e-05,0,0,"NWHC00918",2022,NA,-4.796431129,1,NA,NA,NA,NA,NA,"Y","2022-11-07",1,0,NA,NA,NA,NA,NA,NA,NA,NA,NA,NA,NA,NA,NA,NA,NA,NA,NA,NA,NA,NA,"established"
"1115",0,"KL21WI1502","1A","BAY CITY","WI",6,0,6.62e-06,NA,NA,"NWHC00962",2021,NA,-5.178925783,1,NA,0.0285414607384287,4.8088772845953,NA,-1.52956803390713,"Y","2021-11-04",1,0,NA,NA,NA,NA,NA,NA,NA,NA,NA,NA,NA,NA,NA,NA,NA,NA,NA,NA,NA,NA,"established"
"1116",0,"KL23WI1501","1A","BAY CITY","WI",8,0,4e-06,0,0,"NWNC00962",2023,NA,-5.398101066,1,NA,0.0374195461444641,4.59354577191621,NA,-1.4154477698262,"Y","2023-11-08",1,0,NA,NA,NA,NA,NA,NA,NA,NA,NA,NA,NA,NA,NA,NA,NA,NA,NA,NA,NA,NA,"established"
"1117",0,"NY 31150",NA,"WILLSBORO","NY",NA,0,3.16e-06,NA,NA,"NY 31150",2010,NA,-5.499751309,1,NA,NA,NA,NA,NA,"N","2011-05-30",1,0,NA,NA,NA,NA,NA,NA,NA,NA,NA,NA,NA,NA,NA,NA,NA,NA,NA,NA,NA,NA,NA
"1118",0,"31153",NA,"WILLSBORO","NY",NA,0,0.027833936,NA,NA,"NY 31153",2010,NA,-1.555425382,1,NA,NA,NA,NA,NA,"N","2011-05-30",1,0,NA,NA,NA,NA,NA,NA,NA,NA,NA,NA,NA,NA,NA,NA,NA,NA,NA,NA,NA,NA,NA
"1119",0,"31154",NA,"WILLSBORO","NY",NA,0,7.08e-06,NA,NA,"NY 31154",2010,NA,-5.150003948,1,NA,NA,NA,NA,NA,"N","2011-05-30",1,0,NA,NA,NA,NA,NA,NA,NA,NA,NA,NA,NA,NA,NA,NA,NA,NA,NA,NA,NA,NA,NA
"1120",0,"31156",NA,"WILLSBORO","NY",NA,0,6.75e-05,NA,NA,"NY 31156",2010,NA,-4.170930033,1,NA,NA,NA,NA,NA,"N","2011-05-30",1,0,NA,NA,NA,NA,NA,NA,NA,NA,NA,NA,NA,NA,NA,NA,NA,NA,NA,NA,NA,NA,NA
"1121",0,"31157",NA,"WILLSBORO","NY",NA,0,1.54e-05,NA,NA,"NY 31157",2010,NA,-4.811996993,1,NA,NA,NA,NA,NA,"N","2011-05-30",1,0,NA,NA,NA,NA,NA,NA,NA,NA,NA,NA,NA,NA,NA,NA,NA,NA,NA,NA,NA,NA,NA
"1122",0,"31179",NA,"WILLSBORO","NY",NA,0,0.002089935,NA,NA,"NY 31179",2010,NA,-2.679867269,1,NA,NA,NA,NA,NA,"N","2011-05-30",1,0,NA,NA,NA,NA,NA,NA,NA,NA,NA,NA,NA,NA,NA,NA,NA,NA,NA,NA,NA,NA,NA
"1123",0,"NY 31203",NA,"HITCHCOCK","NY",4,0,5.45e-05,NA,NA,"NY 31203",2011,NA,-4.263815677,1,NA,NA,5.40923664122137,NA,NA,"N","2011-08-23",1,0,NA,NA,NA,NA,NA,NA,NA,NA,NA,NA,NA,NA,NA,NA,NA,NA,NA,NA,NA,NA,"established"
"1124",0,"NY 31204",NA,"HITCHCOCK","NY",4,0,1.8e-06,NA,NA,"NY 31204",2011,NA,-5.745028952,1,NA,NA,5.40923664122137,NA,NA,"N","2011-08-23",1,0,NA,NA,NA,NA,NA,NA,NA,NA,NA,NA,NA,NA,NA,NA,NA,NA,NA,NA,NA,NA,"established"
"1125",0,"NY 31205",NA,"HITCHCOCK","NY",4,0,6.98e-06,NA,NA,"NY 31205",2011,NA,-5.156088956,1,NA,NA,5.40923664122137,NA,NA,"N","2011-08-23",1,0,NA,NA,NA,NA,NA,NA,NA,NA,NA,NA,NA,NA,NA,NA,NA,NA,NA,NA,NA,NA,"established"
"1126",0,"NY 31216",NA,"HITCHCOCK","NY",4,0,2.52e-06,NA,NA,"NY 31216",2011,NA,-5.598915817,1,NA,NA,5.40923664122137,NA,NA,"N","2011-08-23",1,0,NA,NA,NA,NA,NA,NA,NA,NA,NA,NA,NA,NA,NA,NA,NA,NA,NA,NA,NA,NA,"established"
"1127",0,"NY 31218",NA,"HITCHCOCK","NY",4,0,1.06e-05,NA,NA,"NY 31218",2011,NA,-4.976052403,1,NA,NA,5.40923664122137,NA,NA,"N","2011-08-23",1,0,NA,NA,NA,NA,NA,NA,NA,NA,NA,NA,NA,NA,NA,NA,NA,NA,NA,NA,NA,NA,"established"
"1128",0,"NY 31219",NA,"HITCHCOCK","NY",4,0,2.72e-06,NA,NA,"NY 31219",2011,NA,-5.565627531,1,NA,NA,5.40923664122137,NA,NA,"N","2011-08-23",1,0,NA,NA,NA,NA,NA,NA,NA,NA,NA,NA,NA,NA,NA,NA,NA,NA,NA,NA,NA,NA,"established"
"1129",0,"NY 31223",NA,"HITCHCOCK","NY",4,0,1.01e-05,NA,NA,"NY 31223",2011,NA,-4.994134684,1,NA,NA,5.40923664122137,NA,NA,"N","2011-08-23",1,0,NA,NA,NA,NA,NA,NA,NA,NA,NA,NA,NA,NA,NA,NA,NA,NA,NA,NA,NA,NA,"established"
"1130",0,"NY 31226",NA,"HITCHCOCK","NY",4,0,5.65e-06,NA,NA,"NY 31226",2011,NA,-5.248264895,1,NA,NA,5.40923664122137,NA,NA,"N","2011-08-23",1,0,NA,NA,NA,NA,NA,NA,NA,NA,NA,NA,NA,NA,NA,NA,NA,NA,NA,NA,NA,NA,"established"
"1131",0,"NY 31229",NA,"HITCHCOCK","NY",4,0,1.35e-05,NA,NA,"NY 31229",2011,NA,-4.87117311,1,NA,NA,5.40923664122137,NA,NA,"N","2011-08-23",1,0,NA,NA,NA,NA,NA,NA,NA,NA,NA,NA,NA,NA,NA,NA,NA,NA,NA,NA,NA,NA,"established"
"1132",0,"NY 31231",NA,"HITCHCOCK","NY",4,0,3.85e-06,NA,NA,"NY 31231",2011,NA,-5.414323305,1,NA,NA,5.40923664122137,NA,NA,"N","2011-08-23",1,0,NA,NA,NA,NA,NA,NA,NA,NA,NA,NA,NA,NA,NA,NA,NA,NA,NA,NA,NA,NA,"established"
"1133",0,"NY 31234",NA,"HITCHCOCK","NY",4,0,1.15e-05,NA,NA,"NY 31234",2011,NA,-4.941138002,1,NA,NA,5.40923664122137,NA,NA,"N","2011-08-23",1,0,NA,NA,NA,NA,NA,NA,NA,NA,NA,NA,NA,NA,NA,NA,NA,NA,NA,NA,NA,NA,"established"
"1134",0,"NY 31237",NA,"HITCHCOCK","NY",4,0,1.54e-05,NA,NA,"NY 31237",2011,NA,-4.812077602,1,NA,NA,5.40923664122137,NA,NA,"N","2011-08-23",1,0,NA,NA,NA,NA,NA,NA,NA,NA,NA,NA,NA,NA,NA,NA,NA,NA,NA,NA,NA,NA,"established"
"1135",0,"NY 31242",NA,"HITCHCOCK","NY",4,0,1.15e-05,NA,NA,"NY 31242",2011,NA,-4.940106159,1,NA,NA,5.40923664122137,NA,NA,"N","2011-08-23",1,0,NA,NA,NA,NA,NA,NA,NA,NA,NA,NA,NA,NA,NA,NA,NA,NA,NA,NA,NA,NA,"established"
"1136",0,"NY 31244",NA,"HITCHCOCK","NY",4,0,4.7e-06,NA,NA,"NY 31244",2011,NA,-5.327928847,1,NA,NA,5.40923664122137,NA,NA,"N","2011-08-23",1,0,NA,NA,NA,NA,NA,NA,NA,NA,NA,NA,NA,NA,NA,NA,NA,NA,NA,NA,NA,NA,"established"
"1137",0,"NY 31247",NA,"HITCHCOCK","NY",4,0,1.27e-05,NA,NA,"NY 31247",2011,NA,-4.89690438,1,NA,NA,5.40923664122137,NA,NA,"N","2011-08-23",1,0,NA,NA,NA,NA,NA,NA,NA,NA,NA,NA,NA,NA,NA,NA,NA,NA,NA,NA,NA,NA,"established"
"1138",0,"NY 31604",NA,"WALTER WILLIAMS PRESERVE","NY",4,0,2.16e-05,NA,NA,"NY 31604",2011,NA,-4.665721409,1,NA,NA,NA,NA,NA,"N","2011-08-24",1,0,NA,NA,NA,NA,NA,NA,NA,NA,NA,NA,NA,NA,NA,NA,NA,NA,NA,NA,NA,NA,"established"
"1139",0,"JH14MI106","B","BEATENS CAVE","MI",0,0,2.72e-05,NA,NA,"NYDEC33126",2014,NA,-4.565823343,1,NA,0.0408292387674945,5.99683544303797,NA,-1.37852003888781,NA,"2014-11-29",1,0,NA,NA,NA,NA,NA,NA,NA,NA,NA,NA,NA,NA,NA,NA,NA,NA,NA,NA,NA,NA,"invasion"
"1140",0,"KL15WI0619","D","HORSESHOE BAY","WI",1,0,0.000583784,0,0,"NYDEC33256",2015,NA,-3.233747849,1,NA,0.00512600746514702,11.1696078431373,NA,-2.21282247829827,NA,"2015-11-07",1,0,NA,NA,NA,NA,NA,NA,NA,NA,NA,NA,NA,NA,NA,NA,NA,NA,NA,NA,NA,NA,"invasion"
"1141",0,"JH15MI0199","25","BEATENS CAVE","MI",1,1,5.01e-05,0,0,"NYDEC33277",2015,NA,-4.300476947,1,NA,0.0408292387674945,7.63507028753994,NA,-1.37852003888781,"Y","2015-11-05",0,1,NA,NA,NA,NA,NA,NA,NA,NA,NA,NA,NA,NA,NA,NA,NA,NA,NA,NA,NA,NA,"invasion"
"1142",1,"JH15MI0147","20","MASS C","MI",1,1,0.000241107,NA,NA,"NYDEC33279",2015,NA,-3.617790801,1,NA,0.0311979292405735,6.72272460496614,NA,-1.49217205837593,NA,"2015-11-04",1,1,0,"JH16MI0112","MI",1,"34",1,0.00014893,1,NA,-3.827017139,1,NA,0.0132509908915458,3.784,NA,-1.84615493749623,"Y","2016-03-04",0,1,"invasion"
"1143",0,"KL21NY0011","CAGE","GRAPHITE MINE","NY",14,0,2.69e-05,0,0,"NYDEC71494",2021,NA,-4.569952293,1,NA,NA,NA,NA,NA,"N","2021-10-28",1,0,NA,NA,NA,NA,NA,NA,NA,NA,NA,NA,NA,NA,NA,NA,NA,NA,NA,NA,NA,NA,NA
"1144",0,"KL21NY0012","CAGE","GRAPHITE MINE","NY",14,0,5.95e-06,0,0,"NYDEC71496",2021,5.56,-5.225154758,1,0.0130040872735573,NA,NA,NA,NA,"N","2021-10-28",1,0,NA,NA,NA,NA,NA,NA,NA,NA,NA,NA,NA,NA,NA,NA,NA,NA,NA,NA,NA,NA,NA
"1145",0,"KL21NY0014","CAGE","GRAPHITE MINE","NY",14,0,1.59e-05,0,0,"NYDEC71498",2021,NA,-4.798190542,1,NA,NA,NA,NA,NA,"N","2021-10-28",1,0,NA,NA,NA,NA,NA,NA,NA,NA,NA,NA,NA,NA,NA,NA,NA,NA,NA,NA,NA,NA,NA
"1146",1,"KL18NY0087",NA,"BARTON HILL MINE","NY",NA,1,0.000190042,0,0,"NYDEC73201",2018,NA,-3.721150408,1,NA,NA,5.24170362903226,NA,NA,NA,"2018-12-05",1,1,0,"KL19VT0043","VT",1,NA,0,0.03725743,0,NA,-1.428787106,1,NA,NA,NA,NA,NA,NA,"2019-03-25",0,1,NA
"1147",0,"KL18NY0088",NA,"BARTON HILL MINE","NY",NA,0,0.000526492,0,0,"NYDEC73202",2018,NA,-3.278607894,1,NA,NA,5.24170362903226,NA,NA,NA,"2018-12-05",1,0,NA,NA,NA,NA,NA,NA,NA,NA,NA,NA,NA,NA,NA,NA,NA,NA,NA,NA,NA,NA,NA
"1148",1,"KL18NY0089",NA,"BARTON HILL MINE","NY",NA,1,0.000249771,1,1,"NYDEC73203",2018,NA,-3.602458161,1,NA,NA,5.24170362903226,NA,NA,NA,"2018-12-05",1,1,0,"KL19VT0036","VT",1,NA,1,0.1333997,1,NA,-0.874845147,1,NA,NA,NA,NA,NA,NA,"2019-03-25",0,1,NA
"1149",1,"KL18NY0090",NA,"BARTON HILL MINE","NY",NA,1,1.01e-05,0,0,"NYDEC73204",2018,NA,-4.997256171,1,NA,NA,5.24170362903226,NA,NA,NA,"2018-12-05",1,1,0,"KL19VT0021","VT",1,NA,1,0.082214905,2,NA,-1.085049441,1,NA,NA,NA,NA,NA,NA,"2019-03-25",0,1,NA
"1150",1,"KL18NY0091",NA,"BARTON HILL MINE","NY",NA,1,0.000186915,0,0,"NYDEC73205",2018,NA,-3.728354916,1,NA,NA,5.24170362903226,NA,NA,NA,"2018-12-05",1,1,0,"KL19NY0024","NY",1,NA,0,0.002220613,0,NA,-2.65352722,1,NA,NA,NA,NA,NA,NA,"2019-03-25",0,1,NA
"1151",1,"KL18NY0092",NA,"BARTON HILL MINE","NY",NA,1,0.000365724,1,2,"NYDEC73206",2018,NA,-3.436847073,1,NA,NA,5.24170362903226,NA,NA,NA,"2018-12-05",1,1,0,"KL19NY0150","NY",1,NA,1,0.006537462,2,NA,-2.184590823,1,NA,NA,3.39231350806452,NA,NA,NA,"2019-03-25",0,1,NA
"1152",1,"KL18NY0094",NA,"BARTON HILL MINE","NY",NA,1,0.000264857,0,0,"NYDEC73208",2018,NA,-3.576988298,1,NA,NA,5.24170362903226,NA,NA,NA,"2018-12-05",1,1,0,"KL19NY0152","NY",1,NA,NA,0.002793948,NA,NA,-2.553781681,1,NA,NA,3.39231350806452,NA,NA,NA,"2019-03-25",0,1,NA
"1153",1,"KL18NY0095",NA,"BARTON HILL MINE","NY",NA,1,0.000279643,0,0,"NYDEC73209",2018,NA,-3.553395349,1,NA,NA,5.24170362903226,NA,NA,NA,"2018-12-05",1,1,0,"KL19VT0022","VT",1,NA,1,0.045387355,1,NA,-1.343065126,1,NA,NA,NA,NA,NA,NA,"2019-03-25",0,1,NA
"1154",1,"KL18NY0096",NA,"BARTON HILL MINE","NY",NA,1,3.69e-06,1,1,"NYDEC73210",2018,NA,-5.432417117,1,NA,NA,5.24170362903226,NA,NA,NA,"2018-12-05",1,1,0,"KL19NY0008","NY",1,NA,1,0.0684707,1,NA,-1.164495232,1,NA,NA,NA,NA,NA,NA,"2019-03-25",0,1,NA
"1155",1,"KL18NY0097",NA,"BARTON HILL MINE","NY",NA,1,0.000982737,1,1,"NYDEC73211",2018,NA,-3.00756267,1,NA,NA,5.24170362903226,NA,NA,NA,"2018-12-05",1,1,0,"KL19NY0145","NY",1,NA,NA,0.000330844,NA,NA,-3.480376475,1,NA,NA,3.39231350806452,NA,NA,NA,"2019-03-25",0,1,NA
"1156",1,"KL18NY0098",NA,"BARTON HILL MINE","NY",NA,1,0.002284659,1,1,"NYDEC73212",2018,NA,-2.641178707,1,NA,NA,5.24170362903226,NA,NA,NA,"2018-12-05",1,1,0,"KL19NY0158","NY",1,NA,1,0.000528224,1,NA,-3.277181912,1,NA,NA,3.39231350806452,NA,NA,NA,"2019-03-25",0,1,NA
"1157",1,"KL18NY0099",NA,"BARTON HILL MINE","NY",NA,1,5.08e-05,0,0,"NYDEC73213",2018,NA,-4.294347117,1,NA,NA,5.24170362903226,NA,NA,NA,"2018-12-05",1,1,0,"KL19VT0009","VT",1,NA,NA,0.28014555,NA,NA,-0.552616272,1,NA,NA,NA,NA,NA,NA,"2019-03-25",0,1,NA
"1158",0,"KL18NY0100",NA,"BARTON HILL MINE","NY",NA,0,0.005115704,1,1,"NYDEC73214",2018,NA,-2.291094592,1,NA,NA,5.24170362903226,NA,NA,NA,"2018-12-05",1,0,NA,NA,NA,NA,NA,NA,NA,NA,NA,NA,NA,NA,NA,NA,NA,NA,NA,NA,NA,NA,NA
"1159",1,"KL18NY0101",NA,"BARTON HILL MINE","NY",NA,1,0.001629623,0,0,"NYDEC73215",2018,NA,-2.787912988,1,NA,NA,5.24170362903226,NA,NA,NA,"2018-12-05",1,1,0,"KL19VT0005","VT",1,NA,NA,0.10084868,NA,NA,-0.996329782,1,NA,NA,NA,NA,NA,NA,"2019-03-25",0,1,NA
"1160",1,"KL18NY0102",NA,"BARTON HILL MINE","NY",NA,1,0.11835025,1,2,"NYDEC73216",2018,NA,-0.92683082,1,NA,NA,5.24170362903226,NA,NA,NA,"2018-12-05",1,1,0,"KL19NY0140","NY",1,NA,NA,0.00683114,NA,NA,-2.165506846,1,NA,NA,3.39231350806452,NA,NA,NA,"2019-03-25",0,1,NA
"1161",0,"KL18NY0103",NA,"BARTON HILL MINE","NY",NA,0,0.003264106,0,0,"NYDEC73217",2018,NA,-2.486235746,1,NA,NA,5.24170362903226,NA,NA,NA,"2018-12-05",1,0,NA,NA,NA,NA,NA,NA,NA,NA,NA,NA,NA,NA,NA,NA,NA,NA,NA,NA,NA,NA,NA
"1162",1,"KL18NY0104",NA,"BARTON HILL MINE","NY",NA,1,4.57e-05,0,0,"NYDEC73218",2018,NA,-4.340119961,1,NA,NA,5.24170362903226,NA,NA,NA,"2018-12-05",1,1,0,"KL19VT0045","VT",1,NA,1,0.20139495,1,NA,-0.695951424,1,NA,NA,NA,NA,NA,NA,"2019-03-25",0,1,NA
"1163",1,"KL18NY0105",NA,"BARTON HILL MINE","NY",NA,1,0.001079286,1,2,"NYDEC73219",2018,NA,-2.966863537,1,NA,NA,5.24170362903226,NA,NA,NA,"2018-12-05",1,1,0,"KL19VT0035","VT",1,NA,1,1.5228945,1,NA,0.182669818,1,NA,NA,NA,NA,NA,NA,"2019-03-25",0,1,NA
"1164",0,"KL18NY0106",NA,"BARTON HILL MINE","NY",NA,0,0.001129715,1,1,"NYDEC73220",2018,NA,-2.947031297,1,NA,NA,5.24170362903226,NA,NA,NA,"2018-12-05",1,0,NA,NA,NA,NA,NA,NA,NA,NA,NA,NA,NA,NA,NA,NA,NA,NA,NA,NA,NA,NA,NA
"1165",1,"KL18NY0107",NA,"BARTON HILL MINE","NY",NA,1,4.03e-05,1,1,"NYDEC73221",2018,NA,-4.394278156,1,NA,NA,5.24170362903226,NA,NA,NA,"2018-12-05",1,1,0,"KL19VT0007","VT",1,NA,NA,0.20793065,NA,NA,-0.682081489,1,NA,NA,NA,NA,NA,NA,"2019-03-25",0,1,NA
"1166",1,"KL18NY0108",NA,"BARTON HILL MINE","NY",NA,1,0.000142324,1,1,"NYDEC73222",2018,NA,-3.846720944,1,NA,NA,5.24170362903226,NA,NA,NA,"2018-12-05",1,1,0,"KL19NY0146","NY",1,NA,NA,0.1674474,NA,NA,-0.776121591,1,NA,NA,3.39231350806452,NA,NA,NA,"2019-03-25",0,1,NA
"1167",1,"KL18NY0109",NA,"BARTON HILL MINE","NY",NA,1,3.24e-06,0,0,"NYDEC73223",2018,NA,-5.48990775,1,NA,NA,5.24170362903226,NA,NA,NA,"2018-12-05",1,1,0,"KL19NY0144","NY",1,NA,NA,0.000132706,NA,NA,-3.877107968,1,NA,NA,3.39231350806452,NA,NA,NA,"2019-03-25",0,1,NA
"1168",1,"KL18NY0110",NA,"BARTON HILL MINE","NY",NA,1,3.77e-05,1,2,"NYDEC73224",2018,NA,-4.423267155,1,NA,NA,5.24170362903226,NA,NA,NA,"2018-12-05",1,1,0,"KL19NY0164","NY",1,NA,NA,0.006101593,NA,NA,-2.2145568,1,NA,NA,3.39231350806452,NA,NA,NA,"2019-03-25",0,1,NA
"1169",1,"KL18NY0111",NA,"BARTON HILL MINE","NY",NA,1,0.005238976,1,2,"NYDEC73225",2018,NA,-2.280753591,1,NA,NA,5.24170362903226,NA,NA,NA,"2018-12-05",1,1,0,"KL19NY0151","NY",1,NA,NA,0.035205015,NA,NA,-1.453395466,1,NA,NA,3.39231350806452,NA,NA,NA,"2019-03-25",0,1,NA
"1170",1,"KL18NY0112",NA,"BARTON HILL MINE","NY",NA,1,0.001671793,1,1,"NYDEC73226",2018,NA,-2.776817498,1,NA,NA,5.24170362903226,NA,NA,NA,"2018-12-05",1,1,0,"KL19VT0008","VT",1,NA,NA,0.9197416,NA,NA,-0.03633417,1,NA,NA,NA,NA,NA,NA,"2019-03-25",0,1,NA
"1171",1,"KL18NY0113",NA,"BARTON HILL MINE","NY",NA,1,3.73e-06,1,1,"NYDEC73227",2018,NA,-5.427792249,1,NA,NA,5.24170362903226,NA,NA,NA,"2018-12-05",1,1,0,"KL19NY0006","NY",1,NA,0,0.007347978,0,NA,-2.133832182,1,NA,NA,NA,NA,NA,NA,"2019-03-25",0,1,NA
"1172",1,"KL18NY0114",NA,"BARTON HILL MINE","NY",NA,1,0.000521148,0,0,"NYDEC73228",2018,NA,-3.28303905,1,NA,NA,5.24170362903226,NA,NA,NA,"2018-12-05",1,1,0,"KL19NY0016","NY",1,NA,0,0.007000249,0,NA,-2.154886543,1,NA,NA,NA,NA,NA,NA,"2019-03-25",0,1,NA
"1173",1,"KL18NY0115",NA,"BARTON HILL MINE","NY",NA,1,0.000552172,0,0,"NYDEC73229",2018,NA,-3.257925856,1,NA,NA,5.24170362903226,NA,NA,NA,"2018-12-05",1,1,0,"KL19NY0009","NY",1,NA,0,0.004654163,0,NA,-2.332158457,1,NA,NA,NA,NA,NA,NA,"2019-03-25",0,1,NA
"1174",1,"KL18NY0116",NA,"BARTON HILL MINE","NY",NA,1,0.000438029,0,0,"NYDEC73230",2018,NA,-3.358496888,1,NA,NA,5.24170362903226,NA,NA,NA,"2018-12-05",1,1,0,"KL19NY0031","NY",1,NA,1,0.004220746,1,NA,-2.374610834,1,NA,NA,NA,NA,NA,NA,"2019-03-25",0,1,NA
"1175",1,"KL18NY0117",NA,"BARTON HILL MINE","NY",NA,1,1.41e-05,0,0,"NYDEC73231",2018,NA,-4.851812869,1,NA,NA,5.24170362903226,NA,NA,NA,"2018-12-05",1,1,0,"KL19VT0037","VT",1,NA,1,0.00455156,1,NA,-2.341839728,1,NA,NA,NA,NA,NA,NA,"2019-03-25",0,1,NA
"1176",1,"KL18NY0118",NA,"BARTON HILL MINE","NY",NA,1,0.001308357,1,1,"NYDEC73232",2018,NA,-2.883273738,1,NA,NA,5.24170362903226,NA,NA,NA,"2018-12-05",1,1,0,"KL19NY0032","NY",1,NA,1,0.0321528,1,NA,-1.492781201,1,NA,NA,NA,NA,NA,NA,"2019-03-25",0,1,NA
"1177",1,"KL18NY0119",NA,"BARTON HILL MINE","NY",NA,1,3.56e-05,0,0,"NYDEC73233",2018,NA,-4.448621557,1,NA,NA,5.24170362903226,NA,NA,NA,"2018-12-05",1,1,0,"KL19NY0033","NY",1,NA,1,0.03522431,1,NA,-1.453157505,1,NA,NA,NA,NA,NA,NA,"2019-03-25",0,1,NA
"1178",1,"KL18NY0121",NA,"BARTON HILL MINE","NY",NA,1,0.000631105,1,2,"NYDEC73235",2018,NA,-3.199898276,1,NA,NA,5.24170362903226,NA,NA,NA,"2018-12-05",1,1,0,"KL19NY0139","NY",1,NA,NA,0.1116478,NA,NA,-0.95214983,1,NA,NA,3.39231350806452,NA,NA,NA,"2019-03-25",0,1,NA
"1179",1,"KL18NY0122",NA,"BARTON HILL MINE","NY",NA,1,0.000467261,1,1,"NYDEC73236",2018,NA,-3.330440419,1,NA,NA,5.24170362903226,NA,NA,NA,"2018-12-05",1,1,0,"KL19NY0157","NY",1,NA,1,0.002191743,1,NA,-2.659210372,1,NA,NA,3.39231350806452,NA,NA,NA,"2019-03-25",0,1,NA
"1180",1,"KL18NY0123",NA,"BARTON HILL MINE","NY",NA,1,0.000798827,0,0,"NYDEC73237",2018,NA,-3.097547428,1,NA,NA,5.24170362903226,NA,NA,NA,"2018-12-05",1,1,0,"KL19NY0023","NY",1,NA,1,0.073318345,1,NA,-1.134787347,1,NA,NA,NA,NA,NA,NA,"2019-03-25",0,1,NA
"1181",1,"KL18NY0124",NA,"BARTON HILL MINE","NY",NA,1,0.001241542,0,0,"NYDEC73238",2018,NA,-2.906038584,1,NA,NA,5.24170362903226,NA,NA,NA,"2018-12-05",1,1,0,"KL19NY0156","NY",1,NA,NA,0.000436262,NA,NA,-3.360252763,1,NA,NA,3.39231350806452,NA,NA,NA,"2019-03-25",0,1,NA
"1182",1,"KL18NY0125",NA,"BARTON HILL MINE","NY",NA,1,0.001115351,1,1,"NYDEC73239",2018,NA,-2.952588439,1,NA,NA,5.24170362903226,NA,NA,NA,"2018-12-05",1,1,0,"KL19NY0005","NY",1,NA,0,0.02887605,0,NA,-1.539462215,1,NA,NA,NA,NA,NA,NA,"2019-03-25",0,1,NA
"1183",1,"KL18NY0126",NA,"BARTON HILL MINE","NY",NA,1,0.004368335,1,1,"NYDEC73240",2018,NA,-2.359684113,1,NA,NA,5.24170362903226,NA,NA,NA,"2018-12-05",1,1,0,"KL19VT0004","VT",1,NA,NA,0.41002685,NA,NA,-0.387187703,1,NA,NA,NA,NA,NA,NA,"2019-03-25",0,1,NA
"1184",1,"KL18NY0128",NA,"BARTON HILL MINE","NY",NA,1,0.000987757,0,0,"NYDEC73242",2018,NA,-3.00534995,1,NA,NA,5.24170362903226,NA,NA,NA,"2018-12-05",1,1,0,"KL19NY0017","NY",1,NA,1,0.10139932,1,NA,-0.993964957,1,NA,NA,NA,NA,NA,NA,"2019-03-25",0,1,NA
"1185",1,"KL18NY0129",NA,"BARTON HILL MINE","NY",NA,1,0.00012943,0,0,"NYDEC73243",2018,NA,-3.887965384,1,NA,NA,5.24170362903226,NA,NA,NA,"2018-12-05",1,1,0,"KL19VT0006","VT",1,NA,NA,0.35609285,NA,NA,-0.448436746,1,NA,NA,NA,NA,NA,NA,"2019-03-25",0,1,NA
"1186",1,"KL18NY0155",NA,"GRAPHITE MINE","NY",11,1,0.001109961,1,1,"NYDEC73250",2018,NA,-2.954692241,1,NA,NA,NA,NA,NA,NA,"2018-12-05",1,1,0,"KL19NY0002","NY",1,NA,0,0.1085598,0,NA,-0.964330965,1,NA,NA,NA,NA,NA,NA,"2019-03-25",0,1,NA
"1187",1,"KL18NY0158",NA,"GRAPHITE MINE","NY",11,1,0.000696483,1,1,"NYDEC73251",2018,NA,-3.157089261,1,NA,NA,NA,NA,NA,NA,"2018-12-05",1,1,0,"KL19VT0042","VT",1,NA,NA,0.008450443,NA,NA,-2.073120523,1,NA,NA,NA,NA,NA,NA,"2019-03-25",0,1,NA
"1188",1,"KL18NY0159",NA,"GRAPHITE MINE","NY",11,1,0.03128277,1,1,"NYDEC73252",2018,NA,-1.504694798,1,NA,NA,NA,NA,NA,NA,"2018-12-05",1,1,0,"KL19NY0128","NY",1,NA,NA,0.01311879,NA,NA,-1.88210622,1,NA,NA,3.39231350806452,NA,NA,NA,"2019-03-25",0,1,NA
"1189",1,"KL18NY0162",NA,"GRAPHITE MINE","NY",11,1,2.22e-05,1,1,"NYDEC73253",2018,NA,-4.654073704,1,NA,NA,NA,NA,NA,NA,"2018-12-05",1,1,0,"KL19VT0025","VT",1,NA,0,0.031162595,0,NA,-1.506366385,1,NA,NA,NA,NA,NA,NA,"2019-03-25",0,1,NA
"1190",1,"KL18NY0165",NA,"GRAPHITE MINE","NY",11,1,1.52e-06,1,1,"NYDEC73254",2018,NA,-5.8171383,1,NA,NA,NA,NA,NA,NA,"2018-12-05",1,1,0,"KL19VT0020","VT",1,NA,NA,0.004920894,NA,NA,-2.30795599,1,NA,NA,NA,NA,NA,NA,"2019-03-25",0,1,NA
"1191",1,"KL18NY0166",NA,"GRAPHITE MINE","NY",11,1,9.74e-05,0,0,"NYDEC73255",2018,NA,-4.011359186,1,NA,NA,NA,NA,NA,NA,"2018-12-05",1,1,0,"KL19NY0013","NY",1,NA,1,0.03440236,1,NA,-1.463411764,1,NA,NA,NA,NA,NA,NA,"2019-03-25",0,1,NA
"1192",1,"KL18NY0167",NA,"GRAPHITE MINE","NY",11,1,0.000207642,1,1,"NYDEC73256",2018,NA,-3.682684692,1,NA,NA,NA,NA,NA,NA,"2018-12-05",1,1,0,"KL19NY0132","NY",1,NA,NA,0.000314306,NA,NA,-3.502647467,1,NA,NA,3.39231350806452,NA,NA,NA,"2019-03-25",0,1,NA
"1193",1,"KL18NY0168",NA,"GRAPHITE MINE","NY",11,1,0.001016548,0,0,"NYDEC73257",2018,NA,-2.992872067,1,NA,NA,NA,NA,NA,NA,"2018-12-05",1,1,0,"KL19NY0126","NY",1,NA,NA,0.000457695,NA,NA,-3.339424211,1,NA,NA,3.39231350806452,NA,NA,NA,"2019-03-25",0,1,NA
"1194",1,"KL18NY0171",NA,"GRAPHITE MINE","NY",11,1,0.005131837,0,0,"NYDEC73258",2018,NA,-2.289727146,1,NA,NA,NA,NA,NA,NA,"2018-12-05",1,1,0,"KL19NY0124","NY",1,NA,1,0.00241299,2,NA,-2.617444478,1,NA,NA,3.39231350806452,NA,NA,NA,"2019-03-25",0,1,NA
"1195",1,"KL18NY0174",NA,"GRAPHITE MINE","NY",11,1,0.002260543,0,0,"NYDEC73259",2018,NA,-2.645787323,1,NA,NA,NA,NA,NA,NA,"2018-12-05",1,1,0,"KL19VT0019","VT",1,NA,1,0.1232136,2,NA,-0.909341353,1,NA,NA,NA,NA,NA,NA,"2019-03-25",0,1,NA
"1196",1,"KL18NY0177",NA,"GRAPHITE MINE","NY",11,1,0.000711783,0,0,"NYDEC73260",2018,NA,-3.147652145,1,NA,NA,NA,NA,NA,NA,"2018-12-05",1,1,0,"KL19NY0039","NY",1,NA,1,0.1868924,2,NA,-0.728408359,1,NA,NA,NA,NA,NA,NA,"2019-03-25",0,1,NA
"1197",1,"KL18NY0180",NA,"GRAPHITE MINE","NY",11,1,0.010996885,1,1,"NYDEC73261",2018,NA,-1.958730317,1,NA,NA,NA,NA,NA,NA,"2018-12-05",1,1,0,"KL19NY0122","NY",1,NA,NA,0.013292355,NA,NA,-1.876398069,1,NA,NA,3.39231350806452,NA,NA,NA,"2019-03-25",0,1,NA
"1198",1,"KL18NY0182",NA,"GRAPHITE MINE","NY",11,1,0.003988068,0,0,"NYDEC73262",2018,NA,-2.399237445,1,NA,NA,NA,NA,NA,NA,"2018-12-05",1,1,0,"KL19NY0121","NY",1,NA,NA,0.00037204,NA,NA,-3.429410773,1,NA,NA,3.39231350806452,NA,NA,NA,"2019-03-25",0,1,NA
"1199",1,"KL18NY0184",NA,"GRAPHITE MINE","NY",11,1,0.000790653,0,0,"NYDEC73263",2018,NA,-3.102014297,1,NA,NA,NA,NA,NA,NA,"2018-12-05",1,1,0,"KL19VT0039","VT",1,NA,1,0.001583015,1,NA,-2.800515107,1,NA,NA,NA,NA,NA,NA,"2019-03-25",0,1,NA
"1200",1,"KL18NY0185",NA,"GRAPHITE MINE","NY",11,1,0.003203623,1,1,"NYDEC73264",2018,NA,-2.494358665,1,NA,NA,NA,NA,NA,NA,"2018-12-05",1,1,0,"KL19NY0015","NY",1,NA,1,0.03806857,1,NA,-1.419433437,1,NA,NA,NA,NA,NA,NA,"2019-03-25",0,1,NA
"1201",1,"KL18NY0186",NA,"GRAPHITE MINE","NY",11,1,0.000104503,1,1,"NYDEC73265",2018,NA,-3.980870515,1,NA,NA,NA,NA,NA,NA,"2018-12-05",1,1,0,"KL19VT0003","VT",1,NA,1,0.02760894,2,NA,-1.558950267,1,NA,NA,NA,NA,NA,NA,"2019-03-25",0,1,NA
"1202",1,"KL18NY0187",NA,"GRAPHITE MINE","NY",11,1,0.001521719,1,1,"NYDEC73266",2018,NA,-2.817665537,1,NA,NA,NA,NA,NA,NA,"2018-12-05",1,1,0,"KL19NY0129","NY",1,NA,1,0.08904232,2,NA,-1.050403533,1,NA,NA,3.39231350806452,NA,NA,NA,"2019-03-25",0,1,NA
"1203",0,"KL18NY0188",NA,"GRAPHITE MINE","NY",11,0,0.01309673,1,1,"NYDEC73267",2018,NA,-1.882837126,1,NA,NA,NA,NA,NA,NA,"2018-12-05",1,0,NA,NA,NA,NA,NA,NA,NA,NA,NA,NA,NA,NA,NA,NA,NA,NA,NA,NA,NA,NA,NA
"1204",1,"KL18NY0189",NA,"GRAPHITE MINE","NY",11,1,0.000383095,0,0,"NYDEC73268",2018,NA,-3.416693233,1,NA,NA,NA,NA,NA,NA,"2018-12-05",1,1,0,"KL19VT0041","VT",1,NA,NA,0.01860926,NA,NA,-1.730270896,1,NA,NA,NA,NA,NA,NA,"2019-03-25",0,1,NA
"1205",1,"KL18NY0190",NA,"GRAPHITE MINE","NY",11,1,0.001206891,0,0,"NYDEC73269",2018,NA,-2.918332131,1,NA,NA,NA,NA,NA,NA,"2018-12-05",1,1,0,"KL19VT0024","VT",1,NA,1,0.021735565,1,NA,-1.662829066,1,NA,NA,NA,NA,NA,NA,"2019-03-25",0,1,NA
"1206",1,"KL18NY0191",NA,"GRAPHITE MINE","NY",11,1,7.41e-05,0,0,"NYDEC73270",2018,NA,-4.130208958,1,NA,NA,NA,NA,NA,NA,"2018-12-05",1,1,0,"KL19NY0012","NY",1,NA,1,0.007937428,1,NA,-2.100320229,1,NA,NA,NA,NA,NA,NA,"2019-03-25",0,1,NA
"1207",0,"KL18NY0192",NA,"GRAPHITE MINE","NY",11,0,0.00071829,1,1,"NYDEC73271",2018,NA,-3.14370015,1,NA,NA,NA,NA,NA,NA,"2018-12-05",1,0,NA,NA,NA,NA,NA,NA,NA,NA,NA,NA,NA,NA,NA,NA,NA,NA,NA,NA,NA,NA,NA
"1208",1,"KL18NY0193",NA,"GRAPHITE MINE","NY",11,1,0.00055577,0,0,"NYDEC73272",2018,NA,-3.255104665,1,NA,NA,NA,NA,NA,NA,"2018-12-05",1,1,0,"KL19NY0125","NY",1,NA,1,0.000806614,1,NA,-3.093334002,1,NA,NA,3.39231350806452,NA,NA,NA,"2019-03-25",0,1,NA
"1209",1,"KL18NY0194",NA,"GRAPHITE MINE","NY",11,1,0.001584337,0,0,"NYDEC73273",2018,NA,-2.800152572,1,NA,NA,NA,NA,NA,NA,"2018-12-05",1,1,0,"KL19NY0133","NY",1,NA,1,0.005744002,2,NA,-2.240785455,1,NA,NA,3.39231350806452,NA,NA,NA,"2019-03-25",0,1,NA
"1210",1,"KL18NY0195",NA,"GRAPHITE MINE","NY",11,1,0.000508652,0,0,"NYDEC73274",2018,NA,-3.293579115,1,NA,NA,NA,NA,NA,NA,"2018-12-05",1,1,0,"KL19NY0135","NY",1,NA,1,0.058119715,1,NA,-1.235676524,1,NA,NA,3.39231350806452,NA,NA,NA,"2019-03-25",0,1,NA
"1211",1,"KL18NY0196",NA,"GRAPHITE MINE","NY",11,1,0.02391346,1,1,"NYDEC73275",2018,NA,-1.621357582,1,NA,NA,NA,NA,NA,NA,"2018-12-05",1,1,0,"KL19NY0134","NY",1,NA,1,0.01996335,1,NA,-1.699766579,1,NA,NA,3.39231350806452,NA,NA,NA,"2019-03-25",0,1,NA
"1212",1,"KL18NY0197",NA,"GRAPHITE MINE","NY",11,1,0.01330643,1,1,"NYDEC73276",2018,NA,-1.875938446,1,NA,NA,NA,NA,NA,NA,"2018-12-05",1,1,0,"KL19VT0038","VT",1,NA,1,0.008283174,1,NA,-2.081803216,1,NA,NA,NA,NA,NA,NA,"2019-03-25",0,1,NA
"1213",1,"KL18NY0198",NA,"GRAPHITE MINE","NY",11,1,0.002159039,0,0,"NYDEC73277",2018,NA,-2.665739613,1,NA,NA,NA,NA,NA,NA,"2018-12-05",1,1,0,"KL19NY0019","NY",1,NA,1,2.91e-06,1,NA,-5.536393576,1,NA,NA,NA,NA,NA,NA,"2019-03-25",0,1,NA
"1214",1,"KL18NY0199",NA,"GRAPHITE MINE","NY",11,1,0.002439184,0,0,"NYDEC73278",2018,NA,-2.612755437,1,NA,NA,NA,NA,NA,NA,"2018-12-05",1,1,0,"KL19NY0001","NY",1,NA,NA,0.1666299,NA,NA,-0.778247066,1,NA,NA,NA,NA,NA,NA,"2019-03-25",0,1,NA
"1215",1,"KL18NY0200",NA,"GRAPHITE MINE","NY",11,1,0.001230555,0,0,"NYDEC73279",2018,NA,-2.909898988,1,NA,NA,NA,NA,NA,NA,"2018-12-05",1,1,0,"KL19NY0011","NY",1,NA,0,0.1885194,0,NA,-0.724643951,1,NA,NA,NA,NA,NA,NA,"2019-03-25",0,1,NA
"1216",1,"KL18NY0202",NA,"GRAPHITE MINE","NY",11,1,0.000198792,1,1,"NYDEC73281",2018,NA,-3.701601425,1,NA,NA,NA,NA,NA,NA,"2018-12-05",1,1,0,"KL19VT0023","VT",1,NA,1,0.039182365,1,NA,-1.406909354,1,NA,NA,NA,NA,NA,NA,"2019-03-25",0,1,NA
"1217",1,"KL18NY0203",NA,"GRAPHITE MINE","NY",11,1,0.000162068,0,0,"NYDEC73282",2018,NA,-3.790302593,1,NA,NA,NA,NA,NA,NA,"2018-12-05",1,1,0,"KL19NY0038","NY",1,NA,1,0.1589993,1,NA,-0.798604788,1,NA,NA,NA,NA,NA,NA,"2019-03-25",0,1,NA
"1218",1,"KL18NY0204",NA,"GRAPHITE MINE","NY",11,1,0.000545806,0,0,"NYDEC73283",2018,NA,-3.262961376,1,NA,NA,NA,NA,NA,NA,"2018-12-05",1,1,0,"KL19NY0014","NY",1,NA,0,0.034913515,0,NA,-1.457006425,1,NA,NA,NA,NA,NA,NA,"2019-03-25",0,1,NA
"1219",1,"KL18NY0205",NA,"GRAPHITE MINE","NY",11,1,0.001024249,1,1,"NYDEC73284",2018,NA,-2.989594345,1,NA,NA,NA,NA,NA,NA,"2018-12-05",1,1,0,"KL19NY0003","NY",1,NA,1,0.01991553,1,NA,-1.700808131,1,NA,NA,NA,NA,NA,NA,"2019-03-25",0,1,NA
"1220",1,"KL18NY0206",NA,"GRAPHITE MINE","NY",11,1,0.000950139,0,0,"NYDEC73285",2018,NA,-3.022213084,1,NA,NA,NA,NA,NA,NA,"2018-12-05",1,1,0,"KL19NY0130","NY",1,NA,1,0.000449604,1,NA,-3.347169689,1,NA,NA,3.39231350806452,NA,NA,NA,"2019-03-25",0,1,NA
"1221",1,"KL18NY0207",NA,"GRAPHITE MINE","NY",11,1,0.000756364,0,0,"NYDEC73286",2018,NA,-3.121269236,1,NA,NA,NA,NA,NA,NA,"2018-12-05",1,1,0,"KL19NY0131","NY",1,NA,0,0.000572218,0,NA,-3.242438485,1,NA,NA,3.39231350806452,NA,NA,NA,"2019-03-25",0,1,NA
"1222",1,"KL18NY0208",NA,"GRAPHITE MINE","NY",11,1,0.002352301,0,0,"NYDEC73287",2018,NA,-2.628507107,1,NA,NA,NA,NA,NA,NA,"2018-12-05",1,1,0,"KL19NY0021","NY",1,NA,1,0.23334885,1,NA,-0.631994335,1,NA,NA,NA,NA,NA,NA,"2019-03-25",0,1,NA
"1223",1,"KL18NY0209",NA,"GRAPHITE MINE","NY",11,1,0.01954726,1,2,"NYDEC73288",2018,NA,-1.70891411,1,NA,NA,NA,NA,NA,NA,"2018-12-05",1,1,0,"KL19NY0123","NY",1,NA,NA,0.070271065,NA,NA,-1.153223464,1,NA,NA,3.39231350806452,NA,NA,NA,"2019-03-25",0,1,NA
"1224",1,"KL18NY0210",NA,"GRAPHITE MINE","NY",11,1,0.000167295,0,0,"NYDEC73289",2018,NA,-3.776517169,1,NA,NA,NA,NA,NA,NA,"2018-12-05",1,1,0,"KL19NY0020","NY",1,NA,1,0.029370805,1,NA,-1.53208415,1,NA,NA,NA,NA,NA,NA,"2019-03-25",0,1,NA
"1225",1,"KL18NY0211",NA,"GRAPHITE MINE","NY",11,1,5.44e-05,0,0,"NYDEC73290",2018,NA,-4.264539474,1,NA,NA,NA,NA,NA,NA,"2018-12-05",1,1,0,"KL19VT0002","VT",1,NA,1,0.048141595,1,NA,-1.317479525,1,NA,NA,NA,NA,NA,NA,"2019-03-25",0,1,NA
"1226",1,"KL18NY0212",NA,"GRAPHITE MINE","NY",11,1,0.01143978,0,0,"NYDEC73291",2018,NA,-1.941582327,1,NA,NA,NA,NA,NA,NA,"2018-12-05",1,1,0,"KL19NY0127","NY",1,NA,NA,0.010023585,NA,NA,-1.998976944,1,NA,NA,3.39231350806452,NA,NA,NA,"2019-03-25",0,1,NA
"1227",1,"KL18NY0213",NA,"GRAPHITE MINE","NY",11,1,0.024613085,1,1,"NYDEC73292",2018,NA,-1.608833948,1,NA,NA,NA,NA,NA,NA,"2018-12-05",1,1,0,"KL19NY0037","NY",1,NA,1,0.036616155,1,NA,-1.436327262,1,NA,NA,NA,NA,NA,NA,"2019-03-25",0,1,NA
"1228",1,"KL18NY0214",NA,"GRAPHITE MINE","NY",11,1,0.003852379,1,1,"NYDEC73293",2018,NA,-2.414270993,1,NA,NA,NA,NA,NA,NA,"2018-12-05",1,1,0,"KL19VT0001","VT",1,NA,1,0.028247085,1,NA,-1.549026363,1,NA,NA,NA,NA,NA,NA,"2019-03-25",0,1,NA
"1229",1,"KL18NY0215",NA,"GRAPHITE MINE","NY",11,1,0.003609016,1,1,"NYDEC73294",2018,NA,-2.442611193,1,NA,NA,NA,NA,NA,NA,"2018-12-05",1,1,0,"KL19VT0040","VT",1,NA,1,0.01294928,2,NA,-1.887754378,1,NA,NA,NA,NA,NA,NA,"2019-03-25",0,1,NA
"1230",0,"KL21NY0027","B","GRAPHITE MINE","NY",14,0,0.005013765,0,0,"NYDEC73661",2021,NA,-2.299836061,1,NA,NA,NA,NA,NA,"N","2021-10-28",1,0,NA,NA,NA,NA,NA,NA,NA,NA,NA,NA,NA,NA,NA,NA,NA,NA,NA,NA,NA,NA,NA
"1231",1,"KL21NY0029","B","GRAPHITE MINE","NY",14,1,2.59e-05,0,0,"NYDEC73663",2021,NA,-4.586937745,1,NA,NA,NA,NA,NA,"N","2021-10-28",1,1,0,"KL22NY0017","NY",1,"3A",1,0.000100202,1,4.62,-3.999123555,1,0.0715585385654065,NA,NA,NA,NA,"Y","2022-04-01",0,1,NA
"1232",1,"KL21NY0035","B","GRAPHITE MINE","NY",14,1,8.19e-06,0,0,"NYDEC73669",2021,NA,-5.086927364,1,NA,NA,NA,NA,NA,"N","2021-10-28",1,1,0,"KL22NY0020","NY",1,"B",1,0.000685954,1,5.27,-3.163705057,1,0.0653341544619961,NA,NA,NA,NA,"Y","2022-04-01",0,1,NA
"1233",1,"KL21NY0036","B","GRAPHITE MINE","NY",14,1,1.13e-05,0,0,"NYDEC73670",2021,NA,-4.945317401,1,NA,NA,NA,NA,NA,"N","2021-10-28",1,1,0,"KL22NY0044","NY",1,"C",0,0.021871051,0,5.24,-1.660130346,1,0.00515639724525991,NA,NA,NA,NA,"Y","2022-04-01",0,1,NA
"1234",0,"KL21NY0043","B","GRAPHITE MINE","NY",14,0,9.75e-05,0,0,"NYDEC73677",2021,NA,-4.010850595,1,NA,NA,NA,NA,NA,"N","2021-10-28",1,0,NA,NA,NA,NA,NA,NA,NA,NA,NA,NA,NA,NA,NA,NA,NA,NA,NA,NA,NA,NA,NA
"1235",0,"KL21NY0044","B","GRAPHITE MINE","NY",14,0,0.000671497,0,0,"NYDEC73678",2021,NA,-3.172956049,1,NA,NA,NA,NA,NA,"N","2021-10-28",1,0,NA,NA,NA,NA,NA,NA,NA,NA,NA,NA,NA,NA,NA,NA,NA,NA,NA,NA,NA,NA,NA
"1236",0,"KL21NY0046","B","GRAPHITE MINE","NY",14,0,4.36e-05,0,0,"NYDEC73680",2021,NA,-4.360192981,1,NA,NA,NA,NA,NA,"N","2021-10-28",1,0,NA,NA,NA,NA,NA,NA,NA,NA,NA,NA,NA,NA,NA,NA,NA,NA,NA,NA,NA,NA,NA
"1237",1,"KL21NY0047","B","GRAPHITE MINE","NY",14,1,0.000131469,0,0,"NYDEC73681",2021,NA,-3.881177651,1,NA,NA,NA,NA,NA,"N","2021-10-28",1,1,0,"KL22NY0023","NY",1,"B",1,0.012344187,1,4.06,-1.908537496,1,0.0605850357094823,NA,NA,NA,NA,"Y","2022-04-01",0,1,NA
"1238",1,"KL21NY0048","B","GRAPHITE MINE","NY",14,1,3.41e-05,0,0,"NYDEC73682",2021,NA,-4.467796244,1,NA,NA,NA,NA,NA,"N","2021-10-28",1,1,0,"KL22NY0024","NY",1,"3A",1,0.00306014,1,2.84,-2.514258725,1,0.00960720599041412,NA,NA,NA,NA,"Y","2022-04-01",0,1,NA
"1239",1,"KL21NY0049","B","GRAPHITE MINE","NY",14,1,2.33e-06,0,0,"NYDEC73683",2021,NA,-5.632940115,1,NA,NA,NA,NA,NA,"N","2021-10-28",1,1,0,"KL22NY0022","NY",1,"B",1,0.00072921,1,5.2,-3.137147598,1,0.0664657608870534,NA,NA,NA,NA,"Y","2022-04-01",0,1,NA
"1240",0,"KL21NY0050","B","GRAPHITE MINE","NY",14,0,0.002202499,0,0,"NYDEC73684",2021,NA,-2.657084377,1,NA,NA,NA,NA,NA,"N","2021-10-28",1,0,NA,NA,NA,NA,NA,NA,NA,NA,NA,NA,NA,NA,NA,NA,NA,NA,NA,NA,NA,NA,NA
"1241",1,"KL21NY0051","B","GRAPHITE MINE","NY",14,1,0.004124203,0,0,"NYDEC73685",2021,6.2,-2.384659999,1,0.00530901234271096,NA,NA,NA,NA,"N","2021-10-28",1,1,0,"KL22NY0013","NY",1,"3A",1,0.007529231,1,2.9,-2.123249388,1,0.0335853578454181,NA,NA,NA,NA,"Y","2022-04-01",0,1,NA
"1242",1,"KL21NY0056","C","GRAPHITE MINE","NY",14,1,7.89e-05,0,0,"NYDEC73690",2021,NA,-4.103035964,1,NA,NA,NA,NA,NA,"N","2021-10-28",1,1,0,"KL22NY0010","NY",1,"3A",1,0.010066154,1,NA,-1.997136425,1,NA,NA,NA,NA,NA,"Y","2022-04-01",0,1,NA
"1243",0,"KL21NY0059","C","GRAPHITE MINE","NY",14,0,3.15e-05,0,0,"NYDEC73693",2021,NA,-4.50215326,1,NA,NA,NA,NA,NA,"N","2021-10-28",1,0,NA,NA,NA,NA,NA,NA,NA,NA,NA,NA,NA,NA,NA,NA,NA,NA,NA,NA,NA,NA,NA
"1244",0,"KL21NY0060","C","GRAPHITE MINE","NY",14,0,0.000216083,0,0,"NYDEC73694",2021,NA,-3.665379765,1,NA,NA,NA,NA,NA,"N","2021-10-28",1,0,NA,NA,NA,NA,NA,NA,NA,NA,NA,NA,NA,NA,NA,NA,NA,NA,NA,NA,NA,NA,NA
"1245",1,"KL21NY0061","C","GRAPHITE MINE","NY",14,1,6.73e-06,0,0,"NYDEC73695",2021,6.23,-5.172108269,1,0.0145973013609776,NA,NA,NA,NA,"N","2021-10-28",1,1,0,"KL22NY0028","NY",1,"B",1,0.003068327,2,2.35,-2.513098376,1,0.00474016163711768,NA,NA,NA,NA,"Y","2022-04-01",0,1,NA
"1246",1,"KL21NY0062","C","GRAPHITE MINE","NY",14,1,6.38e-06,0,0,"NYDEC73696",2021,NA,-5.194913057,1,NA,NA,NA,NA,NA,"N","2021-10-28",1,1,0,"KL22NY0016","NY",1,"3A",1,0.000179499,1,3.32,-3.745939024,1,0.0315723153204375,NA,NA,NA,NA,"Y","2022-04-01",0,1,NA
"1247",1,"KL21NY0064","C","GRAPHITE MINE","NY",14,1,2.94e-05,0,0,"NYDEC73698",2021,NA,-4.531259141,1,NA,NA,NA,NA,NA,"N","2021-10-28",1,1,0,"KL22NY0038","NY",1,"B",0,0.006870406,0,3.26,-2.163017574,1,0.0133637533436755,NA,NA,NA,NA,"Y","2022-04-01",0,1,NA
"1248",0,"KL21NY0065","C","GRAPHITE MINE","NY",14,0,7.02e-06,0,0,"NYDEC73699",2021,NA,-5.153970847,1,NA,NA,NA,NA,NA,"N","2021-10-28",1,0,NA,NA,NA,NA,NA,NA,NA,NA,NA,NA,NA,NA,NA,NA,NA,NA,NA,NA,NA,NA,NA
"1249",0,"KL21NY0066","C","GRAPHITE MINE","NY",14,0,1.02e-05,0,0,"NYDEC73700",2021,NA,-4.989772799,1,NA,NA,NA,NA,NA,"N","2021-10-28",1,0,NA,NA,NA,NA,NA,NA,NA,NA,NA,NA,NA,NA,NA,NA,NA,NA,NA,NA,NA,NA,NA
"1250",0,"KL21NY0067","C","GRAPHITE MINE","NY",14,0,0.00022681,0,0,"NYDEC73701",2021,NA,-3.644337551,1,NA,NA,NA,NA,NA,"N","2021-10-28",1,0,NA,NA,NA,NA,NA,NA,NA,NA,NA,NA,NA,NA,NA,NA,NA,NA,NA,NA,NA,NA,NA
"1251",0,"KL21NY0068","C","GRAPHITE MINE","NY",14,0,3.53e-05,0,0,"NYDEC73703",2021,6.29,-4.452223556,1,0.0172777763110114,NA,NA,NA,NA,"N","2021-10-28",1,0,NA,NA,NA,NA,NA,NA,NA,NA,NA,NA,NA,NA,NA,NA,NA,NA,NA,NA,NA,NA,NA
"1252",0,"KL21NY0069","C","GRAPHITE MINE","NY",14,0,0.003691938,0,0,"NYDEC73704",2021,6.26,-2.432745619,1,0.0172618681033846,NA,NA,NA,NA,"N","2021-10-28",1,0,NA,NA,NA,NA,NA,NA,NA,NA,NA,NA,NA,NA,NA,NA,NA,NA,NA,NA,NA,NA,NA
"1253",0,"KL22NY0203","13","WILLIAMS HOTEL MINE","NY",15,0,1.45e-06,0,0,"NYDEC74550",2022,6.52,-5.837415452,1,0.0347304173690744,0.0077238570347237,6.09158632860025,NA,-2.05929146018863,"N","2022-10-20",1,0,NA,NA,NA,NA,NA,NA,NA,NA,NA,NA,NA,NA,NA,NA,NA,NA,NA,NA,NA,NA,NA
"1254",0,"KL22NY0209","13","WILLIAMS HOTEL MINE","NY",15,0,3.58e-06,0,0,"NYDEC74551",2022,6.05,-5.446171602,1,0.0394755851695737,0.0077238570347237,6.09158632860025,NA,-2.05929146018863,"N","2022-10-20",1,0,NA,NA,NA,NA,NA,NA,NA,NA,NA,NA,NA,NA,NA,NA,NA,NA,NA,NA,NA,NA,NA
"1255",0,"KL22NY0216","13","WILLIAMS HOTEL MINE","NY",15,0,3.64e-06,0,0,"NYDEC74556",2022,6.82,-5.439390792,1,0.0751467511187754,0.0077238570347237,6.09158632860025,NA,-2.05929146018863,"N","2022-10-20",1,0,NA,NA,NA,NA,NA,NA,NA,NA,NA,NA,NA,NA,NA,NA,NA,NA,NA,NA,NA,NA,NA
"1256",0,"KL22NY0217","13","WILLIAMS HOTEL MINE","NY",15,0,5.43e-07,0,0,"NYDEC74557",2022,6.78,-6.265484806,1,0.0750539270174775,0.0077238570347237,6.09158632860025,NA,-2.05929146018863,"N","2022-10-20",1,0,NA,NA,NA,NA,NA,NA,NA,NA,NA,NA,NA,NA,NA,NA,NA,NA,NA,NA,NA,NA,NA
"1257",0,"KL22NY0234","WL","WILLIAMS LAKE MINE","NY",15,0,1.17e-05,0,0,"NYDEC74562",2022,6.09,-4.931037647,1,0.00132340298585416,NA,6.21114321505376,NA,NA,"N","2022-10-20",1,0,NA,NA,NA,NA,NA,NA,NA,NA,NA,NA,NA,NA,NA,NA,NA,NA,NA,NA,NA,NA,NA
"1258",0,"KL22NY0235","WL","WILLIAMS LAKE MINE","NY",15,0,6.57e-06,0,0,"NYDEC74563",2022,6.09,-5.182468013,1,0.00132340298585416,NA,6.21114321505376,NA,NA,"N","2022-10-20",1,0,NA,NA,NA,NA,NA,NA,NA,NA,NA,NA,NA,NA,NA,NA,NA,NA,NA,NA,NA,NA,NA
"1259",0,"KL22NY0238","WL","WILLIAMS LAKE MINE","NY",15,0,0.000125957,0,0,"NYDEC74564",2022,6.09,-3.899776781,1,0.00132340298585416,NA,6.21114321505376,NA,NA,"N","2022-10-20",1,0,NA,NA,NA,NA,NA,NA,NA,NA,NA,NA,NA,NA,NA,NA,NA,NA,NA,NA,NA,NA,NA
"1260",0,"KL22NY0242","WL","WILLIAMS LAKE MINE","NY",15,0,2.61e-05,0,0,"NYDEC74566",2022,6.35,-4.583335094,1,0.046443532151522,NA,6.21114321505376,NA,NA,"N","2022-10-20",1,0,NA,NA,NA,NA,NA,NA,NA,NA,NA,NA,NA,NA,NA,NA,NA,NA,NA,NA,NA,NA,NA
"1261",0,"KL22NY0248","WL","WILLIAMS LAKE MINE","NY",15,0,8.51e-05,0,0,"NYDEC74570",2022,6.35,-4.07011039,1,0.046443532151522,NA,6.21114321505376,NA,NA,"N","2022-10-20",1,0,NA,NA,NA,NA,NA,NA,NA,NA,NA,NA,NA,NA,NA,NA,NA,NA,NA,NA,NA,NA,NA
"1262",0,"KL22NY0249","WL","WILLIAMS LAKE MINE","NY",15,0,4.14e-06,0,0,"NYDEC74571",2022,6.35,-5.382900293,1,0.046443532151522,NA,6.21114321505376,NA,NA,"N","2022-10-20",1,0,NA,NA,NA,NA,NA,NA,NA,NA,NA,NA,NA,NA,NA,NA,NA,NA,NA,NA,NA,NA,NA
"1263",0,"KL22NY0252","WL","WILLIAMS LAKE MINE","NY",15,0,2.27e-05,0,0,"NYDEC74574",2022,6.35,-4.643297277,1,0.046443532151522,NA,6.21114321505376,NA,NA,"N","2022-10-20",1,0,NA,NA,NA,NA,NA,NA,NA,NA,NA,NA,NA,NA,NA,NA,NA,NA,NA,NA,NA,NA,NA
"1264",0,"KL22NY0253","WL","WILLIAMS LAKE MINE","NY",15,0,0.001375365,0,0,"NYDEC74575",2022,6.35,-2.861581912,1,0.046443532151522,NA,6.21114321505376,NA,NA,"N","2022-10-20",1,0,NA,NA,NA,NA,NA,NA,NA,NA,NA,NA,NA,NA,NA,NA,NA,NA,NA,NA,NA,NA,NA
"1265",0,"KL22NY0256","WL","WILLIAMS LAKE MINE","NY",15,0,8.13e-07,0,0,"NYDEC74576",2022,6.35,-6.089945068,1,0.046443532151522,NA,6.21114321505376,NA,NA,"N","2022-10-20",1,0,NA,NA,NA,NA,NA,NA,NA,NA,NA,NA,NA,NA,NA,NA,NA,NA,NA,NA,NA,NA,NA
"1266",0,"KL22NY0257","WL","WILLIAMS LAKE MINE","NY",15,0,0.000614201,0,0,"NYDEC74577",2022,6.35,-3.211689661,1,0.046443532151522,NA,6.21114321505376,NA,NA,"N","2022-10-20",1,0,NA,NA,NA,NA,NA,NA,NA,NA,NA,NA,NA,NA,NA,NA,NA,NA,NA,NA,NA,NA,NA
"1267",0,"KL22NY0258","WL","WILLIAMS LAKE MINE","NY",15,0,0.040101283,1,1,"NYDEC74578",2022,6.35,-1.396841728,1,0.046443532151522,NA,6.21114321505376,NA,NA,"N","2022-10-20",1,0,NA,NA,NA,NA,NA,NA,NA,NA,NA,NA,NA,NA,NA,NA,NA,NA,NA,NA,NA,NA,NA
"1268",0,"KL22NY0259","WL","WILLIAMS LAKE MINE","NY",15,0,4.96e-05,0,0,"NYDEC74579",2022,6.35,-4.304513906,1,0.046443532151522,NA,6.21114321505376,NA,NA,"N","2022-10-20",1,0,NA,NA,NA,NA,NA,NA,NA,NA,NA,NA,NA,NA,NA,NA,NA,NA,NA,NA,NA,NA,NA
"1269",0,"KL22NY0260","WL","WILLIAMS LAKE MINE","NY",15,0,1.34e-05,0,0,"NYDEC74580",2022,6.35,-4.87261409,1,0.046443532151522,NA,6.21114321505376,NA,NA,"N","2022-10-20",1,0,NA,NA,NA,NA,NA,NA,NA,NA,NA,NA,NA,NA,NA,NA,NA,NA,NA,NA,NA,NA,NA
"1270",0,"KL22NY0356",NA,"WALTER WILLIAMS PRESERVE","NY",15,0,2.13e-05,1,1,"NYDEC74581",2022,5.57,-4.672523159,1,0.0272707445514141,NA,NA,NA,NA,"N","2022-11-21",1,0,NA,NA,NA,NA,NA,NA,NA,NA,NA,NA,NA,NA,NA,NA,NA,NA,NA,NA,NA,NA,NA
"1271",1,"KL22NY0359",NA,"WALTER WILLIAMS PRESERVE","NY",15,1,0.00085174,0,0,"NYDEC74582",2022,5.57,-3.069692722,1,0.0272707445514141,NA,NA,NA,NA,"N","2022-11-21",1,1,0,"KL23NY0181","NY",1,"U3",1,0.034525455,1,4.46,-1.461860592,1,0.016350821696792,NA,NA,NA,NA,"Y","2023-03-25",0,1,NA
"1272",0,"KL22NY0362",NA,"WALTER WILLIAMS PRESERVE","NY",15,0,0.00067462,0,0,"NYDEC74583",2022,5.57,-3.17094104,1,0.0272707445514141,NA,NA,NA,NA,"N","2022-11-21",1,0,NA,NA,NA,NA,NA,NA,NA,NA,NA,NA,NA,NA,NA,NA,NA,NA,NA,NA,NA,NA,NA
"1273",0,"KL22NY0365",NA,"WALTER WILLIAMS PRESERVE","NY",15,0,0.000215137,0,0,"NYDEC74584",2022,5.57,-3.667285742,1,0.0272707445514141,NA,NA,NA,NA,"N","2022-11-21",1,0,NA,NA,NA,NA,NA,NA,NA,NA,NA,NA,NA,NA,NA,NA,NA,NA,NA,NA,NA,NA,NA
"1274",0,"KL22NY0368",NA,"WALTER WILLIAMS PRESERVE","NY",15,0,3.86e-05,0,0,"NYDEC74585",2022,5.57,-4.413862047,1,0.0272707445514141,NA,NA,NA,NA,"N","2022-11-21",1,0,NA,NA,NA,NA,NA,NA,NA,NA,NA,NA,NA,NA,NA,NA,NA,NA,NA,NA,NA,NA,NA
"1275",0,"KL22NY0369",NA,"WALTER WILLIAMS PRESERVE","NY",15,0,0.00628651,1,1,"NYDEC74586",2022,5.57,-2.201590374,1,0.0272707445514141,NA,NA,NA,NA,"N","2022-11-21",1,0,NA,NA,NA,NA,NA,NA,NA,NA,NA,NA,NA,NA,NA,NA,NA,NA,NA,NA,NA,NA,NA
"1276",0,"KL22NY0370",NA,"WALTER WILLIAMS PRESERVE","NY",15,0,0.000179959,0,0,"NYDEC74587",2022,5.57,-3.744826651,1,0.0272707445514141,NA,NA,NA,NA,"N","2022-11-21",1,0,NA,NA,NA,NA,NA,NA,NA,NA,NA,NA,NA,NA,NA,NA,NA,NA,NA,NA,NA,NA,NA
"1277",0,"KL22NY0371",NA,"WALTER WILLIAMS PRESERVE","NY",15,0,0.014689147,1,1,"NYDEC74588",2022,5.53,-1.833003417,1,0.0103970259891126,NA,NA,NA,NA,"N","2022-11-21",1,0,NA,NA,NA,NA,NA,NA,NA,NA,NA,NA,NA,NA,NA,NA,NA,NA,NA,NA,NA,NA,NA
"1278",0,"KL22NY0377",NA,"WALTER WILLIAMS PRESERVE","NY",15,0,0.003038696,1,1,"NYDEC74590",2022,5.53,-2.517312702,1,0.0103970259891126,NA,NA,NA,NA,"N","2022-11-21",1,0,NA,NA,NA,NA,NA,NA,NA,NA,NA,NA,NA,NA,NA,NA,NA,NA,NA,NA,NA,NA,NA
"1279",1,"KL23NY0572",NA,"GRAPHITE MINE","NY",16,1,2.33e-05,0,0,"NYDEC74726",2023,NA,-4.632778283,1,NA,NA,NA,NA,NA,"N","2023-10-25",1,1,0,"KL24NY0062","NY",1,NA,1,0.036173856,1,NA,-1.441605189,1,NA,NA,NA,NA,NA,NA,"2024-03-22",0,1,NA
"1280",0,"KL23NY0576",NA,"GRAPHITE MINE","NY",16,0,1.27e-05,0,0,"NYDEC74727",2023,NA,-4.897426937,1,NA,NA,NA,NA,NA,"N","2023-10-25",1,0,NA,NA,NA,NA,NA,NA,NA,NA,NA,NA,NA,NA,NA,NA,NA,NA,NA,NA,NA,NA,NA
"1281",0,"KL23NY0577",NA,"GRAPHITE MINE","NY",16,0,3.75e-06,0,0,"NYDEC74728",2023,NA,-5.425432411,1,NA,NA,NA,NA,NA,"N","2023-10-25",1,0,NA,NA,NA,NA,NA,NA,NA,NA,NA,NA,NA,NA,NA,NA,NA,NA,NA,NA,NA,NA,NA
"1282",1,"KL23NY0579",NA,"GRAPHITE MINE","NY",16,1,1.62e-06,0,0,"NYDEC74729",2023,NA,-5.790221961,1,NA,NA,NA,NA,NA,"N","2023-10-25",1,1,0,"KL24NY0108","NY",1,NA,1,0.00022702,1,NA,-3.643935207,1,NA,NA,NA,NA,NA,NA,"2024-03-22",0,1,NA
"1283",1,"KL23NY0581",NA,"GRAPHITE MINE","NY",16,1,2.08e-05,0,0,"NYDEC74730",2023,NA,-4.681471416,1,NA,NA,NA,NA,NA,"N","2023-10-25",1,1,0,"KL24NY0089","NY",1,NA,NA,0.00318572,NA,NA,-2.49679241,1,NA,NA,NA,NA,NA,NA,"2024-03-22",0,1,NA
"1284",1,"KL23NY0582",NA,"GRAPHITE MINE","NY",16,1,1.95e-05,0,0,"NYDEC74731",2023,NA,-4.709790594,1,NA,NA,NA,NA,NA,"N","2023-10-25",1,1,0,"KL24NY0098","NY",1,NA,1,0.007601366,2,NA,-2.119108353,1,NA,NA,NA,NA,NA,NA,"2024-03-22",0,1,NA
"1285",1,"KL23NY0583",NA,"GRAPHITE MINE","NY",16,1,3.95e-06,0,0,"NYDEC74732",2023,NA,-5.402963895,1,NA,NA,NA,NA,NA,"N","2023-10-25",1,1,0,"KL24NY0029","NY",1,NA,1,0.067495082,2,NA,-1.170727872,1,NA,NA,NA,NA,NA,NA,"2024-03-22",0,1,NA
"1286",1,"KL23NY0585",NA,"GRAPHITE MINE","NY",16,1,1.14e-06,0,0,"NYDEC74733",2023,NA,-5.944449814,1,NA,NA,NA,NA,NA,"N","2023-10-25",1,1,0,"KL24NY0103","NY",1,NA,1,0.00531435,1,NA,-2.274549839,1,NA,NA,NA,NA,NA,NA,"2024-03-22",0,1,NA
"1287",1,"KL23NY0591",NA,"GRAPHITE MINE","NY",16,1,2.87e-06,0,0,"NYDEC74739",2023,NA,-5.542163244,1,NA,NA,NA,NA,NA,"N","2023-10-25",1,1,0,"KL24NY0033","NY",1,NA,1,0.02250827,2,NA,-1.647657887,1,NA,NA,NA,NA,NA,NA,"2024-03-22",0,1,NA
"1288",1,"KL23NY0589",NA,"GRAPHITE MINE","NY",16,1,2.15e-05,0,0,"NYDEC74740",2023,NA,-4.667974468,1,NA,NA,NA,NA,NA,"N","2023-10-25",1,1,0,"KL24NY0024","NY",1,NA,1,0.059256108,3,NA,-1.227266877,1,NA,NA,NA,NA,NA,NA,"2024-03-22",0,1,NA
"1289",1,"KL23NY0587",NA,"GRAPHITE MINE","NY",16,1,1.51e-05,0,0,"NYDEC74741",2023,NA,-4.821016096,1,NA,NA,NA,NA,NA,"N","2023-10-25",1,1,0,"KL24NY0094","NY",1,NA,1,0.01424086,3,NA,-1.846463781,1,NA,NA,NA,NA,NA,NA,"2024-03-22",0,1,NA
"1290",1,"KL23NY0449",NA,"WILLIAMS LAKE MINE","NY",16,1,6.69e-06,0,0,"NYDEC74742",2023,NA,-5.174407847,1,NA,NA,6.21114321505376,NA,NA,"N","2023-10-25",1,1,0,"KL24NY0071","NY",1,NA,NA,0.004308268,NA,NA,-2.365697244,1,NA,NA,NA,NA,NA,NA,"2024-03-22",0,1,NA
"1291",1,"KL23NY0448",NA,"WILLIAMS LAKE MINE","NY",16,1,8.79e-06,0,0,"NYDEC74743",2023,NA,-5.055832792,1,NA,NA,6.21114321505376,NA,NA,"N","2023-10-25",1,1,0,"KL24NY0081","NY",1,NA,1,0.070467793,3,NA,-1.152009328,1,NA,NA,NA,NA,NA,NA,"2024-03-22",0,1,NA
"1292",1,"KL23NY0612",NA,"CLINTON MINE","NY",NA,1,6.25e-05,0,0,"NYDEC74745",2023,NA,-4.204062368,1,NA,NA,NA,NA,NA,"N","2023-10-25",1,1,0,"KL24NY0087","NY",1,NA,1,0.005943867,2,NA,-2.225930882,1,NA,NA,NA,NA,NA,NA,"2024-03-22",0,1,NA
"1293",1,"KL23NY0570",NA,"GRAPHITE MINE","NY",16,1,3.69e-05,0,0,"NYDEC74748",2023,NA,-4.433084926,1,NA,NA,NA,NA,NA,"N","2023-10-25",1,1,0,"KL24NY0076","NY",1,NA,NA,0.01237151,NA,NA,-1.907577286,1,NA,NA,NA,NA,NA,NA,"2024-03-22",0,1,NA
"1294",0,"KL23NY0569",NA,"GRAPHITE MINE","NY",16,0,3.94e-06,0,0,"NYDEC74749",2023,NA,-5.404840343,1,NA,NA,NA,NA,NA,"N","2023-10-25",1,0,NA,NA,NA,NA,NA,NA,NA,NA,NA,NA,NA,NA,NA,NA,NA,NA,NA,NA,NA,NA,NA
"1295",1,"KL23NY0450",NA,"WILLIAMS LAKE MINE","NY",16,1,1.06e-06,0,0,"NYDEC74750",2023,NA,-5.974224295,1,NA,NA,6.21114321505376,NA,NA,"N","2023-10-25",1,1,0,"KL24NY0075","NY",1,NA,NA,0.00398456,NA,NA,-2.399619639,1,NA,NA,NA,NA,NA,NA,"2024-03-22",0,1,NA
"1296",1,"KL23NY0451",NA,"WILLIAMS LAKE MINE","NY",16,1,5.91e-06,0,0,"NYDEC74752",2023,NA,-5.228210378,1,NA,NA,6.21114321505376,NA,NA,"N","2023-10-25",1,1,0,"KL24NY0088","NY",1,NA,1,0.007689545,3,NA,-2.114099331,1,NA,NA,NA,NA,NA,NA,"2024-03-22",0,1,NA
"1297",1,"KL23NY0452",NA,"WILLIAMS LAKE MINE","NY",16,1,1.64e-06,0,0,"NYDEC74753",2023,NA,-5.785169064,1,NA,NA,6.21114321505376,NA,NA,"N","2023-10-25",1,1,0,"KL24NY0105","NY",1,NA,1,0.02696891,2,NA,-1.569136607,1,NA,NA,NA,NA,NA,NA,"2024-03-22",0,1,NA
"1298",0,"KL23NY0453",NA,"WILLIAMS LAKE MINE","NY",16,0,3.93e-05,0,0,"NYDEC74754",2023,NA,-4.405494756,1,NA,NA,6.21114321505376,NA,NA,"N","2023-10-25",1,0,NA,NA,NA,NA,NA,NA,NA,NA,NA,NA,NA,NA,NA,NA,NA,NA,NA,NA,NA,NA,NA
"1299",1,"KL23NY0454",NA,"WILLIAMS LAKE MINE","NY",16,1,0.001666904,0,0,"NYDEC74755",2023,NA,-2.778089347,1,NA,NA,6.21114321505376,NA,NA,"N","2023-10-25",1,1,0,"KL24NY0065","NY",1,NA,NA,0.011796014,NA,NA,-1.92826473,1,NA,NA,NA,NA,NA,NA,"2024-03-22",0,1,NA
"1300",0,"KL23NY0455",NA,"WILLIAMS LAKE MINE","NY",16,0,0.000116326,0,0,"NYDEC74756",2023,NA,-3.934321915,1,NA,NA,6.21114321505376,NA,NA,"N","2023-10-25",1,0,NA,NA,NA,NA,NA,NA,NA,NA,NA,NA,NA,NA,NA,NA,NA,NA,NA,NA,NA,NA,NA
"1301",1,"KL23NY0456",NA,"WILLIAMS LAKE MINE","NY",16,1,2.27e-05,0,0,"NYDEC74757",2023,NA,-4.643324929,1,NA,NA,6.21114321505376,NA,NA,"N","2023-10-25",1,1,0,"KL24NY0109","NY",1,NA,NA,0.001479356,NA,NA,-2.829927376,1,NA,NA,NA,NA,NA,NA,"2024-03-22",0,1,NA
"1302",1,"KL23NY0457",NA,"WILLIAMS LAKE MINE","NY",16,1,3.68e-05,0,0,"NYDEC74758",2023,NA,-4.43378435,1,NA,NA,6.21114321505376,NA,NA,"N","2023-10-25",1,1,0,"KL24NY0100","NY",1,NA,1,0.00310462,3,NA,-2.507991577,1,NA,NA,NA,NA,NA,NA,"2024-03-22",0,1,NA
"1303",0,"KL23NY0458",NA,"WILLIAMS LAKE MINE","NY",16,0,1.09e-05,0,0,"NYDEC74759",2023,NA,-4.961880687,1,NA,NA,6.21114321505376,NA,NA,"N","2023-10-25",1,0,NA,NA,NA,NA,NA,NA,NA,NA,NA,NA,NA,NA,NA,NA,NA,NA,NA,NA,NA,NA,NA
"1304",0,"KL23NY0460",NA,"WILLIAMS LAKE MINE","NY",16,0,8.69e-06,0,0,"NYDEC74760",2023,NA,-5.061185299,1,NA,NA,6.21114321505376,NA,NA,"N","2023-10-25",1,0,NA,NA,NA,NA,NA,NA,NA,NA,NA,NA,NA,NA,NA,NA,NA,NA,NA,NA,NA,NA,NA
"1305",1,"KL23NY0461",NA,"WILLIAMS LAKE MINE","NY",16,1,4.94e-06,0,0,"NYDEC74761",2023,NA,-5.306398909,1,NA,NA,6.21114321505376,NA,NA,"N","2023-10-25",1,1,0,"KL24NY0019","NY",1,NA,1,0.054571524,2,NA,-1.263033921,1,NA,NA,NA,NA,NA,NA,"2024-03-22",0,1,NA
"1306",0,"KL23NY0463",NA,"WILLIAMS LAKE MINE","NY",16,0,5.19e-06,0,0,"NYDEC74762",2023,NA,-5.284742295,1,NA,NA,6.21114321505376,NA,NA,"N","2023-10-25",1,0,NA,NA,NA,NA,NA,NA,NA,NA,NA,NA,NA,NA,NA,NA,NA,NA,NA,NA,NA,NA,NA
"1307",0,"KL23NY0647",NA,"WALTER WILLIAMS PRESERVE","NY",16,0,6.7e-07,0,0,"NYDEC74766",2023,NA,-6.174031959,1,NA,NA,NA,NA,NA,"N","2023-10-25",1,0,NA,NA,NA,NA,NA,NA,NA,NA,NA,NA,NA,NA,NA,NA,NA,NA,NA,NA,NA,NA,NA
"1308",1,"KL23NY0649",NA,"WALTER WILLIAMS PRESERVE","NY",16,1,3e-06,0,0,"NYDEC74768",2023,NA,-5.522893624,1,NA,NA,NA,NA,NA,"N","2023-10-25",1,1,0,"KL24NY0070","NY",1,NA,1,0.021405342,2,NA,-1.669477819,1,NA,NA,NA,NA,NA,NA,"2024-03-22",0,1,NA
"1309",1,"KL23NY0651",NA,"WALTER WILLIAMS PRESERVE","NY",16,1,1.41e-06,0,0,"NYDEC74770",2023,NA,-5.850097886,1,NA,NA,NA,NA,NA,"N","2023-10-25",1,1,0,"KL24NY0032","NY",1,NA,1,0.009451865,3,NA,-2.024482469,1,NA,NA,NA,NA,NA,NA,"2024-03-22",0,1,NA
"1310",1,"KL23NY0652",NA,"WALTER WILLIAMS PRESERVE","NY",16,1,2.11e-06,0,0,"NYDEC74771",2023,NA,-5.675307122,1,NA,NA,NA,NA,NA,"N","2023-10-25",1,1,0,"KL24NY0104","NY",1,NA,1,0.031315415,2,NA,-1.504241831,1,NA,NA,NA,NA,NA,NA,"2024-03-22",0,1,NA
"1311",0,"KL23NY0653",NA,"WALTER WILLIAMS PRESERVE","NY",16,0,7.17e-06,0,0,"NYDEC74772",2023,NA,-5.144760427,1,NA,NA,NA,NA,NA,"N","2023-10-25",1,0,NA,NA,NA,NA,NA,NA,NA,NA,NA,NA,NA,NA,NA,NA,NA,NA,NA,NA,NA,NA,NA
"1312",1,"KL23NY0654",NA,"WALTER WILLIAMS PRESERVE","NY",16,1,3.26e-05,0,0,"NYDEC74773",2023,NA,-4.48734092,1,NA,NA,NA,NA,NA,"N","2023-10-25",1,1,0,"KL24NY0023","NY",1,NA,1,0.080407892,2,NA,-1.094701322,1,NA,NA,NA,NA,NA,NA,"2024-03-22",0,1,NA
"1313",0,"KL23NY0655",NA,"WALTER WILLIAMS PRESERVE","NY",16,0,2.01e-05,0,0,"NYDEC74774",2023,NA,-4.697698962,1,NA,NA,NA,NA,NA,"N","2023-10-25",1,0,NA,NA,NA,NA,NA,NA,NA,NA,NA,NA,NA,NA,NA,NA,NA,NA,NA,NA,NA,NA,NA
"1314",0,"KL23NY0656",NA,"WALTER WILLIAMS PRESERVE","NY",16,0,9.77e-06,0,0,"NYDEC74775",2023,NA,-5.010054131,1,NA,NA,NA,NA,NA,"N","2023-10-25",1,0,NA,NA,NA,NA,NA,NA,NA,NA,NA,NA,NA,NA,NA,NA,NA,NA,NA,NA,NA,NA,NA
"1315",0,"KL23NY0657",NA,"WALTER WILLIAMS PRESERVE","NY",16,0,1.11e-06,0,0,"NYDEC74776",2023,NA,-5.952826822,1,NA,NA,NA,NA,NA,"N","2023-10-25",1,0,NA,NA,NA,NA,NA,NA,NA,NA,NA,NA,NA,NA,NA,NA,NA,NA,NA,NA,NA,NA,NA
"1316",1,"KL23NY0659",NA,"WALTER WILLIAMS PRESERVE","NY",16,1,2.9e-06,0,0,"NYDEC74777",2023,NA,-5.537196484,1,NA,NA,NA,NA,NA,"N","2023-10-25",1,1,0,"KL24NY0097","NY",1,NA,1,0.010376435,3,NA,-1.983951833,1,NA,NA,NA,NA,NA,NA,"2024-03-22",0,1,NA
"1317",1,"KL23NY0660",NA,"WALTER WILLIAMS PRESERVE","NY",16,1,1.09e-06,0,0,"NYDEC74778",2023,NA,-5.962778044,1,NA,NA,NA,NA,NA,"N","2023-10-25",1,1,0,"KL24NY0091","NY",1,NA,1,0.004975391,3,NA,-2.303172822,1,NA,NA,NA,NA,NA,NA,"2024-03-22",0,1,NA
"1318",1,"KL23NY0661",NA,"WALTER WILLIAMS PRESERVE","NY",16,1,2.24e-06,0,0,"NYDEC74779",2023,NA,-5.648899272,1,NA,NA,NA,NA,NA,"N","2023-10-25",1,1,0,"KL24NY0028","NY",1,NA,1,0.222479901,2,NA,-0.652709217,1,NA,NA,NA,NA,NA,NA,"2024-03-22",0,1,NA
"1319",0,"KL23NY0533",NA,"HAILES CAVE","NY",17,0,4.89e-06,0,0,"NYDEC74783",2023,NA,-5.310859044,1,NA,NA,7.86639112903226,NA,NA,"N","2023-10-25",1,0,NA,NA,NA,NA,NA,NA,NA,NA,NA,NA,NA,NA,NA,NA,NA,NA,NA,NA,NA,NA,NA
"1320",1,"KL23NY0610",NA,"CLINTON MINE","NY",NA,1,6.07e-07,0,0,"NYDEC74784",2023,NA,-6.216549439,1,NA,NA,NA,NA,NA,"N","2023-10-25",1,1,0,"KL24NY0034","NY",1,NA,1,0.106270473,2,NA,-0.973587386,1,NA,NA,NA,NA,NA,NA,"2024-03-22",0,1,NA
"1321",1,"KL23NY0478",NA,"WILLIAMS HOTEL MINE","NY",16,1,2.43e-05,0,0,"NYDEC74786",2023,NA,-4.615076159,1,NA,0.00794498480895551,5.62528785838407,99.124852771899,-2.04842039264746,"N","2023-10-25",1,1,0,"KL24NY0069","NY",1,NA,1,0.018020949,3,NA,-1.744222335,1,NA,NA,NA,NA,NA,NA,"2024-03-22",0,1,NA
"1322",0,"KL23NY0479",NA,"WILLIAMS HOTEL MINE","NY",16,0,9.58e-07,0,0,"NYDEC74787",2023,NA,-6.018655732,1,NA,0.00794498480895551,5.62528785838407,99.124852771899,-2.04842039264746,"N","2023-10-25",1,0,NA,NA,NA,NA,NA,NA,NA,NA,NA,NA,NA,NA,NA,NA,NA,NA,NA,NA,NA,NA,NA
"1323",0,"KL23NY0616",NA,"CLINTON MINE","NY",NA,0,1.36e-06,0,0,"NYDEC74791",2023,NA,-5.866082758,1,NA,NA,NA,NA,NA,"N","2023-10-25",1,0,NA,NA,NA,NA,NA,NA,NA,NA,NA,NA,NA,NA,NA,NA,NA,NA,NA,NA,NA,NA,NA
"1324",0,"KL23NY0717",NA,"CLINTON MINE","NY",NA,0,2.15e-06,0,0,"NYDEC74792",2023,NA,-5.667820054,1,NA,NA,NA,NA,NA,"N","2023-10-25",1,0,NA,NA,NA,NA,NA,NA,NA,NA,NA,NA,NA,NA,NA,NA,NA,NA,NA,NA,NA,NA,NA
"1325",1,"KL23NY0719",NA,"CLINTON MINE","NY",NA,1,0.000363759,0,0,"NYDEC74793",2023,NA,-3.439186557,1,NA,NA,NA,NA,NA,"N","2023-10-25",1,1,0,"KL24NY0074","NY",1,NA,1,0.015653037,2,NA,-1.805401388,1,NA,NA,NA,NA,NA,NA,"2024-03-22",0,1,NA
"1326",0,"KL23NY0721",NA,"CLINTON MINE","NY",NA,0,0.001725068,0,0,"NYDEC74794",2023,NA,-2.763193707,1,NA,NA,NA,NA,NA,"N","2023-10-25",1,0,NA,NA,NA,NA,NA,NA,NA,NA,NA,NA,NA,NA,NA,NA,NA,NA,NA,NA,NA,NA,NA
"1327",0,"KL23NY0722",NA,"CLINTON MINE","NY",NA,0,0.000215113,0,0,"NYDEC74795",2023,NA,-3.667333532,1,NA,NA,NA,NA,NA,"N","2023-10-25",1,0,NA,NA,NA,NA,NA,NA,NA,NA,NA,NA,NA,NA,NA,NA,NA,NA,NA,NA,NA,NA,NA
"1328",1,"KL23NY0723",NA,"CLINTON MINE","NY",NA,1,1.62e-06,0,0,"NYDEC74796",2023,NA,-5.789216342,1,NA,NA,NA,NA,NA,"N","2023-10-25",1,1,0,"KL24NY0096","NY",1,NA,1,0.004630989,3,NA,-2.334326292,1,NA,NA,NA,NA,NA,NA,"2024-03-22",0,1,NA
"1329",0,"KL23NY0725",NA,"CLINTON MINE","NY",NA,0,0.015209814,0,0,"NYDEC74797",2023,NA,-1.8178761,1,NA,NA,NA,NA,NA,"N","2023-10-25",1,0,NA,NA,NA,NA,NA,NA,NA,NA,NA,NA,NA,NA,NA,NA,NA,NA,NA,NA,NA,NA,NA
"1330",1,"KL23NY0728",NA,"CLINTON MINE","NY",NA,1,0.000341825,0,0,"NYDEC74798",2023,NA,-3.466196447,1,NA,NA,NA,NA,NA,"N","2023-10-25",1,1,0,"KL24NY0110","NY",1,NA,NA,0.000559548,NA,NA,-3.252162598,1,NA,NA,NA,NA,NA,NA,"2024-03-22",0,1,NA
"1331",1,"KL23NY0730",NA,"CLINTON MINE","NY",NA,1,0.002907749,0,0,"NYDEC74799",2023,NA,-2.536443053,1,NA,NA,NA,NA,NA,"N","2023-10-25",1,1,0,"KL24NY0093","NY",1,NA,1,0.011469374,1,NA,-1.940460282,1,NA,NA,NA,NA,NA,NA,"2024-03-22",0,1,NA
"1332",1,"KL23NY0732",NA,"CLINTON MINE","NY",NA,1,0.003920424,0,0,"NYDEC74800",2023,NA,-2.406666922,1,NA,NA,NA,NA,NA,"N","2023-10-25",1,1,0,"KL24NY0026","NY",1,NA,1,0.049745964,2,NA,-1.303242145,1,NA,NA,NA,NA,NA,NA,"2024-03-22",0,1,NA
"1333",1,"KL23NY0567",NA,"GRAPHITE MINE","NY",16,1,1.94e-06,0,0,"NYDEC74816",2023,NA,-5.711518079,1,NA,NA,NA,NA,NA,"N","2023-10-25",1,1,0,"KL24NY0080","NY",1,NA,1,0.010965126,3,NA,-1.959986367,1,NA,NA,NA,NA,NA,NA,"2024-03-22",0,1,NA
"1334",0,"KL23NY0574",NA,"GRAPHITE MINE","NY",16,0,0.0003193,0,0,"NYDEC74817",2023,NA,-3.49580163,1,NA,NA,NA,NA,NA,"N","2023-10-25",1,0,NA,NA,NA,NA,NA,NA,NA,NA,NA,NA,NA,NA,NA,NA,NA,NA,NA,NA,NA,NA,NA
"1335",0,"KL23NY0527",NA,"HAILES CAVE","NY",17,0,4.83e-07,0,0,"NYDEC74818",2023,NA,-6.315784618,1,NA,NA,7.86639112903226,NA,NA,"N","2023-10-25",1,0,NA,NA,NA,NA,NA,NA,NA,NA,NA,NA,NA,NA,NA,NA,NA,NA,NA,NA,NA,NA,NA
"1336",0,"KL23NY0529",NA,"HAILES CAVE","NY",17,0,9.7e-06,0,0,"NYDEC74819",2023,NA,-5.013398807,1,NA,NA,7.86639112903226,NA,NA,"N","2023-10-25",1,0,NA,NA,NA,NA,NA,NA,NA,NA,NA,NA,NA,NA,NA,NA,NA,NA,NA,NA,NA,NA,NA
"1337",1,"KL23NY0609",NA,"CLINTON MINE","NY",NA,1,2.06e-05,0,0,"NYDEC74820",2023,NA,-4.685891001,1,NA,NA,NA,NA,NA,"N","2023-10-25",1,1,0,"KL24NY0083","NY",1,NA,NA,0.0031124,NA,NA,-2.506904545,1,NA,NA,NA,NA,NA,NA,"2024-03-22",0,1,NA
"1338",1,"KL23NY0480",NA,"WILLIAMS HOTEL MINE","NY",16,1,1.45e-06,0,0,"NYDEC74822",2023,NA,-5.837346156,1,NA,0.00794498480895551,5.62528785838407,99.124852771899,-2.04842039264746,"N","2023-10-25",1,1,0,"KL24NY0082","NY",1,NA,1,0.03167722,2,NA,-1.499252945,1,NA,NA,NA,NA,NA,NA,"2024-03-22",0,1,NA
"1339",1,"KL23NY0481",NA,"WILLIAMS HOTEL MINE","NY",16,1,3.22e-07,0,0,"NYDEC74823",2023,NA,-6.492781119,1,NA,0.00794498480895551,5.62528785838407,99.124852771899,-2.04842039264746,"N","2023-10-25",1,1,0,"KL24NY0064","NY",1,NA,1,0.009666328,1,NA,-2.01473846,1,NA,NA,NA,NA,NA,NA,"2024-03-22",0,1,NA
"1340",1,"KL23NY0482",NA,"WILLIAMS HOTEL MINE","NY",16,1,3.12e-06,0,0,"NYDEC74824",2023,NA,-5.505669966,1,NA,0.00794498480895551,5.62528785838407,99.124852771899,-2.04842039264746,"N","2023-10-25",1,1,0,"KL24NY0077","NY",1,NA,NA,0.009380051,NA,NA,-2.027794812,1,NA,NA,NA,NA,NA,NA,"2024-03-22",0,1,NA
"1341",1,"KL23NY0483",NA,"WILLIAMS HOTEL MINE","NY",16,1,2.11e-06,0,0,"NYDEC74825",2023,NA,-5.676102321,1,NA,0.00794498480895551,5.62528785838407,99.124852771899,-2.04842039264746,"N","2023-10-25",1,1,0,"KL24NY0025","NY",1,NA,1,0.08290322,2,NA,-1.081428601,1,NA,NA,NA,NA,NA,NA,"2024-03-22",0,1,NA
"1342",1,"KL23NY0484",NA,"WILLIAMS HOTEL MINE","NY",16,1,2.82e-06,0,0,"NYDEC74826",2023,NA,-5.549165719,1,NA,0.00794498480895551,5.62528785838407,99.124852771899,-2.04842039264746,"N","2023-10-25",1,1,0,"KL24NY0021","NY",1,NA,1,2.42e-06,2,NA,-5.616054661,1,NA,NA,NA,NA,NA,NA,"2024-03-22",0,1,NA
"1343",1,"KL23NY0485",NA,"WILLIAMS HOTEL MINE","NY",16,1,3.65e-06,0,0,"NYDEC74827",2023,NA,-5.43784403,1,NA,0.00794498480895551,5.62528785838407,99.124852771899,-2.04842039264746,"N","2023-10-25",1,1,0,"KL24NY0086","NY",1,NA,1,0.002690982,2,NA,-2.570089277,1,NA,NA,NA,NA,NA,NA,"2024-03-22",0,1,NA
"1344",1,"KL23NY0486",NA,"WILLIAMS HOTEL MINE","NY",16,1,3.9e-07,0,0,"NYDEC74828",2023,NA,-6.408928568,1,NA,0.00794498480895551,5.62528785838407,99.124852771899,-2.04842039264746,"N","2023-10-25",1,1,0,"KL24NY0106","NY",1,NA,NA,0.007263919,NA,NA,-2.138829013,1,NA,NA,NA,NA,NA,NA,"2024-03-22",0,1,NA
"1345",0,"KL23NY0487",NA,"WILLIAMS HOTEL MINE","NY",16,0,5.66e-06,0,0,"NYDEC74829",2023,NA,-5.246896739,1,NA,0.00794498480895551,5.62528785838407,99.124852771899,-2.04842039264746,"N","2023-10-25",1,0,NA,NA,NA,NA,NA,NA,NA,NA,NA,NA,NA,NA,NA,NA,NA,NA,NA,NA,NA,NA,NA
"1346",0,"KL23NY0488",NA,"WILLIAMS HOTEL MINE","NY",16,0,9.1e-05,0,0,"NYDEC74830",2023,NA,-4.041099677,1,NA,0.00794498480895551,5.62528785838407,99.124852771899,-2.04842039264746,"N","2023-10-25",1,0,NA,NA,NA,NA,NA,NA,NA,NA,NA,NA,NA,NA,NA,NA,NA,NA,NA,NA,NA,NA,NA
"1347",1,"KL23NY0489",NA,"WILLIAMS HOTEL MINE","NY",16,1,6.8e-07,0,0,"NYDEC74831",2023,NA,-6.167193554,1,NA,0.00794498480895551,5.62528785838407,99.124852771899,-2.04842039264746,"N","2023-10-25",1,1,0,"KL24NY0035","NY",1,NA,NA,0.044659734,NA,NA,-1.350083871,1,NA,NA,NA,NA,NA,NA,"2024-03-22",0,1,NA
"1348",0,"KL23NY0535",NA,"HAILES CAVE","NY",17,0,2.85e-06,0,0,"NYDEC74834",2023,NA,-5.54537213,1,NA,NA,7.86639112903226,NA,NA,"N","2023-10-25",1,0,NA,NA,NA,NA,NA,NA,NA,NA,NA,NA,NA,NA,NA,NA,NA,NA,NA,NA,NA,NA,NA
"1349",0,"KL23NY0538",NA,"HAILES CAVE","NY",17,0,3.03e-05,0,0,"NYDEC74836",2023,NA,-4.519029137,1,NA,NA,7.86639112903226,NA,NA,"N","2023-10-25",1,0,NA,NA,NA,NA,NA,NA,NA,NA,NA,NA,NA,NA,NA,NA,NA,NA,NA,NA,NA,NA,NA
"1350",0,"KL23NY0540",NA,"HAILES CAVE","NY",17,0,0.000180926,0,0,"NYDEC74837",2023,NA,-3.742498551,1,NA,NA,7.86639112903226,NA,NA,"N","2023-10-25",1,0,NA,NA,NA,NA,NA,NA,NA,NA,NA,NA,NA,NA,NA,NA,NA,NA,NA,NA,NA,NA,NA
"1351",1,"KL23NY0542",NA,"HAILES CAVE","NY",17,1,7.8e-06,0,0,"NYDEC74838",2023,NA,-5.107898512,1,NA,NA,7.86639112903226,NA,NA,"N","2023-10-25",1,1,0,"KL24NY0092","NY",1,NA,1,0.007786493,3,NA,-2.108658078,1,NA,NA,NA,NA,NA,NA,"2024-03-22",0,1,NA
"1352",1,"KL23NY0544",NA,"HAILES CAVE","NY",17,1,1.98e-05,0,0,"NYDEC74839",2023,NA,-4.703531041,1,NA,NA,7.86639112903226,NA,NA,"N","2023-10-25",1,1,0,"KL24NY0063","NY",1,NA,1,0.016190389,2,NA,-1.790742721,1,NA,NA,NA,NA,NA,NA,"2024-03-22",0,1,NA
"1353",1,"KL23NY0546",NA,"HAILES CAVE","NY",17,1,3.58e-06,0,0,"NYDEC74840",2023,NA,-5.446554252,1,NA,NA,7.86639112903226,NA,NA,"N","2023-10-25",1,1,0,"KL24NY0099","NY",1,NA,1,0.026014617,3,NA,-1.584782568,1,NA,NA,NA,NA,NA,NA,"2024-03-22",0,1,NA
"1354",1,"KL23NY0548",NA,"HAILES CAVE","NY",17,1,1.13e-05,0,0,"NYDEC74841",2023,NA,-4.947579683,1,NA,NA,7.86639112903226,NA,NA,"N","2023-10-25",1,1,0,"KL24NY0102","NY",1,NA,1,0.017097251,3,NA,-1.767073701,1,NA,NA,NA,NA,NA,NA,"2024-03-22",0,1,NA
"1355",0,"KL23NY0550",NA,"HAILES CAVE","NY",17,0,1.76e-06,0,0,"NYDEC74842",2023,NA,-5.755209006,1,NA,NA,7.86639112903226,NA,NA,"N","2023-10-25",1,0,NA,NA,NA,NA,NA,NA,NA,NA,NA,NA,NA,NA,NA,NA,NA,NA,NA,NA,NA,NA,NA
"1356",0,"KL23NY0552",NA,"HAILES CAVE","NY",17,0,1.72e-06,0,0,"NYDEC74843",2023,NA,-5.764984504,1,NA,NA,7.86639112903226,NA,NA,"N","2023-10-25",1,0,NA,NA,NA,NA,NA,NA,NA,NA,NA,NA,NA,NA,NA,NA,NA,NA,NA,NA,NA,NA,NA
"1357",1,"KL23NY0554",NA,"HAILES CAVE","NY",17,1,4.65e-06,0,0,"NYDEC74844",2023,NA,-5.332331376,1,NA,NA,7.86639112903226,NA,NA,"N","2023-10-25",1,1,0,"KL24NY0079","NY",1,NA,1,0.015533339,2,NA,-1.808735174,1,NA,NA,NA,NA,NA,NA,"2024-03-22",0,1,NA
"1358",0,"KL23NY0738",NA,"GREELEY TALC MINE","VT",NA,0,0.001380629,NA,NA,"NYSDEC74726",2023,NA,-2.859922921,1,NA,NA,NA,NA,NA,NA,"2023-12-21",1,0,NA,NA,NA,NA,NA,NA,NA,NA,NA,NA,NA,NA,NA,NA,NA,NA,NA,NA,NA,NA,NA
"1359",0,"KL23NY0778",NA,"GREELEY TALC MINE","VT",NA,0,0.002155451,NA,NA,"NYSDEC74727",2023,NA,-2.666461801,1,NA,NA,NA,NA,NA,NA,"2023-12-21",1,0,NA,NA,NA,NA,NA,NA,NA,NA,NA,NA,NA,NA,NA,NA,NA,NA,NA,NA,NA,NA,NA
"1360",0,"KL23NY0788",NA,"GREELEY TALC MINE","VT",NA,0,0.000863006,NA,NA,"NYSDEC74728",2023,NA,-3.06398633,1,NA,NA,NA,NA,NA,NA,"2023-12-21",1,0,NA,NA,NA,NA,NA,NA,NA,NA,NA,NA,NA,NA,NA,NA,NA,NA,NA,NA,NA,NA,NA
"1361",0,"KL23NY0753",NA,"GREELEY TALC MINE","VT",NA,0,0.002424151,NA,NA,"NYSDEC74729",2023,NA,-2.615440336,1,NA,NA,NA,NA,NA,NA,"2023-12-21",1,0,NA,NA,NA,NA,NA,NA,NA,NA,NA,NA,NA,NA,NA,NA,NA,NA,NA,NA,NA,NA,NA
"1362",0,"KL23NY0709",NA,"GREELEY TALC MINE","VT",NA,0,0.014427874,NA,NA,"NYSDEC74730",2023,NA,-1.840797666,1,NA,NA,NA,NA,NA,NA,"2023-12-21",1,0,NA,NA,NA,NA,NA,NA,NA,NA,NA,NA,NA,NA,NA,NA,NA,NA,NA,NA,NA,NA,NA
"1363",0,"KL23NY0712",NA,"GREELEY TALC MINE","VT",NA,0,0.001258858,NA,NA,"NYSDEC74731",2023,NA,-2.900023277,1,NA,NA,NA,NA,NA,NA,"2023-12-21",1,0,NA,NA,NA,NA,NA,NA,NA,NA,NA,NA,NA,NA,NA,NA,NA,NA,NA,NA,NA,NA,NA
"1364",0,"KL23NY0727",NA,"GREELEY TALC MINE","VT",NA,0,0.00208248,NA,NA,"NYSDEC74732",2023,NA,-2.681419189,1,NA,NA,NA,NA,NA,NA,"2023-12-21",1,0,NA,NA,NA,NA,NA,NA,NA,NA,NA,NA,NA,NA,NA,NA,NA,NA,NA,NA,NA,NA,NA
"1365",0,"KL23NY0775",NA,"GREELEY TALC MINE","VT",NA,0,0.003700498,NA,NA,"NYSDEC74733",2023,NA,-2.431739798,1,NA,NA,NA,NA,NA,NA,"2023-12-21",1,0,NA,NA,NA,NA,NA,NA,NA,NA,NA,NA,NA,NA,NA,NA,NA,NA,NA,NA,NA,NA,NA
"1366",0,"KL23NY0718",NA,"GREELEY TALC MINE","VT",NA,0,0.000116845,NA,NA,"NYSDEC74739",2023,NA,-3.932390726,1,NA,NA,NA,NA,NA,NA,"2023-12-21",1,0,NA,NA,NA,NA,NA,NA,NA,NA,NA,NA,NA,NA,NA,NA,NA,NA,NA,NA,NA,NA,NA
"1367",0,"KL23NY0731",NA,"GREELEY TALC MINE","VT",NA,0,0.001903978,NA,NA,"NYSDEC74740",2023,NA,-2.720338097,1,NA,NA,NA,NA,NA,NA,"2023-12-21",1,0,NA,NA,NA,NA,NA,NA,NA,NA,NA,NA,NA,NA,NA,NA,NA,NA,NA,NA,NA,NA,NA
"1368",0,"KL23NY0768",NA,"GREELEY TALC MINE","VT",NA,0,0.004893763,NA,NA,"NYSDEC74741",2023,NA,-2.310357076,1,NA,NA,NA,NA,NA,NA,"2023-12-21",1,0,NA,NA,NA,NA,NA,NA,NA,NA,NA,NA,NA,NA,NA,NA,NA,NA,NA,NA,NA,NA,NA
"1369",0,"KL23NY0701",NA,"GREELEY TALC MINE","VT",NA,0,0.000451081,NA,NA,"NYSDEC74742",2023,NA,-3.345745606,1,NA,NA,NA,NA,NA,NA,"2023-12-21",1,0,NA,NA,NA,NA,NA,NA,NA,NA,NA,NA,NA,NA,NA,NA,NA,NA,NA,NA,NA,NA,NA
"1370",0,"KL23NY0745",NA,"GREELEY TALC MINE","VT",NA,0,0.001113602,NA,NA,"NYSDEC74743",2023,NA,-2.953270183,1,NA,NA,NA,NA,NA,NA,"2023-12-21",1,0,NA,NA,NA,NA,NA,NA,NA,NA,NA,NA,NA,NA,NA,NA,NA,NA,NA,NA,NA,NA,NA
"1371",0,"KL23NY0710",NA,"GREELEY TALC MINE","VT",NA,0,0.017944598,NA,NA,"NYSDEC74745",2023,NA,-1.74606626,1,NA,NA,NA,NA,NA,NA,"2023-12-21",1,0,NA,NA,NA,NA,NA,NA,NA,NA,NA,NA,NA,NA,NA,NA,NA,NA,NA,NA,NA,NA,NA
"1372",0,"KL23NY0705",NA,"GREELEY TALC MINE","VT",NA,0,0.015268053,NA,NA,"NYSDEC74748",2023,NA,-1.816216338,1,NA,NA,NA,NA,NA,NA,"2023-12-21",1,0,NA,NA,NA,NA,NA,NA,NA,NA,NA,NA,NA,NA,NA,NA,NA,NA,NA,NA,NA,NA,NA
"1373",0,"KL23NY0801",NA,"GREELEY TALC MINE","VT",NA,0,0.003484852,NA,NA,"NYSDEC74749",2023,NA,-2.457815687,1,NA,NA,NA,NA,NA,NA,"2023-12-21",1,0,NA,NA,NA,NA,NA,NA,NA,NA,NA,NA,NA,NA,NA,NA,NA,NA,NA,NA,NA,NA,NA
"1374",0,"KL23NY0703",NA,"GREELEY TALC MINE","VT",NA,0,0.003027133,NA,NA,"NYSDEC74750",2023,NA,-2.518968528,1,NA,NA,NA,NA,NA,NA,"2023-12-21",1,0,NA,NA,NA,NA,NA,NA,NA,NA,NA,NA,NA,NA,NA,NA,NA,NA,NA,NA,NA,NA,NA
"1375",0,"KL23NY0708",NA,"GREELEY TALC MINE","VT",NA,0,0.005619576,NA,NA,"NYSDEC74752",2023,NA,-2.250296439,1,NA,NA,NA,NA,NA,NA,"2023-12-21",1,0,NA,NA,NA,NA,NA,NA,NA,NA,NA,NA,NA,NA,NA,NA,NA,NA,NA,NA,NA,NA,NA
"1376",0,"KL23NY0773",NA,"GREELEY TALC MINE","VT",NA,0,0.010114733,NA,NA,"NYSDEC74753",2023,NA,-1.995045586,1,NA,NA,NA,NA,NA,NA,"2023-12-21",1,0,NA,NA,NA,NA,NA,NA,NA,NA,NA,NA,NA,NA,NA,NA,NA,NA,NA,NA,NA,NA,NA
"1377",0,"KL23NY0799",NA,"GREELEY TALC MINE","VT",NA,0,0.002927652,NA,NA,"NYSDEC74754",2023,NA,-2.5334806,1,NA,NA,NA,NA,NA,NA,"2023-12-21",1,0,NA,NA,NA,NA,NA,NA,NA,NA,NA,NA,NA,NA,NA,NA,NA,NA,NA,NA,NA,NA,NA
"1378",0,"KL23NY0751",NA,"GREELEY TALC MINE","VT",NA,0,0.004248037,NA,NA,"NYSDEC74755",2023,NA,-2.371811686,1,NA,NA,NA,NA,NA,NA,"2023-12-21",1,0,NA,NA,NA,NA,NA,NA,NA,NA,NA,NA,NA,NA,NA,NA,NA,NA,NA,NA,NA,NA,NA
"1379",0,"KL23NY0795",NA,"GREELEY TALC MINE","VT",NA,0,0.000611983,NA,NA,"NYSDEC74756",2023,NA,-3.213260385,1,NA,NA,NA,NA,NA,NA,"2023-12-21",1,0,NA,NA,NA,NA,NA,NA,NA,NA,NA,NA,NA,NA,NA,NA,NA,NA,NA,NA,NA,NA,NA
"1380",0,"KL23NY0740",NA,"GREELEY TALC MINE","VT",NA,0,0.033370597,NA,NA,"NYSDEC74757",2023,NA,-1.47663602,1,NA,NA,NA,NA,NA,NA,"2023-12-21",1,0,NA,NA,NA,NA,NA,NA,NA,NA,NA,NA,NA,NA,NA,NA,NA,NA,NA,NA,NA,NA,NA
"1381",0,"KL23NY0713",NA,"GREELEY TALC MINE","VT",NA,0,0.003212726,NA,NA,"NYSDEC74758",2023,NA,-2.493126357,1,NA,NA,NA,NA,NA,NA,"2023-12-21",1,0,NA,NA,NA,NA,NA,NA,NA,NA,NA,NA,NA,NA,NA,NA,NA,NA,NA,NA,NA,NA,NA
"1382",0,"KL23NY0784",NA,"GREELEY TALC MINE","VT",NA,0,0.00571892,NA,NA,"NYSDEC74759",2023,NA,-2.242685982,1,NA,NA,NA,NA,NA,NA,"2023-12-21",1,0,NA,NA,NA,NA,NA,NA,NA,NA,NA,NA,NA,NA,NA,NA,NA,NA,NA,NA,NA,NA,NA
"1383",0,"KL23NY0780",NA,"GREELEY TALC MINE","VT",NA,0,0.001672897,NA,NA,"NYSDEC74760",2023,NA,-2.776530772,1,NA,NA,NA,NA,NA,NA,"2023-12-21",1,0,NA,NA,NA,NA,NA,NA,NA,NA,NA,NA,NA,NA,NA,NA,NA,NA,NA,NA,NA,NA,NA
"1384",0,"KL23NY0762",NA,"GREELEY TALC MINE","VT",NA,0,0.005446234,NA,NA,"NYSDEC74761",2023,NA,-2.26390373,1,NA,NA,NA,NA,NA,NA,"2023-12-21",1,0,NA,NA,NA,NA,NA,NA,NA,NA,NA,NA,NA,NA,NA,NA,NA,NA,NA,NA,NA,NA,NA
"1385",0,"KL23NY0728",NA,"GREELEY TALC MINE","VT",NA,0,0.000341825,NA,NA,"NYSDEC74762",2023,NA,-3.466196447,1,NA,NA,NA,NA,NA,NA,"2023-12-21",1,0,NA,NA,NA,NA,NA,NA,NA,NA,NA,NA,NA,NA,NA,NA,NA,NA,NA,NA,NA,NA,NA
"1386",0,"KL23NY0761",NA,"GREELEY TALC MINE","VT",NA,0,0.011982252,NA,NA,"NYSDEC74766",2023,NA,-1.921461568,1,NA,NA,NA,NA,NA,NA,"2023-12-21",1,0,NA,NA,NA,NA,NA,NA,NA,NA,NA,NA,NA,NA,NA,NA,NA,NA,NA,NA,NA,NA,NA
"1387",0,"KL23NY0711",NA,"GREELEY TALC MINE","VT",NA,0,0.001072217,NA,NA,"NYSDEC74767",2023,NA,-2.96971714,1,NA,NA,NA,NA,NA,NA,"2023-12-21",1,0,NA,NA,NA,NA,NA,NA,NA,NA,NA,NA,NA,NA,NA,NA,NA,NA,NA,NA,NA,NA,NA
"1388",0,"KL23NY0700",NA,"GREELEY TALC MINE","VT",NA,0,0.008867088,NA,NA,"NYSDEC74768",2023,NA,-2.052218992,1,NA,NA,NA,NA,NA,NA,"2023-12-21",1,0,NA,NA,NA,NA,NA,NA,NA,NA,NA,NA,NA,NA,NA,NA,NA,NA,NA,NA,NA,NA,NA
"1389",0,"KL23NY0794",NA,"GREELEY TALC MINE","VT",NA,0,0.000799411,NA,NA,"NYSDEC74769",2023,NA,-3.097229917,1,NA,NA,NA,NA,NA,NA,"2023-12-21",1,0,NA,NA,NA,NA,NA,NA,NA,NA,NA,NA,NA,NA,NA,NA,NA,NA,NA,NA,NA,NA,NA
"1390",0,"KL23NY0721",NA,"GREELEY TALC MINE","VT",NA,0,0.001725068,NA,NA,"NYSDEC74770",2023,NA,-2.763193707,1,NA,NA,NA,NA,NA,NA,"2023-12-21",1,0,NA,NA,NA,NA,NA,NA,NA,NA,NA,NA,NA,NA,NA,NA,NA,NA,NA,NA,NA,NA,NA
"1391",0,"KL23NY0774",NA,"GREELEY TALC MINE","VT",NA,0,0.000471435,NA,NA,"NYSDEC74771",2023,NA,-3.326578546,1,NA,NA,NA,NA,NA,NA,"2023-12-21",1,0,NA,NA,NA,NA,NA,NA,NA,NA,NA,NA,NA,NA,NA,NA,NA,NA,NA,NA,NA,NA,NA
"1392",0,"KL23NY0736",NA,"GREELEY TALC MINE","VT",NA,0,0.000609224,NA,NA,"NYSDEC74772",2023,NA,-3.215223028,1,NA,NA,NA,NA,NA,NA,"2023-12-21",1,0,NA,NA,NA,NA,NA,NA,NA,NA,NA,NA,NA,NA,NA,NA,NA,NA,NA,NA,NA,NA,NA
"1393",0,"KL23NY0734",NA,"GREELEY TALC MINE","VT",NA,0,0.02289621,NA,NA,"NYSDEC74773",2023,NA,-1.640236406,1,NA,NA,NA,NA,NA,NA,"2023-12-21",1,0,NA,NA,NA,NA,NA,NA,NA,NA,NA,NA,NA,NA,NA,NA,NA,NA,NA,NA,NA,NA,NA
"1394",0,"KL23NY0786",NA,"GREELEY TALC MINE","VT",NA,0,0.01036051,NA,NA,"NYSDEC74774",2023,NA,-1.98461888,1,NA,NA,NA,NA,NA,NA,"2023-12-21",1,0,NA,NA,NA,NA,NA,NA,NA,NA,NA,NA,NA,NA,NA,NA,NA,NA,NA,NA,NA,NA,NA
"1395",0,"KL23NY0800",NA,"GREELEY TALC MINE","VT",NA,0,0.001276738,NA,NA,"NYSDEC74775",2023,NA,-2.893898299,1,NA,NA,NA,NA,NA,NA,"2023-12-21",1,0,NA,NA,NA,NA,NA,NA,NA,NA,NA,NA,NA,NA,NA,NA,NA,NA,NA,NA,NA,NA,NA
"1396",0,"KL23NY0765",NA,"GREELEY TALC MINE","VT",NA,0,0.005368857,NA,NA,"NYSDEC74776",2023,NA,-2.270118126,1,NA,NA,NA,NA,NA,NA,"2023-12-21",1,0,NA,NA,NA,NA,NA,NA,NA,NA,NA,NA,NA,NA,NA,NA,NA,NA,NA,NA,NA,NA,NA
"1397",0,"KL23NY0715",NA,"GREELEY TALC MINE","VT",NA,0,0.00953557,NA,NA,"NYSDEC74777",2023,NA,-2.020653351,1,NA,NA,NA,NA,NA,NA,"2023-12-21",1,0,NA,NA,NA,NA,NA,NA,NA,NA,NA,NA,NA,NA,NA,NA,NA,NA,NA,NA,NA,NA,NA
"1398",0,"KL23NY0769",NA,"GREELEY TALC MINE","VT",NA,0,0.018819638,NA,NA,"NYSDEC74778",2023,NA,-1.725388742,1,NA,NA,NA,NA,NA,NA,"2023-12-21",1,0,NA,NA,NA,NA,NA,NA,NA,NA,NA,NA,NA,NA,NA,NA,NA,NA,NA,NA,NA,NA,NA
"1399",0,"KL23NY0726",NA,"GREELEY TALC MINE","VT",NA,0,0.001465855,NA,NA,"NYSDEC74779",2023,NA,-2.833908852,1,NA,NA,NA,NA,NA,NA,"2023-12-21",1,0,NA,NA,NA,NA,NA,NA,NA,NA,NA,NA,NA,NA,NA,NA,NA,NA,NA,NA,NA,NA,NA
"1400",0,"KL23NY0702",NA,"GREELEY TALC MINE","VT",NA,0,0.006270515,NA,NA,"NYSDEC74780",2023,NA,-2.202696764,1,NA,NA,NA,NA,NA,NA,"2023-12-21",1,0,NA,NA,NA,NA,NA,NA,NA,NA,NA,NA,NA,NA,NA,NA,NA,NA,NA,NA,NA,NA,NA
"1401",0,"KL23NY0698",NA,"GREELEY TALC MINE","VT",NA,0,0.001120339,NA,NA,"NYSDEC74782",2023,NA,-2.950650616,1,NA,NA,NA,NA,NA,NA,"2023-12-21",1,0,NA,NA,NA,NA,NA,NA,NA,NA,NA,NA,NA,NA,NA,NA,NA,NA,NA,NA,NA,NA,NA
"1402",0,"KL23NY0793",NA,"GREELEY TALC MINE","VT",NA,0,0.003390422,NA,NA,"NYSDEC74783",2023,NA,-2.469746245,1,NA,NA,NA,NA,NA,NA,"2023-12-21",1,0,NA,NA,NA,NA,NA,NA,NA,NA,NA,NA,NA,NA,NA,NA,NA,NA,NA,NA,NA,NA,NA
"1403",0,"KL23NY0720",NA,"GREELEY TALC MINE","VT",NA,0,0.000692424,NA,NA,"NYSDEC74784",2023,NA,-3.159627952,1,NA,NA,NA,NA,NA,NA,"2023-12-21",1,0,NA,NA,NA,NA,NA,NA,NA,NA,NA,NA,NA,NA,NA,NA,NA,NA,NA,NA,NA,NA,NA
"1404",0,"KL23NY0724",NA,"GREELEY TALC MINE","VT",NA,0,0.001366924,NA,NA,"NYSDEC74785",2023,NA,-2.864255492,1,NA,NA,NA,NA,NA,NA,"2023-12-21",1,0,NA,NA,NA,NA,NA,NA,NA,NA,NA,NA,NA,NA,NA,NA,NA,NA,NA,NA,NA,NA,NA
"1405",0,"KL23NY0697",NA,"GREELEY TALC MINE","VT",NA,0,0.009499848,NA,NA,"NYSDEC74786",2023,NA,-2.022283341,1,NA,NA,NA,NA,NA,NA,"2023-12-21",1,0,NA,NA,NA,NA,NA,NA,NA,NA,NA,NA,NA,NA,NA,NA,NA,NA,NA,NA,NA,NA,NA
"1406",0,"KL23NY0791",NA,"GREELEY TALC MINE","VT",NA,0,0.004393693,NA,NA,"NYSDEC74787",2023,NA,-2.357170265,1,NA,NA,NA,NA,NA,NA,"2023-12-21",1,0,NA,NA,NA,NA,NA,NA,NA,NA,NA,NA,NA,NA,NA,NA,NA,NA,NA,NA,NA,NA,NA
"1407",0,"KL23NY0777",NA,"GREELEY TALC MINE","VT",NA,0,0.001843039,NA,NA,"NYSDEC74788",2023,NA,-2.734465439,1,NA,NA,NA,NA,NA,NA,"2023-12-21",1,0,NA,NA,NA,NA,NA,NA,NA,NA,NA,NA,NA,NA,NA,NA,NA,NA,NA,NA,NA,NA,NA
"1408",0,"KL23NY0750",NA,"GREELEY TALC MINE","VT",NA,0,0.001496197,NA,NA,"NYSDEC74789",2023,NA,-2.825011231,1,NA,NA,NA,NA,NA,NA,"2023-12-21",1,0,NA,NA,NA,NA,NA,NA,NA,NA,NA,NA,NA,NA,NA,NA,NA,NA,NA,NA,NA,NA,NA
"1409",0,"KL23NY0739",NA,"GREELEY TALC MINE","VT",NA,0,0.001778074,NA,NA,"NYSDEC74790",2023,NA,-2.750050239,1,NA,NA,NA,NA,NA,NA,"2023-12-21",1,0,NA,NA,NA,NA,NA,NA,NA,NA,NA,NA,NA,NA,NA,NA,NA,NA,NA,NA,NA,NA,NA
"1410",0,"KL23NY0766",NA,"GREELEY TALC MINE","VT",NA,0,0.005661431,NA,NA,"NYSDEC74791",2023,NA,-2.247073776,1,NA,NA,NA,NA,NA,NA,"2023-12-21",1,0,NA,NA,NA,NA,NA,NA,NA,NA,NA,NA,NA,NA,NA,NA,NA,NA,NA,NA,NA,NA,NA
"1411",0,"KL23NY0783",NA,"GREELEY TALC MINE","VT",NA,0,0.049272323,NA,NA,"NYSDEC74792",2023,NA,-1.307396963,1,NA,NA,NA,NA,NA,NA,"2023-12-21",1,0,NA,NA,NA,NA,NA,NA,NA,NA,NA,NA,NA,NA,NA,NA,NA,NA,NA,NA,NA,NA,NA
"1412",0,"KL23NY0706",NA,"GREELEY TALC MINE","VT",NA,0,0.005567625,NA,NA,"NYSDEC74793",2023,NA,-2.254330061,1,NA,NA,NA,NA,NA,NA,"2023-12-21",1,0,NA,NA,NA,NA,NA,NA,NA,NA,NA,NA,NA,NA,NA,NA,NA,NA,NA,NA,NA,NA,NA
"1413",0,"KL23NY0759",NA,"GREELEY TALC MINE","VT",NA,0,0.006050917,NA,NA,"NYSDEC74794",2023,NA,-2.218178839,1,NA,NA,NA,NA,NA,NA,"2023-12-21",1,0,NA,NA,NA,NA,NA,NA,NA,NA,NA,NA,NA,NA,NA,NA,NA,NA,NA,NA,NA,NA,NA
"1414",0,"KL23NY0798",NA,"GREELEY TALC MINE","VT",NA,0,0.002049632,NA,NA,"NYSDEC74795",2023,NA,-2.688324087,1,NA,NA,NA,NA,NA,NA,"2023-12-21",1,0,NA,NA,NA,NA,NA,NA,NA,NA,NA,NA,NA,NA,NA,NA,NA,NA,NA,NA,NA,NA,NA
"1415",0,"KL23NY0716",NA,"GREELEY TALC MINE","VT",NA,0,0.031904241,NA,NA,"NYSDEC74796",2023,NA,-1.496151584,1,NA,NA,NA,NA,NA,NA,"2023-12-21",1,0,NA,NA,NA,NA,NA,NA,NA,NA,NA,NA,NA,NA,NA,NA,NA,NA,NA,NA,NA,NA,NA
"1416",0,"KL23NY0792",NA,"GREELEY TALC MINE","VT",NA,0,0.001356126,NA,NA,"NYSDEC74797",2023,NA,-2.867699906,1,NA,NA,NA,NA,NA,NA,"2023-12-21",1,0,NA,NA,NA,NA,NA,NA,NA,NA,NA,NA,NA,NA,NA,NA,NA,NA,NA,NA,NA,NA,NA
"1417",0,"KL23NY0747",NA,"GREELEY TALC MINE","VT",NA,0,0.007808208,NA,NA,"NYSDEC74798",2023,NA,-2.107448641,1,NA,NA,NA,NA,NA,NA,"2023-12-21",1,0,NA,NA,NA,NA,NA,NA,NA,NA,NA,NA,NA,NA,NA,NA,NA,NA,NA,NA,NA,NA,NA
"1418",0,"KL23NY0770",NA,"GREELEY TALC MINE","VT",NA,0,0.001876001,NA,NA,"NYSDEC74799",2023,NA,-2.726766853,1,NA,NA,NA,NA,NA,NA,"2023-12-21",1,0,NA,NA,NA,NA,NA,NA,NA,NA,NA,NA,NA,NA,NA,NA,NA,NA,NA,NA,NA,NA,NA
"1419",0,"KL23NY0730",NA,"GREELEY TALC MINE","VT",NA,0,0.002907749,NA,NA,"NYSDEC74800",2023,NA,-2.536443053,1,NA,NA,NA,NA,NA,NA,"2023-12-21",1,0,NA,NA,NA,NA,NA,NA,NA,NA,NA,NA,NA,NA,NA,NA,NA,NA,NA,NA,NA,NA,NA
"1420",0,"KL23NY0742",NA,"GREELEY TALC MINE","VT",NA,0,0.001729318,NA,NA,"NYSDEC74816",2023,NA,-2.762125064,1,NA,NA,NA,NA,NA,NA,"2023-12-21",1,0,NA,NA,NA,NA,NA,NA,NA,NA,NA,NA,NA,NA,NA,NA,NA,NA,NA,NA,NA,NA,NA
"1421",0,"KL23NY0785",NA,"GREELEY TALC MINE","VT",NA,0,0.028595967,NA,NA,"NYSDEC74817",2023,NA,-1.54369521,1,NA,NA,NA,NA,NA,NA,"2023-12-21",1,0,NA,NA,NA,NA,NA,NA,NA,NA,NA,NA,NA,NA,NA,NA,NA,NA,NA,NA,NA,NA,NA
"1422",0,"KL23NY0725",NA,"GREELEY TALC MINE","VT",NA,0,0.015209814,NA,NA,"NYSDEC74818",2023,NA,-1.8178761,1,NA,NA,NA,NA,NA,NA,"2023-12-21",1,0,NA,NA,NA,NA,NA,NA,NA,NA,NA,NA,NA,NA,NA,NA,NA,NA,NA,NA,NA,NA,NA
"1423",0,"KL23NY0733",NA,"GREELEY TALC MINE","VT",NA,0,0.013306378,NA,NA,"NYSDEC74819",2023,NA,-1.875940145,1,NA,NA,NA,NA,NA,NA,"2023-12-21",1,0,NA,NA,NA,NA,NA,NA,NA,NA,NA,NA,NA,NA,NA,NA,NA,NA,NA,NA,NA,NA,NA
"1424",0,"KL23NY0743",NA,"GREELEY TALC MINE","VT",NA,0,0.003470942,NA,NA,"NYSDEC74820",2023,NA,-2.45955261,1,NA,NA,NA,NA,NA,NA,"2023-12-21",1,0,NA,NA,NA,NA,NA,NA,NA,NA,NA,NA,NA,NA,NA,NA,NA,NA,NA,NA,NA,NA,NA
"1425",0,"KL23NY0699",NA,"GREELEY TALC MINE","VT",NA,0,0.000188246,NA,NA,"NYSDEC74821",2023,NA,-3.725275245,1,NA,NA,NA,NA,NA,NA,"2023-12-21",1,0,NA,NA,NA,NA,NA,NA,NA,NA,NA,NA,NA,NA,NA,NA,NA,NA,NA,NA,NA,NA,NA
"1426",0,"KL23NY0741",NA,"GREELEY TALC MINE","VT",NA,0,0.000552153,NA,NA,"NYSDEC74822",2023,NA,-3.257940222,1,NA,NA,NA,NA,NA,NA,"2023-12-21",1,0,NA,NA,NA,NA,NA,NA,NA,NA,NA,NA,NA,NA,NA,NA,NA,NA,NA,NA,NA,NA,NA
"1427",0,"KL23NY0748",NA,"GREELEY TALC MINE","VT",NA,0,0.011896163,NA,NA,"NYSDEC74823",2023,NA,-1.924593076,1,NA,NA,NA,NA,NA,NA,"2023-12-21",1,0,NA,NA,NA,NA,NA,NA,NA,NA,NA,NA,NA,NA,NA,NA,NA,NA,NA,NA,NA,NA,NA
"1428",0,"KL23NY0704",NA,"GREELEY TALC MINE","VT",NA,0,0.004010024,NA,NA,"NYSDEC74824",2023,NA,-2.396853021,1,NA,NA,NA,NA,NA,NA,"2023-12-21",1,0,NA,NA,NA,NA,NA,NA,NA,NA,NA,NA,NA,NA,NA,NA,NA,NA,NA,NA,NA,NA,NA
"1429",0,"KL23NY0732",NA,"GREELEY TALC MINE","VT",NA,0,0.003920424,NA,NA,"NYSDEC74825",2023,NA,-2.406666922,1,NA,NA,NA,NA,NA,NA,"2023-12-21",1,0,NA,NA,NA,NA,NA,NA,NA,NA,NA,NA,NA,NA,NA,NA,NA,NA,NA,NA,NA,NA,NA
"1430",0,"KL23NY0760",NA,"GREELEY TALC MINE","VT",NA,0,0.002435533,NA,NA,"NYSDEC74826",2023,NA,-2.613406018,1,NA,NA,NA,NA,NA,NA,"2023-12-21",1,0,NA,NA,NA,NA,NA,NA,NA,NA,NA,NA,NA,NA,NA,NA,NA,NA,NA,NA,NA,NA,NA
"1431",0,"KL23NY0707",NA,"GREELEY TALC MINE","VT",NA,0,0.010282556,NA,NA,"NYSDEC74827",2023,NA,-1.987898929,1,NA,NA,NA,NA,NA,NA,"2023-12-21",1,0,NA,NA,NA,NA,NA,NA,NA,NA,NA,NA,NA,NA,NA,NA,NA,NA,NA,NA,NA,NA,NA
"1432",0,"KL23NY0776",NA,"GREELEY TALC MINE","VT",NA,0,0.00043606,NA,NA,"NYSDEC74828",2023,NA,-3.360453923,1,NA,NA,NA,NA,NA,NA,"2023-12-21",1,0,NA,NA,NA,NA,NA,NA,NA,NA,NA,NA,NA,NA,NA,NA,NA,NA,NA,NA,NA,NA,NA
"1433",0,"KL23NY0782",NA,"GREELEY TALC MINE","VT",NA,0,0.015687659,NA,NA,"NYSDEC74829",2023,NA,-1.804441857,1,NA,NA,NA,NA,NA,NA,"2023-12-21",1,0,NA,NA,NA,NA,NA,NA,NA,NA,NA,NA,NA,NA,NA,NA,NA,NA,NA,NA,NA,NA,NA
"1434",0,"KL23NY0767",NA,"GREELEY TALC MINE","VT",NA,0,0.001973723,NA,NA,"NYSDEC74830",2023,NA,-2.704713908,1,NA,NA,NA,NA,NA,NA,"2023-12-21",1,0,NA,NA,NA,NA,NA,NA,NA,NA,NA,NA,NA,NA,NA,NA,NA,NA,NA,NA,NA,NA,NA
"1435",0,"KL23NY0722",NA,"GREELEY TALC MINE","VT",NA,0,0.000215113,NA,NA,"NYSDEC74831",2023,NA,-3.667333532,1,NA,NA,NA,NA,NA,NA,"2023-12-21",1,0,NA,NA,NA,NA,NA,NA,NA,NA,NA,NA,NA,NA,NA,NA,NA,NA,NA,NA,NA,NA,NA
"1436",0,"KL23NY0749",NA,"GREELEY TALC MINE","VT",NA,0,4.14e-07,NA,NA,"NYSDEC74834",2023,NA,-6.383022906,1,NA,NA,NA,NA,NA,NA,"2023-12-21",1,0,NA,NA,NA,NA,NA,NA,NA,NA,NA,NA,NA,NA,NA,NA,NA,NA,NA,NA,NA,NA,NA
"1437",0,"KL23NY0763",NA,"GREELEY TALC MINE","VT",NA,0,0.002236204,NA,NA,"NYSDEC74835",2023,NA,-2.650488539,1,NA,NA,NA,NA,NA,NA,"2023-12-21",1,0,NA,NA,NA,NA,NA,NA,NA,NA,NA,NA,NA,NA,NA,NA,NA,NA,NA,NA,NA,NA,NA
"1438",0,"KL23NY0802",NA,"GREELEY TALC MINE","VT",NA,0,0.010124421,NA,NA,"NYSDEC74836",2023,NA,-1.99462982,1,NA,NA,NA,NA,NA,NA,"2023-12-21",1,0,NA,NA,NA,NA,NA,NA,NA,NA,NA,NA,NA,NA,NA,NA,NA,NA,NA,NA,NA,NA,NA
"1439",0,"KL23NY0719",NA,"GREELEY TALC MINE","VT",NA,0,0.000363759,NA,NA,"NYSDEC74837",2023,NA,-3.439186557,1,NA,NA,NA,NA,NA,NA,"2023-12-21",1,0,NA,NA,NA,NA,NA,NA,NA,NA,NA,NA,NA,NA,NA,NA,NA,NA,NA,NA,NA,NA,NA
"1440",0,"KL23NY0771",NA,"GREELEY TALC MINE","VT",NA,0,0.000530719,NA,NA,"NYSDEC74838",2023,NA,-3.275135406,1,NA,NA,NA,NA,NA,NA,"2023-12-21",1,0,NA,NA,NA,NA,NA,NA,NA,NA,NA,NA,NA,NA,NA,NA,NA,NA,NA,NA,NA,NA,NA
"1441",0,"KL23NY0737",NA,"GREELEY TALC MINE","VT",NA,0,0.002195996,NA,NA,"NYSDEC74839",2023,NA,-2.658368387,1,NA,NA,NA,NA,NA,NA,"2023-12-21",1,0,NA,NA,NA,NA,NA,NA,NA,NA,NA,NA,NA,NA,NA,NA,NA,NA,NA,NA,NA,NA,NA
"1442",0,"KL23NY0714",NA,"GREELEY TALC MINE","VT",NA,0,0.008468866,NA,NA,"NYSDEC74840",2023,NA,-2.072174725,1,NA,NA,NA,NA,NA,NA,"2023-12-21",1,0,NA,NA,NA,NA,NA,NA,NA,NA,NA,NA,NA,NA,NA,NA,NA,NA,NA,NA,NA,NA,NA
"1443",0,"KL23NY0757",NA,"GREELEY TALC MINE","VT",NA,0,0.000217502,NA,NA,"NYSDEC74841",2023,NA,-3.66253663,1,NA,NA,NA,NA,NA,NA,"2023-12-21",1,0,NA,NA,NA,NA,NA,NA,NA,NA,NA,NA,NA,NA,NA,NA,NA,NA,NA,NA,NA,NA,NA
"1444",0,"KL23NY0787",NA,"GREELEY TALC MINE","VT",NA,0,0.007985065,NA,NA,"NYSDEC74842",2023,NA,-2.097721523,1,NA,NA,NA,NA,NA,NA,"2023-12-21",1,0,NA,NA,NA,NA,NA,NA,NA,NA,NA,NA,NA,NA,NA,NA,NA,NA,NA,NA,NA,NA,NA
"1445",0,"KL23NY0779",NA,"GREELEY TALC MINE","VT",NA,0,0.000365866,NA,NA,"NYSDEC74843",2023,NA,-3.436677809,1,NA,NA,NA,NA,NA,NA,"2023-12-21",1,0,NA,NA,NA,NA,NA,NA,NA,NA,NA,NA,NA,NA,NA,NA,NA,NA,NA,NA,NA,NA,NA
"1446",0,"KL23NY0744",NA,"GREELEY TALC MINE","VT",NA,0,0.002920369,NA,NA,"NYSDEC74844",2023,NA,-2.534562247,1,NA,NA,NA,NA,NA,NA,"2023-12-21",1,0,NA,NA,NA,NA,NA,NA,NA,NA,NA,NA,NA,NA,NA,NA,NA,NA,NA,NA,NA,NA,NA
"1447",0,"KL24WI1600","D","HORSESHOE BAY","WI",10,0,0.000157848,0,0,"OMNR09868",2024,NA,-3.80176023,1,NA,0.00512600746514702,9.93302533783784,NA,-2.21282247829827,"Y","2024-11-18",1,0,NA,NA,NA,NA,NA,NA,NA,NA,NA,NA,NA,NA,NA,NA,NA,NA,NA,NA,NA,NA,NA
"1448",0,"KL16WI0417","SEL","MARIBEL","WI",1,0,3.08e-06,NA,NA,"OOO0041",2016,NA,-5.511393943,1,NA,0.00727119348414132,10.2927932960894,NA,-2.08243181980906,NA,"2016-11-08",1,0,NA,NA,NA,NA,NA,NA,NA,NA,NA,NA,NA,NA,NA,NA,NA,NA,NA,NA,NA,NA,"invasion"
"1449",1,"KL17WI0614","HR","MARIBEL","WI",2,1,0.003198367,NA,NA,"OOO2911",2017,NA,-2.495071772,1,NA,0.00727119348414132,10.0325185185185,NA,-2.08243181980906,"Y","2017-11-10",1,1,NA,NA,NA,NA,NA,NA,NA,NA,NA,NA,NA,NA,NA,NA,NA,NA,NA,NA,NA,NA,"invasion"
"1450",0,"KL18WI0413","HR","MARIBEL","WI",3,1,0.002006981,NA,NA,"OOO2911",2018,NA,-2.697456739,1,NA,0.00727119348414132,10.0884795381818,NA,-2.08243181980906,"Y","2018-11-13",0,1,NA,NA,NA,NA,NA,NA,NA,NA,NA,NA,NA,NA,NA,NA,NA,NA,NA,NA,NA,NA,"invasion"
"1451",0,"JH16MI0146","15","TAYLOR MINE","MI",1,0,0.00183862,0,0,"UW0730",2016,NA,-2.735507921,1,NA,0.0121443386066422,10.1815428571429,NA,-1.88126126172287,"Y","2016-11-05",1,0,NA,NA,NA,NA,NA,NA,NA,NA,NA,NA,NA,NA,NA,NA,NA,NA,NA,NA,NA,NA,"invasion"
"1452",1,"JH15MI0257","20 to 25","TAYLOR MINE","MI",0,19,0.000160264,0,0,"UW0731",2015,NA,-3.795162901,1,NA,0.0121443386066422,7.06058333333333,NA,-1.88126126172287,"Y","2015-11-05",1,1,1,"JH16MI0127","MI",19,"14.8",0,0.04611563,0,NA,-1.336151859,1,NA,0.0155324386961681,5.54157142857143,NA,-1.78166307902563,"Y","2016-03-05",0,1,"invasion"
"1453",1,"JH16MI0145","15","TAYLOR MINE","MI",1,19,0.007892604,0,0,"UW0731",2016,NA,-2.10277971,1,NA,0.0121443386066422,10.1815428571429,NA,-1.88126126172287,"Y","2016-11-05",0,1,1,"JH17MI0066","MI",19,"19",0,0.001492199,0,NA,-2.826173323,1,NA,0.0155324386961681,7.28464393939394,NA,-1.78166307902563,"Y","2017-03-03",0,1,"invasion"
"1454",1,"JH17MI0105","17","TAYLOR MINE","MI",2,19,0.000324238,0,0,"UW0731",2017,NA,-3.489135758,1,NA,0.0121443386066422,7.27887894736842,NA,-1.88126126172287,"Y","2017-11-13",0,1,1,"JH18MI0072","MI",19,"17",0,0.002977922,0,NA,-2.526086635,1,NA,0.0155324386961681,5.82775,NA,-1.78166307902563,"Y","2018-03-13",0,1,"invasion"
"1455",1,"JH18MI0120","19.1","TAYLOR MINE","MI",3,19,0.00030059,0,0,"UW0731",2018,NA,-3.522024829,1,NA,0.0121443386066422,6.67608333333333,NA,-1.88126126172287,"Y","2018-11-11",0,1,1,"KL19MI0022","MI",19,"19",1,0.072134385,2,NA,-1.141857667,1,NA,0.0155324386961681,6.22590789473684,NA,-1.78166307902563,"Y","2019-03-10",0,1,"invasion"
"1456",1,"KL19MI0430","23.65","TAYLOR MINE","MI",4,19,6.36e-05,0,0,"UW0731",2019,NA,-4.19639415,1,NA,0.0100056433894314,6.34058139534884,98.955030237405,-1.95838456353207,"Y","2019-11-09",0,1,1,"KL20MI0015","MI",19,"14.1",0,0.048733525,0,NA,-1.312172174,1,NA,0.0068342891863462,5.59399193548387,99.2502785151233,-2.10600040142277,"Y","2020-03-06",0,1,"established"
"1457",1,"KL20MI0410","20.1","TAYLOR MINE","MI",5,19,0.00048357,0,0,"UW0731",2020,NA,-3.315540919,1,NA,0.0153215557309948,6.43891666666667,98.3904288045746,-1.78723844771543,"Y","2020-11-12",0,1,1,"KL21MI0035","MI",19,"20 to 25",0,1.97e-06,0,NA,-5.706513584,1,NA,0.017019811022567,5.0413810741688,98.0436358211176,-1.74424976786787,"Y","2021-03-04",0,1,"established"
"1458",1,"KL21MI0386","10 to 15","TAYLOR MINE","MI",6,19,8.75e-05,0,0,"UW0731",2021,7.33,-4.057868094,1,0.010990001211432,0.0118606740799797,6.8500221238938,98.7756524297436,-1.8907362676837,"Y","2021-11-10",0,1,1,"KL22MI0227","MI",19,"15 to 20",0,0.004646798,0,7.08,-2.332846169,1,0.0122654623791217,0.0068342891863462,5.59399193548387,99.2502785151233,-2.10600040142277,"Y","2022-03-07",0,1,"established"
"1459",1,"KL22MI0454","10 to 15","TAYLOR MINE","MI",7,19,8.99e-05,0,0,"UW0731",2022,NA,-4.046244613,1,NA,0.0142089671810034,6.95856548856549,NA,-1.81790027725672,"Y","2022-11-10",0,1,1,"KL23MI0019","MI",19,"10 to 15",1,0.000974695,1,NA,-3.011131278,1,NA,0.0184782807128241,5.56125252525252,97.9258743464042,-1.71044937958706,"Y","2023-03-01",0,1,"established"
"1460",1,"KL23MI0294","10 to 15","TAYLOR MINE","MI",8,19,6.53e-06,0,0,"UW0731",2023,NA,-5.184870346,1,NA,0.00691800453734487,6.98169554455446,NA,-2.101384253715,"Y","2023-11-10",0,1,1,"KL24MI0155","MI",19,"20",NA,0.008594673,NA,NA,-2.065770629,1,NA,0.0092996060195015,5.76979459459459,NA,-1.98717938760832,"Y","2024-02-29",0,1,"established"
"1461",1,"KL24MI0454","18.7","TAYLOR MINE","MI",9,19,5.27e-05,0,0,"UW0731",2024,NA,-4.277846028,1,NA,0.0121443386066422,7.25776817138485,NA,-1.88126126172287,"Y","2024-11-14",0,1,0,"KL25MI0066","MI",19,"20 to 25",0,0.004799591,0,NA,-2.318795808,1,NA,0.0155324386961681,5.68922802850356,NA,-1.78166307902563,"Y","2025-03-12",0,1,NA
"1462",0,"JH15MI0266","27","TAYLOR MINE","MI",0,0,3.43e-06,NA,NA,"UW0732",2015,NA,-5.465232714,1,NA,0.0121443386066422,7.06058333333333,NA,-1.88126126172287,"Y","2015-11-05",1,0,NA,NA,NA,NA,NA,NA,NA,NA,NA,NA,NA,NA,NA,NA,NA,NA,NA,NA,NA,NA,"invasion"
"1463",1,"JH16MI0147","15","TAYLOR MINE","MI",1,1,0.010940714,0,0,"UW0733",2016,NA,-1.960954325,1,NA,0.0121443386066422,10.1815428571429,NA,-1.88126126172287,"Y","2016-11-05",1,1,0,"JH17MI0061","MI",1,"17",1,0.006468345,1,NA,-2.189206827,1,NA,0.0155324386961681,7.28464393939394,NA,-1.78166307902563,"Y","2017-03-03",0,1,"invasion"
"1464",0,"KL12VA00869",NA,"POCAHONTAS","VA",NA,0,3.34e-06,NA,NA,"VDGIFA",2011,NA,-5.476753735,1,NA,NA,NA,NA,NA,"N","2012-05-17",1,0,NA,NA,NA,NA,NA,NA,NA,NA,NA,NA,NA,NA,NA,NA,NA,NA,NA,NA,NA,NA,NA
"1465",1,"KL11VA00187",NA,"HUPMANS","VA",2,1,0.001016258,NA,NA,"VDGIFA46196",2011,NA,-2.992996156,1,NA,NA,NA,NA,NA,"Y","2011-11-01",1,1,0,"KL12VA00519","VA",1,NA,NA,0.682636003,NA,NA,-0.16581081,1,NA,NA,NA,NA,NA,"Y","2012-03-19",0,1,"invasion"
"1466",0,"KL11VA00273",NA,"STARR CHAPEL","VA",2,1,1.8e-05,NA,NA,"VDGIFA46846",2011,NA,-4.744319726,1,NA,NA,7.46271681415929,NA,NA,"Y","2011-11-16",0,1,NA,NA,NA,NA,NA,NA,NA,NA,NA,NA,NA,NA,NA,NA,NA,NA,NA,NA,NA,NA,"invasion"
"1467",0,"KL11VA00274",NA,"STARR CHAPEL","VA",2,0,0.000106209,NA,NA,"VDGIFA48466",2011,NA,-3.973839655,1,NA,NA,7.46271681415929,NA,NA,"Y","2011-11-16",1,0,NA,NA,NA,NA,NA,NA,NA,NA,NA,NA,NA,NA,NA,NA,NA,NA,NA,NA,NA,NA,"invasion"
"1468",0,"KL11VA00203",NA,"HUPMANS","VA",2,0,0.001966101,NA,NA,"VDGIFA49943",2011,NA,-2.706394108,1,NA,NA,NA,NA,NA,"N","2011-11-01",1,0,NA,NA,NA,NA,NA,NA,NA,NA,NA,NA,NA,NA,NA,NA,NA,NA,NA,NA,NA,NA,"invasion"
"1469",0,"KL11VA00185",NA,"HUPMANS","VA",2,0,7.92e-06,NA,NA,"VDGIFA51490",2011,NA,-5.101336877,1,NA,NA,NA,NA,NA,"N","2011-11-01",1,0,NA,NA,NA,NA,NA,NA,NA,NA,NA,NA,NA,NA,NA,NA,NA,NA,NA,NA,NA,NA,"invasion"
"1470",1,"KL11VA00186",NA,"HUPMANS","VA",2,1,2.24e-05,NA,NA,"VDGIFA51491",2011,NA,-4.650108035,1,NA,NA,NA,NA,NA,"N","2011-11-01",1,1,0,"KL12VA00540","VA",1,NA,NA,0.278247098,NA,NA,-0.555569356,1,NA,NA,NA,NA,NA,"Y","2012-03-19",0,1,"invasion"
"1471",0,"KL11VA00188",NA,"HUPMANS","VA",2,0,0.010011291,NA,NA,"VDGIFA51492",2011,NA,-1.999509936,1,NA,NA,NA,NA,NA,"N","2011-11-01",1,0,NA,NA,NA,NA,NA,NA,NA,NA,NA,NA,NA,NA,NA,NA,NA,NA,NA,NA,NA,NA,"invasion"
"1472",0,"KL11VA00191",NA,"HUPMANS","VA",2,0,0.00075571,NA,NA,"VDGIFA51494",2011,NA,-3.121644707,1,NA,NA,NA,NA,NA,"N","2011-11-01",1,0,NA,NA,NA,NA,NA,NA,NA,NA,NA,NA,NA,NA,NA,NA,NA,NA,NA,NA,NA,NA,"invasion"
"1473",0,"KL11VA00192",NA,"HUPMANS","VA",2,0,2.49e-05,NA,NA,"VDGIFA51495",2011,NA,-4.603189539,1,NA,NA,NA,NA,NA,"N","2011-11-01",1,0,NA,NA,NA,NA,NA,NA,NA,NA,NA,NA,NA,NA,NA,NA,NA,NA,NA,NA,NA,NA,"invasion"
"1474",0,"KL11VA00194",NA,"HUPMANS","VA",2,0,0.003599543,NA,NA,"VDGIFA51496",2011,NA,-2.443752653,1,NA,NA,NA,NA,NA,"N","2011-11-01",1,0,NA,NA,NA,NA,NA,NA,NA,NA,NA,NA,NA,NA,NA,NA,NA,NA,NA,NA,NA,NA,"invasion"
"1475",0,"KL11VA00195",NA,"HUPMANS","VA",2,0,0.00037151,NA,NA,"VDGIFA51497",2011,NA,-3.430029804,1,NA,NA,NA,NA,NA,"N","2011-11-01",1,0,NA,NA,NA,NA,NA,NA,NA,NA,NA,NA,NA,NA,NA,NA,NA,NA,NA,NA,NA,NA,"invasion"
"1476",0,"KL11VA00198",NA,"HUPMANS","VA",2,0,0.000488226,NA,NA,"VDGIFA51498",2011,NA,-3.311378937,1,NA,NA,NA,NA,NA,"N","2011-11-01",1,0,NA,NA,NA,NA,NA,NA,NA,NA,NA,NA,NA,NA,NA,NA,NA,NA,NA,NA,NA,NA,"invasion"
"1477",0,"KL11VA00201",NA,"HUPMANS","VA",2,0,9.4e-06,NA,NA,"VDGIFA51500",2011,NA,-5.026724849,1,NA,NA,NA,NA,NA,"N","2011-11-01",1,0,NA,NA,NA,NA,NA,NA,NA,NA,NA,NA,NA,NA,NA,NA,NA,NA,NA,NA,NA,NA,"invasion"
"1478",0,"KL11VA00293",NA,"KELLY","VA",0,0,1.98e-06,NA,NA,"VDGIFA51551",2011,NA,-5.702562507,1,NA,NA,8.32085820622568,NA,NA,"Y","2011-11-14",1,0,NA,NA,NA,NA,NA,NA,NA,NA,NA,NA,NA,NA,NA,NA,NA,NA,NA,NA,NA,NA,"invasion"
"1479",0,"KL11VA00087",NA,"KELLY","VA",0,0,3.48e-06,NA,NA,"VDGIFA51566",2011,NA,-5.458810428,1,NA,NA,NA,NA,NA,"Y","2011-10-11",1,0,NA,NA,NA,NA,NA,NA,NA,NA,NA,NA,NA,NA,NA,NA,NA,NA,NA,NA,NA,NA,"invasion"
"1480",0,"KL11VA00292",NA,"KELLY","VA",0,0,4.36e-06,NA,NA,"VDGIFA51570",2011,NA,-5.360585655,1,NA,NA,8.32085820622568,NA,NA,"Y","2011-11-14",1,0,NA,NA,NA,NA,NA,NA,NA,NA,NA,NA,NA,NA,NA,NA,NA,NA,NA,NA,NA,NA,"invasion"
"1481",1,"KL11VA00090",NA,"KELLY","VA",0,1,4.49e-06,NA,NA,"VDGIFA51573",2011,NA,-5.347620766,1,NA,NA,NA,NA,NA,"Y","2011-10-11",1,1,0,"KL12VA00791","VA",1,"T-INTERSECTION",NA,0.031797723,NA,NA,-1.497603981,1,NA,NA,8.31023333333333,NA,NA,"Y","2012-04-04",0,1,"invasion"
"1482",0,"KL11VA00287",NA,"KELLY","VA",0,0,4.09e-06,NA,NA,"VDGIFA51574",2011,NA,-5.388596682,1,NA,NA,8.32085820622568,NA,NA,"Y","2011-11-14",1,0,NA,NA,NA,NA,NA,NA,NA,NA,NA,NA,NA,NA,NA,NA,NA,NA,NA,NA,NA,NA,"invasion"
"1483",0,"VA-ES-21",NA,"KELLY","VA",0,0,0.000205734,NA,NA,"VDGIFA51837",2011,NA,-3.686694141,1,NA,NA,NA,NA,NA,"N","2011-08-10",1,0,NA,NA,NA,NA,NA,NA,NA,NA,NA,NA,NA,NA,NA,NA,NA,NA,NA,NA,NA,NA,"invasion"
"1484",0,"KL11VA00017",NA,"BREATHING","VA",3,0,9.73e-05,NA,NA,"VDGIFA54258",2011,NA,-4.012052641,1,NA,NA,NA,NA,NA,"N","2011-09-27",1,0,NA,NA,NA,NA,NA,NA,NA,NA,NA,NA,NA,NA,NA,NA,NA,NA,NA,NA,NA,NA,"invasion"
"1485",0,"KL11VA00268",NA,"STARR CHAPEL","VA",2,0,0.00156222,NA,NA,"VDGIFA54274",2011,NA,-2.806257732,1,NA,NA,7.46271681415929,NA,NA,"Y","2011-11-16",1,0,NA,NA,NA,NA,NA,NA,NA,NA,NA,NA,NA,NA,NA,NA,NA,NA,NA,NA,NA,NA,"invasion"
"1486",0,"KL11VA00054",NA,"STARR CHAPEL","VA",2,0,5.06e-05,NA,NA,"VDGIFA54285",2011,NA,-4.29545111,1,NA,NA,NA,NA,NA,"N","2011-10-05",1,0,NA,NA,NA,NA,NA,NA,NA,NA,NA,NA,NA,NA,NA,NA,NA,NA,NA,NA,NA,NA,"invasion"
"1487",0,"KL11VA00266",NA,"STARR CHAPEL","VA",2,1,0.001196342,NA,NA,"VDGIFA54288",2011,NA,-2.922144497,1,NA,NA,7.46271681415929,NA,NA,"Y","2011-11-16",0,1,NA,NA,NA,NA,NA,NA,NA,NA,NA,NA,NA,NA,NA,NA,NA,NA,NA,NA,NA,NA,"invasion"
"1488",0,"KL11VA00237",NA,"STARR CHAPEL","VA",2,1,6.31e-05,NA,NA,"VDGIFA54290",2011,NA,-4.199724302,1,NA,NA,7.46271681415929,NA,NA,"Y","2011-11-16",0,1,NA,NA,NA,NA,NA,NA,NA,NA,NA,NA,NA,NA,NA,NA,NA,NA,NA,NA,NA,NA,"invasion"
"1489",0,"KL11VA00070",NA,"STARR CHAPEL","VA",2,0,2.9e-05,NA,NA,"VDGIFA54298",2011,NA,-4.537611029,1,NA,NA,NA,NA,NA,"N","2011-10-05",1,0,NA,NA,NA,NA,NA,NA,NA,NA,NA,NA,NA,NA,NA,NA,NA,NA,NA,NA,NA,NA,"invasion"
"1490",0,"KL11VA00071",NA,"STARR CHAPEL","VA",2,0,1.26e-05,NA,NA,"VDGIFA54299",2011,NA,-4.900568425,1,NA,NA,NA,NA,NA,"N","2011-10-05",1,0,NA,NA,NA,NA,NA,NA,NA,NA,NA,NA,NA,NA,NA,NA,NA,NA,NA,NA,NA,NA,"invasion"
"1491",0,"KL11VA00072",NA,"STARR CHAPEL","VA",2,0,0.000109996,NA,NA,"VDGIFA54300",2011,NA,-3.958623098,1,NA,NA,NA,NA,NA,"N","2011-10-05",1,0,NA,NA,NA,NA,NA,NA,NA,NA,NA,NA,NA,NA,NA,NA,NA,NA,NA,NA,NA,NA,"invasion"
"1492",0,"KL12VA00822",NA,"HUFFMAN BARN","VA",NA,0,0.000722196,0,NA,"VDGIFA54316",2011,NA,-3.141344758,1,NA,NA,NA,NA,NA,"Y","2012-05-10",1,0,NA,NA,NA,NA,NA,NA,NA,NA,NA,NA,NA,NA,NA,NA,NA,NA,NA,NA,NA,NA,NA
"1493",0,"KL11VA00252",NA,"BREATHING","VA",3,0,0.000117908,NA,NA,"VDGIFA54322",2011,NA,-3.928458454,1,NA,NA,NA,NA,NA,"N","2011-11-02",1,0,NA,NA,NA,NA,NA,NA,NA,NA,NA,NA,NA,NA,NA,NA,NA,NA,NA,NA,NA,NA,"invasion"
"1494",0,"KL11VA00239",NA,"STARR CHAPEL","VA",2,0,9.71e-06,NA,NA,"VDGIFA54464",2011,NA,-5.012948704,1,NA,NA,7.46271681415929,NA,NA,"N","2011-11-16",1,0,NA,NA,NA,NA,NA,NA,NA,NA,NA,NA,NA,NA,NA,NA,NA,NA,NA,NA,NA,NA,"invasion"
"1495",0,"KL11VA00240",NA,"STARR CHAPEL","VA",2,0,7.13e-05,NA,NA,"VDGIFA54465",2011,NA,-4.147004459,1,NA,NA,7.46271681415929,NA,NA,"N","2011-11-16",1,0,NA,NA,NA,NA,NA,NA,NA,NA,NA,NA,NA,NA,NA,NA,NA,NA,NA,NA,NA,NA,"invasion"
"1496",0,"KL11VA00269",NA,"STARR CHAPEL","VA",2,0,0.000405305,NA,NA,"VDGIFA54466",2011,NA,-3.392218361,1,NA,NA,7.46271681415929,NA,NA,"N","2011-11-16",1,0,NA,NA,NA,NA,NA,NA,NA,NA,NA,NA,NA,NA,NA,NA,NA,NA,NA,NA,NA,NA,"invasion"
"1497",0,"KL11VA00270",NA,"STARR CHAPEL","VA",2,0,0.000100499,NA,NA,"VDGIFA54467",2011,NA,-3.997839935,1,NA,NA,7.46271681415929,NA,NA,"N","2011-11-16",1,0,NA,NA,NA,NA,NA,NA,NA,NA,NA,NA,NA,NA,NA,NA,NA,NA,NA,NA,NA,NA,"invasion"
"1498",0,"KL11VA00272",NA,"STARR CHAPEL","VA",2,0,0.000157783,NA,NA,"VDGIFA54468",2011,NA,-3.801939008,1,NA,NA,7.46271681415929,NA,NA,"N","2011-11-16",1,0,NA,NA,NA,NA,NA,NA,NA,NA,NA,NA,NA,NA,NA,NA,NA,NA,NA,NA,NA,NA,"invasion"
"1499",0,"KL11VA00276",NA,"STARR CHAPEL","VA",2,0,0.000217499,NA,NA,"VDGIFA54484",2011,NA,-3.662543383,1,NA,NA,7.46271681415929,NA,NA,"N","2011-11-16",1,0,NA,NA,NA,NA,NA,NA,NA,NA,NA,NA,NA,NA,NA,NA,NA,NA,NA,NA,NA,NA,"invasion"
"1500",0,"KL11VA00366",NA,"NEWBERRY","VA",3,0,0.011786644,NA,NA,"VDGIFA54494",2011,NA,-1.928609832,1,NA,NA,NA,NA,NA,"N","2011-11-28",1,0,NA,NA,NA,NA,NA,NA,NA,NA,NA,NA,NA,NA,NA,NA,NA,NA,NA,NA,NA,NA,"invasion"
"1501",0,"KL11VA00367",NA,"NEWBERRY","VA",3,0,0.00308646,NA,NA,"VDGIFA54495",2011,NA,-2.510539289,1,NA,NA,NA,NA,NA,"N","2011-11-28",1,0,NA,NA,NA,NA,NA,NA,NA,NA,NA,NA,NA,NA,NA,NA,NA,NA,NA,NA,NA,NA,"invasion"
"1502",0,"KL11VA00369",NA,"NEWBERRY","VA",3,0,0.000795046,NA,NA,"VDGIFA54496",2011,NA,-3.099607778,1,NA,NA,NA,NA,NA,"N","2011-11-28",1,0,NA,NA,NA,NA,NA,NA,NA,NA,NA,NA,NA,NA,NA,NA,NA,NA,NA,NA,NA,NA,"invasion"
"1503",0,"KL11VA00370",NA,"NEWBERRY","VA",3,0,9.63e-05,NA,NA,"VDGIFA54497",2011,NA,-4.016223303,1,NA,NA,NA,NA,NA,"N","2011-11-28",1,0,NA,NA,NA,NA,NA,NA,NA,NA,NA,NA,NA,NA,NA,NA,NA,NA,NA,NA,NA,NA,"invasion"
"1504",0,"KL11VA00371",NA,"NEWBERRY","VA",3,0,0.0005299,NA,NA,"VDGIFA54498",2011,NA,-3.275806323,1,NA,NA,NA,NA,NA,"N","2011-11-28",1,0,NA,NA,NA,NA,NA,NA,NA,NA,NA,NA,NA,NA,NA,NA,NA,NA,NA,NA,NA,NA,"invasion"
"1505",0,"KL11VA00372",NA,"NEWBERRY","VA",3,0,2.3e-05,NA,NA,"VDGIFA54499",2011,NA,-4.637545854,1,NA,NA,NA,NA,NA,"N","2011-11-28",1,0,NA,NA,NA,NA,NA,NA,NA,NA,NA,NA,NA,NA,NA,NA,NA,NA,NA,NA,NA,NA,"invasion"
"1506",0,"KL11VA00373",NA,"NEWBERRY","VA",3,0,1.75e-05,NA,NA,"VDGIFA54500",2011,NA,-4.756067154,1,NA,NA,NA,NA,NA,"N","2011-11-28",1,0,NA,NA,NA,NA,NA,NA,NA,NA,NA,NA,NA,NA,NA,NA,NA,NA,NA,NA,NA,NA,"invasion"
"1507",0,"KL11VA00088",NA,"KELLY","VA",0,0,1.65e-05,NA,NA,"VDGIFA54507",2011,NA,-4.782062299,1,NA,NA,NA,NA,NA,"N","2011-10-11",1,0,NA,NA,NA,NA,NA,NA,NA,NA,NA,NA,NA,NA,NA,NA,NA,NA,NA,NA,NA,NA,"invasion"
"1508",0,"KL11VA00093",NA,"KELLY","VA",0,0,1.85e-06,NA,NA,"VDGIFA54511",2011,NA,-5.73262793,1,NA,NA,NA,NA,NA,"N","2011-10-11",1,0,NA,NA,NA,NA,NA,NA,NA,NA,NA,NA,NA,NA,NA,NA,NA,NA,NA,NA,NA,NA,"invasion"
"1509",0,"KL11VA00285",NA,"KELLY","VA",0,0,1.82e-05,NA,NA,"VDGIFA54538",2011,NA,-4.740089534,1,NA,NA,8.32085820622568,NA,NA,"Y","2011-11-14",1,0,NA,NA,NA,NA,NA,NA,NA,NA,NA,NA,NA,NA,NA,NA,NA,NA,NA,NA,NA,NA,"invasion"
"1510",0,"KL11VA00208",NA,"STARR CHAPEL","VA",2,0,2.34e-05,NA,NA,"VDGIFA54598",2011,NA,-4.631408338,1,NA,NA,NA,NA,NA,"N","2011-10-18",1,0,NA,NA,NA,NA,NA,NA,NA,NA,NA,NA,NA,NA,NA,NA,NA,NA,NA,NA,NA,NA,"invasion"
"1511",0,"KL11VA00209",NA,"STARR CHAPEL","VA",2,0,2.22e-05,NA,NA,"VDGIFA54609",2011,NA,-4.653390404,1,NA,NA,NA,NA,NA,"N","2011-10-18",1,0,NA,NA,NA,NA,NA,NA,NA,NA,NA,NA,NA,NA,NA,NA,NA,NA,NA,NA,NA,NA,"invasion"
"1512",0,"KL11VA00267",NA,"STARR CHAPEL","VA",2,0,0.000823987,NA,NA,"VDGIFA54613",2011,NA,-3.084079558,1,NA,NA,7.46271681415929,NA,NA,"Y","2011-11-16",1,0,NA,NA,NA,NA,NA,NA,NA,NA,NA,NA,NA,NA,NA,NA,NA,NA,NA,NA,NA,NA,"invasion"
"1513",0,"KL11VA00265",NA,"STARR CHAPEL","VA",2,0,2.38e-05,NA,NA,"VDGIFA54617",2011,NA,-4.622767024,1,NA,NA,7.46271681415929,NA,NA,"Y","2011-11-16",1,0,NA,NA,NA,NA,NA,NA,NA,NA,NA,NA,NA,NA,NA,NA,NA,NA,NA,NA,NA,NA,"invasion"
"1514",0,"KL11VA00213",NA,"CROSSROADS","VA",1,0,0.003173461,NA,NA,"VDGIFA54626",2011,NA,-2.498466777,1,NA,NA,8.54286636971047,NA,NA,"N","2011-11-02",1,0,NA,NA,NA,NA,NA,NA,NA,NA,NA,NA,NA,NA,NA,NA,NA,NA,NA,NA,NA,NA,"invasion"
"1515",0,"KL11VA00228",NA,"TAWNEYS","VA",2,0,0.000138363,NA,NA,"VDGIFA54640",2011,NA,-3.858980089,1,NA,NA,NA,NA,NA,"N","2011-11-08",1,0,NA,NA,NA,NA,NA,NA,NA,NA,NA,NA,NA,NA,NA,NA,NA,NA,NA,NA,NA,NA,"invasion"
"1516",0,"KL11VA00229",NA,"TAWNEYS","VA",2,0,3.38e-05,NA,NA,"VDGIFA54641",2011,NA,-4.471412699,1,NA,NA,NA,NA,NA,"N","2011-11-08",1,0,NA,NA,NA,NA,NA,NA,NA,NA,NA,NA,NA,NA,NA,NA,NA,NA,NA,NA,NA,NA,"invasion"
"1517",0,"KL11VA00230",NA,"TAWNEYS","VA",2,0,4.67e-05,NA,NA,"VDGIFA54642",2011,NA,-4.330770426,1,NA,NA,NA,NA,NA,"N","2011-11-08",1,0,NA,NA,NA,NA,NA,NA,NA,NA,NA,NA,NA,NA,NA,NA,NA,NA,NA,NA,NA,NA,"invasion"
"1518",0,"KL11VA00231",NA,"TAWNEYS","VA",2,0,3.62e-05,NA,NA,"VDGIFA54643",2011,NA,-4.441721968,1,NA,NA,NA,NA,NA,"N","2011-11-08",1,0,NA,NA,NA,NA,NA,NA,NA,NA,NA,NA,NA,NA,NA,NA,NA,NA,NA,NA,NA,NA,"invasion"
"1519",0,"KL11VA00232",NA,"TAWNEYS","VA",2,0,1.55e-05,NA,NA,"VDGIFA54644",2011,NA,-4.809007609,1,NA,NA,NA,NA,NA,"N","2011-11-08",1,0,NA,NA,NA,NA,NA,NA,NA,NA,NA,NA,NA,NA,NA,NA,NA,NA,NA,NA,NA,NA,"invasion"
"1520",0,"KL11VA00283",NA,"STONELEY","VA",2,0,0.007089485,NA,NA,"VDGIFA54649",2011,NA,-2.149385326,1,NA,NA,9.07721301775148,NA,NA,"N","2011-11-09",1,0,NA,NA,NA,NA,NA,NA,NA,NA,NA,NA,NA,NA,NA,NA,NA,NA,NA,NA,NA,NA,"invasion"
"1521",0,"KL11VA00368",NA,"NEWBERRY","VA",3,0,3.14e-05,NA,NA,"VDGIFA54651",2011,NA,-4.503650417,1,NA,NA,NA,NA,NA,"N","2011-11-28",1,0,NA,NA,NA,NA,NA,NA,NA,NA,NA,NA,NA,NA,NA,NA,NA,NA,NA,NA,NA,NA,"invasion"
"1522",0,"KL11VA00374",NA,"NEWBERRY","VA",3,0,9.7e-05,NA,NA,"VDGIFA54652",2011,NA,-4.013238588,1,NA,NA,NA,NA,NA,"N","2011-11-28",1,0,NA,NA,NA,NA,NA,NA,NA,NA,NA,NA,NA,NA,NA,NA,NA,NA,NA,NA,NA,NA,"invasion"
"1523",0,"KL11VA00375",NA,"NEWBERRY","VA",3,0,0.000150892,NA,NA,"VDGIFA54653",2011,NA,-3.821333234,1,NA,NA,NA,NA,NA,"N","2011-11-28",1,0,NA,NA,NA,NA,NA,NA,NA,NA,NA,NA,NA,NA,NA,NA,NA,NA,NA,NA,NA,NA,"invasion"
"1524",0,"KL12VA00763",NA,"CRAIG BARN","VA",NA,0,4.87e-06,0,NA,"VDGIFA54775",2011,NA,-5.312187057,1,NA,NA,NA,NA,NA,"N","2012-05-08",1,0,NA,NA,NA,NA,NA,NA,NA,NA,NA,NA,NA,NA,NA,NA,NA,NA,NA,NA,NA,NA,NA
"1525",0,"KL12VA00764",NA,"CRAIG BARN","VA",NA,0,0.000227515,0,NA,"VDGIFA54776",2011,NA,-3.642989245,1,NA,NA,NA,NA,NA,"N","2012-05-08",1,0,NA,NA,NA,NA,NA,NA,NA,NA,NA,NA,NA,NA,NA,NA,NA,NA,NA,NA,NA,NA,NA
"1526",0,"KL12VA00765",NA,"CRAIG BARN","VA",NA,0,1.55e-05,0,NA,"VDGIFA54777",2011,NA,-4.80986205,1,NA,NA,NA,NA,NA,"N","2012-05-08",1,0,NA,NA,NA,NA,NA,NA,NA,NA,NA,NA,NA,NA,NA,NA,NA,NA,NA,NA,NA,NA,NA
"1527",0,"KL12VA00766",NA,"CRAIG BARN","VA",NA,0,0.000142096,0,NA,"VDGIFA54778",2011,NA,-3.847419428,1,NA,NA,NA,NA,NA,"N","2012-05-08",1,0,NA,NA,NA,NA,NA,NA,NA,NA,NA,NA,NA,NA,NA,NA,NA,NA,NA,NA,NA,NA,NA
"1528",0,"KL12VA00767",NA,"CRAIG BARN","VA",NA,0,9.36e-06,0,NA,"VDGIFA54779",2011,NA,-5.028760571,1,NA,NA,NA,NA,NA,"N","2012-05-08",1,0,NA,NA,NA,NA,NA,NA,NA,NA,NA,NA,NA,NA,NA,NA,NA,NA,NA,NA,NA,NA,NA
"1529",0,"KL12VA00768",NA,"CRAIG BARN","VA",NA,0,0.000145002,0,NA,"VDGIFA54780",2011,NA,-3.838626369,1,NA,NA,NA,NA,NA,"N","2012-05-08",1,0,NA,NA,NA,NA,NA,NA,NA,NA,NA,NA,NA,NA,NA,NA,NA,NA,NA,NA,NA,NA,NA
"1530",0,"KL12VA00769",NA,"CRAIG BARN","VA",NA,0,6.8e-05,0,NA,"VDGIFA54781",2011,NA,-4.167795908,1,NA,NA,NA,NA,NA,"N","2012-05-08",1,0,NA,NA,NA,NA,NA,NA,NA,NA,NA,NA,NA,NA,NA,NA,NA,NA,NA,NA,NA,NA,NA
"1531",0,"KL12VA00770",NA,"CRAIG BARN","VA",NA,0,6.19e-05,0,NA,"VDGIFA54782",2011,NA,-4.208195192,1,NA,NA,NA,NA,NA,"N","2012-05-08",1,0,NA,NA,NA,NA,NA,NA,NA,NA,NA,NA,NA,NA,NA,NA,NA,NA,NA,NA,NA,NA,NA
"1532",0,"KL12VA00771",NA,"CRAIG BARN","VA",NA,0,3.92e-05,0,NA,"VDGIFA54783",2011,NA,-4.406430665,1,NA,NA,NA,NA,NA,"N","2012-05-08",1,0,NA,NA,NA,NA,NA,NA,NA,NA,NA,NA,NA,NA,NA,NA,NA,NA,NA,NA,NA,NA,NA
"1533",0,"KL12VA00772",NA,"CRAIG BARN","VA",NA,0,0.000209111,0,NA,"VDGIFA54784",2011,NA,-3.679622907,1,NA,NA,NA,NA,NA,"N","2012-05-08",1,0,NA,NA,NA,NA,NA,NA,NA,NA,NA,NA,NA,NA,NA,NA,NA,NA,NA,NA,NA,NA,NA
"1534",0,"KL12VA00773",NA,"CRAIG BARN","VA",NA,0,1.9e-05,0,NA,"VDGIFA54785",2011,NA,-4.721164551,1,NA,NA,NA,NA,NA,"N","2012-05-08",1,0,NA,NA,NA,NA,NA,NA,NA,NA,NA,NA,NA,NA,NA,NA,NA,NA,NA,NA,NA,NA,NA
"1535",0,"KL12VA00774",NA,"HUFFMAN BARN","VA",NA,0,0.001821744,0,NA,"VDGIFA54786",2011,NA,-2.739512534,1,NA,NA,NA,NA,NA,"N","2012-05-10",1,0,NA,NA,NA,NA,NA,NA,NA,NA,NA,NA,NA,NA,NA,NA,NA,NA,NA,NA,NA,NA,NA
"1536",0,"KL12VA00819",NA,"HUFFMAN BARN","VA",NA,0,1.02e-05,0,NA,"VDGIFA54788",2011,NA,-4.989386151,1,NA,NA,NA,NA,NA,"N","2012-05-10",1,0,NA,NA,NA,NA,NA,NA,NA,NA,NA,NA,NA,NA,NA,NA,NA,NA,NA,NA,NA,NA,NA
"1537",0,"KL12VA00820",NA,"HUFFMAN BARN","VA",NA,0,9.93e-06,0,NA,"VDGIFA54789",2011,NA,-5.002998877,1,NA,NA,NA,NA,NA,"N","2012-05-10",1,0,NA,NA,NA,NA,NA,NA,NA,NA,NA,NA,NA,NA,NA,NA,NA,NA,NA,NA,NA,NA,NA
"1538",0,"KL12VA00821",NA,"HUFFMAN BARN","VA",NA,0,0.000190629,0,NA,"VDGIFA54790",2011,NA,-3.719812084,1,NA,NA,NA,NA,NA,"N","2012-05-10",1,0,NA,NA,NA,NA,NA,NA,NA,NA,NA,NA,NA,NA,NA,NA,NA,NA,NA,NA,NA,NA,NA
"1539",0,"KL12VA00823",NA,"HUFFMAN BARN","VA",NA,0,5.82e-05,0,NA,"VDGIFA54791",2011,NA,-4.234958405,1,NA,NA,NA,NA,NA,"N","2012-05-10",1,0,NA,NA,NA,NA,NA,NA,NA,NA,NA,NA,NA,NA,NA,NA,NA,NA,NA,NA,NA,NA,NA
"1540",0,"KL12VA00826",NA,"HUFFMAN BARN","VA",NA,0,0.000524504,0,NA,"VDGIFA54794",2011,NA,-3.280251295,1,NA,NA,NA,NA,NA,"N","2012-05-10",1,0,NA,NA,NA,NA,NA,NA,NA,NA,NA,NA,NA,NA,NA,NA,NA,NA,NA,NA,NA,NA,NA
"1541",0,"KL12VA00827",NA,"BALL BARN","VA",NA,0,0.001702782,0,NA,"VDGIFA54795",2011,NA,-2.768840828,1,NA,NA,NA,NA,NA,"N","2012-05-11",1,0,NA,NA,NA,NA,NA,NA,NA,NA,NA,NA,NA,NA,NA,NA,NA,NA,NA,NA,NA,NA,NA
"1542",0,"KL12VA00828",NA,"BALL BARN","VA",NA,0,0.000725835,0,NA,"VDGIFA54796",2011,NA,-3.139161957,1,NA,NA,NA,NA,NA,"N","2012-05-11",1,0,NA,NA,NA,NA,NA,NA,NA,NA,NA,NA,NA,NA,NA,NA,NA,NA,NA,NA,NA,NA,NA
"1543",0,"KL12VA00829",NA,"BALL BARN","VA",NA,0,5.39e-06,0,NA,"VDGIFA54797",2011,NA,-5.268754032,1,NA,NA,NA,NA,NA,"N","2012-05-11",1,0,NA,NA,NA,NA,NA,NA,NA,NA,NA,NA,NA,NA,NA,NA,NA,NA,NA,NA,NA,NA,NA
"1544",0,"KL12VA00830",NA,"BALL BARN","VA",NA,0,3.75e-06,0,NA,"VDGIFA54798",2011,NA,-5.425551346,1,NA,NA,NA,NA,NA,"N","2012-05-11",1,0,NA,NA,NA,NA,NA,NA,NA,NA,NA,NA,NA,NA,NA,NA,NA,NA,NA,NA,NA,NA,NA
"1545",0,"KL12VA00831",NA,"BALL BARN","VA",NA,0,3.15e-05,0,NA,"VDGIFA54799",2011,NA,-4.501782781,1,NA,NA,NA,NA,NA,"N","2012-05-11",1,0,NA,NA,NA,NA,NA,NA,NA,NA,NA,NA,NA,NA,NA,NA,NA,NA,NA,NA,NA,NA,NA
"1546",0,"KL12VA00833",NA,"BALL BARN","VA",NA,0,0.000520265,0,NA,"VDGIFA54801",2011,NA,-3.283775289,1,NA,NA,NA,NA,NA,"N","2012-05-11",1,0,NA,NA,NA,NA,NA,NA,NA,NA,NA,NA,NA,NA,NA,NA,NA,NA,NA,NA,NA,NA,NA
"1547",0,"KL12VA00837",NA,"BALL BARN","VA",NA,0,5.74e-06,0,NA,"VDGIFA54805",2011,NA,-5.24138267,1,NA,NA,NA,NA,NA,"N","2012-05-11",1,0,NA,NA,NA,NA,NA,NA,NA,NA,NA,NA,NA,NA,NA,NA,NA,NA,NA,NA,NA,NA,NA
"1548",0,"KL12VA00839",NA,"BALL BARN","VA",NA,0,0.000103326,0,NA,"VDGIFA54807",2011,NA,-3.98578902,1,NA,NA,NA,NA,NA,"N","2012-05-11",1,0,NA,NA,NA,NA,NA,NA,NA,NA,NA,NA,NA,NA,NA,NA,NA,NA,NA,NA,NA,NA,NA
"1549",0,"KL12VA00840",NA,"BALL BARN","VA",NA,0,0.000229227,0,NA,"VDGIFA54808",2011,NA,-3.639733721,1,NA,NA,NA,NA,NA,"N","2012-05-11",1,0,NA,NA,NA,NA,NA,NA,NA,NA,NA,NA,NA,NA,NA,NA,NA,NA,NA,NA,NA,NA,NA
"1550",0,"KL12VA00841",NA,"BALL BARN","VA",NA,0,0.000361937,0,NA,"VDGIFA54809",2011,NA,-3.441367516,1,NA,NA,NA,NA,NA,"N","2012-05-11",1,0,NA,NA,NA,NA,NA,NA,NA,NA,NA,NA,NA,NA,NA,NA,NA,NA,NA,NA,NA,NA,NA
"1551",0,"KL12VA00842",NA,"BALL BARN","VA",NA,0,9.19e-06,0,NA,"VDGIFA54810",2011,NA,-5.036591801,1,NA,NA,NA,NA,NA,"N","2012-05-11",1,0,NA,NA,NA,NA,NA,NA,NA,NA,NA,NA,NA,NA,NA,NA,NA,NA,NA,NA,NA,NA,NA
"1552",0,"KL12VA00843",NA,"BALL BARN","VA",NA,0,3.81e-06,0,NA,"VDGIFA54811",2011,NA,-5.418621255,1,NA,NA,NA,NA,NA,"N","2012-05-11",1,0,NA,NA,NA,NA,NA,NA,NA,NA,NA,NA,NA,NA,NA,NA,NA,NA,NA,NA,NA,NA,NA
"1553",0,"KL12VA00844",NA,"BALL BARN","VA",NA,0,9.4e-06,0,NA,"VDGIFA54812",2011,NA,-5.026779711,1,NA,NA,NA,NA,NA,"N","2012-05-11",1,0,NA,NA,NA,NA,NA,NA,NA,NA,NA,NA,NA,NA,NA,NA,NA,NA,NA,NA,NA,NA,NA
"1554",0,"KL12VA00845",NA,"BALL BARN","VA",NA,0,0.000140781,0,NA,"VDGIFA54813",2011,NA,-3.851454687,1,NA,NA,NA,NA,NA,"N","2012-05-11",1,0,NA,NA,NA,NA,NA,NA,NA,NA,NA,NA,NA,NA,NA,NA,NA,NA,NA,NA,NA,NA,NA
"1555",0,"KL12VA00846",NA,"BALL BARN","VA",NA,0,3.11e-05,0,NA,"VDGIFA54814",2011,NA,-4.506956131,1,NA,NA,NA,NA,NA,"N","2012-05-11",1,0,NA,NA,NA,NA,NA,NA,NA,NA,NA,NA,NA,NA,NA,NA,NA,NA,NA,NA,NA,NA,NA
"1556",0,"KL12VA00847",NA,"BALL BARN","VA",NA,0,2.39e-05,0,NA,"VDGIFA54815",2011,NA,-4.621032458,1,NA,NA,NA,NA,NA,"N","2012-05-11",1,0,NA,NA,NA,NA,NA,NA,NA,NA,NA,NA,NA,NA,NA,NA,NA,NA,NA,NA,NA,NA,NA
"1557",0,"KL12VA00849",NA,"BALL BARN","VA",NA,0,8.21e-06,0,NA,"VDGIFA54817",2011,NA,-5.085719946,1,NA,NA,NA,NA,NA,"N","2012-05-11",1,0,NA,NA,NA,NA,NA,NA,NA,NA,NA,NA,NA,NA,NA,NA,NA,NA,NA,NA,NA,NA,NA
"1558",0,"KL12VA00850",NA,"BALL BARN","VA",NA,0,2.29e-05,0,NA,"VDGIFA54818",2011,NA,-4.640041481,1,NA,NA,NA,NA,NA,"N","2012-05-11",1,0,NA,NA,NA,NA,NA,NA,NA,NA,NA,NA,NA,NA,NA,NA,NA,NA,NA,NA,NA,NA,NA
"1559",0,"KL12VA00851",NA,"BALL BARN","VA",NA,0,0.00026322,0,NA,"VDGIFA54819",2011,NA,-3.579681077,1,NA,NA,NA,NA,NA,"N","2012-05-11",1,0,NA,NA,NA,NA,NA,NA,NA,NA,NA,NA,NA,NA,NA,NA,NA,NA,NA,NA,NA,NA,NA
"1560",0,"KL12VA00852",NA,"BALL BARN","VA",NA,0,7.82e-06,0,NA,"VDGIFA54820",2011,NA,-5.106653802,1,NA,NA,NA,NA,NA,"N","2012-05-11",1,0,NA,NA,NA,NA,NA,NA,NA,NA,NA,NA,NA,NA,NA,NA,NA,NA,NA,NA,NA,NA,NA
"1561",0,"KL12VA00853",NA,"BALL BARN","VA",NA,0,1.02e-05,0,NA,"VDGIFA54821",2011,NA,-4.991559612,1,NA,NA,NA,NA,NA,"N","2012-05-11",1,0,NA,NA,NA,NA,NA,NA,NA,NA,NA,NA,NA,NA,NA,NA,NA,NA,NA,NA,NA,NA,NA
"1562",0,"KL12VA00854",NA,"BALL BARN","VA",NA,0,9.84e-05,0,NA,"VDGIFA54822",2011,NA,-4.007181615,1,NA,NA,NA,NA,NA,"N","2012-05-11",1,0,NA,NA,NA,NA,NA,NA,NA,NA,NA,NA,NA,NA,NA,NA,NA,NA,NA,NA,NA,NA,NA
"1563",0,"KL12VA00855",NA,"BALL BARN","VA",NA,0,9.93e-05,0,NA,"VDGIFA54823",2011,NA,-4.00314869,1,NA,NA,NA,NA,NA,"N","2012-05-11",1,0,NA,NA,NA,NA,NA,NA,NA,NA,NA,NA,NA,NA,NA,NA,NA,NA,NA,NA,NA,NA,NA
"1564",0,"KL12VA00856",NA,"BALL BARN","VA",NA,0,4.67e-05,0,NA,"VDGIFA54824",2011,NA,-4.330262664,1,NA,NA,NA,NA,NA,"N","2012-05-11",1,0,NA,NA,NA,NA,NA,NA,NA,NA,NA,NA,NA,NA,NA,NA,NA,NA,NA,NA,NA,NA,NA
"1565",0,"KL12VA00857",NA,"BALL BARN","VA",NA,0,1.31e-05,0,NA,"VDGIFA54825",2011,NA,-4.883841417,1,NA,NA,NA,NA,NA,"N","2012-05-11",1,0,NA,NA,NA,NA,NA,NA,NA,NA,NA,NA,NA,NA,NA,NA,NA,NA,NA,NA,NA,NA,NA
"1566",0,"KL12VA00889",NA,"LINWAY TERRACE","VA",NA,0,1.73e-06,0,NA,"VDGIFA54826",2011,NA,-5.761473556,1,NA,NA,NA,NA,NA,"N","2012-05-15",1,0,NA,NA,NA,NA,NA,NA,NA,NA,NA,NA,NA,NA,NA,NA,NA,NA,NA,NA,NA,NA,NA
"1567",0,"KL12VA00894",NA,"LINWAY TERRACE","VA",NA,0,1.61e-06,0,NA,"VDGIFA54831",2011,NA,-5.791969705,1,NA,NA,NA,NA,NA,"N","2012-05-15",1,0,NA,NA,NA,NA,NA,NA,NA,NA,NA,NA,NA,NA,NA,NA,NA,NA,NA,NA,NA,NA,NA
"1568",0,"KL12VA00895",NA,"LINWAY TERRACE","VA",NA,0,4.91e-06,0,NA,"VDGIFA54832",2011,NA,-5.308511318,1,NA,NA,NA,NA,NA,"N","2012-05-15",1,0,NA,NA,NA,NA,NA,NA,NA,NA,NA,NA,NA,NA,NA,NA,NA,NA,NA,NA,NA,NA,NA
"1569",0,"KL12VA00897",NA,"LINWAY TERRACE","VA",NA,0,5.77e-06,0,NA,"VDGIFA54834",2011,NA,-5.238836851,1,NA,NA,NA,NA,NA,"N","2012-05-15",1,0,NA,NA,NA,NA,NA,NA,NA,NA,NA,NA,NA,NA,NA,NA,NA,NA,NA,NA,NA,NA,NA
"1570",0,"KL12VA00901",NA,"LINWAY TERRACE","VA",NA,0,1.19e-05,0,NA,"VDGIFA54838",2011,NA,-4.926233235,1,NA,NA,NA,NA,NA,"N","2012-05-15",1,0,NA,NA,NA,NA,NA,NA,NA,NA,NA,NA,NA,NA,NA,NA,NA,NA,NA,NA,NA,NA,NA
"1571",0,"KL12VA00902",NA,"LINWAY TERRACE","VA",NA,0,1.75e-06,0,NA,"VDGIFA54839",2011,NA,-5.7573811,1,NA,NA,NA,NA,NA,"N","2012-05-15",1,0,NA,NA,NA,NA,NA,NA,NA,NA,NA,NA,NA,NA,NA,NA,NA,NA,NA,NA,NA,NA,NA
"1572",0,"KL12VA00904",NA,"LINWAY TERRACE","VA",NA,0,7.62e-06,0,NA,"VDGIFA54841",2011,NA,-5.118096567,1,NA,NA,NA,NA,NA,"N","2012-05-15",1,0,NA,NA,NA,NA,NA,NA,NA,NA,NA,NA,NA,NA,NA,NA,NA,NA,NA,NA,NA,NA,NA
"1573",0,"KL12VA00905",NA,"LINWAY TERRACE","VA",NA,0,0.001304915,0,NA,"VDGIFA54842",2011,NA,-2.884417682,1,NA,NA,NA,NA,NA,"N","2012-05-15",1,0,NA,NA,NA,NA,NA,NA,NA,NA,NA,NA,NA,NA,NA,NA,NA,NA,NA,NA,NA,NA,NA
"1574",0,"KL12VA00907",NA,"LINWAY TERRACE","VA",NA,0,1.6e-06,0,NA,"VDGIFA54844",2011,NA,-5.794591398,1,NA,NA,NA,NA,NA,"N","2012-05-15",1,0,NA,NA,NA,NA,NA,NA,NA,NA,NA,NA,NA,NA,NA,NA,NA,NA,NA,NA,NA,NA,NA
"1575",0,"KL12VA00912",NA,"LINWAY TERRACE","VA",NA,0,1.85e-06,0,NA,"VDGIFA54849",2011,NA,-5.732878893,1,NA,NA,NA,NA,NA,"N","2012-05-15",1,0,NA,NA,NA,NA,NA,NA,NA,NA,NA,NA,NA,NA,NA,NA,NA,NA,NA,NA,NA,NA,NA
"1576",0,"KL12VA00871",NA,"POCAHONTAS","VA",NA,0,2.55e-05,NA,NA,"VDGIFA55303",2011,NA,-4.59320119,1,NA,NA,NA,NA,NA,NA,"2012-05-17",1,0,NA,NA,NA,NA,NA,NA,NA,NA,NA,NA,NA,NA,NA,NA,NA,NA,NA,NA,NA,NA,NA
"1577",0,"SH18VA0011","L","PEERY SALTPETRE","VA",8,0,1.98e-06,0,0,"VDGIFA61604",2018,NA,-5.703744841,1,NA,NA,NA,NA,NA,"N","2018-11-08",1,0,NA,NA,NA,NA,NA,NA,NA,NA,NA,NA,NA,NA,NA,NA,NA,NA,NA,NA,NA,NA,"established"
"1578",0,"SH18VA0012","L","PEERY SALTPETRE","VA",8,0,2.4e-06,0,0,"VDGIFA61605",2018,NA,-5.619712944,1,NA,NA,NA,NA,NA,"N","2018-11-08",1,0,NA,NA,NA,NA,NA,NA,NA,NA,NA,NA,NA,NA,NA,NA,NA,NA,NA,NA,NA,NA,"established"
"1579",1,"SH18VA0013","L","PEERY SALTPETRE","VA",8,1,2.37e-06,0,0,"VDGIFA61606",2018,NA,-5.624613143,1,NA,NA,NA,NA,NA,"N","2018-11-08",1,1,0,"SH19VA0042","VA",1,"L",0,4.44e-05,0,NA,-4.352761183,1,NA,NA,NA,NA,NA,"Y","2019-03-27",0,1,"established"
"1580",0,"SH18VA0014","L","PEERY SALTPETRE","VA",8,0,1.42e-06,0,0,"VDGIFA61607",2018,NA,-5.846470187,1,NA,NA,NA,NA,NA,"N","2018-11-08",1,0,NA,NA,NA,NA,NA,NA,NA,NA,NA,NA,NA,NA,NA,NA,NA,NA,NA,NA,NA,NA,"established"
"1581",1,"SH18VA0015","L","PEERY SALTPETRE","VA",8,1,3.17e-06,0,0,"VDGIFA61608",2018,NA,-5.499476058,1,NA,NA,NA,NA,NA,"N","2018-11-08",1,1,0,"SH19VA0067","VA",1,"S",0,0.005891088,0,NA,-2.229804527,1,NA,NA,NA,NA,NA,"Y","2019-03-27",0,1,"established"
"1582",0,"SH18VA0019","L","PEERY SALTPETRE","VA",8,0,3.23e-06,0,0,"VDGIFA61611",2018,NA,-5.491346542,1,NA,NA,NA,NA,NA,"N","2018-11-08",1,0,NA,NA,NA,NA,NA,NA,NA,NA,NA,NA,NA,NA,NA,NA,NA,NA,NA,NA,NA,NA,"established"
"1583",0,"SH18VA0028","SR","PEERY SALTPETRE","VA",8,0,9.9e-06,0,0,"VDGIFA61623",2018,NA,-5.004180511,1,NA,NA,NA,NA,NA,"N","2018-11-08",1,0,NA,NA,NA,NA,NA,NA,NA,NA,NA,NA,NA,NA,NA,NA,NA,NA,NA,NA,NA,NA,"established"
"1584",0,"SH18VA0029","SR","PEERY SALTPETRE","VA",8,0,1.27e-05,0,0,"VDGIFA61624",2018,NA,-4.895380777,1,NA,NA,NA,NA,NA,"N","2018-11-08",1,0,NA,NA,NA,NA,NA,NA,NA,NA,NA,NA,NA,NA,NA,NA,NA,NA,NA,NA,NA,NA,"established"
"1585",1,"SH18VA0033","SR","PEERY SALTPETRE","VA",8,1,7.76e-06,0,0,"VDGIFA61626",2018,NA,-5.110319982,1,NA,NA,NA,NA,NA,"N","2018-11-08",1,1,0,"SH19VA0070","VA",1,"SR",0,0.000794421,0,NA,-3.099949421,1,NA,NA,NA,NA,NA,"Y","2019-03-27",0,1,"established"
"1586",1,"SH18VA0034","S","PEERY SALTPETRE","VA",8,1,2.41e-06,0,0,"VDGIFA61633",2018,NA,-5.618695081,1,NA,NA,NA,NA,NA,"N","2018-11-08",1,1,0,"SH19VA0009","VA",1,"U",1,0.038325585,1,NA,-1.416511207,1,NA,NA,NA,NA,NA,"Y","2019-03-27",0,1,"established"
"1587",1,"KL16WI0658","A","ELROY SPARTA","WI",1,1,6.52e-06,0,0,"WDNR0020",2016,NA,-5.186019857,1,NA,0.024135827296111,6.98396592862093,NA,-1.59970681625555,"Y","2016-11-16",1,1,NA,NA,NA,NA,NA,NA,NA,NA,NA,NA,NA,NA,NA,NA,NA,NA,NA,NA,NA,NA,"invasion"
"1588",0,"KL17WI0406","A","ELROY SPARTA","WI",2,1,0.000768857,0,0,"WDNR0020",2017,NA,-3.114154201,1,NA,0.024135827296111,6.98396592862093,NA,-1.59970681625555,"Y","2017-11-03",0,1,NA,NA,NA,NA,NA,NA,NA,NA,NA,NA,NA,NA,NA,NA,NA,NA,NA,NA,NA,NA,"invasion"
"1589",0,"KL16WI0669","B","ELROY SPARTA","WI",1,0,6.99e-06,0,0,"WDNR0028",2016,NA,-5.155777604,1,NA,0.0130197452664096,9.47041228070175,NA,-1.85325987726791,"Y","2016-11-16",1,0,NA,NA,NA,NA,NA,NA,NA,NA,NA,NA,NA,NA,NA,NA,NA,NA,NA,NA,NA,NA,"invasion"
"1590",0,"KL21WI1580","B","ELROY SPARTA","WI",6,1,0.000185947,0,0,"WDNR0037",2021,NA,-3.730610159,1,NA,0.0130197452664096,8.5834832419244,NA,-1.85325987726791,"Y","2021-11-05",0,1,NA,NA,NA,NA,NA,NA,NA,NA,NA,NA,NA,NA,NA,NA,NA,NA,NA,NA,NA,NA,"established"
"1591",0,"KL24WI1183","20","NEDA MINE","WI",10,0,0.002970055,1,1,"WDNR00602",2024,NA,-2.527235522,1,NA,0.00599769849291022,8.79071942446043,99.4705384086006,-2.15504477372597,"Y","2024-11-07",1,0,NA,NA,NA,NA,NA,NA,NA,NA,NA,NA,NA,NA,NA,NA,NA,NA,NA,NA,NA,NA,NA
"1592",0,"KL22WI1893","4","NEDA MINE","WI",8,0,4.26e-06,0,0,"WDNR1226",2022,NA,-5.370972199,1,NA,0.0123155799355492,8.55335966735967,NA,-1.87563991391719,"Y","2022-11-17",1,0,NA,NA,NA,NA,NA,NA,NA,NA,NA,NA,NA,NA,NA,NA,NA,NA,NA,NA,NA,NA,"established"
"1593",0,"KL20WI1243","3","NEDA MINE","WI",6,0,3.92e-06,0,0,"WDNR1230",2020,NA,-5.406209525,1,NA,0.00952621272954718,7.59281150159744,99.0758962936216,-1.97772785735361,"Y","2020-11-05",1,0,NA,NA,NA,NA,NA,NA,NA,NA,NA,NA,NA,NA,NA,NA,NA,NA,NA,NA,NA,NA,"established"
"1594",0,"KL20WI1248","6","NEDA MINE","WI",6,0,1.08e-05,0,0,"WDNR1243",2020,NA,-4.966081913,1,NA,0.00905161816459097,8.20713286713287,99.1657758921961,-1.99776401750891,"Y","2020-11-05",1,0,NA,NA,NA,NA,NA,NA,NA,NA,NA,NA,NA,NA,NA,NA,NA,NA,NA,NA,NA,NA,"established"
"1595",0,"KL16WI0560","A","LOST RIVER","WI",1,0,0.002551478,0,0,"WDNR2377",2016,NA,-2.593208257,1,NA,NA,11.7695618556701,NA,NA,NA,"2016-11-14",1,0,NA,NA,NA,NA,NA,NA,NA,NA,NA,NA,NA,NA,NA,NA,NA,NA,NA,NA,NA,NA,"invasion"
"1596",0,"KL20WI1256","10","NEDA MINE","WI",6,0,4.41e-06,0,0,"WDNR2648",2020,NA,-5.355989909,1,NA,0.00905161816459097,8.20713286713287,99.1657758921961,-1.99776401750891,"Y","2020-11-05",1,0,NA,NA,NA,NA,NA,NA,NA,NA,NA,NA,NA,NA,NA,NA,NA,NA,NA,NA,NA,NA,"established"
"1597",1,"KL20WI1280","20","NEDA MINE","WI",6,1,0.000134977,1,1,"WDNR2867",2020,NA,-3.869739907,1,NA,0.00599769849291022,8.79071942446043,99.4705384086006,-2.15504477372597,"Y","2020-11-05",1,1,NA,NA,NA,NA,NA,NA,NA,NA,NA,NA,NA,NA,NA,NA,NA,NA,NA,NA,NA,NA,"established"
"1598",0,"KL23WI1121","20","NEDA MINE","WI",9,1,2.76e-06,0,0,"WDNR2867",2023,NA,-5.558532302,1,NA,0.00599769849291022,8.79071942446043,99.4705384086006,-2.15504477372597,"Y","2023-11-01",0,1,NA,NA,NA,NA,NA,NA,NA,NA,NA,NA,NA,NA,NA,NA,NA,NA,NA,NA,NA,NA,NA
"1599",0,"KL19WI1621","4","NEDA MINE","WI",5,0,3.4e-06,NA,NA,"WDNR2936",2019,NA,-5.468880227,1,NA,0.0117397485122778,8.56875076923077,NA,-1.89483914506252,"Y","2019-11-14",1,0,NA,NA,NA,NA,NA,NA,NA,NA,NA,NA,NA,NA,NA,NA,NA,NA,NA,NA,NA,NA,"established"
"1600",1,"KL18WI0404","HR","MARIBEL","WI",3,3,0.000376632,NA,NA,"WDNR2939",2018,NA,-3.424082726,1,NA,0.00727119348414132,10.0884795381818,NA,-2.08243181980906,"N","2018-11-13",1,1,NA,NA,NA,NA,NA,NA,NA,NA,NA,NA,NA,NA,NA,NA,NA,NA,NA,NA,NA,NA,"invasion"
"1601",1,"KL20WI1744","HR","MARIBEL","WI",5,3,0.009702341,0,0,"WDNR2939",2020,NA,-2.013123488,1,NA,0.00955483337957002,10.0729323308271,99.2255587308235,-1.97654861815021,"Y","2020-11-17",0,1,NA,NA,NA,NA,NA,NA,NA,NA,NA,NA,NA,NA,NA,NA,NA,NA,NA,NA,NA,NA,"established"
"1602",1,"KL21WI1831","HR","MARIBEL","WI",6,3,0.005252372,0,0,"WDNR2939",2021,NA,-2.279644547,1,NA,0.00727119348414132,10.0884795381818,NA,-2.08243181980906,"Y","2021-11-15",0,1,NA,NA,NA,NA,NA,NA,NA,NA,NA,NA,NA,NA,NA,NA,NA,NA,NA,NA,NA,NA,"established"
"1603",0,"KL22WI1808","HR","MARIBEL","WI",7,3,0.000103056,0,0,"WDNR2939",2022,NA,-3.986925365,1,NA,0.00681424122463258,9.94692946058091,NA,-2.10711318628889,"Y","2022-11-15",0,1,NA,NA,NA,NA,NA,NA,NA,NA,NA,NA,NA,NA,NA,NA,NA,NA,NA,NA,NA,NA,"established"
"1604",0,"KL18WI0406","HR","MARIBEL","WI",3,0,0.000334309,NA,NA,"WDNR2940",2018,NA,-3.475851996,1,NA,0.00727119348414132,10.0884795381818,NA,-2.08243181980906,"N","2018-11-13",1,0,NA,NA,NA,NA,NA,NA,NA,NA,NA,NA,NA,NA,NA,NA,NA,NA,NA,NA,NA,NA,"invasion"
"1605",1,"KL18WI0408","HR","MARIBEL","WI",3,4,2.11e-05,NA,NA,"WDNR2941",2018,NA,-4.674702565,1,NA,0.00727119348414132,10.0884795381818,NA,-2.08243181980906,"N","2018-11-13",1,1,NA,NA,NA,NA,NA,NA,NA,NA,NA,NA,NA,NA,NA,NA,NA,NA,NA,NA,NA,NA,"invasion"
"1606",1,"KL19WI1478","HR","MARIBEL","WI",4,4,0.000338022,0,0,"WDNR2941",2019,NA,-3.471055547,1,NA,0.0147254787399746,9.75796116504854,NA,-1.80339612419975,"Y","2019-11-11",0,1,NA,NA,NA,NA,NA,NA,NA,NA,NA,NA,NA,NA,NA,NA,NA,NA,NA,NA,NA,NA,"established"
"1607",1,"KL22WI1812","HR","MARIBEL","WI",7,4,2.13e-06,0,0,"WDNR2941",2022,NA,-5.671080961,1,NA,0.00681424122463258,9.94692946058091,NA,-2.10711318628889,"Y","2022-11-15",0,1,NA,NA,NA,NA,NA,NA,NA,NA,NA,NA,NA,NA,NA,NA,NA,NA,NA,NA,NA,NA,"established"
"1608",1,"KL23WI1552","HR","MARIBEL","WI",8,4,2.17e-06,0,0,"WDNR2941",2023,NA,-5.66360299,1,NA,0.0072716668068694,10.3133609958506,99.4207131506805,-2.08240696782513,"Y","2023-11-14",0,1,NA,NA,NA,NA,NA,NA,NA,NA,NA,NA,NA,NA,NA,NA,NA,NA,NA,NA,NA,NA,"established"
"1609",0,"KL24WI1646","HR","MARIBEL","WI",9,4,2.31e-06,0,0,"WDNR2941",2024,NA,-5.635493919,1,NA,0.00193188251823338,10.7453563218391,99.8501231676854,-2.53285343604496,"Y","2024-11-19",0,1,NA,NA,NA,NA,NA,NA,NA,NA,NA,NA,NA,NA,NA,NA,NA,NA,NA,NA,NA,NA,NA
"1610",0,"KL18WI0409","HR","MARIBEL","WI",3,0,0.001739662,NA,NA,"WDNR2942",2018,NA,-2.759535248,1,NA,0.00727119348414132,10.0884795381818,NA,-2.08243181980906,"N","2018-11-13",1,0,NA,NA,NA,NA,NA,NA,NA,NA,NA,NA,NA,NA,NA,NA,NA,NA,NA,NA,NA,NA,"invasion"
"1611",1,"KL18WI0410","HR","MARIBEL","WI",3,2,0.000136836,NA,NA,"WDNR2943",2018,NA,-3.863798677,1,NA,0.00727119348414132,10.0884795381818,NA,-2.08243181980906,"N","2018-11-13",1,1,NA,NA,NA,NA,NA,NA,NA,NA,NA,NA,NA,NA,NA,NA,NA,NA,NA,NA,NA,NA,"invasion"
"1612",1,"KL22WI1811","HR","MARIBEL","WI",7,2,2.36e-06,0,0,"WDNR2943",2022,NA,-5.626200403,1,NA,0.00681424122463258,9.94692946058091,NA,-2.10711318628889,"Y","2022-11-15",0,1,NA,NA,NA,NA,NA,NA,NA,NA,NA,NA,NA,NA,NA,NA,NA,NA,NA,NA,NA,NA,"established"
"1613",0,"KL24WI1648","SEL","MARIBEL","WI",9,2,9.86e-08,1,1,"WDNR2943",2024,NA,-7.005957493,1,NA,0.00193188251823338,10.7453563218391,99.8501231676854,-2.53285343604496,"Y","2024-11-19",0,1,NA,NA,NA,NA,NA,NA,NA,NA,NA,NA,NA,NA,NA,NA,NA,NA,NA,NA,NA,NA,NA
"1614",0,"KL18WI0414","HR","MARIBEL","WI",3,0,0.000693434,NA,NA,"WDNR2944",2018,NA,-3.158994805,1,NA,0.00727119348414132,10.0884795381818,NA,-2.08243181980906,"N","2018-11-13",1,0,NA,NA,NA,NA,NA,NA,NA,NA,NA,NA,NA,NA,NA,NA,NA,NA,NA,NA,NA,NA,"invasion"
"1615",1,"KL18WI0421","SEL","MARIBEL","WI",3,2,0.00168329,NA,NA,"WDNR2945",2018,NA,-2.773841186,1,NA,0.00727119348414132,10.1152650946256,NA,-2.08243181980906,"N","2018-11-13",1,1,1,"KL19WI0883","WI",2,"SEL",1,0.018325495,1,NA,-1.736944286,1,NA,0.00659171451206662,7.7370158943299,NA,-2.11966013200402,"Y","2019-03-12",0,1,"invasion"
"1616",0,"KL20WI1746","HR","MARIBEL","WI",5,2,0.01228669,0,0,"WDNR2945",2020,NA,-1.910565099,1,NA,0.00955483337957002,10.0729323308271,99.2255587308235,-1.97654861815021,"Y","2020-11-17",0,1,NA,NA,NA,NA,NA,NA,NA,NA,NA,NA,NA,NA,NA,NA,NA,NA,NA,NA,NA,NA,"established"
"1617",1,"KL18WI0422","SEL","MARIBEL","WI",3,1,0.01956896,NA,NA,"WDNR2946",2018,NA,-1.708432254,1,NA,0.00727119348414132,10.1152650946256,NA,-2.08243181980906,"N","2018-11-13",1,1,NA,NA,NA,NA,NA,NA,NA,NA,NA,NA,NA,NA,NA,NA,NA,NA,NA,NA,NA,NA,"invasion"
"1618",0,"KL19WI1466","HR","MARIBEL","WI",4,1,0.000250057,0,0,"WDNR2946",2019,NA,-3.601961418,1,NA,0.0147254787399746,9.75796116504854,NA,-1.80339612419975,"Y","2019-11-11",0,1,NA,NA,NA,NA,NA,NA,NA,NA,NA,NA,NA,NA,NA,NA,NA,NA,NA,NA,NA,NA,"established"
"1619",1,"KL18WI0423","SEL","MARIBEL","WI",3,4,0.000291691,NA,NA,"WDNR2947",2018,NA,-3.535077343,1,NA,0.00727119348414132,10.1152650946256,NA,-2.08243181980906,"N","2018-11-13",1,1,NA,NA,NA,NA,NA,NA,NA,NA,NA,NA,NA,NA,NA,NA,NA,NA,NA,NA,NA,NA,"invasion"
"1620",1,"KL19WI1494","WL","MARIBEL","WI",4,4,0.002147034,0,0,"WDNR2947",2019,NA,-2.668161078,1,NA,0.0147254787399746,9.75796116504854,NA,-1.80339612419975,"Y","2019-11-11",0,1,NA,NA,NA,NA,NA,NA,NA,NA,NA,NA,NA,NA,NA,NA,NA,NA,NA,NA,NA,NA,"established"
"1621",1,"KL20WI1769","WL","MARIBEL","WI",5,4,0.00080832,NA,NA,"WDNR2947",2020,NA,-3.092416487,1,NA,0.00955483337957002,10.0729323308271,99.2255587308235,-1.97654861815021,"Y","2020-11-17",0,1,NA,NA,NA,NA,NA,NA,NA,NA,NA,NA,NA,NA,NA,NA,NA,NA,NA,NA,NA,NA,"established"
"1622",1,"KL21WI1860","HR","MARIBEL","WI",6,4,0.000245698,0,0,"WDNR2947",2021,NA,-3.609598486,1,NA,0.00727119348414132,10.0884795381818,NA,-2.08243181980906,"Y","2021-11-15",0,1,NA,NA,NA,NA,NA,NA,NA,NA,NA,NA,NA,NA,NA,NA,NA,NA,NA,NA,NA,NA,"established"
"1623",0,"KL22WI1828","WL","MARIBEL","WI",7,4,0.000320171,0,0,"WDNR2947",2022,NA,-3.494618344,1,NA,0.00681424122463258,9.94692946058091,NA,-2.10711318628889,"Y","2022-11-15",0,1,NA,NA,NA,NA,NA,NA,NA,NA,NA,NA,NA,NA,NA,NA,NA,NA,NA,NA,NA,NA,"established"
"1624",1,"KL18WI0424","HR","MARIBEL","WI",3,2,0.02167169,NA,NA,"WDNR2948",2018,NA,-1.66410722,1,NA,0.00727119348414132,10.0884795381818,NA,-2.08243181980906,"N","2018-11-13",1,1,NA,NA,NA,NA,NA,NA,NA,NA,NA,NA,NA,NA,NA,NA,NA,NA,NA,NA,NA,NA,"invasion"
"1625",1,"KL20WI1759","WL","MARIBEL","WI",5,2,0.00364397,NA,NA,"WDNR2948",2020,NA,-2.438425267,1,NA,0.00955483337957002,10.0729323308271,99.2255587308235,-1.97654861815021,"Y","2020-11-17",0,1,NA,NA,NA,NA,NA,NA,NA,NA,NA,NA,NA,NA,NA,NA,NA,NA,NA,NA,NA,NA,"established"
"1626",0,"KL23WI1555","HR","MARIBEL","WI",8,2,3.71e-07,0,0,"WDNR2948",2023,NA,-6.430135479,1,NA,0.0072716668068694,10.3133609958506,99.4207131506805,-2.08240696782513,"Y","2023-11-14",0,1,NA,NA,NA,NA,NA,NA,NA,NA,NA,NA,NA,NA,NA,NA,NA,NA,NA,NA,NA,NA,"established"
"1627",0,"KL18WI0425","HR","MARIBEL","WI",3,0,0.022357855,NA,NA,"WDNR2949",2018,NA,-1.650569865,1,NA,0.00727119348414132,10.0884795381818,NA,-2.08243181980906,"N","2018-11-13",1,0,NA,NA,NA,NA,NA,NA,NA,NA,NA,NA,NA,NA,NA,NA,NA,NA,NA,NA,NA,NA,"invasion"
"1628",0,"KL18WI0282","B","GEIGER BEER CAVE","WI",2,0,0.000100593,NA,NA,"WDNR3573",2018,NA,-3.997433125,1,NA,0.00431051870157483,10.9416673076923,NA,-2.27486305740632,"N","2018-10-11",1,0,NA,NA,NA,NA,NA,NA,NA,NA,NA,NA,NA,NA,NA,NA,NA,NA,NA,NA,NA,NA,"invasion"
"1629",0,"KL18WI0279","B","GEIGER BEER CAVE","WI",2,0,3.06e-05,NA,NA,"WDNR3574",2018,NA,-4.514026869,1,NA,0.00431051870157483,10.9416673076923,NA,-2.27486305740632,"N","2018-10-11",1,0,NA,NA,NA,NA,NA,NA,NA,NA,NA,NA,NA,NA,NA,NA,NA,NA,NA,NA,NA,NA,"invasion"
"1630",1,"KL18WI0273","B","GEIGER BEER CAVE","WI",2,2,5.74e-06,NA,NA,"WDNR3575",2018,NA,-5.24136398,1,NA,0.00431051870157483,10.9416673076923,NA,-2.27486305740632,"N","2018-10-11",1,1,NA,NA,NA,NA,NA,NA,NA,NA,NA,NA,NA,NA,NA,NA,NA,NA,NA,NA,NA,NA,"invasion"
"1631",1,"KL19WI1255","A","GEIGER BEER CAVE","WI",3,2,0.000535216,0,0,"WDNR3575",2019,NA,-3.271470912,1,NA,0.0178182676631996,8.65796629213483,99.5330896047137,-1.72542035853581,"Y","2019-11-04",0,1,0,"KL20WI0617","WI",2,"B",1,0.91212165,1,NA,-0.039947236,1,NA,0.00505385811347851,4.58689655172414,99.4035352072996,-2.21796776198127,"Y","2020-03-03",0,1,"invasion"
"1632",1,"KL18WI0291","B","GEIGER BEER CAVE","WI",2,10,1.44e-05,NA,NA,"WDNR3576",2018,NA,-4.84144634,1,NA,0.00431051870157483,10.9416673076923,NA,-2.27486305740632,"N","2018-10-11",1,1,1,"KL19WI0823","WI",10,"B",0,0.02882239,0,NA,-1.54027001,1,NA,0.0279835269604405,5.89142365591398,NA,-1.53784876702717,"Y","2019-03-07",0,1,"invasion"
"1633",1,"KL19WI1261","B","GEIGER BEER CAVE","WI",3,10,2.01e-06,0,0,"WDNR3576",2019,NA,-5.696200779,1,NA,0.00501646461685265,8.03352380952381,99.5330896047137,-2.22065863306403,"Y","2019-11-04",0,1,1,"KL20WI0616","WI",10,"B",1,0.01773257,1,NA,-1.751228317,1,NA,0.00505385811347851,4.58689655172414,99.4035352072996,-2.21796776198127,"Y","2020-03-03",0,1,"invasion"
"1634",1,"KL20WI1559","B","GEIGER BEER CAVE","WI",4,10,0.002375357,0,0,"WDNR3576",2020,NA,-2.624271201,1,NA,0.0146761500591622,9.71505873925501,98.788893859237,-1.80476058791184,"Y","2020-11-09",0,1,1,"KL21WI0228","WI",10,"B",1,0.004627682,1,NA,-2.334636539,1,NA,0.0283158197687611,5.75487255859375,NA,-1.53289795697734,"Y","2021-02-27",0,1,"established"
"1635",1,"KL21WI1399","B","GEIGER BEER CAVE","WI",5,10,3.01e-05,0,0,"WDNR3576",2021,10.77,-4.521620426,1,0.0398028742568613,0.00719421658869358,9.76240909090909,99.4109056525513,-2.0864925610039,"Y","2021-11-03",0,1,1,"KL22WI0389","WI",10,"B",1,0.853194438,1,5.96,-0.068951984,1,0.0667084367847041,0.0279835269604405,5.28062393162393,NA,-1.53784876702717,"Y","2022-03-02",0,1,"established"
"1636",1,"KL22WI1424","B","GEIGER BEER CAVE","WI",6,10,9.75e-05,0,0,"WDNR3576",2022,NA,-4.010804741,1,NA,0.0191353682018155,9.54978850574713,NA,-1.69604042433544,"Y","2022-11-06",0,1,1,"KL23WI0533","WI",10,"B",1,0.060720153,1,NA,-1.216667144,1,NA,0.0243917534673079,5.90857462686567,NA,-1.59530730720499,"Y","2023-03-08",0,1,"established"
"1637",1,"KL19WI1268","B","GEIGER BEER CAVE","WI",3,2,0.000389642,0,0,"WDNR3577",2019,NA,-3.409334515,1,NA,0.00501646461685265,8.03352380952381,99.5330896047137,-2.22065863306403,"Y","2019-11-04",0,1,0,"KL20WI0613","WI",2,"B",1,3.11e-06,1,NA,-5.507544073,1,NA,0.00505385811347851,4.58689655172414,99.4035352072996,-2.21796776198127,"Y","2020-03-03",0,1,"invasion"
"1638",0,"KL18WI0289","B","GEIGER BEER CAVE","WI",2,0,9.21e-06,NA,NA,"WDNR3578",2018,NA,-5.035731411,1,NA,0.00431051870157483,10.9416673076923,NA,-2.27486305740632,"N","2018-10-11",1,0,NA,NA,NA,NA,NA,NA,NA,NA,NA,NA,NA,NA,NA,NA,NA,NA,NA,NA,NA,NA,"invasion"
"1639",0,"KL18WI0292","B","GEIGER BEER CAVE","WI",2,0,1.7e-05,NA,NA,"WDNR3579",2018,NA,-4.770213244,1,NA,0.00431051870157483,10.9416673076923,NA,-2.27486305740632,"N","2018-10-11",1,0,NA,NA,NA,NA,NA,NA,NA,NA,NA,NA,NA,NA,NA,NA,NA,NA,NA,NA,NA,NA,"invasion"
"1640",0,"KL18WI0290","B","GEIGER BEER CAVE","WI",2,0,1.46e-06,NA,NA,"WDNR3580",2018,NA,-5.836448502,1,NA,0.00431051870157483,10.9416673076923,NA,-2.27486305740632,"N","2018-10-11",1,0,NA,NA,NA,NA,NA,NA,NA,NA,NA,NA,NA,NA,NA,NA,NA,NA,NA,NA,NA,NA,"invasion"
"1641",0,"KL18WI0278","B","GEIGER BEER CAVE","WI",2,0,2.85e-06,NA,NA,"WDNR3581",2018,NA,-5.545056559,1,NA,0.00431051870157483,10.9416673076923,NA,-2.27486305740632,"N","2018-10-11",1,0,NA,NA,NA,NA,NA,NA,NA,NA,NA,NA,NA,NA,NA,NA,NA,NA,NA,NA,NA,NA,"invasion"
"1642",1,"KL18WI0288","B","GEIGER BEER CAVE","WI",2,1,1.1e-05,NA,NA,"WDNR3582",2018,NA,-4.960538091,1,NA,0.00431051870157483,10.9416673076923,NA,-2.27486305740632,"N","2018-10-11",1,1,0,"KL19WI0801","WI",1,"B",1,4.68e-06,1,NA,-5.329867607,1,NA,0.0279835269604405,5.89142365591398,NA,-1.53784876702717,"Y","2019-03-07",0,1,"invasion"
"1643",1,"KL18WI0277","B","GEIGER BEER CAVE","WI",2,11,6.86e-06,NA,NA,"WDNR3583",2018,NA,-5.16367715,1,NA,0.00431051870157483,10.9416673076923,NA,-2.27486305740632,"N","2018-10-11",1,1,1,"KL19WI0826","WI",11,"B",0,0.44695115,0,NA,-0.349739941,1,NA,0.0279835269604405,5.89142365591398,NA,-1.53784876702717,"Y","2019-03-07",0,1,"invasion"
"1644",1,"KL19WI1264","B","GEIGER BEER CAVE","WI",3,11,1.87e-06,0,0,"WDNR3583",2019,NA,-5.728571518,1,NA,0.00501646461685265,8.03352380952381,99.5330896047137,-2.22065863306403,"Y","2019-11-04",0,1,1,"KL20WI0610","WI",11,"B",1,0.38477825,1,NA,-0.414789485,1,NA,0.00505385811347851,4.58689655172414,99.4035352072996,-2.21796776198127,"Y","2020-03-03",0,1,"invasion"
"1645",1,"KL20WI1556","B","GEIGER BEER CAVE","WI",4,11,0.000647204,0,0,"WDNR3583",2020,NA,-3.188958975,1,NA,0.0146761500591622,9.71505873925501,98.788893859237,-1.80476058791184,"Y","2020-11-09",0,1,1,"KL21WI0225","WI",11,"B",1,0.01966489,1,NA,-1.706308479,1,NA,0.0283158197687611,5.75487255859375,NA,-1.53289795697734,"Y","2021-02-27",0,1,"established"
"1646",1,"KL21WI1396","B","GEIGER BEER CAVE","WI",5,11,4.91e-07,0,0,"WDNR3583",2021,10.77,-6.308657649,1,0.0398028742568613,0.00719421658869358,9.76240909090909,99.4109056525513,-2.0864925610039,"Y","2021-11-03",0,1,1,"KL22WI0392","WI",11,"B",0,0.828131819,0,5.96,-0.081900528,1,0.0667084367847041,0.0279835269604405,5.28062393162393,NA,-1.53784876702717,"Y","2022-03-02",0,1,"established"
"1647",1,"KL22WI1418","B","GEIGER BEER CAVE","WI",6,11,3.72e-07,0,0,"WDNR3583",2022,NA,-6.429857533,1,NA,0.0191353682018155,9.54978850574713,NA,-1.69604042433544,"Y","2022-11-06",0,1,1,"KL23WI0535","WI",11,"B",1,0.022528037,1,NA,-1.64727664,1,NA,0.0243917534673079,5.90857462686567,NA,-1.59530730720499,"Y","2023-03-08",0,1,"established"
"1648",1,"KL23WI1408","B","GEIGER BEER CAVE","WI",7,11,1.73e-07,0,0,"WDNR3583",2023,NA,-6.763028751,1,NA,0.0231450249563243,9.64095555555556,98.0558713224436,-1.61717234137615,"Y","2023-11-07",0,1,0,"KL24WI0191","WI",11,"B",1,0.099098378,1,NA,-1.003933452,1,NA,0.0293448676764119,6.3667707948244,96.9401547945965,-1.51791475197906,"Y","2024-03-06",0,1,"established"
"1649",0,"KL22WI1856","14","NEDA MINE","WI",8,0,0.010917255,0,0,"WDNR3599",2022,7.93,-1.961886559,1,0,0.0132866382992858,7.96672199170124,NA,-1.84506995034301,"Y","2022-11-17",1,0,NA,NA,NA,NA,NA,NA,NA,NA,NA,NA,NA,NA,NA,NA,NA,NA,NA,NA,NA,NA,"established"
"1650",1,"KL23WI1227",NA,"CP TUNNEL","WI",7,1,0.000503158,0,0,"WDNR3607",2023,NA,-3.298295705,1,NA,0.012028935210678,7.76103448275862,98.8591272909796,-1.8850910755401,"Y","2023-11-04",1,1,0,"KL24WI0538","WI",1,"1000-1100",1,0.00121664,1,NA,-2.91483803,1,NA,0.023587891523314,4.56179951690821,NA,-1.60927871156428,"Y","2024-03-14",0,1,"established"
"1651",1,"KL22WI1730","C","CP TUNNEL","WI",6,3,6.43e-05,NA,NA,"WDNR3609",2022,NA,-4.192038103,1,NA,0.0124353221238346,8.34990291262136,NA,-1.87175191650831,"Y","2022-11-09",1,1,NA,NA,NA,NA,NA,NA,NA,NA,NA,NA,NA,NA,NA,NA,NA,NA,NA,NA,NA,NA,"established"
"1652",1,"KL23WI1236",NA,"CP TUNNEL","WI",7,3,3.9e-06,0,0,"WDNR3609",2023,NA,-5.40947242,1,NA,0.012028935210678,7.76103448275862,98.8591272909796,-1.8850910755401,"Y","2023-11-04",0,1,NA,NA,NA,NA,NA,NA,NA,NA,NA,NA,NA,NA,NA,NA,NA,NA,NA,NA,NA,NA,"established"
"1653",1,"KL24WI1391","1000 to 1050","CP TUNNEL","WI",8,3,0.000452334,0,0,"WDNR3609",2024,NA,-3.344540698,1,NA,0.0806089621368824,7.02604516129032,90.9485551208831,-1.0882621452551,"Y","2024-11-11",0,1,0,"KL25WI0233","WI",3,"600 to 650",1,0.004964575,1,NA,-2.304117912,1,NA,0.0438827704965504,4.58171084337349,94.615320497781,-1.34792034305698,"Y","2025-03-06",0,1,"established"
"1654",1,"KL22WI1696","A","CP TUNNEL","WI",6,1,1.81e-06,0,0,"WDNR3611",2022,NA,-5.741762771,1,NA,0.0124353221238346,8.34990291262136,NA,-1.87175191650831,"Y","2022-11-09",1,1,NA,NA,NA,NA,NA,NA,NA,NA,NA,NA,NA,NA,NA,NA,NA,NA,NA,NA,NA,NA,"established"
"1655",0,"KL23WI1211",NA,"CP TUNNEL","WI",7,1,1.34e-05,0,0,"WDNR3611",2023,NA,-4.871284701,1,NA,0.012028935210678,7.76103448275862,98.8591272909796,-1.8850910755401,"Y","2023-11-04",0,1,NA,NA,NA,NA,NA,NA,NA,NA,NA,NA,NA,NA,NA,NA,NA,NA,NA,NA,NA,NA,"established"
"1656",0,"KL19WI1083","B","ELROY SPARTA","WI",4,0,1.4e-06,0,0,"WDNR3669",2019,NA,-5.852926233,1,NA,0.0130197452664096,8.5834832419244,NA,-1.85325987726791,"N","2019-11-01",1,0,NA,NA,NA,NA,NA,NA,NA,NA,NA,NA,NA,NA,NA,NA,NA,NA,NA,NA,NA,NA,"established"
"1657",0,"KL19WI1089","B","ELROY SPARTA","WI",4,0,1.5e-06,0,0,"WDNR3670",2019,NA,-5.825164508,1,NA,0.0130197452664096,8.5834832419244,NA,-1.85325987726791,"N","2019-11-01",1,0,NA,NA,NA,NA,NA,NA,NA,NA,NA,NA,NA,NA,NA,NA,NA,NA,NA,NA,NA,NA,"established"
"1658",0,"KL19WI1095","B","ELROY SPARTA","WI",4,0,1.52e-06,0,0,"WDNR3674",2019,NA,-5.818639405,1,NA,0.0130197452664096,8.5834832419244,NA,-1.85325987726791,"N","2019-11-01",1,0,NA,NA,NA,NA,NA,NA,NA,NA,NA,NA,NA,NA,NA,NA,NA,NA,NA,NA,NA,NA,"established"
"1659",0,"KL19WI1096","B","ELROY SPARTA","WI",4,0,0.00070317,0,0,"WDNR3675",2019,NA,-3.152939388,1,NA,0.0130197452664096,8.5834832419244,NA,-1.85325987726791,"N","2019-11-01",1,0,NA,NA,NA,NA,NA,NA,NA,NA,NA,NA,NA,NA,NA,NA,NA,NA,NA,NA,NA,NA,"established"
"1660",0,"KL19WI1105","C","ELROY SPARTA","WI",4,0,1.52e-05,0,0,"WDNR3676",2019,NA,-4.819344775,1,NA,0.0157942609339492,8.78156192696563,NA,-1.77483910342518,"N","2019-11-01",1,0,NA,NA,NA,NA,NA,NA,NA,NA,NA,NA,NA,NA,NA,NA,NA,NA,NA,NA,NA,NA,"established"
"1661",1,"KL19WI6113","C","ELROY SPARTA","WI",4,2,3.1e-05,0,0,"WDNR3678",2019,NA,-4.508065136,1,NA,0.0157942609339492,8.78156192696563,NA,-1.77483910342518,"N","2019-11-01",1,1,NA,NA,NA,NA,NA,NA,NA,NA,NA,NA,NA,NA,NA,NA,NA,NA,NA,NA,NA,NA,"established"
"1662",0,"KL19WI6115","C","ELROY SPARTA","WI",4,0,3.16e-06,0,0,"WDNR3680",2019,NA,-5.50051575,1,NA,0.0157942609339492,8.78156192696563,NA,-1.77483910342518,"N","2019-11-01",1,0,NA,NA,NA,NA,NA,NA,NA,NA,NA,NA,NA,NA,NA,NA,NA,NA,NA,NA,NA,NA,"established"
"1663",0,"KL20WI1423","C","ELROY SPARTA","WI",5,0,0.000677534,NA,NA,"WDNR3681",2020,NA,-3.169068938,1,NA,0.0156831778660336,8.39354838709677,98.5773455375673,-1.77772121999154,"Y","2020-11-07",1,0,NA,NA,NA,NA,NA,NA,NA,NA,NA,NA,NA,NA,NA,NA,NA,NA,NA,NA,NA,NA,"established"
"1664",1,"KL19WI1121","C","ELROY SPARTA","WI",4,2,1.56e-06,0,0,"WDNR3682",2019,NA,-5.806897813,1,NA,0.0157942609339492,8.78156192696563,NA,-1.77483910342518,"N","2019-11-01",1,1,1,"KL20WI0272","WI",2,"C",0,0.16040105,0,NA,-0.794792793,1,NA,0.0138530677565388,8.21125723730862,NA,-1.8281838377852,"Y","2020-02-29",0,1,"established"
"1665",0,"KL20WI1430","C","ELROY SPARTA","WI",5,2,0.000177792,0,0,"WDNR3682",2020,NA,-3.750086685,1,NA,0.0156831778660336,8.39354838709677,98.5773455375673,-1.77772121999154,"Y","2020-11-07",0,1,NA,NA,NA,NA,NA,NA,NA,NA,NA,NA,NA,NA,NA,NA,NA,NA,NA,NA,NA,NA,"established"
"1666",1,"KL19WI1125","C","ELROY SPARTA","WI",4,1,1.62e-05,0,0,"WDNR3684",2019,NA,-4.790824645,1,NA,0.0157942609339492,8.78156192696563,NA,-1.77483910342518,"N","2019-11-01",1,1,NA,NA,NA,NA,NA,NA,NA,NA,NA,NA,NA,NA,NA,NA,NA,NA,NA,NA,NA,NA,"established"
"1667",0,"KL20WI1427","C","ELROY SPARTA","WI",5,1,3.72e-06,0,0,"WDNR3684",2020,NA,-5.430021893,1,NA,0.0156831778660336,8.39354838709677,98.5773455375673,-1.77772121999154,"Y","2020-11-07",0,1,NA,NA,NA,NA,NA,NA,NA,NA,NA,NA,NA,NA,NA,NA,NA,NA,NA,NA,NA,NA,"established"
"1668",0,"KL19WI1128","C","ELROY SPARTA","WI",4,0,1.04e-05,0,0,"WDNR3685",2019,NA,-4.981592666,1,NA,0.0157942609339492,8.78156192696563,NA,-1.77483910342518,"N","2019-11-01",1,0,NA,NA,NA,NA,NA,NA,NA,NA,NA,NA,NA,NA,NA,NA,NA,NA,NA,NA,NA,NA,"established"
"1669",0,"KL19WI1315",NA,"MAIDEN ROCK","WI",4,0,0.001284516,0,0,"WDNR3686",2019,NA,-2.891260651,1,NA,NA,NA,NA,NA,"N","2019-11-05",1,0,NA,NA,NA,NA,NA,NA,NA,NA,NA,NA,NA,NA,NA,NA,NA,NA,NA,NA,NA,NA,"established"
"1670",0,"KL19WI1318",NA,"MAIDEN ROCK","WI",4,0,0.00039574,0,0,"WDNR3687",2019,NA,-3.402589721,1,NA,NA,NA,NA,NA,"N","2019-11-05",1,0,NA,NA,NA,NA,NA,NA,NA,NA,NA,NA,NA,NA,NA,NA,NA,NA,NA,NA,NA,NA,"established"
"1671",0,"KL19WI1319",NA,"MAIDEN ROCK","WI",4,0,0.000155716,0,0,"WDNR3688",2019,NA,-3.807666064,1,NA,NA,NA,NA,NA,"N","2019-11-05",1,0,NA,NA,NA,NA,NA,NA,NA,NA,NA,NA,NA,NA,NA,NA,NA,NA,NA,NA,NA,NA,"established"
"1672",0,"KL19WI1322",NA,"MAIDEN ROCK","WI",4,0,0.000151835,0,0,"WDNR3689",2019,NA,-3.818629536,1,NA,NA,NA,NA,NA,"N","2019-11-05",1,0,NA,NA,NA,NA,NA,NA,NA,NA,NA,NA,NA,NA,NA,NA,NA,NA,NA,NA,NA,NA,"established"
"1673",0,"KL19WI1323",NA,"MAIDEN ROCK","WI",4,0,0.011670214,0,0,"WDNR3690",2019,NA,-1.93292118,1,NA,NA,NA,NA,NA,"N","2019-11-05",1,0,NA,NA,NA,NA,NA,NA,NA,NA,NA,NA,NA,NA,NA,NA,NA,NA,NA,NA,NA,NA,"established"
"1674",1,"KL19WI1324",NA,"MAIDEN ROCK","WI",4,1,0.001309332,0,0,"WDNR3691",2019,NA,-2.882950102,1,NA,NA,NA,NA,NA,"N","2019-11-05",1,1,0,"KL20WI0515","WI",1,"4",1,0.005152101,1,NA,-2.288015632,1,NA,NA,NA,NA,NA,"Y","2020-03-02",0,1,"established"
"1675",0,"KL19WI1327",NA,"MAIDEN ROCK","WI",4,0,0.001592387,NA,NA,"WDNR3692",2019,NA,-2.797951377,1,NA,NA,NA,NA,NA,"N","2019-11-05",1,0,NA,NA,NA,NA,NA,NA,NA,NA,NA,NA,NA,NA,NA,NA,NA,NA,NA,NA,NA,NA,"established"
"1676",1,"KL19WI1328",NA,"MAIDEN ROCK","WI",4,1,0.000543426,NA,NA,"WDNR3693",2019,NA,-3.264859467,1,NA,NA,NA,NA,NA,"N","2019-11-05",1,1,0,"KL20WI0514","WI",1,"4",1,0.008268323,1,NA,-2.082582566,1,NA,NA,NA,NA,NA,"Y","2020-03-02",0,1,"established"
"1677",0,"KL19WI1331",NA,"MAIDEN ROCK","WI",4,0,0.002722521,0,0,"WDNR3694",2019,NA,-2.565028841,1,NA,NA,NA,NA,NA,"N","2019-11-05",1,0,NA,NA,NA,NA,NA,NA,NA,NA,NA,NA,NA,NA,NA,NA,NA,NA,NA,NA,NA,NA,"established"
"1678",0,"KL19WI1334",NA,"MAIDEN ROCK","WI",4,0,0.000440716,0,0,"WDNR3695",2019,NA,-3.355841379,1,NA,NA,NA,NA,NA,"N","2019-11-05",1,0,NA,NA,NA,NA,NA,NA,NA,NA,NA,NA,NA,NA,NA,NA,NA,NA,NA,NA,NA,NA,"established"
"1679",0,"KL19WI1337",NA,"MAIDEN ROCK","WI",4,0,0.000385157,0,0,"WDNR3696",2019,NA,-3.414362092,1,NA,NA,NA,NA,NA,"N","2019-11-05",1,0,NA,NA,NA,NA,NA,NA,NA,NA,NA,NA,NA,NA,NA,NA,NA,NA,NA,NA,NA,NA,"established"
"1680",0,"KL19WI1338",NA,"MAIDEN ROCK","WI",4,0,0.004969369,0,0,"WDNR3697",2019,NA,-2.303698754,1,NA,NA,NA,NA,NA,"N","2019-11-05",1,0,NA,NA,NA,NA,NA,NA,NA,NA,NA,NA,NA,NA,NA,NA,NA,NA,NA,NA,NA,NA,"established"
"1681",0,"KL19WI1339",NA,"MAIDEN ROCK","WI",4,0,0.000420198,NA,NA,"WDNR3698",2019,NA,-3.376545967,1,NA,NA,NA,NA,NA,"N","2019-11-05",1,0,NA,NA,NA,NA,NA,NA,NA,NA,NA,NA,NA,NA,NA,NA,NA,NA,NA,NA,NA,NA,"established"
"1682",1,"KL19WI1350",NA,"MAIDEN ROCK","WI",4,1,0.001792446,0,0,"WDNR3700",2019,NA,-2.746553919,1,NA,NA,NA,NA,NA,"N","2019-11-05",1,1,0,"KL20WI0451","WI",1,"5A",0,0.045621415,0,NA,-1.340831249,1,NA,NA,NA,NA,NA,"Y","2020-03-02",0,1,"established"
"1683",1,"KL19WI1483","SEL","MARIBEL","WI",4,1,0.027015455,0,0,"WDNR3824",2019,NA,-1.568387714,1,NA,0.0147254787399746,9.75796116504854,NA,-1.80339612419975,"N","2019-11-11",1,1,0,"KL20WI0767","WI",1,"HR",1,0.001270465,1,NA,-2.896037295,1,NA,0.014427224757672,7.64682857142857,NA,-1.81171219323901,"Y","2020-03-13",0,1,"established"
"1684",1,"KL19WI1487","SEL","MARIBEL","WI",4,1,0.000321316,0,0,"WDNR3825",2019,NA,-3.493068324,1,NA,0.0147254787399746,9.75796116504854,NA,-1.80339612419975,"N","2019-11-11",1,1,0,"KL20WI0792","WI",1,"WL",1,0.2163106,1,NA,-0.664922198,1,NA,0.014427224757672,7.64682857142857,NA,-1.81171219323901,"Y","2020-03-13",0,1,"established"
"1685",0,"KL19WI1486","SEL","MARIBEL","WI",4,0,0.000150933,0,0,"WDNR3826",2019,NA,-3.82121522,1,NA,0.0147254787399746,9.75796116504854,NA,-1.80339612419975,"N","2019-11-11",1,0,NA,NA,NA,NA,NA,NA,NA,NA,NA,NA,NA,NA,NA,NA,NA,NA,NA,NA,NA,NA,"established"
"1686",1,"KL19WI1501","WL","MARIBEL","WI",4,1,0.000361864,0,0,"WDNR3827",2019,NA,-3.44145474,1,NA,0.0147254787399746,9.75796116504854,NA,-1.80339612419975,"N","2019-11-11",1,1,NA,NA,NA,NA,NA,NA,NA,NA,NA,NA,NA,NA,NA,NA,NA,NA,NA,NA,NA,NA,"established"
"1687",0,"KL21WI1845","HR","MARIBEL","WI",6,1,8.93e-05,0,0,"WDNR3827",2021,NA,-4.049033466,1,NA,0.00727119348414132,10.0884795381818,NA,-2.08243181980906,"Y","2021-11-15",0,1,NA,NA,NA,NA,NA,NA,NA,NA,NA,NA,NA,NA,NA,NA,NA,NA,NA,NA,NA,NA,"established"
"1688",1,"KL19WI1549","A","NEDA MINE","WI",5,3,0.00251626,0,0,"WDNR3828",2019,NA,-2.599244486,1,NA,0.0117397485122778,8.56875076923077,NA,-1.89483914506252,"N","2019-11-14",1,1,NA,NA,NA,NA,NA,NA,NA,NA,NA,NA,NA,NA,NA,NA,NA,NA,NA,NA,NA,NA,"established"
"1689",1,"KL20WI1263","14","NEDA MINE","WI",6,3,0.1966993,1,1,"WDNR3828",2020,NA,-0.706197186,1,NA,0.0144845539230808,8.03358536585366,99.1657758921961,-1.81010130122324,"Y","2020-11-05",0,1,1,"KL21WI0531","WI",3,"14",1,0.027845095,1,NA,-1.555251296,1,NA,0.0163047006858416,5.27257164404223,99.1848975134822,-1.7618359081648,"Y","2021-03-10",0,1,"established"
"1690",0,"KL21WI1936","14","NEDA MINE","WI",7,3,0.088765414,1,1,"WDNR3828",2021,NA,-1.051756216,1,NA,0.0188986821353483,8.01205607476635,98.2467277770573,-1.70117568541434,"Y","2021-11-17",0,1,NA,NA,NA,NA,NA,NA,NA,NA,NA,NA,NA,NA,NA,NA,NA,NA,NA,NA,NA,NA,"established"
"1691",1,"KL19WI1552","A","NEDA MINE","WI",5,1,0.001556103,0,0,"WDNR3829",2019,NA,-2.8079618,1,NA,0.0117397485122778,8.56875076923077,NA,-1.89483914506252,"N","2019-11-14",1,1,NA,NA,NA,NA,NA,NA,NA,NA,NA,NA,NA,NA,NA,NA,NA,NA,NA,NA,NA,NA,"established"
"1692",0,"KL20WI1272","14","NEDA MINE","WI",6,1,0.000174304,0,0,"WDNR3829",2020,NA,-3.758691774,1,NA,0.0144845539230808,8.03358536585366,99.1657758921961,-1.81010130122324,"Y","2020-11-05",0,1,NA,NA,NA,NA,NA,NA,NA,NA,NA,NA,NA,NA,NA,NA,NA,NA,NA,NA,NA,NA,"established"
"1693",0,"KL19WI1555","A","NEDA MINE","WI",5,0,0.003592041,0,0,"WDNR3830",2019,NA,-2.444658715,1,NA,0.0117397485122778,8.56875076923077,NA,-1.89483914506252,"N","2019-11-14",1,0,NA,NA,NA,NA,NA,NA,NA,NA,NA,NA,NA,NA,NA,NA,NA,NA,NA,NA,NA,NA,"established"
"1694",1,"KL19WI1558","B","NEDA MINE","WI",5,2,0.00374285,0,0,"WDNR3831",2019,NA,-2.426797636,1,NA,0.0117397485122778,8.56875076923077,NA,-1.89483914506252,"N","2019-11-14",1,1,NA,NA,NA,NA,NA,NA,NA,NA,NA,NA,NA,NA,NA,NA,NA,NA,NA,NA,NA,NA,"established"
"1695",1,"KL20WI1281","20","NEDA MINE","WI",6,2,0.003677939,1,1,"WDNR3831",2020,NA,-2.434395537,1,NA,0.00599769849291022,8.79071942446043,99.4705384086006,-2.15504477372597,"Y","2020-11-05",0,1,NA,NA,NA,NA,NA,NA,NA,NA,NA,NA,NA,NA,NA,NA,NA,NA,NA,NA,NA,NA,"established"
"1696",0,"KL22WI1870","20","NEDA MINE","WI",8,2,0.010732891,0,0,"WDNR3831",2022,NA,-1.969283263,1,NA,0.00599769849291022,8.79071942446043,99.4705384086006,-2.15504477372597,"Y","2022-11-17",0,1,NA,NA,NA,NA,NA,NA,NA,NA,NA,NA,NA,NA,NA,NA,NA,NA,NA,NA,NA,NA,"established"
"1697",0,"KL19WI1561","B","NEDA MINE","WI",5,0,0.00309824,0,0,"WDNR3832",2019,NA,-2.508884943,1,NA,0.0117397485122778,8.56875076923077,NA,-1.89483914506252,"N","2019-11-14",1,0,NA,NA,NA,NA,NA,NA,NA,NA,NA,NA,NA,NA,NA,NA,NA,NA,NA,NA,NA,NA,"established"
"1698",0,"KL19WI1562","B","NEDA MINE","WI",5,0,0.02645104,0,0,"WDNR3833",2019,NA,-1.577557248,1,NA,0.0117397485122778,8.56875076923077,NA,-1.89483914506252,"N","2019-11-14",1,0,NA,NA,NA,NA,NA,NA,NA,NA,NA,NA,NA,NA,NA,NA,NA,NA,NA,NA,NA,NA,"established"
"1699",0,"KL19WI1568","F","NEDA MINE","WI",5,0,5.93e-06,0,0,"WDNR3834",2019,NA,-5.22711426,1,NA,0.0117397485122778,8.56875076923077,NA,-1.89483914506252,"N","2019-11-14",1,0,NA,NA,NA,NA,NA,NA,NA,NA,NA,NA,NA,NA,NA,NA,NA,NA,NA,NA,NA,NA,"established"
"1700",1,"KL19WI1571","B","NEDA MINE","WI",5,1,0.001066818,0,0,"WDNR3835",2019,NA,-2.971909706,1,NA,0.0117397485122778,8.56875076923077,NA,-1.89483914506252,"N","2019-11-14",1,1,NA,NA,NA,NA,NA,NA,NA,NA,NA,NA,NA,NA,NA,NA,NA,NA,NA,NA,NA,NA,"established"
"1701",0,"KL20WI1282","16","NEDA MINE","WI",6,1,5.27e-05,0,0,"WDNR3835",2020,NA,-4.277811952,1,NA,0.00665112741780346,8.03512315270936,99.3828875473799,-2.11627456546668,"Y","2020-11-05",0,1,NA,NA,NA,NA,NA,NA,NA,NA,NA,NA,NA,NA,NA,NA,NA,NA,NA,NA,NA,NA,"established"
"1702",0,"KL19WI1574","B","NEDA MINE","WI",5,0,3.31e-05,0,0,"WDNR3836",2019,NA,-4.480234793,1,NA,0.0117397485122778,8.56875076923077,NA,-1.89483914506252,"N","2019-11-14",1,0,NA,NA,NA,NA,NA,NA,NA,NA,NA,NA,NA,NA,NA,NA,NA,NA,NA,NA,NA,NA,"established"
"1703",0,"KL19WI1579","C","NEDA MINE","WI",5,0,4.05e-05,0,0,"WDNR3837",2019,NA,-4.39209708,1,NA,0.0117397485122778,8.56875076923077,NA,-1.89483914506252,"N","2019-11-14",1,0,NA,NA,NA,NA,NA,NA,NA,NA,NA,NA,NA,NA,NA,NA,NA,NA,NA,NA,NA,NA,"established"
"1704",1,"KL19WI1580","C","NEDA MINE","WI",5,2,2.95e-06,0,0,"WDNR3838",2019,NA,-5.530676089,1,NA,0.0117397485122778,8.56875076923077,NA,-1.89483914506252,"N","2019-11-14",1,1,NA,NA,NA,NA,NA,NA,NA,NA,NA,NA,NA,NA,NA,NA,NA,NA,NA,NA,NA,NA,"established"
"1705",1,"KL20WI1283","16","NEDA MINE","WI",6,2,3.15e-06,0,0,"WDNR3838",2020,NA,-5.50129552,1,NA,0.00665112741780346,8.03512315270936,99.3828875473799,-2.11627456546668,"Y","2020-11-05",0,1,0,"KL21WI0540","WI",2,"16",0,0.11590825,0,NA,-0.935885651,1,NA,0.00641346071675718,6.5395983935743,99.340937335067,-2.12997900938481,"Y","2021-03-10",0,1,"established"
"1706",0,"KL19WI1581","C","NEDA MINE","WI",5,0,0.000598055,0,0,"WDNR3839",2019,NA,-3.223258548,1,NA,0.0117397485122778,8.56875076923077,NA,-1.89483914506252,"N","2019-11-14",1,0,NA,NA,NA,NA,NA,NA,NA,NA,NA,NA,NA,NA,NA,NA,NA,NA,NA,NA,NA,NA,"established"
"1707",0,"KL19WI1582","C","NEDA MINE","WI",5,0,2.77e-05,0,0,"WDNR3840",2019,NA,-4.558029454,1,NA,0.0117397485122778,8.56875076923077,NA,-1.89483914506252,"N","2019-11-14",1,0,NA,NA,NA,NA,NA,NA,NA,NA,NA,NA,NA,NA,NA,NA,NA,NA,NA,NA,NA,NA,"established"
"1708",0,"KL19WI1714","A","BOSCOBEL BEAR","WI",5,0,0.001088336,0,0,"WDNR3841",2019,NA,-2.963237005,1,NA,0.00869018050998496,7.86760048899755,NA,-2.0136681327779,"N","2019-11-16",1,0,NA,NA,NA,NA,NA,NA,NA,NA,NA,NA,NA,NA,NA,NA,NA,NA,NA,NA,NA,NA,"established"
"1709",0,"KL19WI1716","A","BOSCOBEL BEAR","WI",5,0,0.003465352,1,1,"WDNR3842",2019,NA,-2.460252707,1,NA,0.00869018050998496,7.86760048899755,NA,-2.0136681327779,"N","2019-11-16",1,0,NA,NA,NA,NA,NA,NA,NA,NA,NA,NA,NA,NA,NA,NA,NA,NA,NA,NA,NA,NA,"established"
"1710",1,"KL19WI1353",NA,"MAIDEN ROCK","WI",4,1,0.004482438,0,0,"WDNR3916",2019,NA,-2.348485709,1,NA,NA,NA,NA,NA,"N","2019-11-05",1,1,0,"KL20WI0450","WI",1,"5A",0,0.000377724,0,NA,-3.422825305,1,NA,NA,NA,NA,NA,"Y","2020-03-02",0,1,"established"
"1711",0,"KL19WI1360",NA,"MAIDEN ROCK","WI",4,0,5.05e-05,0,0,"WDNR3917",2019,NA,-4.296748355,1,NA,NA,NA,NA,NA,"N","2019-11-05",1,0,NA,NA,NA,NA,NA,NA,NA,NA,NA,NA,NA,NA,NA,NA,NA,NA,NA,NA,NA,NA,"established"
"1712",0,"KL19WI1361",NA,"MAIDEN ROCK","WI",4,0,0.000220623,0,0,"WDNR3918",2019,NA,-3.656350002,1,NA,NA,NA,NA,NA,"N","2019-11-05",1,0,NA,NA,NA,NA,NA,NA,NA,NA,NA,NA,NA,NA,NA,NA,NA,NA,NA,NA,NA,NA,"established"
"1713",0,"KL19WI1362",NA,"MAIDEN ROCK","WI",4,0,0.000392365,0,0,"WDNR3919",2019,NA,-3.406310072,1,NA,NA,NA,NA,NA,"N","2019-11-05",1,0,NA,NA,NA,NA,NA,NA,NA,NA,NA,NA,NA,NA,NA,NA,NA,NA,NA,NA,NA,NA,"established"
"1714",0,"KL19WI1363",NA,"MAIDEN ROCK","WI",4,0,0.000235186,0,0,"WDNR3920",2019,NA,-3.628588257,1,NA,NA,NA,NA,NA,"N","2019-11-05",1,0,NA,NA,NA,NA,NA,NA,NA,NA,NA,NA,NA,NA,NA,NA,NA,NA,NA,NA,NA,NA,"established"
"1715",1,"KL19WI1390",NA,"BAY CITY","WI",4,1,1.92e-05,0,0,"WDNR3921",2019,NA,-4.71777793,1,NA,0.0972956082759744,7.01156069364162,NA,-1.00746588546509,"N","2019-11-05",1,1,0,"KL20WI0425","WI",1,"2A",NA,0.003708921,NA,NA,-2.430752476,1,NA,0.0148802501055556,1.39024423337856,NA,-1.79914266194624,"Y","2020-03-02",0,1,"established"
"1716",1,"KL19WI1393",NA,"BAY CITY","WI",4,1,0.000399971,0,0,"WDNR3922",2019,NA,-3.397971713,1,NA,0.0972956082759744,7.01156069364162,NA,-1.00746588546509,"N","2019-11-05",1,1,0,"KL20WI0424","WI",1,"2A",NA,0.005211216,NA,NA,-2.283060967,1,NA,0.0148802501055556,1.39024423337856,NA,-1.79914266194624,"Y","2020-03-02",0,1,"established"
"1717",0,"KL19WI1394",NA,"BAY CITY","WI",4,0,0.00013163,0,0,"WDNR3923",2019,NA,-3.880644954,1,NA,0.0972956082759744,7.01156069364162,NA,-1.00746588546509,"N","2019-11-05",1,0,NA,NA,NA,NA,NA,NA,NA,NA,NA,NA,NA,NA,NA,NA,NA,NA,NA,NA,NA,NA,"established"
"1718",1,"KL19WI1397",NA,"BAY CITY","WI",4,2,0.00010718,0,0,"WDNR3924",2019,NA,-3.969887139,1,NA,0.0972956082759744,7.01156069364162,NA,-1.00746588546509,"N","2019-11-05",1,1,1,"KL20WI0357","WI",2,NA,0,0.006282628,0,NA,-2.201858689,1,NA,0.0857268499250999,6.46102150537634,NA,-1.06184642767853,"Y","2020-03-02",0,1,"established"
"1719",0,"KL22WI1460","2A","BAY CITY","WI",7,2,0.000305029,0,0,"WDNR3924",2022,NA,-3.515658274,1,NA,0.00578351851168156,3.85630434782609,99.2721384725041,-2.16854498550676,"Y","2022-11-06",0,1,NA,NA,NA,NA,NA,NA,NA,NA,NA,NA,NA,NA,NA,NA,NA,NA,NA,NA,NA,NA,"established"
"1720",0,"KL19WI1400",NA,"BAY CITY","WI",4,0,3.99e-06,0,0,"WDNR3925",2019,NA,-5.399001635,1,NA,0.0972956082759744,7.01156069364162,NA,-1.00746588546509,"N","2019-11-05",1,0,NA,NA,NA,NA,NA,NA,NA,NA,NA,NA,NA,NA,NA,NA,NA,NA,NA,NA,NA,NA,"established"
"1721",0,"KL19WI1401",NA,"BAY CITY","WI",4,0,9.87e-05,0,0,"WDNR3926",2019,NA,-4.005692154,1,NA,0.0972956082759744,7.01156069364162,NA,-1.00746588546509,"N","2019-11-05",1,0,NA,NA,NA,NA,NA,NA,NA,NA,NA,NA,NA,NA,NA,NA,NA,NA,NA,NA,NA,NA,"established"
"1722",1,"KL19WI1402",NA,"BAY CITY","WI",4,1,0.00051301,0,0,"WDNR3927",2019,NA,-3.289873873,1,NA,0.0972956082759744,7.01156069364162,NA,-1.00746588546509,"N","2019-11-05",1,1,0,"KL20WI0345","WI",1,NA,NA,0.00519563,NA,NA,-2.284361784,1,NA,0.0857268499250999,6.46102150537634,NA,-1.06184642767853,"Y","2020-03-02",0,1,"established"
"1723",1,"KL19WI1405",NA,"BAY CITY","WI",4,1,7.29e-05,0,0,"WDNR3928",2019,NA,-4.137106024,1,NA,0.0972956082759744,7.01156069364162,NA,-1.00746588546509,"N","2019-11-05",1,1,0,"KL20WI0360","WI",1,NA,1,0.003377371,1,NA,-2.47142123,1,NA,0.0857268499250999,6.46102150537634,NA,-1.06184642767853,"Y","2020-03-02",0,1,"established"
"1724",0,"KL19WI1408",NA,"BAY CITY","WI",4,0,6.25e-05,0,0,"WDNR3929",2019,NA,-4.204285011,1,NA,0.0972956082759744,7.01156069364162,NA,-1.00746588546509,"N","2019-11-05",1,0,NA,NA,NA,NA,NA,NA,NA,NA,NA,NA,NA,NA,NA,NA,NA,NA,NA,NA,NA,NA,"established"
"1725",1,"KL19WI1411",NA,"BAY CITY","WI",4,1,0.000153563,0,0,"WDNR3930",2019,NA,-3.813713129,1,NA,0.0972956082759744,7.01156069364162,NA,-1.00746588546509,"N","2019-11-05",1,1,NA,NA,NA,NA,NA,NA,NA,NA,NA,NA,NA,NA,NA,NA,NA,NA,NA,NA,NA,NA,"established"
"1726",0,"KL19WI1414",NA,"BAY CITY","WI",4,0,1.89e-05,0,0,"WDNR3931",2019,NA,-4.72399801,1,NA,0.0972956082759744,7.01156069364162,NA,-1.00746588546509,"N","2019-11-05",1,0,NA,NA,NA,NA,NA,NA,NA,NA,NA,NA,NA,NA,NA,NA,NA,NA,NA,NA,NA,NA,"established"
"1727",0,"KL19WI1417",NA,"BAY CITY","WI",4,0,0.000224749,0,0,"WDNR3932",2019,NA,-3.648302039,1,NA,0.0972956082759744,7.01156069364162,NA,-1.00746588546509,"N","2019-11-05",1,0,NA,NA,NA,NA,NA,NA,NA,NA,NA,NA,NA,NA,NA,NA,NA,NA,NA,NA,NA,NA,"established"
"1728",0,"KL19WI1418",NA,"BAY CITY","WI",4,0,0.001731948,0,0,"WDNR3933",2019,NA,-2.761465277,1,NA,0.0972956082759744,7.01156069364162,NA,-1.00746588546509,"N","2019-11-05",1,0,NA,NA,NA,NA,NA,NA,NA,NA,NA,NA,NA,NA,NA,NA,NA,NA,NA,NA,NA,NA,"established"
"1729",1,"KL19WI1419",NA,"BAY CITY","WI",4,1,2.09e-05,0,0,"WDNR3934",2019,NA,-4.679376668,1,NA,0.0972956082759744,7.01156069364162,NA,-1.00746588546509,"N","2019-11-05",1,1,0,"KL20WI0349","WI",1,NA,1,0.000499791,1,NA,-3.301211178,1,NA,0.0857268499250999,6.46102150537634,NA,-1.06184642767853,"Y","2020-03-02",0,1,"established"
"1730",1,"KL19WI1420",NA,"BAY CITY","WI",4,2,0.000388964,0,0,"WDNR3935",2019,NA,-3.410090257,1,NA,0.0972956082759744,7.01156069364162,NA,-1.00746588546509,"N","2019-11-05",1,1,1,"KL20WI0366","WI",2,NA,1,0.012114449,1,NA,-1.916696334,1,NA,0.0857268499250999,6.46102150537634,NA,-1.06184642767853,"Y","2020-03-02",0,1,"established"
"1731",1,"KL19WI1423",NA,"BAY CITY","WI",4,2,0.003451929,0,0,"WDNR3936",2019,NA,-2.461938146,1,NA,0.0972956082759744,7.01156069364162,NA,-1.00746588546509,"N","2019-11-05",1,1,1,"KL20WI0344","WI",2,NA,NA,0.18874335,NA,NA,-0.724128341,1,NA,0.0857268499250999,6.46102150537634,NA,-1.06184642767853,"Y","2020-03-02",0,1,"established"
"1732",0,"KL20WI1665","1A","BAY CITY","WI",5,2,9.16e-05,0,0,"WDNR3936",2020,NA,-4.038176528,1,NA,0.0397434280942537,4.62571694599628,95.3607546037222,-1.38994243287677,"Y","2020-11-10",0,1,NA,NA,NA,NA,NA,NA,NA,NA,NA,NA,NA,NA,NA,NA,NA,NA,NA,NA,NA,NA,"established"
"1733",0,"KL19WI1424",NA,"BAY CITY","WI",4,0,0.000218973,0,0,"WDNR3937",2019,NA,-3.659609233,1,NA,0.0972956082759744,7.01156069364162,NA,-1.00746588546509,"N","2019-11-05",1,0,NA,NA,NA,NA,NA,NA,NA,NA,NA,NA,NA,NA,NA,NA,NA,NA,NA,NA,NA,NA,"established"
"1734",1,"KL19WI1425",NA,"BAY CITY","WI",4,1,6.31e-05,0,0,"WDNR3938",2019,NA,-4.19972132,1,NA,0.0972956082759744,7.01156069364162,NA,-1.00746588546509,"N","2019-11-05",1,1,0,"KL20WI0426","WI",1,"2A",NA,0.000563773,NA,NA,-3.248895881,1,NA,0.0148802501055556,1.39024423337856,NA,-1.79914266194624,"Y","2020-03-02",0,1,"established"
"1735",1,"KL19WI1426",NA,"BAY CITY","WI",4,1,0.000844513,0,0,"WDNR3939",2019,NA,-3.073393429,1,NA,0.0972956082759744,7.01156069364162,NA,-1.00746588546509,"N","2019-11-05",1,1,0,"KL20WI0356","WI",1,NA,1,0.005345839,1,NA,-2.271984166,1,NA,0.0857268499250999,6.46102150537634,NA,-1.06184642767853,"Y","2020-03-02",0,1,"established"
"1736",0,"KL19WI1429",NA,"BAY CITY","WI",4,0,0.004813908,0,0,"WDNR3940",2019,NA,-2.317502259,1,NA,0.0972956082759744,7.01156069364162,NA,-1.00746588546509,"N","2019-11-05",1,0,NA,NA,NA,NA,NA,NA,NA,NA,NA,NA,NA,NA,NA,NA,NA,NA,NA,NA,NA,NA,"established"
"1737",0,"KL19WI1443","WW","LEDGEVIEW","WI",3,0,0.023058655,0,0,"WDNR3941",2019,NA,-1.637166028,1,NA,NA,9.81051923076923,NA,NA,"N","2019-11-11",1,0,NA,NA,NA,NA,NA,NA,NA,NA,NA,NA,NA,NA,NA,NA,NA,NA,NA,NA,NA,NA,"invasion"
"1738",0,"KL19WI1460","WT","LEDGEVIEW","WI",3,0,0.003078553,0,0,"WDNR3942",2019,NA,-2.511653365,1,NA,NA,9.81051923076923,NA,NA,"N","2019-11-11",1,0,NA,NA,NA,NA,NA,NA,NA,NA,NA,NA,NA,NA,NA,NA,NA,NA,NA,NA,NA,NA,"invasion"
"1739",0,"KL19WI1467","HR","MARIBEL","WI",4,0,0.000291379,0,0,"WDNR3943",2019,NA,-3.535541453,1,NA,0.0147254787399746,9.75796116504854,NA,-1.80339612419975,"N","2019-11-11",1,0,NA,NA,NA,NA,NA,NA,NA,NA,NA,NA,NA,NA,NA,NA,NA,NA,NA,NA,NA,NA,"established"
"1740",1,"KL19WI1469","HR","MARIBEL","WI",4,1,4.53e-05,0,0,"WDNR3944",2019,NA,-4.343435015,1,NA,0.0147254787399746,9.75796116504854,NA,-1.80339612419975,"N","2019-11-11",1,1,0,"KL20WI0777","WI",1,"SEL",1,0.03289145,1,NA,-1.48291698,1,NA,0.014427224757672,7.64682857142857,NA,-1.81171219323901,"Y","2020-03-13",0,1,"established"
"1741",0,"KL19WI1472","HR","MARIBEL","WI",4,0,0.019454435,0,0,"WDNR3946",2019,NA,-1.710981378,1,NA,0.0147254787399746,9.75796116504854,NA,-1.80339612419975,"N","2019-11-11",1,0,NA,NA,NA,NA,NA,NA,NA,NA,NA,NA,NA,NA,NA,NA,NA,NA,NA,NA,NA,NA,"established"
"1742",0,"KL22WI1825","HR","MARIBEL","WI",7,0,2.92e-06,0,0,"WDNR3947",2022,NA,-5.535222793,1,NA,0.00681424122463258,9.94692946058091,NA,-2.10711318628889,"Y","2022-11-15",1,0,NA,NA,NA,NA,NA,NA,NA,NA,NA,NA,NA,NA,NA,NA,NA,NA,NA,NA,NA,NA,"established"
"1743",1,"KL19WI1488","WL","MARIBEL","WI",4,1,0.003119945,0,0,"WDNR3948",2019,NA,-2.505853131,1,NA,0.0147254787399746,9.75796116504854,NA,-1.80339612419975,"N","2019-11-11",1,1,NA,NA,NA,NA,NA,NA,NA,NA,NA,NA,NA,NA,NA,NA,NA,NA,NA,NA,NA,NA,"established"
"1744",0,"KL20WI1757","WL","MARIBEL","WI",5,1,0.000888126,NA,NA,"WDNR3948",2020,NA,-3.051525538,1,NA,0.00955483337957002,10.0729323308271,99.2255587308235,-1.97654861815021,"Y","2020-11-17",0,1,NA,NA,NA,NA,NA,NA,NA,NA,NA,NA,NA,NA,NA,NA,NA,NA,NA,NA,NA,NA,"established"
"1745",1,"KL22WI1724","C","CP TUNNEL","WI",6,1,2.4e-05,0,0,"WDNR3959",2022,NA,-4.620143483,1,NA,0.0124353221238346,8.34990291262136,NA,-1.87175191650831,"Y","2022-11-09",1,1,NA,NA,NA,NA,NA,NA,NA,NA,NA,NA,NA,NA,NA,NA,NA,NA,NA,NA,NA,NA,"established"
"1746",0,"KL23WI1239",NA,"CP TUNNEL","WI",7,1,1.09e-06,0,0,"WDNR3959",2023,NA,-5.960897445,1,NA,0.012028935210678,7.76103448275862,98.8591272909796,-1.8850910755401,"Y","2023-11-04",0,1,NA,NA,NA,NA,NA,NA,NA,NA,NA,NA,NA,NA,NA,NA,NA,NA,NA,NA,NA,NA,"established"
"1747",1,"KL23WI1228",NA,"CP TUNNEL","WI",7,2,9.59e-08,0,0,"WDNR3962",2023,NA,-7.018242785,1,NA,0.012028935210678,7.76103448275862,98.8591272909796,-1.8850910755401,"Y","2023-11-04",1,1,NA,NA,NA,NA,NA,NA,NA,NA,NA,NA,NA,NA,NA,NA,NA,NA,NA,NA,NA,NA,"established"
"1748",1,"KL24WI1356","650 to 700","CP TUNNEL","WI",8,2,3.15e-07,0,0,"WDNR3962",2024,NA,-6.502048824,1,NA,0.0806089621368824,7.02604516129032,90.9485551208831,-1.0882621452551,"Y","2024-11-11",0,1,0,"KL25WI0234","WI",2,"600 to 650",0,0.001457238,0,NA,-2.83646962,1,NA,0.0438827704965504,4.58171084337349,94.615320497781,-1.34792034305698,"Y","2025-03-06",0,1,"established"
"1749",1,"KL22WI1726","C","CP TUNNEL","WI",6,1,0.00031904,0,0,"WDNR3964",2022,NA,-3.496154846,1,NA,0.0124353221238346,8.34990291262136,NA,-1.87175191650831,"Y","2022-11-09",1,1,NA,NA,NA,NA,NA,NA,NA,NA,NA,NA,NA,NA,NA,NA,NA,NA,NA,NA,NA,NA,"established"
"1750",0,"KL23WI1220",NA,"CP TUNNEL","WI",7,1,2.94e-05,0,0,"WDNR3964",2023,NA,-4.532212649,1,NA,0.012028935210678,7.76103448275862,98.8591272909796,-1.8850910755401,"Y","2023-11-04",0,1,NA,NA,NA,NA,NA,NA,NA,NA,NA,NA,NA,NA,NA,NA,NA,NA,NA,NA,NA,NA,"established"
"1751",1,"KL22WI1715","C","CP TUNNEL","WI",6,1,2.35e-06,0,0,"WDNR3966",2022,NA,-5.629087551,1,NA,0.0124353221238346,8.34990291262136,NA,-1.87175191650831,"Y","2022-11-09",1,1,0,"KL23WI0258","WI",1,"C",0,0.042155447,0,NA,-1.375146297,1,NA,0.0203475342796718,3.43575892857143,NA,-1.67065228038479,"Y","2023-02-27",0,1,"established"
"1752",1,"KL22WI1725","C","CP TUNNEL","WI",6,3,0.000485318,0,0,"WDNR3967",2022,NA,-3.31397384,1,NA,0.0124353221238346,8.34990291262136,NA,-1.87175191650831,"Y","2022-11-09",1,1,NA,NA,NA,NA,NA,NA,NA,NA,NA,NA,NA,NA,NA,NA,NA,NA,NA,NA,NA,NA,"established"
"1753",1,"KL23WI1222",NA,"CP TUNNEL","WI",7,3,0.000100669,0,0,"WDNR3967",2023,NA,-3.997102628,1,NA,0.012028935210678,7.76103448275862,98.8591272909796,-1.8850910755401,"Y","2023-11-04",0,1,1,"KL24WI0541","WI",3,"1000-1100",1,0.010563434,1,NA,-1.976194861,1,NA,0.023587891523314,4.56179951690821,NA,-1.60927871156428,"Y","2024-03-14",0,1,"established"
"1754",0,"KL24WI1384","1000 to 1050","CP TUNNEL","WI",8,3,0.005739457,0,0,"WDNR3967",2024,NA,-2.241129196,1,NA,0.0806089621368824,7.02604516129032,90.9485551208831,-1.0882621452551,"Y","2024-11-11",0,1,NA,NA,NA,NA,NA,NA,NA,NA,NA,NA,NA,NA,NA,NA,NA,NA,NA,NA,NA,NA,"established"
"1755",1,"KL22WI1733","C","CP TUNNEL","WI",6,1,4.93e-07,NA,NA,"WDNR3969",2022,NA,-6.307243494,1,NA,0.0124353221238346,8.34990291262136,NA,-1.87175191650831,"Y","2022-11-09",1,1,NA,NA,NA,NA,NA,NA,NA,NA,NA,NA,NA,NA,NA,NA,NA,NA,NA,NA,NA,NA,"established"
"1756",0,"KL23WI1235",NA,"CP TUNNEL","WI",7,1,0.000143232,0,0,"WDNR3969",2023,NA,-3.843959132,1,NA,0.012028935210678,7.76103448275862,98.8591272909796,-1.8850910755401,"Y","2023-11-04",0,1,NA,NA,NA,NA,NA,NA,NA,NA,NA,NA,NA,NA,NA,NA,NA,NA,NA,NA,NA,NA,"established"
"1757",1,"KL22WI1731","C","CP TUNNEL","WI",6,3,7.2e-05,0,0,"WDNR3970",2022,NA,-4.142485416,1,NA,0.0124353221238346,8.34990291262136,NA,-1.87175191650831,"Y","2022-11-09",0,1,NA,NA,NA,NA,NA,NA,NA,NA,NA,NA,NA,NA,NA,NA,NA,NA,NA,NA,NA,NA,"established"
"1758",1,"KL23WI1244",NA,"CP TUNNEL","WI",7,3,1.97e-06,0,0,"WDNR3970",2023,NA,-5.704466384,1,NA,0.012028935210678,7.76103448275862,98.8591272909796,-1.8850910755401,"Y","2023-11-04",0,1,0,"KL24WI0526","WI",3,"900-1000",1,0.000201906,1,NA,-3.694851041,1,NA,0.023587891523314,4.56179951690821,NA,-1.60927871156428,"Y","2024-03-14",0,1,"established"
"1759",0,"KL20WI0931",NA,"BAY CITY","WI",5,0,4.09e-06,NA,NA,"WDNR3973",2020,NA,-5.387775949,1,NA,0.0274709724489158,5.5129435483871,96.9613265414079,-1.5455976989231,NA,"2020-08-24",1,0,NA,NA,NA,NA,NA,NA,NA,NA,NA,NA,NA,NA,NA,NA,NA,NA,NA,NA,NA,NA,"established"
"1760",0,"KL20WI0932",NA,"BAY CITY","WI",5,0,8.1e-06,NA,NA,"WDNR3974",2020,NA,-5.091658966,1,NA,0.0274709724489158,5.5129435483871,96.9613265414079,-1.5455976989231,NA,"2020-08-24",1,0,NA,NA,NA,NA,NA,NA,NA,NA,NA,NA,NA,NA,NA,NA,NA,NA,NA,NA,NA,NA,"established"
"1761",0,"KL20WI0933",NA,"BAY CITY","WI",5,0,1.01e-05,NA,NA,"WDNR3975",2020,NA,-4.99646903,1,NA,0.0274709724489158,5.5129435483871,96.9613265414079,-1.5455976989231,NA,"2020-08-24",1,0,NA,NA,NA,NA,NA,NA,NA,NA,NA,NA,NA,NA,NA,NA,NA,NA,NA,NA,NA,NA,"established"
"1762",0,"KL20WI0934",NA,"BAY CITY","WI",5,0,0.000183456,NA,NA,"WDNR3976",2020,NA,-3.736467962,1,NA,0.0274709724489158,5.5129435483871,96.9613265414079,-1.5455976989231,NA,"2020-08-24",1,0,NA,NA,NA,NA,NA,NA,NA,NA,NA,NA,NA,NA,NA,NA,NA,NA,NA,NA,NA,NA,"established"
"1763",0,"KL20WI0935",NA,"BAY CITY","WI",5,0,4.21e-05,NA,NA,"WDNR3977",2020,NA,-4.376171158,1,NA,0.0274709724489158,5.5129435483871,96.9613265414079,-1.5455976989231,NA,"2020-08-24",1,0,NA,NA,NA,NA,NA,NA,NA,NA,NA,NA,NA,NA,NA,NA,NA,NA,NA,NA,NA,NA,"established"
"1764",0,"KL20WI0936",NA,"BAY CITY","WI",5,0,2.86e-05,NA,NA,"WDNR3978",2020,NA,-4.542941698,1,NA,0.0274709724489158,5.5129435483871,96.9613265414079,-1.5455976989231,NA,"2020-08-24",1,0,NA,NA,NA,NA,NA,NA,NA,NA,NA,NA,NA,NA,NA,NA,NA,NA,NA,NA,NA,NA,"established"
"1765",1,"KL20WI0937",NA,"BAY CITY","WI",5,1,1.74e-05,NA,NA,"WDNR3979",2020,NA,-4.75839824,1,NA,0.0274709724489158,5.5129435483871,96.9613265414079,-1.5455976989231,"N","2020-08-24",1,1,0,"KL21WI0263","WI",1,"2A",NA,0.0199931,NA,NA,-1.699119862,1,NA,0.00615744011455357,1.83234567901235,99.0933803572743,-2.14524227698121,"Y","2021-03-01",0,1,"established"
"1766",0,"KL20WI0938",NA,"BAY CITY","WI",5,0,1.19e-05,NA,NA,"WDNR3980",2020,NA,-4.925605813,1,NA,0.0274709724489158,5.5129435483871,96.9613265414079,-1.5455976989231,NA,"2020-08-24",1,0,NA,NA,NA,NA,NA,NA,NA,NA,NA,NA,NA,NA,NA,NA,NA,NA,NA,NA,NA,NA,"established"
"1767",0,"KL20WI0939",NA,"BAY CITY","WI",5,0,2.92e-06,NA,NA,"WDNR3981",2020,NA,-5.534046842,1,NA,0.0274709724489158,5.5129435483871,96.9613265414079,-1.5455976989231,NA,"2020-08-24",1,0,NA,NA,NA,NA,NA,NA,NA,NA,NA,NA,NA,NA,NA,NA,NA,NA,NA,NA,NA,NA,"established"
"1768",0,"KL20WI0940",NA,"BAY CITY","WI",5,0,1.86e-05,NA,NA,"WDNR3982",2020,NA,-4.730973575,1,NA,0.0274709724489158,5.5129435483871,96.9613265414079,-1.5455976989231,NA,"2020-08-24",1,0,NA,NA,NA,NA,NA,NA,NA,NA,NA,NA,NA,NA,NA,NA,NA,NA,NA,NA,NA,NA,"established"
"1769",0,"KL20WI0941",NA,"BAY CITY","WI",5,0,2.74e-05,NA,NA,"WDNR3983",2020,NA,-4.562263782,1,NA,0.0274709724489158,5.5129435483871,96.9613265414079,-1.5455976989231,NA,"2020-08-24",1,0,NA,NA,NA,NA,NA,NA,NA,NA,NA,NA,NA,NA,NA,NA,NA,NA,NA,NA,NA,NA,"established"
"1770",0,"KL20WI0942",NA,"BAY CITY","WI",5,0,2e-05,NA,NA,"WDNR3984",2020,NA,-4.699558655,1,NA,0.0274709724489158,5.5129435483871,96.9613265414079,-1.5455976989231,NA,"2020-08-24",1,0,NA,NA,NA,NA,NA,NA,NA,NA,NA,NA,NA,NA,NA,NA,NA,NA,NA,NA,NA,NA,"established"
"1771",0,"KL20WI0943",NA,"BAY CITY","WI",5,0,2.4e-05,NA,NA,"WDNR3985",2020,NA,-4.620587508,1,NA,0.0274709724489158,5.5129435483871,96.9613265414079,-1.5455976989231,NA,"2020-08-24",1,0,NA,NA,NA,NA,NA,NA,NA,NA,NA,NA,NA,NA,NA,NA,NA,NA,NA,NA,NA,NA,"established"
"1772",0,"KL20WI0945",NA,"BAY CITY","WI",5,0,0.000135848,NA,NA,"WDNR3987",2020,NA,-3.866945952,1,NA,0.0274709724489158,5.5129435483871,96.9613265414079,-1.5455976989231,NA,"2020-08-24",1,0,NA,NA,NA,NA,NA,NA,NA,NA,NA,NA,NA,NA,NA,NA,NA,NA,NA,NA,NA,NA,"established"
"1773",0,"KL20WI0946",NA,"BAY CITY","WI",5,0,6.17e-05,NA,NA,"WDNR3989",2020,NA,-4.209938939,1,NA,0.0274709724489158,5.5129435483871,96.9613265414079,-1.5455976989231,NA,"2020-08-24",1,0,NA,NA,NA,NA,NA,NA,NA,NA,NA,NA,NA,NA,NA,NA,NA,NA,NA,NA,NA,NA,"established"
"1774",0,"KL20WI0947",NA,"BAY CITY","WI",5,0,5.02e-05,NA,NA,"WDNR3990",2020,NA,-4.299686328,1,NA,0.0274709724489158,5.5129435483871,96.9613265414079,-1.5455976989231,NA,"2020-08-24",1,0,NA,NA,NA,NA,NA,NA,NA,NA,NA,NA,NA,NA,NA,NA,NA,NA,NA,NA,NA,NA,"established"
"1775",0,"KL20WI0948",NA,"BAY CITY","WI",5,0,3.02e-05,NA,NA,"WDNR3991",2020,NA,-4.52029278,1,NA,0.0274709724489158,5.5129435483871,96.9613265414079,-1.5455976989231,NA,"2020-08-24",1,0,NA,NA,NA,NA,NA,NA,NA,NA,NA,NA,NA,NA,NA,NA,NA,NA,NA,NA,NA,NA,"established"
"1776",0,"KL20WI0949",NA,"BAY CITY","WI",5,0,2.09e-05,NA,NA,"WDNR3992",2020,NA,-4.679050389,1,NA,0.0274709724489158,5.5129435483871,96.9613265414079,-1.5455976989231,NA,"2020-08-24",1,0,NA,NA,NA,NA,NA,NA,NA,NA,NA,NA,NA,NA,NA,NA,NA,NA,NA,NA,NA,NA,"established"
"1777",0,"KL20WI0950",NA,"BAY CITY","WI",5,0,0.001201102,NA,NA,"WDNR3993",2020,NA,-2.92042011,1,NA,0.0274709724489158,5.5129435483871,96.9613265414079,-1.5455976989231,NA,"2020-08-24",1,0,NA,NA,NA,NA,NA,NA,NA,NA,NA,NA,NA,NA,NA,NA,NA,NA,NA,NA,NA,NA,"established"
"1778",0,"KL20WI0951",NA,"BAY CITY","WI",5,0,5.51e-05,NA,NA,"WDNR3994",2020,NA,-4.258465075,1,NA,0.0274709724489158,5.5129435483871,96.9613265414079,-1.5455976989231,NA,"2020-08-24",1,0,NA,NA,NA,NA,NA,NA,NA,NA,NA,NA,NA,NA,NA,NA,NA,NA,NA,NA,NA,NA,"established"
"1779",0,"KL20WI0952",NA,"BAY CITY","WI",5,0,1.92e-05,NA,NA,"WDNR3995",2020,NA,-4.715695625,1,NA,0.0274709724489158,5.5129435483871,96.9613265414079,-1.5455976989231,NA,"2020-08-24",1,0,NA,NA,NA,NA,NA,NA,NA,NA,NA,NA,NA,NA,NA,NA,NA,NA,NA,NA,NA,NA,"established"
"1780",0,"KL20WI0953",NA,"BAY CITY","WI",5,0,2.7e-05,NA,NA,"WDNR3996",2020,NA,-4.568946867,1,NA,0.0274709724489158,5.5129435483871,96.9613265414079,-1.5455976989231,NA,"2020-08-24",1,0,NA,NA,NA,NA,NA,NA,NA,NA,NA,NA,NA,NA,NA,NA,NA,NA,NA,NA,NA,NA,"established"
"1781",0,"KL20WI0954",NA,"BAY CITY","WI",5,0,1.42e-05,NA,NA,"WDNR3997",2020,NA,-4.848911904,1,NA,0.0274709724489158,5.5129435483871,96.9613265414079,-1.5455976989231,NA,"2020-08-24",1,0,NA,NA,NA,NA,NA,NA,NA,NA,NA,NA,NA,NA,NA,NA,NA,NA,NA,NA,NA,NA,"established"
"1782",0,"KL20WI0955",NA,"BAY CITY","WI",5,0,1.36e-05,NA,NA,"WDNR3999",2020,NA,-4.866697623,1,NA,0.0274709724489158,5.5129435483871,96.9613265414079,-1.5455976989231,NA,"2020-08-24",1,0,NA,NA,NA,NA,NA,NA,NA,NA,NA,NA,NA,NA,NA,NA,NA,NA,NA,NA,NA,NA,"established"
"1783",0,"KL20WI0957",NA,"BAY CITY","WI",5,0,7.58e-05,NA,NA,"WDNR4000",2020,NA,-4.120048366,1,NA,0.0274709724489158,5.5129435483871,96.9613265414079,-1.5455976989231,NA,"2020-08-24",1,0,NA,NA,NA,NA,NA,NA,NA,NA,NA,NA,NA,NA,NA,NA,NA,NA,NA,NA,NA,NA,"established"
"1784",0,"KL20WI0969",NA,"BAY CITY","WI",5,0,2.37e-06,NA,NA,"WDNR4001",2020,NA,-5.624990148,1,NA,0.0274709724489158,5.5129435483871,96.9613265414079,-1.5455976989231,NA,"2020-08-25",1,0,NA,NA,NA,NA,NA,NA,NA,NA,NA,NA,NA,NA,NA,NA,NA,NA,NA,NA,NA,NA,"established"
"1785",0,"KL20WI0971",NA,"BAY CITY","WI",5,0,2.89e-05,NA,NA,"WDNR4003",2020,NA,-4.539102082,1,NA,0.0274709724489158,5.5129435483871,96.9613265414079,-1.5455976989231,NA,"2020-08-25",1,0,NA,NA,NA,NA,NA,NA,NA,NA,NA,NA,NA,NA,NA,NA,NA,NA,NA,NA,NA,NA,"established"
"1786",0,"KL20WI0972",NA,"BAY CITY","WI",5,0,3.91e-05,NA,NA,"WDNR4004",2020,NA,-4.40808412,1,NA,0.0274709724489158,5.5129435483871,96.9613265414079,-1.5455976989231,NA,"2020-08-25",1,0,NA,NA,NA,NA,NA,NA,NA,NA,NA,NA,NA,NA,NA,NA,NA,NA,NA,NA,NA,NA,"established"
"1787",0,"KL20WI0973",NA,"BAY CITY","WI",5,0,1.36e-05,NA,NA,"WDNR4005",2020,NA,-4.866113954,1,NA,0.0274709724489158,5.5129435483871,96.9613265414079,-1.5455976989231,NA,"2020-08-25",1,0,NA,NA,NA,NA,NA,NA,NA,NA,NA,NA,NA,NA,NA,NA,NA,NA,NA,NA,NA,NA,"established"
"1788",0,"KL20WI0974",NA,"BAY CITY","WI",5,0,1.38e-05,NA,NA,"WDNR4006",2020,NA,-4.861400504,1,NA,0.0274709724489158,5.5129435483871,96.9613265414079,-1.5455976989231,NA,"2020-08-25",1,0,NA,NA,NA,NA,NA,NA,NA,NA,NA,NA,NA,NA,NA,NA,NA,NA,NA,NA,NA,NA,"established"
"1789",0,"KL20WI0975",NA,"BAY CITY","WI",5,0,1.95e-05,NA,NA,"WDNR4007",2020,NA,-4.710750612,1,NA,0.0274709724489158,5.5129435483871,96.9613265414079,-1.5455976989231,NA,"2020-08-25",1,0,NA,NA,NA,NA,NA,NA,NA,NA,NA,NA,NA,NA,NA,NA,NA,NA,NA,NA,NA,NA,"established"
"1790",0,"KL20WI0976",NA,"BAY CITY","WI",5,0,3.83e-05,NA,NA,"WDNR4008",2020,NA,-4.416382781,1,NA,0.0274709724489158,5.5129435483871,96.9613265414079,-1.5455976989231,NA,"2020-08-25",1,0,NA,NA,NA,NA,NA,NA,NA,NA,NA,NA,NA,NA,NA,NA,NA,NA,NA,NA,NA,NA,"established"
"1791",0,"KL20WI0977",NA,"BAY CITY","WI",5,0,9.13e-06,NA,NA,"WDNR4009",2020,NA,-5.039680205,1,NA,0.0274709724489158,5.5129435483871,96.9613265414079,-1.5455976989231,NA,"2020-08-25",1,0,NA,NA,NA,NA,NA,NA,NA,NA,NA,NA,NA,NA,NA,NA,NA,NA,NA,NA,NA,NA,"established"
"1792",0,"KL20WI0978",NA,"BAY CITY","WI",5,0,2.65e-06,NA,NA,"WDNR4010",2020,NA,-5.576598545,1,NA,0.0274709724489158,5.5129435483871,96.9613265414079,-1.5455976989231,NA,"2020-08-25",1,0,NA,NA,NA,NA,NA,NA,NA,NA,NA,NA,NA,NA,NA,NA,NA,NA,NA,NA,NA,NA,"established"
"1793",0,"KL20WI0979",NA,"BAY CITY","WI",5,0,5.93e-06,NA,NA,"WDNR4011",2020,NA,-5.227118766,1,NA,0.0274709724489158,5.5129435483871,96.9613265414079,-1.5455976989231,NA,"2020-08-25",1,0,NA,NA,NA,NA,NA,NA,NA,NA,NA,NA,NA,NA,NA,NA,NA,NA,NA,NA,NA,NA,"established"
"1794",0,"KL20WI0980",NA,"BAY CITY","WI",5,0,1.53e-05,NA,NA,"WDNR4012",2020,NA,-4.816304045,1,NA,0.0274709724489158,5.5129435483871,96.9613265414079,-1.5455976989231,NA,"2020-08-25",1,0,NA,NA,NA,NA,NA,NA,NA,NA,NA,NA,NA,NA,NA,NA,NA,NA,NA,NA,NA,NA,"established"
"1795",0,"KL20WI1053",NA,"BAY CITY","WI",5,0,6.13e-05,NA,NA,"WDNR4015",2020,NA,-4.212548984,1,NA,0.0274709724489158,5.5129435483871,96.9613265414079,-1.5455976989231,NA,"2020-08-25",1,0,NA,NA,NA,NA,NA,NA,NA,NA,NA,NA,NA,NA,NA,NA,NA,NA,NA,NA,NA,NA,"established"
"1796",0,"KL20WI1054",NA,"BAY CITY","WI",5,0,7.26e-06,NA,NA,"WDNR4016",2020,NA,-5.138906679,1,NA,0.0274709724489158,5.5129435483871,96.9613265414079,-1.5455976989231,NA,"2020-08-25",1,0,NA,NA,NA,NA,NA,NA,NA,NA,NA,NA,NA,NA,NA,NA,NA,NA,NA,NA,NA,NA,"established"
"1797",0,"KL20WI1055",NA,"BAY CITY","WI",5,0,8.27e-06,NA,NA,"WDNR4017",2020,NA,-5.082399502,1,NA,0.0274709724489158,5.5129435483871,96.9613265414079,-1.5455976989231,NA,"2020-08-25",1,0,NA,NA,NA,NA,NA,NA,NA,NA,NA,NA,NA,NA,NA,NA,NA,NA,NA,NA,NA,NA,"established"
"1798",0,"KL20WI1056",NA,"BAY CITY","WI",5,0,3.98e-05,NA,NA,"WDNR4018",2020,NA,-4.400253294,1,NA,0.0274709724489158,5.5129435483871,96.9613265414079,-1.5455976989231,NA,"2020-08-25",1,0,NA,NA,NA,NA,NA,NA,NA,NA,NA,NA,NA,NA,NA,NA,NA,NA,NA,NA,NA,NA,"established"
"1799",0,"KL20WI1057",NA,"BAY CITY","WI",5,0,4.02e-05,NA,NA,"WDNR4019",2020,NA,-4.396129739,1,NA,0.0274709724489158,5.5129435483871,96.9613265414079,-1.5455976989231,NA,"2020-08-25",1,0,NA,NA,NA,NA,NA,NA,NA,NA,NA,NA,NA,NA,NA,NA,NA,NA,NA,NA,NA,NA,"established"
"1800",0,"KL20WI1058",NA,"BAY CITY","WI",5,0,3.08e-05,NA,NA,"WDNR4020",2020,NA,-4.511139818,1,NA,0.0274709724489158,5.5129435483871,96.9613265414079,-1.5455976989231,NA,"2020-08-25",1,0,NA,NA,NA,NA,NA,NA,NA,NA,NA,NA,NA,NA,NA,NA,NA,NA,NA,NA,NA,NA,"established"
"1801",0,"KL20WI1059",NA,"BAY CITY","WI",5,0,7.43e-06,NA,NA,"WDNR4021",2020,NA,-5.128813081,1,NA,0.0274709724489158,5.5129435483871,96.9613265414079,-1.5455976989231,NA,"2020-08-25",1,0,NA,NA,NA,NA,NA,NA,NA,NA,NA,NA,NA,NA,NA,NA,NA,NA,NA,NA,NA,NA,"established"
"1802",0,"KL20WI1060",NA,"BAY CITY","WI",5,0,3.25e-05,NA,NA,"WDNR4022",2020,NA,-4.48751112,1,NA,0.0274709724489158,5.5129435483871,96.9613265414079,-1.5455976989231,NA,"2020-08-25",1,0,NA,NA,NA,NA,NA,NA,NA,NA,NA,NA,NA,NA,NA,NA,NA,NA,NA,NA,NA,NA,"established"
"1803",0,"KL20WI1064",NA,"BAY CITY","WI",5,0,6.02e-06,NA,NA,"WDNR4026",2020,NA,-5.220532662,1,NA,0.0274709724489158,5.5129435483871,96.9613265414079,-1.5455976989231,NA,"2020-08-25",1,0,NA,NA,NA,NA,NA,NA,NA,NA,NA,NA,NA,NA,NA,NA,NA,NA,NA,NA,NA,NA,"established"
"1804",0,"KL20WI1066",NA,"BAY CITY","WI",5,0,6.26e-06,NA,NA,"WDNR4028",2020,NA,-5.203244286,1,NA,0.0274709724489158,5.5129435483871,96.9613265414079,-1.5455976989231,NA,"2020-08-25",1,0,NA,NA,NA,NA,NA,NA,NA,NA,NA,NA,NA,NA,NA,NA,NA,NA,NA,NA,NA,NA,"established"
"1805",0,"KL20WI1067",NA,"BAY CITY","WI",5,0,1.42e-06,NA,NA,"WDNR4029",2020,NA,-5.846238473,1,NA,0.0274709724489158,5.5129435483871,96.9613265414079,-1.5455976989231,NA,"2020-08-25",1,0,NA,NA,NA,NA,NA,NA,NA,NA,NA,NA,NA,NA,NA,NA,NA,NA,NA,NA,NA,NA,"established"
"1806",0,"KL20WI1068",NA,"BAY CITY","WI",5,0,3.64e-05,NA,NA,"WDNR4030",2020,NA,-4.43914023,1,NA,0.0274709724489158,5.5129435483871,96.9613265414079,-1.5455976989231,NA,"2020-08-25",1,0,NA,NA,NA,NA,NA,NA,NA,NA,NA,NA,NA,NA,NA,NA,NA,NA,NA,NA,NA,NA,"established"
"1807",0,"KL20WI1069",NA,"BAY CITY","WI",5,0,2.12e-06,NA,NA,"WDNR4031",2020,NA,-5.67302689,1,NA,0.0274709724489158,5.5129435483871,96.9613265414079,-1.5455976989231,NA,"2020-08-25",1,0,NA,NA,NA,NA,NA,NA,NA,NA,NA,NA,NA,NA,NA,NA,NA,NA,NA,NA,NA,NA,"established"
"1808",0,"KL20WI1070",NA,"BAY CITY","WI",5,0,8.37e-06,NA,NA,"WDNR4032",2020,NA,-5.077405992,1,NA,0.0274709724489158,5.5129435483871,96.9613265414079,-1.5455976989231,NA,"2020-08-25",1,0,NA,NA,NA,NA,NA,NA,NA,NA,NA,NA,NA,NA,NA,NA,NA,NA,NA,NA,NA,NA,"established"
"1809",0,"KL20WI1071",NA,"BAY CITY","WI",5,0,7.38e-06,NA,NA,"WDNR4033",2020,NA,-5.131966001,1,NA,0.0274709724489158,5.5129435483871,96.9613265414079,-1.5455976989231,NA,"2020-08-25",1,0,NA,NA,NA,NA,NA,NA,NA,NA,NA,NA,NA,NA,NA,NA,NA,NA,NA,NA,NA,NA,"established"
"1810",0,"KL20WI1072",NA,"BAY CITY","WI",5,0,5.4e-06,NA,NA,"WDNR4034",2020,NA,-5.267271962,1,NA,0.0274709724489158,5.5129435483871,96.9613265414079,-1.5455976989231,NA,"2020-08-25",1,0,NA,NA,NA,NA,NA,NA,NA,NA,NA,NA,NA,NA,NA,NA,NA,NA,NA,NA,NA,NA,"established"
"1811",0,"KL20WI1221",NA,"BAY CITY","WI",5,0,7.22e-06,NA,NA,"WDNR4036",2020,NA,-5.141702874,1,NA,0.0274709724489158,5.5129435483871,96.9613265414079,-1.5455976989231,NA,"2020-08-26",1,0,NA,NA,NA,NA,NA,NA,NA,NA,NA,NA,NA,NA,NA,NA,NA,NA,NA,NA,NA,NA,"established"
"1812",0,"KL20WI1222",NA,"BAY CITY","WI",5,0,1.7e-06,NA,NA,"WDNR4038",2020,NA,-5.769575476,1,NA,0.0274709724489158,5.5129435483871,96.9613265414079,-1.5455976989231,NA,"2020-08-26",1,0,NA,NA,NA,NA,NA,NA,NA,NA,NA,NA,NA,NA,NA,NA,NA,NA,NA,NA,NA,NA,"established"
"1813",0,"KL20WI1223",NA,"BAY CITY","WI",5,0,3.47e-06,NA,NA,"WDNR4039",2020,NA,-5.459741871,1,NA,0.0274709724489158,5.5129435483871,96.9613265414079,-1.5455976989231,NA,"2020-08-26",1,0,NA,NA,NA,NA,NA,NA,NA,NA,NA,NA,NA,NA,NA,NA,NA,NA,NA,NA,NA,NA,"established"
"1814",0,"KL20WI1224",NA,"BAY CITY","WI",5,0,4.21e-06,NA,NA,"WDNR4043",2020,NA,-5.375350354,1,NA,0.0274709724489158,5.5129435483871,96.9613265414079,-1.5455976989231,NA,"2020-08-26",1,0,NA,NA,NA,NA,NA,NA,NA,NA,NA,NA,NA,NA,NA,NA,NA,NA,NA,NA,NA,NA,"established"
"1815",0,"KL20WI1226",NA,"BAY CITY","WI",5,0,5.5e-05,NA,NA,"WDNR4048",2020,NA,-4.259491609,1,NA,0.0274709724489158,5.5129435483871,96.9613265414079,-1.5455976989231,NA,"2020-08-26",1,0,NA,NA,NA,NA,NA,NA,NA,NA,NA,NA,NA,NA,NA,NA,NA,NA,NA,NA,NA,NA,"established"
"1816",0,"KL20WI0912",NA,"BAY CITY","WI",5,0,2.11e-05,NA,NA,"WDNR4087",2020,NA,-4.676543592,1,NA,0.0274709724489158,5.5129435483871,96.9613265414079,-1.5455976989231,NA,"2020-08-24",1,0,NA,NA,NA,NA,NA,NA,NA,NA,NA,NA,NA,NA,NA,NA,NA,NA,NA,NA,NA,NA,"established"
"1817",0,"KL20WI0913",NA,"BAY CITY","WI",5,0,1.84e-05,NA,NA,"WDNR4101",2020,NA,-4.735327832,1,NA,0.0274709724489158,5.5129435483871,96.9613265414079,-1.5455976989231,NA,"2020-08-24",1,0,NA,NA,NA,NA,NA,NA,NA,NA,NA,NA,NA,NA,NA,NA,NA,NA,NA,NA,NA,NA,"established"
"1818",0,"KL20WI0914",NA,"BAY CITY","WI",5,0,0.000213513,NA,NA,"WDNR4102",2020,NA,-3.670575881,1,NA,0.0274709724489158,5.5129435483871,96.9613265414079,-1.5455976989231,NA,"2020-08-24",1,0,NA,NA,NA,NA,NA,NA,NA,NA,NA,NA,NA,NA,NA,NA,NA,NA,NA,NA,NA,NA,"established"
"1819",0,"KL20WI0915",NA,"BAY CITY","WI",5,0,1.97e-05,NA,NA,"WDNR4103",2020,NA,-4.705287707,1,NA,0.0274709724489158,5.5129435483871,96.9613265414079,-1.5455976989231,NA,"2020-08-24",1,0,NA,NA,NA,NA,NA,NA,NA,NA,NA,NA,NA,NA,NA,NA,NA,NA,NA,NA,NA,NA,"established"
"1820",0,"KL20WI0916",NA,"BAY CITY","WI",5,0,5.8e-06,NA,NA,"WDNR4104",2020,NA,-5.236281463,1,NA,0.0274709724489158,5.5129435483871,96.9613265414079,-1.5455976989231,NA,"2020-08-24",1,0,NA,NA,NA,NA,NA,NA,NA,NA,NA,NA,NA,NA,NA,NA,NA,NA,NA,NA,NA,NA,"established"
"1821",0,"KL20WI0917",NA,"BAY CITY","WI",5,0,3.77e-06,NA,NA,"WDNR4105",2020,NA,-5.423812005,1,NA,0.0274709724489158,5.5129435483871,96.9613265414079,-1.5455976989231,NA,"2020-08-24",1,0,NA,NA,NA,NA,NA,NA,NA,NA,NA,NA,NA,NA,NA,NA,NA,NA,NA,NA,NA,NA,"established"
"1822",0,"KL20WI0918",NA,"BAY CITY","WI",5,0,1.95e-06,NA,NA,"WDNR4106",2020,NA,-5.709833339,1,NA,0.0274709724489158,5.5129435483871,96.9613265414079,-1.5455976989231,NA,"2020-08-24",1,0,NA,NA,NA,NA,NA,NA,NA,NA,NA,NA,NA,NA,NA,NA,NA,NA,NA,NA,NA,NA,"established"
"1823",0,"KL20WI0920",NA,"BAY CITY","WI",5,0,1.56e-05,NA,NA,"WDNR4108",2020,NA,-4.807294029,1,NA,0.0274709724489158,5.5129435483871,96.9613265414079,-1.5455976989231,NA,"2020-08-24",1,0,NA,NA,NA,NA,NA,NA,NA,NA,NA,NA,NA,NA,NA,NA,NA,NA,NA,NA,NA,NA,"established"
"1824",0,"KL20WI0923",NA,"BAY CITY","WI",5,0,8.93e-05,NA,NA,"WDNR4111",2020,NA,-4.048998825,1,NA,0.0274709724489158,5.5129435483871,96.9613265414079,-1.5455976989231,NA,"2020-08-24",1,0,NA,NA,NA,NA,NA,NA,NA,NA,NA,NA,NA,NA,NA,NA,NA,NA,NA,NA,NA,NA,"established"
"1825",0,"KL20WI0924",NA,"BAY CITY","WI",5,0,3.44e-06,NA,NA,"WDNR4112",2020,NA,-5.463349848,1,NA,0.0274709724489158,5.5129435483871,96.9613265414079,-1.5455976989231,NA,"2020-08-24",1,0,NA,NA,NA,NA,NA,NA,NA,NA,NA,NA,NA,NA,NA,NA,NA,NA,NA,NA,NA,NA,"established"
"1826",0,"KL20WI0925",NA,"BAY CITY","WI",5,0,2.87e-06,NA,NA,"WDNR4113",2020,NA,-5.542277248,1,NA,0.0274709724489158,5.5129435483871,96.9613265414079,-1.5455976989231,NA,"2020-08-24",1,0,NA,NA,NA,NA,NA,NA,NA,NA,NA,NA,NA,NA,NA,NA,NA,NA,NA,NA,NA,NA,"established"
"1827",0,"KL20WI0926",NA,"BAY CITY","WI",5,0,4.38e-05,NA,NA,"WDNR4114",2020,NA,-4.358985563,1,NA,0.0274709724489158,5.5129435483871,96.9613265414079,-1.5455976989231,NA,"2020-08-24",1,0,NA,NA,NA,NA,NA,NA,NA,NA,NA,NA,NA,NA,NA,NA,NA,NA,NA,NA,NA,NA,"established"
"1828",0,"KL20WI0927",NA,"BAY CITY","WI",5,0,0.000151016,NA,NA,"WDNR4115",2020,NA,-3.82097675,1,NA,0.0274709724489158,5.5129435483871,96.9613265414079,-1.5455976989231,NA,"2020-08-24",1,0,NA,NA,NA,NA,NA,NA,NA,NA,NA,NA,NA,NA,NA,NA,NA,NA,NA,NA,NA,NA,"established"
"1829",0,"KL20WI0929",NA,"BAY CITY","WI",5,0,5.23e-05,NA,NA,"WDNR4117",2020,NA,-4.281804834,1,NA,0.0274709724489158,5.5129435483871,96.9613265414079,-1.5455976989231,NA,"2020-08-24",1,0,NA,NA,NA,NA,NA,NA,NA,NA,NA,NA,NA,NA,NA,NA,NA,NA,NA,NA,NA,NA,"established"
"1830",0,"KL20WI0930",NA,"BAY CITY","WI",5,0,1.81e-05,NA,NA,"WDNR4118",2020,NA,-4.742823313,1,NA,0.0274709724489158,5.5129435483871,96.9613265414079,-1.5455976989231,NA,"2020-08-24",1,0,NA,NA,NA,NA,NA,NA,NA,NA,NA,NA,NA,NA,NA,NA,NA,NA,NA,NA,NA,NA,"established"
"1831",0,"KL20WI0911",NA,"BAY CITY","WI",5,0,1.48e-05,NA,NA,"WDNR4119",2020,NA,-4.828948763,1,NA,0.0274709724489158,5.5129435483871,96.9613265414079,-1.5455976989231,NA,"2020-08-24",1,0,NA,NA,NA,NA,NA,NA,NA,NA,NA,NA,NA,NA,NA,NA,NA,NA,NA,NA,NA,NA,"established"
"1832",0,"KL20WI1227",NA,"BAY CITY","WI",5,0,2.12e-05,NA,NA,"WDNR4158",2020,NA,-4.673666495,1,NA,0.0274709724489158,5.5129435483871,96.9613265414079,-1.5455976989231,NA,"2020-08-26",1,0,NA,NA,NA,NA,NA,NA,NA,NA,NA,NA,NA,NA,NA,NA,NA,NA,NA,NA,NA,NA,"established"
"1833",0,"KL20WI1229",NA,"BAY CITY","WI",5,0,2.4e-06,NA,NA,"WDNR4160",2020,NA,-5.620135518,1,NA,0.0274709724489158,5.5129435483871,96.9613265414079,-1.5455976989231,NA,"2020-08-26",1,0,NA,NA,NA,NA,NA,NA,NA,NA,NA,NA,NA,NA,NA,NA,NA,NA,NA,NA,NA,NA,"established"
"1834",0,"KL20WI1231",NA,"BAY CITY","WI",5,0,1.35e-05,NA,NA,"WDNR4166",2020,NA,-4.869252723,1,NA,0.0274709724489158,5.5129435483871,96.9613265414079,-1.5455976989231,NA,"2020-08-26",1,0,NA,NA,NA,NA,NA,NA,NA,NA,NA,NA,NA,NA,NA,NA,NA,NA,NA,NA,NA,NA,"established"
"1835",0,"KL20WI1232",NA,"BAY CITY","WI",5,0,1.56e-05,NA,NA,"WDNR4168",2020,NA,-4.807437146,1,NA,0.0274709724489158,5.5129435483871,96.9613265414079,-1.5455976989231,NA,"2020-08-26",1,0,NA,NA,NA,NA,NA,NA,NA,NA,NA,NA,NA,NA,NA,NA,NA,NA,NA,NA,NA,NA,"established"
"1836",0,"KL20WI1236",NA,"BAY CITY","WI",5,0,7.04e-06,NA,NA,"WDNR4183",2020,NA,-5.152331177,1,NA,0.0274709724489158,5.5129435483871,96.9613265414079,-1.5455976989231,NA,"2020-08-26",1,0,NA,NA,NA,NA,NA,NA,NA,NA,NA,NA,NA,NA,NA,NA,NA,NA,NA,NA,NA,NA,"established"
"1837",0,"KL20WI1238",NA,"BAY CITY","WI",5,0,1.39e-06,NA,NA,"WDNR4194",2020,NA,-5.856541915,1,NA,0.0274709724489158,5.5129435483871,96.9613265414079,-1.5455976989231,NA,"2020-08-26",1,0,NA,NA,NA,NA,NA,NA,NA,NA,NA,NA,NA,NA,NA,NA,NA,NA,NA,NA,NA,NA,"established"
"1838",0,"KL20WI1686","3","MAIDEN ROCK","WI",5,0,0.000971229,0,0,"WDNR4196",2020,NA,-3.012678247,1,NA,NA,NA,NA,NA,"Y","2020-11-10",1,0,NA,NA,NA,NA,NA,NA,NA,NA,NA,NA,NA,NA,NA,NA,NA,NA,NA,NA,NA,NA,"established"
"1839",1,"KL23WI1232",NA,"CP TUNNEL","WI",7,4,7.25e-06,0,0,"WDNR4356",2023,NA,-5.139398854,1,NA,0.012028935210678,7.76103448275862,98.8591272909796,-1.8850910755401,"Y","2023-11-04",0,1,NA,NA,NA,NA,NA,NA,NA,NA,NA,NA,NA,NA,NA,NA,NA,NA,NA,NA,NA,NA,"established"
"1840",1,"KL24WI1375","950 to 1000","CP TUNNEL","WI",8,4,5.34e-05,0,0,"WDNR4356",2024,NA,-4.272652285,1,NA,0.0806089621368824,7.02604516129032,90.9485551208831,-1.0882621452551,"Y","2024-11-11",0,1,0,"KL25WI0244","WI",4,"600 to 650",1,0.002590269,1,NA,-2.586655211,1,NA,0.0438827704965504,4.58171084337349,94.615320497781,-1.34792034305698,"Y","2025-03-06",0,1,"established"
"1841",1,"KL21WI1632",NA,"CP TUNNEL","WI",5,1,0.000689185,0,0,"WDNR4357",2021,9.09,-3.161663931,1,0.0549453473539982,0.0124196084965259,8.32713333333333,NA,-1.87226015408347,"Y","2021-11-08",1,1,0,"KL22WI0465","WI",1,"560",1,0.005306494,1,3.86,-2.275192323,1,0.0687675601219573,0.0173130175432083,4.76845503355705,NA,-1.73724008855528,"Y","2022-03-03",0,1,"established"
"1842",1,"KL21WI1645",NA,"CP TUNNEL","WI",5,1,0.000146563,0,0,"WDNR4359",2021,9.78,-3.833974552,1,0.076716381431032,0.0124196084965259,8.32713333333333,NA,-1.87226015408347,"Y","2021-11-08",1,1,0,"KL22WI0486","WI",1,"1075",1,0.039444071,1,3.47,-1.404018272,1,0.08842101145429,0.0173130175432083,4.76845503355705,NA,-1.73724008855528,"Y","2022-03-03",0,1,"established"
"1843",0,"KL20WI0958",NA,"BAY CITY","WI",5,0,5.75e-05,NA,NA,"WDNR4401",2020,NA,-4.240602975,1,NA,0.0274709724489158,5.5129435483871,96.9613265414079,-1.5455976989231,NA,"2020-08-25",1,0,NA,NA,NA,NA,NA,NA,NA,NA,NA,NA,NA,NA,NA,NA,NA,NA,NA,NA,NA,NA,"established"
"1844",0,"KL20WI0959",NA,"BAY CITY","WI",5,0,5.98e-05,NA,NA,"WDNR4403",2020,NA,-4.223290137,1,NA,0.0274709724489158,5.5129435483871,96.9613265414079,-1.5455976989231,NA,"2020-08-25",1,0,NA,NA,NA,NA,NA,NA,NA,NA,NA,NA,NA,NA,NA,NA,NA,NA,NA,NA,NA,NA,"established"
"1845",0,"KL20WI0960",NA,"BAY CITY","WI",5,0,1.11e-05,NA,NA,"WDNR4404",2020,NA,-4.954489259,1,NA,0.0274709724489158,5.5129435483871,96.9613265414079,-1.5455976989231,NA,"2020-08-25",1,0,NA,NA,NA,NA,NA,NA,NA,NA,NA,NA,NA,NA,NA,NA,NA,NA,NA,NA,NA,NA,"established"
"1846",0,"KL20WI0961",NA,"BAY CITY","WI",5,0,3.36e-05,NA,NA,"WDNR4405",2020,NA,-4.474269614,1,NA,0.0274709724489158,5.5129435483871,96.9613265414079,-1.5455976989231,NA,"2020-08-25",1,0,NA,NA,NA,NA,NA,NA,NA,NA,NA,NA,NA,NA,NA,NA,NA,NA,NA,NA,NA,NA,"established"
"1847",0,"KL20WI0962",NA,"BAY CITY","WI",5,0,4.85e-05,NA,NA,"WDNR4406",2020,NA,-4.313820427,1,NA,0.0274709724489158,5.5129435483871,96.9613265414079,-1.5455976989231,NA,"2020-08-25",1,0,NA,NA,NA,NA,NA,NA,NA,NA,NA,NA,NA,NA,NA,NA,NA,NA,NA,NA,NA,NA,"established"
"1848",0,"KL20WI0964",NA,"BAY CITY","WI",5,0,2.4e-05,NA,NA,"WDNR4408",2020,NA,-4.620640901,1,NA,0.0274709724489158,5.5129435483871,96.9613265414079,-1.5455976989231,NA,"2020-08-25",1,0,NA,NA,NA,NA,NA,NA,NA,NA,NA,NA,NA,NA,NA,NA,NA,NA,NA,NA,NA,NA,"established"
"1849",0,"KL20WI0965",NA,"BAY CITY","WI",5,0,7.12e-05,NA,NA,"WDNR4409",2020,NA,-4.147313887,1,NA,0.0274709724489158,5.5129435483871,96.9613265414079,-1.5455976989231,NA,"2020-08-25",1,0,NA,NA,NA,NA,NA,NA,NA,NA,NA,NA,NA,NA,NA,NA,NA,NA,NA,NA,NA,NA,"established"
"1850",0,"KL20WI0966",NA,"BAY CITY","WI",5,0,2.17e-05,NA,NA,"WDNR4410",2020,NA,-4.663250266,1,NA,0.0274709724489158,5.5129435483871,96.9613265414079,-1.5455976989231,NA,"2020-08-25",1,0,NA,NA,NA,NA,NA,NA,NA,NA,NA,NA,NA,NA,NA,NA,NA,NA,NA,NA,NA,NA,"established"
"1851",0,"KL20WI0967",NA,"BAY CITY","WI",5,0,4e-06,NA,NA,"WDNR4411",2020,NA,-5.398000108,1,NA,0.0274709724489158,5.5129435483871,96.9613265414079,-1.5455976989231,NA,"2020-08-25",1,0,NA,NA,NA,NA,NA,NA,NA,NA,NA,NA,NA,NA,NA,NA,NA,NA,NA,NA,NA,NA,"established"
"1852",0,"KL20WI0968",NA,"BAY CITY","WI",5,0,0.000150017,NA,NA,"WDNR4412",2020,NA,-3.823858221,1,NA,0.0274709724489158,5.5129435483871,96.9613265414079,-1.5455976989231,NA,"2020-08-25",1,0,NA,NA,NA,NA,NA,NA,NA,NA,NA,NA,NA,NA,NA,NA,NA,NA,NA,NA,NA,NA,"established"
"1853",0,"KL20WI0910",NA,"BAY CITY","WI",5,0,1.09e-05,NA,NA,"WDNR4413",2020,NA,-4.964082725,1,NA,0.0274709724489158,5.5129435483871,96.9613265414079,-1.5455976989231,"N","2020-08-24",1,0,NA,NA,NA,NA,NA,NA,NA,NA,NA,NA,NA,NA,NA,NA,NA,NA,NA,NA,NA,NA,"established"
"1854",0,"KL20WI0981",NA,"BAY CITY","WI",5,0,4.3e-05,NA,NA,"WDNR4414",2020,NA,-4.36638189,1,NA,0.0274709724489158,5.5129435483871,96.9613265414079,-1.5455976989231,NA,"2020-08-25",1,0,NA,NA,NA,NA,NA,NA,NA,NA,NA,NA,NA,NA,NA,NA,NA,NA,NA,NA,NA,NA,"established"
"1855",0,"KL20WI0982",NA,"BAY CITY","WI",5,0,3.03e-06,NA,NA,"WDNR4415",2020,NA,-5.518666819,1,NA,0.0274709724489158,5.5129435483871,96.9613265414079,-1.5455976989231,NA,"2020-08-25",1,0,NA,NA,NA,NA,NA,NA,NA,NA,NA,NA,NA,NA,NA,NA,NA,NA,NA,NA,NA,NA,"established"
"1856",0,"KL20WI0983",NA,"BAY CITY","WI",5,0,6.58e-05,NA,NA,"WDNR4416",2020,NA,-4.181938879,1,NA,0.0274709724489158,5.5129435483871,96.9613265414079,-1.5455976989231,NA,"2020-08-25",1,0,NA,NA,NA,NA,NA,NA,NA,NA,NA,NA,NA,NA,NA,NA,NA,NA,NA,NA,NA,NA,"established"
"1857",1,"KL20WI0984",NA,"BAY CITY","WI",5,1,2.82e-05,NA,NA,"WDNR4417",2020,NA,-4.549063495,1,NA,0.0274709724489158,5.5129435483871,96.9613265414079,-1.5455976989231,NA,"2020-08-25",1,1,NA,NA,NA,NA,NA,NA,NA,NA,NA,NA,NA,NA,NA,NA,NA,NA,NA,NA,NA,NA,"established"
"1858",0,"KL23WI1513","1A","BAY CITY","WI",8,1,0.000299175,0,0,"WDNR4417",2023,NA,-3.524075102,1,NA,0.0374195461444641,4.59354577191621,NA,-1.4154477698262,"Y","2023-11-08",0,1,NA,NA,NA,NA,NA,NA,NA,NA,NA,NA,NA,NA,NA,NA,NA,NA,NA,NA,NA,NA,"established"
"1859",0,"KL20WI0985",NA,"BAY CITY","WI",5,0,4.01e-05,NA,NA,"WDNR4418",2020,NA,-4.397313448,1,NA,0.0274709724489158,5.5129435483871,96.9613265414079,-1.5455976989231,NA,"2020-08-25",1,0,NA,NA,NA,NA,NA,NA,NA,NA,NA,NA,NA,NA,NA,NA,NA,NA,NA,NA,NA,NA,"established"
"1860",0,"KL20WI0986",NA,"BAY CITY","WI",5,0,4.62e-05,NA,NA,"WDNR4419",2020,NA,-4.335038109,1,NA,0.0274709724489158,5.5129435483871,96.9613265414079,-1.5455976989231,NA,"2020-08-25",1,0,NA,NA,NA,NA,NA,NA,NA,NA,NA,NA,NA,NA,NA,NA,NA,NA,NA,NA,NA,NA,"established"
"1861",0,"KL20WI0987",NA,"BAY CITY","WI",5,0,2.15e-05,NA,NA,"WDNR4420",2020,NA,-4.668088062,1,NA,0.0274709724489158,5.5129435483871,96.9613265414079,-1.5455976989231,NA,"2020-08-25",1,0,NA,NA,NA,NA,NA,NA,NA,NA,NA,NA,NA,NA,NA,NA,NA,NA,NA,NA,NA,NA,"established"
"1862",0,"KL20WI0988",NA,"BAY CITY","WI",5,0,7.15e-05,NA,NA,"WDNR4421",2020,NA,-4.145612634,1,NA,0.0274709724489158,5.5129435483871,96.9613265414079,-1.5455976989231,NA,"2020-08-25",1,0,NA,NA,NA,NA,NA,NA,NA,NA,NA,NA,NA,NA,NA,NA,NA,NA,NA,NA,NA,NA,"established"
"1863",0,"KL20WI0989",NA,"BAY CITY","WI",5,0,5.94e-06,NA,NA,"WDNR4422",2020,NA,-5.226294353,1,NA,0.0274709724489158,5.5129435483871,96.9613265414079,-1.5455976989231,NA,"2020-08-25",1,0,NA,NA,NA,NA,NA,NA,NA,NA,NA,NA,NA,NA,NA,NA,NA,NA,NA,NA,NA,NA,"established"
"1864",1,"KL20WI0990",NA,"BAY CITY","WI",5,1,6.97e-06,NA,NA,"WDNR4423",2020,NA,-5.156625523,1,NA,0.0274709724489158,5.5129435483871,96.9613265414079,-1.5455976989231,NA,"2020-08-25",1,1,NA,NA,NA,NA,NA,NA,NA,NA,NA,NA,NA,NA,NA,NA,NA,NA,NA,NA,NA,NA,"established"
"1865",0,"KL20WI0992",NA,"BAY CITY","WI",5,0,2.54e-05,NA,NA,"WDNR4425",2020,NA,-4.595263583,1,NA,0.0274709724489158,5.5129435483871,96.9613265414079,-1.5455976989231,NA,"2020-08-25",1,0,NA,NA,NA,NA,NA,NA,NA,NA,NA,NA,NA,NA,NA,NA,NA,NA,NA,NA,NA,NA,"established"
"1866",0,"KL20WI0993",NA,"BAY CITY","WI",5,0,6.79e-05,NA,NA,"WDNR4426",2020,NA,-4.168062496,1,NA,0.0274709724489158,5.5129435483871,96.9613265414079,-1.5455976989231,NA,"2020-08-25",1,0,NA,NA,NA,NA,NA,NA,NA,NA,NA,NA,NA,NA,NA,NA,NA,NA,NA,NA,NA,NA,"established"
"1867",0,"KL20WI0994",NA,"BAY CITY","WI",5,0,9.48e-05,NA,NA,"WDNR4427",2020,NA,-4.023314387,1,NA,0.0274709724489158,5.5129435483871,96.9613265414079,-1.5455976989231,NA,"2020-08-25",1,0,NA,NA,NA,NA,NA,NA,NA,NA,NA,NA,NA,NA,NA,NA,NA,NA,NA,NA,NA,NA,"established"
"1868",0,"KL20WI0995",NA,"BAY CITY","WI",5,0,8.4e-05,NA,NA,"WDNR4428",2020,NA,-4.07563084,1,NA,0.0274709724489158,5.5129435483871,96.9613265414079,-1.5455976989231,NA,"2020-08-25",1,0,NA,NA,NA,NA,NA,NA,NA,NA,NA,NA,NA,NA,NA,NA,NA,NA,NA,NA,NA,NA,"established"
"1869",0,"KL20WI0996",NA,"BAY CITY","WI",5,0,1.92e-05,NA,NA,"WDNR4429",2020,NA,-4.717508059,1,NA,0.0274709724489158,5.5129435483871,96.9613265414079,-1.5455976989231,NA,"2020-08-25",1,0,NA,NA,NA,NA,NA,NA,NA,NA,NA,NA,NA,NA,NA,NA,NA,NA,NA,NA,NA,NA,"established"
"1870",0,"KL20WI0997",NA,"BAY CITY","WI",5,0,2.6e-05,NA,NA,"WDNR4430",2020,NA,-4.585710201,1,NA,0.0274709724489158,5.5129435483871,96.9613265414079,-1.5455976989231,NA,"2020-08-25",1,0,NA,NA,NA,NA,NA,NA,NA,NA,NA,NA,NA,NA,NA,NA,NA,NA,NA,NA,NA,NA,"established"
"1871",0,"KL20WI0998",NA,"BAY CITY","WI",5,0,6e-06,NA,NA,"WDNR4431",2020,NA,-5.222069572,1,NA,0.0274709724489158,5.5129435483871,96.9613265414079,-1.5455976989231,NA,"2020-08-25",1,0,NA,NA,NA,NA,NA,NA,NA,NA,NA,NA,NA,NA,NA,NA,NA,NA,NA,NA,NA,NA,"established"
"1872",0,"KL20WI0999",NA,"BAY CITY","WI",5,0,1.94e-06,NA,NA,"WDNR4432",2020,NA,-5.712639392,1,NA,0.0274709724489158,5.5129435483871,96.9613265414079,-1.5455976989231,NA,"2020-08-25",1,0,NA,NA,NA,NA,NA,NA,NA,NA,NA,NA,NA,NA,NA,NA,NA,NA,NA,NA,NA,NA,"established"
"1873",0,"KL20WI1001",NA,"BAY CITY","WI",5,0,3.73e-06,NA,NA,"WDNR4434",2020,NA,-5.428059703,1,NA,0.0274709724489158,5.5129435483871,96.9613265414079,-1.5455976989231,NA,"2020-08-25",1,0,NA,NA,NA,NA,NA,NA,NA,NA,NA,NA,NA,NA,NA,NA,NA,NA,NA,NA,NA,NA,"established"
"1874",0,"KL20WI1003",NA,"BAY CITY","WI",5,0,5.67e-06,NA,NA,"WDNR4436",2020,NA,-5.246649968,1,NA,0.0274709724489158,5.5129435483871,96.9613265414079,-1.5455976989231,NA,"2020-08-25",1,0,NA,NA,NA,NA,NA,NA,NA,NA,NA,NA,NA,NA,NA,NA,NA,NA,NA,NA,NA,NA,"established"
"1875",0,"KL20WI1004",NA,"BAY CITY","WI",5,0,2.83e-06,NA,NA,"WDNR4437",2020,NA,-5.547733114,1,NA,0.0274709724489158,5.5129435483871,96.9613265414079,-1.5455976989231,NA,"2020-08-25",1,0,NA,NA,NA,NA,NA,NA,NA,NA,NA,NA,NA,NA,NA,NA,NA,NA,NA,NA,NA,NA,"established"
"1876",0,"KL20WI1005",NA,"BAY CITY","WI",5,0,1.9e-05,NA,NA,"WDNR4438",2020,NA,-4.720200895,1,NA,0.0274709724489158,5.5129435483871,96.9613265414079,-1.5455976989231,NA,"2020-08-25",1,0,NA,NA,NA,NA,NA,NA,NA,NA,NA,NA,NA,NA,NA,NA,NA,NA,NA,NA,NA,NA,"established"
"1877",0,"KL20WI1006",NA,"BAY CITY","WI",5,0,9.76e-06,NA,NA,"WDNR4439",2020,NA,-5.0105276,1,NA,0.0274709724489158,5.5129435483871,96.9613265414079,-1.5455976989231,NA,"2020-08-25",1,0,NA,NA,NA,NA,NA,NA,NA,NA,NA,NA,NA,NA,NA,NA,NA,NA,NA,NA,NA,NA,"established"
"1878",0,"KL20WI1008",NA,"BAY CITY","WI",5,0,5.45e-06,NA,NA,"WDNR4441",2020,NA,-5.263616646,1,NA,0.0274709724489158,5.5129435483871,96.9613265414079,-1.5455976989231,NA,"2020-08-25",1,0,NA,NA,NA,NA,NA,NA,NA,NA,NA,NA,NA,NA,NA,NA,NA,NA,NA,NA,NA,NA,"established"
"1879",0,"KL20WI1009",NA,"BAY CITY","WI",5,0,6.82e-06,NA,NA,"WDNR4442",2020,NA,-5.166341761,1,NA,0.0274709724489158,5.5129435483871,96.9613265414079,-1.5455976989231,NA,"2020-08-25",1,0,NA,NA,NA,NA,NA,NA,NA,NA,NA,NA,NA,NA,NA,NA,NA,NA,NA,NA,NA,NA,"established"
"1880",1,"KL21WI1653",NA,"CP TUNNEL","WI",5,1,6.46e-05,0,0,"WDNR4448",2021,9.78,-4.189649241,1,0.076716381431032,0.0124196084965259,8.32713333333333,NA,-1.87226015408347,"Y","2021-11-08",1,1,0,"KL22WI0468","WI",1,"650",1,0.006963186,1,3.77,-2.157192011,1,0.0734446060211542,0.0173130175432083,4.76845503355705,NA,-1.73724008855528,"Y","2022-03-03",0,1,"established"
"1881",1,"KL23WI1234",NA,"CP TUNNEL","WI",7,1,0.000129473,0,0,"WDNR4449",2023,NA,-3.887819359,1,NA,0.012028935210678,7.76103448275862,98.8591272909796,-1.8850910755401,"Y","2023-11-04",1,1,NA,NA,NA,NA,NA,NA,NA,NA,NA,NA,NA,NA,NA,NA,NA,NA,NA,NA,NA,NA,"established"
"1882",0,"KL24WI1360","800 to 850","CP TUNNEL","WI",8,1,0.006231421,1,1,"WDNR4449",2024,NA,-2.205412908,1,NA,0.0806089621368824,7.02604516129032,90.9485551208831,-1.0882621452551,"Y","2024-11-11",0,1,NA,NA,NA,NA,NA,NA,NA,NA,NA,NA,NA,NA,NA,NA,NA,NA,NA,NA,NA,NA,"established"
"1883",0,"KL22WI1442","2A","BAY CITY","WI",7,2,0.000354427,0,0,"WDNR4454",2022,NA,-3.45047272,1,NA,0.00578351851168156,3.85630434782609,99.2721384725041,-2.16854498550676,"Y","2022-11-06",0,1,NA,NA,NA,NA,NA,NA,NA,NA,NA,NA,NA,NA,NA,NA,NA,NA,NA,NA,NA,NA,"established"
"1884",0,"KL21WI1937","14","NEDA MINE","WI",7,0,0.005715194,0,0,"WDNR4467",2021,NA,-2.242969014,1,NA,0.0188986821353483,8.01205607476635,98.2467277770573,-1.70117568541434,"Y","2021-11-17",1,0,NA,NA,NA,NA,NA,NA,NA,NA,NA,NA,NA,NA,NA,NA,NA,NA,NA,NA,NA,NA,"established"
"1885",1,"KL20WI1269","14","NEDA MINE","WI",6,2,0.001628832,0,0,"WDNR4469",2020,NA,-2.788123707,1,NA,0.0144845539230808,8.03358536585366,99.1657758921961,-1.81010130122324,"Y","2020-11-05",0,1,NA,NA,NA,NA,NA,NA,NA,NA,NA,NA,NA,NA,NA,NA,NA,NA,NA,NA,NA,NA,"established"
"1886",0,"KL22WI1854","14","NEDA MINE","WI",8,2,0.000811621,0,0,"WDNR4469",2022,NA,-3.090646877,1,NA,0.0132866382992858,7.96672199170124,NA,-1.84506995034301,"Y","2022-11-17",0,1,NA,NA,NA,NA,NA,NA,NA,NA,NA,NA,NA,NA,NA,NA,NA,NA,NA,NA,NA,NA,"established"
"1887",1,"KL20WI1278","21","NEDA MINE","WI",6,3,0.000107996,0,0,"WDNR4470",2020,NA,-3.966591928,1,NA,0.00905161816459097,8.20713286713287,99.1657758921961,-1.99776401750891,"Y","2020-11-05",0,1,NA,NA,NA,NA,NA,NA,NA,NA,NA,NA,NA,NA,NA,NA,NA,NA,NA,NA,NA,NA,"established"
"1888",0,"KL22WI1868","20","NEDA MINE","WI",8,3,0.001137902,0,0,"WDNR4470",2022,NA,-2.943894978,1,NA,0.00599769849291022,8.79071942446043,99.4705384086006,-2.15504477372597,"Y","2022-11-17",0,1,NA,NA,NA,NA,NA,NA,NA,NA,NA,NA,NA,NA,NA,NA,NA,NA,NA,NA,NA,NA,"established"
"1889",0,"KL24WI1187","16","NEDA MINE","WI",10,2,5.72e-06,0,0,"WDNR4477",2024,NA,-5.242520247,1,NA,0.00298779205741835,9.06486559139785,99.7402810928821,-2.39926749596476,"Y","2024-11-07",0,1,NA,NA,NA,NA,NA,NA,NA,NA,NA,NA,NA,NA,NA,NA,NA,NA,NA,NA,NA,NA,NA
"1890",0,"KL20WI0848",NA,"BAY CITY","WI",5,0,2.78e-05,NA,NA,"WDNR4479",2020,NA,-4.556115829,1,NA,0.0274709724489158,5.5129435483871,96.9613265414079,-1.5455976989231,"N","2020-08-24",1,0,NA,NA,NA,NA,NA,NA,NA,NA,NA,NA,NA,NA,NA,NA,NA,NA,NA,NA,NA,NA,"established"
"1891",0,"KL20WI0850",NA,"BAY CITY","WI",5,0,1.54e-05,NA,NA,"WDNR4481",2020,NA,-4.811743717,1,NA,0.0274709724489158,5.5129435483871,96.9613265414079,-1.5455976989231,"N","2020-08-24",1,0,NA,NA,NA,NA,NA,NA,NA,NA,NA,NA,NA,NA,NA,NA,NA,NA,NA,NA,NA,NA,"established"
"1892",0,"KL20WI0851",NA,"BAY CITY","WI",5,0,1.12e-05,NA,NA,"WDNR4482",2020,NA,-4.950860313,1,NA,0.0274709724489158,5.5129435483871,96.9613265414079,-1.5455976989231,"N","2020-08-24",1,0,NA,NA,NA,NA,NA,NA,NA,NA,NA,NA,NA,NA,NA,NA,NA,NA,NA,NA,NA,NA,"established"
"1893",0,"KL20WI0852",NA,"BAY CITY","WI",5,0,3.86e-06,NA,NA,"WDNR4483",2020,NA,-5.413835325,1,NA,0.0274709724489158,5.5129435483871,96.9613265414079,-1.5455976989231,"N","2020-08-24",1,0,NA,NA,NA,NA,NA,NA,NA,NA,NA,NA,NA,NA,NA,NA,NA,NA,NA,NA,NA,NA,"established"
"1894",0,"KL20WI0854",NA,"BAY CITY","WI",5,0,3.18e-05,NA,NA,"WDNR4485",2020,NA,-4.498178583,1,NA,0.0274709724489158,5.5129435483871,96.9613265414079,-1.5455976989231,"N","2020-08-24",1,0,NA,NA,NA,NA,NA,NA,NA,NA,NA,NA,NA,NA,NA,NA,NA,NA,NA,NA,NA,NA,"established"
"1895",0,"KL20WI0855",NA,"BAY CITY","WI",5,0,9.9e-06,NA,NA,"WDNR4486",2020,NA,-5.004361954,1,NA,0.0274709724489158,5.5129435483871,96.9613265414079,-1.5455976989231,"N","2020-08-24",1,0,NA,NA,NA,NA,NA,NA,NA,NA,NA,NA,NA,NA,NA,NA,NA,NA,NA,NA,NA,NA,"established"
"1896",0,"KL20WI0856",NA,"BAY CITY","WI",5,0,1.13e-05,NA,NA,"WDNR4487",2020,NA,-4.946042328,1,NA,0.0274709724489158,5.5129435483871,96.9613265414079,-1.5455976989231,"N","2020-08-24",1,0,NA,NA,NA,NA,NA,NA,NA,NA,NA,NA,NA,NA,NA,NA,NA,NA,NA,NA,NA,NA,"established"
"1897",0,"KL20WI0857",NA,"BAY CITY","WI",5,0,7.38e-06,NA,NA,"WDNR4488",2020,NA,-5.131984569,1,NA,0.0274709724489158,5.5129435483871,96.9613265414079,-1.5455976989231,"N","2020-08-24",1,0,NA,NA,NA,NA,NA,NA,NA,NA,NA,NA,NA,NA,NA,NA,NA,NA,NA,NA,NA,NA,"established"
"1898",0,"KL20WI0858",NA,"BAY CITY","WI",5,0,1.3e-05,NA,NA,"WDNR4489",2020,NA,-4.886548849,1,NA,0.0274709724489158,5.5129435483871,96.9613265414079,-1.5455976989231,"N","2020-08-24",1,0,NA,NA,NA,NA,NA,NA,NA,NA,NA,NA,NA,NA,NA,NA,NA,NA,NA,NA,NA,NA,"established"
"1899",0,"KL20WI0859",NA,"BAY CITY","WI",5,0,2.29e-06,NA,NA,"WDNR4490",2020,NA,-5.63929973,1,NA,0.0274709724489158,5.5129435483871,96.9613265414079,-1.5455976989231,"N","2020-08-24",1,0,NA,NA,NA,NA,NA,NA,NA,NA,NA,NA,NA,NA,NA,NA,NA,NA,NA,NA,NA,NA,"established"
"1900",0,"KL20WI0861",NA,"BAY CITY","WI",5,0,1.59e-05,NA,NA,"WDNR4492",2020,NA,-4.798489537,1,NA,0.0274709724489158,5.5129435483871,96.9613265414079,-1.5455976989231,"N","2020-08-24",1,0,NA,NA,NA,NA,NA,NA,NA,NA,NA,NA,NA,NA,NA,NA,NA,NA,NA,NA,NA,NA,"established"
"1901",0,"KL20WI0864",NA,"BAY CITY","WI",5,0,7.64e-05,NA,NA,"WDNR4498",2020,NA,-4.116762507,1,NA,0.0274709724489158,5.5129435483871,96.9613265414079,-1.5455976989231,"N","2020-08-24",1,0,NA,NA,NA,NA,NA,NA,NA,NA,NA,NA,NA,NA,NA,NA,NA,NA,NA,NA,NA,NA,"established"
"1902",0,"KL20WI0865",NA,"BAY CITY","WI",5,0,2.67e-05,NA,NA,"WDNR4499",2020,NA,-4.574044568,1,NA,0.0274709724489158,5.5129435483871,96.9613265414079,-1.5455976989231,"N","2020-08-24",1,0,NA,NA,NA,NA,NA,NA,NA,NA,NA,NA,NA,NA,NA,NA,NA,NA,NA,NA,NA,NA,"established"
"1903",0,"KL20WI0866",NA,"BAY CITY","WI",5,0,6.79e-06,NA,NA,"WDNR4500",2020,NA,-5.168285519,1,NA,0.0274709724489158,5.5129435483871,96.9613265414079,-1.5455976989231,"N","2020-08-24",1,0,NA,NA,NA,NA,NA,NA,NA,NA,NA,NA,NA,NA,NA,NA,NA,NA,NA,NA,NA,NA,"established"
"1904",0,"KL20WI0847",NA,"BAY CITY","WI",5,0,3.77e-06,NA,NA,"WDNR4506",2020,NA,-5.42331354,1,NA,0.0274709724489158,5.5129435483871,96.9613265414079,-1.5455976989231,"N","2020-08-24",1,0,NA,NA,NA,NA,NA,NA,NA,NA,NA,NA,NA,NA,NA,NA,NA,NA,NA,NA,NA,NA,"established"
"1905",0,"KL20WI0867",NA,"BAY CITY","WI",5,0,5.44e-05,NA,NA,"WDNR4507",2020,NA,-4.264756665,1,NA,0.0274709724489158,5.5129435483871,96.9613265414079,-1.5455976989231,"N","2020-08-24",1,0,NA,NA,NA,NA,NA,NA,NA,NA,NA,NA,NA,NA,NA,NA,NA,NA,NA,NA,NA,NA,"established"
"1906",0,"KL20WI0868",NA,"BAY CITY","WI",5,0,1.15e-05,NA,NA,"WDNR4508",2020,NA,-4.938527918,1,NA,0.0274709724489158,5.5129435483871,96.9613265414079,-1.5455976989231,"N","2020-08-24",1,0,NA,NA,NA,NA,NA,NA,NA,NA,NA,NA,NA,NA,NA,NA,NA,NA,NA,NA,NA,NA,"established"
"1907",0,"KL20WI0869",NA,"BAY CITY","WI",5,0,1.69e-05,NA,NA,"WDNR4509",2020,NA,-4.771069802,1,NA,0.0274709724489158,5.5129435483871,96.9613265414079,-1.5455976989231,"N","2020-08-24",1,0,NA,NA,NA,NA,NA,NA,NA,NA,NA,NA,NA,NA,NA,NA,NA,NA,NA,NA,NA,NA,"established"
"1908",0,"KL20WI0870",NA,"BAY CITY","WI",5,0,6.7e-05,NA,NA,"WDNR4510",2020,NA,-4.173724755,1,NA,0.0274709724489158,5.5129435483871,96.9613265414079,-1.5455976989231,"N","2020-08-24",1,0,NA,NA,NA,NA,NA,NA,NA,NA,NA,NA,NA,NA,NA,NA,NA,NA,NA,NA,NA,NA,"established"
"1909",0,"KL20WI0871",NA,"BAY CITY","WI",5,0,3.1e-05,NA,NA,"WDNR4511",2020,NA,-4.509060337,1,NA,0.0274709724489158,5.5129435483871,96.9613265414079,-1.5455976989231,"N","2020-08-24",1,0,NA,NA,NA,NA,NA,NA,NA,NA,NA,NA,NA,NA,NA,NA,NA,NA,NA,NA,NA,NA,"established"
"1910",0,"KL20WI0872",NA,"BAY CITY","WI",5,0,5.82e-06,NA,NA,"WDNR4512",2020,NA,-5.235268461,1,NA,0.0274709724489158,5.5129435483871,96.9613265414079,-1.5455976989231,"N","2020-08-24",1,0,NA,NA,NA,NA,NA,NA,NA,NA,NA,NA,NA,NA,NA,NA,NA,NA,NA,NA,NA,NA,"established"
"1911",0,"KL20WI0874",NA,"BAY CITY","WI",5,0,3.38e-06,NA,NA,"WDNR4514",2020,NA,-5.471488037,1,NA,0.0274709724489158,5.5129435483871,96.9613265414079,-1.5455976989231,"N","2020-08-24",1,0,NA,NA,NA,NA,NA,NA,NA,NA,NA,NA,NA,NA,NA,NA,NA,NA,NA,NA,NA,NA,"established"
"1912",0,"KL20WI0876",NA,"BAY CITY","WI",5,0,2.34e-05,NA,NA,"WDNR4516",2020,NA,-4.630349045,1,NA,0.0274709724489158,5.5129435483871,96.9613265414079,-1.5455976989231,"N","2020-08-24",1,0,NA,NA,NA,NA,NA,NA,NA,NA,NA,NA,NA,NA,NA,NA,NA,NA,NA,NA,NA,NA,"established"
"1913",0,"KL20WI0877",NA,"BAY CITY","WI",5,0,1.39e-06,NA,NA,"WDNR4517",2020,NA,-5.856571099,1,NA,0.0274709724489158,5.5129435483871,96.9613265414079,-1.5455976989231,"N","2020-08-24",1,0,NA,NA,NA,NA,NA,NA,NA,NA,NA,NA,NA,NA,NA,NA,NA,NA,NA,NA,NA,NA,"established"
"1914",0,"KL20WI0879",NA,"BAY CITY","WI",5,0,1.51e-05,NA,NA,"WDNR4519",2020,NA,-4.821564245,1,NA,0.0274709724489158,5.5129435483871,96.9613265414079,-1.5455976989231,"N","2020-08-24",1,0,NA,NA,NA,NA,NA,NA,NA,NA,NA,NA,NA,NA,NA,NA,NA,NA,NA,NA,NA,NA,"established"
"1915",0,"KL20WI0880",NA,"BAY CITY","WI",5,0,6.07e-05,NA,NA,"WDNR4520",2020,NA,-4.216586099,1,NA,0.0274709724489158,5.5129435483871,96.9613265414079,-1.5455976989231,"N","2020-08-24",1,0,NA,NA,NA,NA,NA,NA,NA,NA,NA,NA,NA,NA,NA,NA,NA,NA,NA,NA,NA,NA,"established"
"1916",0,"KL20WI0881",NA,"BAY CITY","WI",5,0,4.27e-05,NA,NA,"WDNR4521",2020,NA,-4.369228792,1,NA,0.0274709724489158,5.5129435483871,96.9613265414079,-1.5455976989231,"N","2020-08-24",1,0,NA,NA,NA,NA,NA,NA,NA,NA,NA,NA,NA,NA,NA,NA,NA,NA,NA,NA,NA,NA,"established"
"1917",0,"KL20WI0883",NA,"BAY CITY","WI",5,0,6.16e-06,NA,NA,"WDNR4523",2020,NA,-5.210387915,1,NA,0.0274709724489158,5.5129435483871,96.9613265414079,-1.5455976989231,"N","2020-08-24",1,0,NA,NA,NA,NA,NA,NA,NA,NA,NA,NA,NA,NA,NA,NA,NA,NA,NA,NA,NA,NA,"established"
"1918",0,"KL20WI0885",NA,"BAY CITY","WI",5,0,1.49e-05,NA,NA,"WDNR4525",2020,NA,-4.827262394,1,NA,0.0274709724489158,5.5129435483871,96.9613265414079,-1.5455976989231,"N","2020-08-24",1,0,NA,NA,NA,NA,NA,NA,NA,NA,NA,NA,NA,NA,NA,NA,NA,NA,NA,NA,NA,NA,"established"
"1919",0,"KL20WI0888",NA,"BAY CITY","WI",5,0,1.73e-05,NA,NA,"WDNR4528",2020,NA,-4.760927114,1,NA,0.0274709724489158,5.5129435483871,96.9613265414079,-1.5455976989231,"N","2020-08-24",1,0,NA,NA,NA,NA,NA,NA,NA,NA,NA,NA,NA,NA,NA,NA,NA,NA,NA,NA,NA,NA,"established"
"1920",0,"KL20WI0889",NA,"BAY CITY","WI",5,0,6.13e-06,NA,NA,"WDNR4529",2020,NA,-5.212576722,1,NA,0.0274709724489158,5.5129435483871,96.9613265414079,-1.5455976989231,"N","2020-08-24",1,0,NA,NA,NA,NA,NA,NA,NA,NA,NA,NA,NA,NA,NA,NA,NA,NA,NA,NA,NA,NA,"established"
"1921",0,"KL20WI0890",NA,"BAY CITY","WI",5,0,1.06e-05,NA,NA,"WDNR4530",2020,NA,-4.976116502,1,NA,0.0274709724489158,5.5129435483871,96.9613265414079,-1.5455976989231,"N","2020-08-24",1,0,NA,NA,NA,NA,NA,NA,NA,NA,NA,NA,NA,NA,NA,NA,NA,NA,NA,NA,NA,NA,"established"
"1922",0,"KL20WI0891",NA,"BAY CITY","WI",5,0,8.2e-06,NA,NA,"WDNR4531",2020,NA,-5.086258977,1,NA,0.0274709724489158,5.5129435483871,96.9613265414079,-1.5455976989231,"N","2020-08-24",1,0,NA,NA,NA,NA,NA,NA,NA,NA,NA,NA,NA,NA,NA,NA,NA,NA,NA,NA,NA,NA,"established"
"1923",0,"KL20WI0892",NA,"BAY CITY","WI",5,0,0.000161316,NA,NA,"WDNR4532",2020,NA,-3.792323094,1,NA,0.0274709724489158,5.5129435483871,96.9613265414079,-1.5455976989231,"N","2020-08-24",1,0,NA,NA,NA,NA,NA,NA,NA,NA,NA,NA,NA,NA,NA,NA,NA,NA,NA,NA,NA,NA,"established"
"1924",0,"KL20WI0893",NA,"BAY CITY","WI",5,0,2.8e-06,NA,NA,"WDNR4533",2020,NA,-5.553319645,1,NA,0.0274709724489158,5.5129435483871,96.9613265414079,-1.5455976989231,"N","2020-08-24",1,0,NA,NA,NA,NA,NA,NA,NA,NA,NA,NA,NA,NA,NA,NA,NA,NA,NA,NA,NA,NA,"established"
"1925",0,"KL20WI0894",NA,"BAY CITY","WI",5,0,4.52e-06,NA,NA,"WDNR4534",2020,NA,-5.345323441,1,NA,0.0274709724489158,5.5129435483871,96.9613265414079,-1.5455976989231,"N","2020-08-24",1,0,NA,NA,NA,NA,NA,NA,NA,NA,NA,NA,NA,NA,NA,NA,NA,NA,NA,NA,NA,NA,"established"
"1926",0,"KL20WI0895",NA,"BAY CITY","WI",5,0,2.99e-05,NA,NA,"WDNR4535",2020,NA,-4.523733771,1,NA,0.0274709724489158,5.5129435483871,96.9613265414079,-1.5455976989231,"N","2020-08-24",1,0,NA,NA,NA,NA,NA,NA,NA,NA,NA,NA,NA,NA,NA,NA,NA,NA,NA,NA,NA,NA,"established"
"1927",0,"KL20WI0896",NA,"BAY CITY","WI",5,0,1.24e-05,NA,NA,"WDNR4536",2020,NA,-4.906087209,1,NA,0.0274709724489158,5.5129435483871,96.9613265414079,-1.5455976989231,"N","2020-08-24",1,0,NA,NA,NA,NA,NA,NA,NA,NA,NA,NA,NA,NA,NA,NA,NA,NA,NA,NA,NA,NA,"established"
"1928",0,"KL20WI0897",NA,"BAY CITY","WI",5,0,1.74e-05,NA,NA,"WDNR4537",2020,NA,-4.759914121,1,NA,0.0274709724489158,5.5129435483871,96.9613265414079,-1.5455976989231,"N","2020-08-24",1,0,NA,NA,NA,NA,NA,NA,NA,NA,NA,NA,NA,NA,NA,NA,NA,NA,NA,NA,NA,NA,"established"
"1929",0,"KL20WI0898",NA,"BAY CITY","WI",5,0,1.52e-05,NA,NA,"WDNR4538",2020,NA,-4.816742402,1,NA,0.0274709724489158,5.5129435483871,96.9613265414079,-1.5455976989231,"N","2020-08-24",1,0,NA,NA,NA,NA,NA,NA,NA,NA,NA,NA,NA,NA,NA,NA,NA,NA,NA,NA,NA,NA,"established"
"1930",0,"KL20WI0900",NA,"BAY CITY","WI",5,0,1.4e-05,NA,NA,"WDNR4540",2020,NA,-4.855139004,1,NA,0.0274709724489158,5.5129435483871,96.9613265414079,-1.5455976989231,"N","2020-08-24",1,0,NA,NA,NA,NA,NA,NA,NA,NA,NA,NA,NA,NA,NA,NA,NA,NA,NA,NA,NA,NA,"established"
"1931",0,"KL20WI0901",NA,"BAY CITY","WI",5,0,2.42e-05,NA,NA,"WDNR4541",2020,NA,-4.616461361,1,NA,0.0274709724489158,5.5129435483871,96.9613265414079,-1.5455976989231,"N","2020-08-24",1,0,NA,NA,NA,NA,NA,NA,NA,NA,NA,NA,NA,NA,NA,NA,NA,NA,NA,NA,NA,NA,"established"
"1932",0,"KL20WI0905",NA,"BAY CITY","WI",5,0,2.12e-06,NA,NA,"WDNR4546",2020,NA,-5.672974425,1,NA,0.0274709724489158,5.5129435483871,96.9613265414079,-1.5455976989231,"N","2020-08-24",1,0,NA,NA,NA,NA,NA,NA,NA,NA,NA,NA,NA,NA,NA,NA,NA,NA,NA,NA,NA,NA,"established"
"1933",0,"KL20WI0907",NA,"BAY CITY","WI",5,0,2.27e-06,NA,NA,"WDNR4548",2020,NA,-5.643241626,1,NA,0.0274709724489158,5.5129435483871,96.9613265414079,-1.5455976989231,"N","2020-08-24",1,0,NA,NA,NA,NA,NA,NA,NA,NA,NA,NA,NA,NA,NA,NA,NA,NA,NA,NA,NA,NA,"established"
"1934",0,"KL21WI1569","B","ELROY SPARTA","WI",6,1,1.69e-05,0,0,"WDNR4577",2021,9.35,-4.771081243,1,0.0438022382498424,0.0130197452664096,8.5834832419244,NA,-1.85325987726791,"Y","2021-11-05",0,1,NA,NA,NA,NA,NA,NA,NA,NA,NA,NA,NA,NA,NA,NA,NA,NA,NA,NA,NA,NA,"established"
"1935",1,"KL21WI1579","B","ELROY SPARTA","WI",6,4,9.32e-05,0,0,"WDNR4578",2021,9.31,-4.030708251,1,0.0379375888942787,0.0130197452664096,8.5834832419244,NA,-1.85325987726791,"Y","2021-11-05",0,1,NA,NA,NA,NA,NA,NA,NA,NA,NA,NA,NA,NA,NA,NA,NA,NA,NA,NA,NA,NA,"established"
"1936",1,"KL22WI1955","B","ELROY SPARTA","WI",7,4,0.000156948,0,0,"WDNR4578",2022,NA,-3.80424512,1,NA,0.0186698748248385,8.54377593360996,NA,-1.70619840383536,"Y","2022-11-18",0,1,NA,NA,NA,NA,NA,NA,NA,NA,NA,NA,NA,NA,NA,NA,NA,NA,NA,NA,NA,NA,"established"
"1937",1,"KL23WI1318","B","ELROY SPARTA","WI",8,4,3.13e-05,0,0,"WDNR4578",2023,NA,-4.505147974,1,NA,0.0130197452664096,8.5834832419244,98.5725309013097,-1.85325987726791,"Y","2023-11-05",0,1,0,"KL24WI0452","WI",4,"B",1,0.003012738,1,NA,-2.521038597,1,NA,0.0203052228963963,7.74869914135626,NA,-1.67151391782736,"Y","2024-03-13",0,1,"established"
"1938",1,"KL21WI1783","D","HORSESHOE BAY","WI",7,3,0.001017302,0,0,"WDNR4587",2021,NA,-2.992550295,1,NA,0.00512600746514702,9.86141351888668,NA,-2.21282247829827,"Y","2021-11-14",0,1,1,"KL22WI0690","WI",3,"B",0,0.059051764,0,NA,-1.228767125,1,NA,0.007012414456388,4.97468168168168,NA,-2.09623659414295,"Y","2022-03-11",0,1,"established"
"1939",0,"KL22WI1775","D","HORSESHOE BAY","WI",8,3,3.81e-05,0,0,"WDNR4587",2022,NA,-4.419321985,1,NA,0.00512600746514702,9.93302533783784,NA,-2.21282247829827,"Y","2022-11-14",0,1,NA,NA,NA,NA,NA,NA,NA,NA,NA,NA,NA,NA,NA,NA,NA,NA,NA,NA,NA,NA,"established"
"1940",1,"KL22WI1773","D","HORSESHOE BAY","WI",8,3,1.77e-05,0,0,"WDNR4588",2022,NA,-4.75283751,1,NA,0.00512600746514702,9.93302533783784,NA,-2.21282247829827,"Y","2022-11-14",0,1,1,"KL23WI0681","WI",3,"B",1,0.056237288,1,NA,-1.249975628,1,NA,0.00711750722281278,7.63032323232323,99.3269507776963,-2.09057731627432,"Y","2023-03-12",0,1,"established"
"1941",0,"KL24WI1607","D","HORSESHOE BAY","WI",10,3,0.000237967,0,0,"WDNR4588",2024,NA,-3.623482967,1,NA,0.00512600746514702,9.93302533783784,NA,-2.21282247829827,"Y","2024-11-18",0,1,NA,NA,NA,NA,NA,NA,NA,NA,NA,NA,NA,NA,NA,NA,NA,NA,NA,NA,NA,NA,NA
"1942",0,"KL24WI1601","D","HORSESHOE BAY","WI",10,3,0.010657689,0,0,"WDNR4589",2024,NA,-1.97233696,1,NA,0.00512600746514702,9.93302533783784,NA,-2.21282247829827,"Y","2024-11-18",0,1,NA,NA,NA,NA,NA,NA,NA,NA,NA,NA,NA,NA,NA,NA,NA,NA,NA,NA,NA,NA,NA
"1943",1,"KL22WI1894","5","NEDA MINE","WI",8,2,0.000705627,1,1,"WDNR4593",2022,NA,-3.151424594,1,NA,0.0123155799355492,8.55335966735967,NA,-1.87563991391719,"Y","2022-11-17",0,1,NA,NA,NA,NA,NA,NA,NA,NA,NA,NA,NA,NA,NA,NA,NA,NA,NA,NA,NA,NA,"established"
"1944",1,"KL22WI1706","C","CP TUNNEL","WI",6,2,4.49e-06,0,0,"WDNR4635",2022,NA,-5.348217982,1,NA,0.0124353221238346,8.34990291262136,NA,-1.87175191650831,"Y","2022-11-09",0,1,NA,NA,NA,NA,NA,NA,NA,NA,NA,NA,NA,NA,NA,NA,NA,NA,NA,NA,NA,NA,"established"
"1945",0,"KL23WI1207",NA,"CP TUNNEL","WI",7,2,1.18e-05,0,0,"WDNR4635",2023,NA,-4.928657417,1,NA,0.012028935210678,7.76103448275862,98.8591272909796,-1.8850910755401,"Y","2023-11-04",0,1,NA,NA,NA,NA,NA,NA,NA,NA,NA,NA,NA,NA,NA,NA,NA,NA,NA,NA,NA,NA,"established"
"1946",1,"KL23WI1226",NA,"CP TUNNEL","WI",7,2,1.69e-06,0,0,"WDNR4636",2023,NA,-5.7720728,1,NA,0.012028935210678,7.76103448275862,98.8591272909796,-1.8850910755401,"Y","2023-11-04",0,1,NA,NA,NA,NA,NA,NA,NA,NA,NA,NA,NA,NA,NA,NA,NA,NA,NA,NA,NA,NA,"established"
"1947",0,"KL24WI1380","1000 to 1050","CP TUNNEL","WI",8,2,0.007430375,1,1,"WDNR4636",2024,NA,-2.128989252,1,NA,0.0806089621368824,7.02604516129032,90.9485551208831,-1.0882621452551,"Y","2024-11-11",0,1,NA,NA,NA,NA,NA,NA,NA,NA,NA,NA,NA,NA,NA,NA,NA,NA,NA,NA,NA,NA,"established"
"1948",1,"KL22WI1768","D","HORSESHOE BAY","WI",8,2,2.27e-05,0,0,"WDNR4638",2022,NA,-4.644418092,1,NA,0.00512600746514702,9.93302533783784,NA,-2.21282247829827,"Y","2022-11-14",0,1,0,"KL23WI0675","WI",2,"B",1,0.282254289,1,NA,-0.549359449,1,NA,0.00711750722281278,7.63032323232323,99.3269507776963,-2.09057731627432,"Y","2023-03-12",0,1,"established"
"1949",0,"KL23WI1518","1A","BAY CITY","WI",8,0,0.000138051,0,0,"WDNR4658",2023,NA,-3.859960032,1,NA,0.0374195461444641,4.59354577191621,NA,-1.4154477698262,"Y","2023-11-08",1,0,NA,NA,NA,NA,NA,NA,NA,NA,NA,NA,NA,NA,NA,NA,NA,NA,NA,NA,NA,NA,"established"
"1950",0,"KL20WI1088",NA,"MAIDEN ROCK","WI",5,0,0.000124127,NA,NA,"WDNR4710",2020,NA,-3.90613479,1,NA,NA,NA,NA,NA,"N","2020-08-27",1,0,NA,NA,NA,NA,NA,NA,NA,NA,NA,NA,NA,NA,NA,NA,NA,NA,NA,NA,NA,NA,"established"
"1951",0,"KL20WI1089",NA,"MAIDEN ROCK","WI",5,0,2.44e-05,NA,NA,"WDNR4711",2020,NA,-4.612606258,1,NA,NA,NA,NA,NA,"N","2020-08-27",1,0,NA,NA,NA,NA,NA,NA,NA,NA,NA,NA,NA,NA,NA,NA,NA,NA,NA,NA,NA,NA,"established"
"1952",0,"KL20WI1090",NA,"MAIDEN ROCK","WI",5,0,5.17e-06,NA,NA,"WDNR4712",2020,NA,-5.286809787,1,NA,NA,NA,NA,NA,"N","2020-08-27",1,0,NA,NA,NA,NA,NA,NA,NA,NA,NA,NA,NA,NA,NA,NA,NA,NA,NA,NA,NA,NA,"established"
"1953",0,"KL20WI1091",NA,"MAIDEN ROCK","WI",5,0,0.000111136,NA,NA,"WDNR4713",2020,NA,-3.954145043,1,NA,NA,NA,NA,NA,"N","2020-08-27",1,0,NA,NA,NA,NA,NA,NA,NA,NA,NA,NA,NA,NA,NA,NA,NA,NA,NA,NA,NA,NA,"established"
"1954",0,"KL20WI1092",NA,"MAIDEN ROCK","WI",5,0,2.81e-05,NA,NA,"WDNR4714",2020,NA,-4.551668324,1,NA,NA,NA,NA,NA,"N","2020-08-27",1,0,NA,NA,NA,NA,NA,NA,NA,NA,NA,NA,NA,NA,NA,NA,NA,NA,NA,NA,NA,NA,"established"
"1955",0,"KL20WI1093",NA,"MAIDEN ROCK","WI",5,0,8.1e-05,NA,NA,"WDNR4715",2020,NA,-4.091484421,1,NA,NA,NA,NA,NA,"N","2020-08-27",1,0,NA,NA,NA,NA,NA,NA,NA,NA,NA,NA,NA,NA,NA,NA,NA,NA,NA,NA,NA,NA,"established"
"1956",0,"KL20WI1094",NA,"MAIDEN ROCK","WI",5,0,3.21e-05,NA,NA,"WDNR4716",2020,NA,-4.492964195,1,NA,NA,NA,NA,NA,"N","2020-08-27",1,0,NA,NA,NA,NA,NA,NA,NA,NA,NA,NA,NA,NA,NA,NA,NA,NA,NA,NA,NA,NA,"established"
"1957",0,"KL20WI1095",NA,"MAIDEN ROCK","WI",5,0,2.99e-06,NA,NA,"WDNR4717",2020,NA,-5.524915287,1,NA,NA,NA,NA,NA,"N","2020-08-27",1,0,NA,NA,NA,NA,NA,NA,NA,NA,NA,NA,NA,NA,NA,NA,NA,NA,NA,NA,NA,NA,"established"
"1958",0,"KL20WI1096",NA,"MAIDEN ROCK","WI",5,0,1.65e-05,NA,NA,"WDNR4718",2020,NA,-4.781273909,1,NA,NA,NA,NA,NA,"N","2020-08-27",1,0,NA,NA,NA,NA,NA,NA,NA,NA,NA,NA,NA,NA,NA,NA,NA,NA,NA,NA,NA,NA,"established"
"1959",0,"KL20WI1097",NA,"MAIDEN ROCK","WI",5,0,5.4e-05,NA,NA,"WDNR4719",2020,NA,-4.267694314,1,NA,NA,NA,NA,NA,"N","2020-08-27",1,0,NA,NA,NA,NA,NA,NA,NA,NA,NA,NA,NA,NA,NA,NA,NA,NA,NA,NA,NA,NA,"established"
"1960",0,"KL20WI1098",NA,"MAIDEN ROCK","WI",5,0,8.38e-06,NA,NA,"WDNR4720",2020,NA,-5.076556785,1,NA,NA,NA,NA,NA,"N","2020-08-27",1,0,NA,NA,NA,NA,NA,NA,NA,NA,NA,NA,NA,NA,NA,NA,NA,NA,NA,NA,NA,NA,"established"
"1961",0,"KL20WI1099",NA,"MAIDEN ROCK","WI",5,0,0.000102161,NA,NA,"WDNR4721",2020,NA,-3.990714865,1,NA,NA,NA,NA,NA,"N","2020-08-27",1,0,NA,NA,NA,NA,NA,NA,NA,NA,NA,NA,NA,NA,NA,NA,NA,NA,NA,NA,NA,NA,"established"
"1962",0,"KL20WI1100",NA,"MAIDEN ROCK","WI",5,0,2.18e-05,NA,NA,"WDNR4722",2020,NA,-4.660663756,1,NA,NA,NA,NA,NA,"N","2020-08-27",1,0,NA,NA,NA,NA,NA,NA,NA,NA,NA,NA,NA,NA,NA,NA,NA,NA,NA,NA,NA,NA,"established"
"1963",0,"KL20WI1101",NA,"MAIDEN ROCK","WI",5,0,1.9e-05,NA,NA,"WDNR4723",2020,NA,-4.722005019,1,NA,NA,NA,NA,NA,"N","2020-08-27",1,0,NA,NA,NA,NA,NA,NA,NA,NA,NA,NA,NA,NA,NA,NA,NA,NA,NA,NA,NA,NA,"established"
"1964",0,"KL20WI1102",NA,"MAIDEN ROCK","WI",5,0,8.75e-05,NA,NA,"WDNR4724",2020,NA,-4.057764808,1,NA,NA,NA,NA,NA,"N","2020-08-27",1,0,NA,NA,NA,NA,NA,NA,NA,NA,NA,NA,NA,NA,NA,NA,NA,NA,NA,NA,NA,NA,"established"
"1965",0,"KL20WI1103",NA,"MAIDEN ROCK","WI",5,0,7.96e-05,NA,NA,"WDNR4725",2020,NA,-4.099235523,1,NA,NA,NA,NA,NA,"N","2020-08-27",1,0,NA,NA,NA,NA,NA,NA,NA,NA,NA,NA,NA,NA,NA,NA,NA,NA,NA,NA,NA,NA,"established"
"1966",0,"KL20WI1104",NA,"MAIDEN ROCK","WI",5,0,3.74e-06,NA,NA,"WDNR4726",2020,NA,-5.427597317,1,NA,NA,NA,NA,NA,"N","2020-08-27",1,0,NA,NA,NA,NA,NA,NA,NA,NA,NA,NA,NA,NA,NA,NA,NA,NA,NA,NA,NA,NA,"established"
"1967",0,"KL20WI1105",NA,"MAIDEN ROCK","WI",5,0,3.07e-05,NA,NA,"WDNR4727",2020,NA,-4.512282574,1,NA,NA,NA,NA,NA,"N","2020-08-27",1,0,NA,NA,NA,NA,NA,NA,NA,NA,NA,NA,NA,NA,NA,NA,NA,NA,NA,NA,NA,NA,"established"
"1968",0,"KL20WI1106",NA,"MAIDEN ROCK","WI",5,0,4.99e-05,NA,NA,"WDNR4728",2020,NA,-4.302169471,1,NA,NA,NA,NA,NA,"N","2020-08-27",1,0,NA,NA,NA,NA,NA,NA,NA,NA,NA,NA,NA,NA,NA,NA,NA,NA,NA,NA,NA,NA,"established"
"1969",0,"KL20WI1107",NA,"MAIDEN ROCK","WI",5,0,3.05e-05,NA,NA,"WDNR4729",2020,NA,-4.515183017,1,NA,NA,NA,NA,NA,"N","2020-08-27",1,0,NA,NA,NA,NA,NA,NA,NA,NA,NA,NA,NA,NA,NA,NA,NA,NA,NA,NA,NA,NA,"established"
"1970",0,"KL20WI1108",NA,"MAIDEN ROCK","WI",5,0,3.03e-05,NA,NA,"WDNR4730",2020,NA,-4.518675923,1,NA,NA,NA,NA,NA,"N","2020-08-27",1,0,NA,NA,NA,NA,NA,NA,NA,NA,NA,NA,NA,NA,NA,NA,NA,NA,NA,NA,NA,NA,"established"
"1971",0,"KL20WI1109",NA,"MAIDEN ROCK","WI",5,0,0.000154865,NA,NA,"WDNR4731",2020,NA,-3.810046583,1,NA,NA,NA,NA,NA,"N","2020-08-27",1,0,NA,NA,NA,NA,NA,NA,NA,NA,NA,NA,NA,NA,NA,NA,NA,NA,NA,NA,NA,NA,"established"
"1972",0,"KL20WI1685","3","MAIDEN ROCK","WI",5,1,0.004698099,0,0,"WDNR4732",2020,NA,-2.328077836,1,NA,NA,NA,NA,NA,"Y","2020-11-10",0,1,NA,NA,NA,NA,NA,NA,NA,NA,NA,NA,NA,NA,NA,NA,NA,NA,NA,NA,NA,NA,"established"
"1973",1,"KL20WI1112",NA,"MAIDEN ROCK","WI",5,1,6.63e-05,NA,NA,"WDNR4734",2020,NA,-4.178410526,1,NA,NA,NA,NA,NA,"N","2020-08-27",1,1,0,"KL21WI0440","WI",1,"8",NA,7.43e-05,NA,NA,-4.129144622,1,NA,NA,NA,NA,NA,"Y","2021-03-02",0,1,"established"
"1974",0,"KL20WI1113",NA,"MAIDEN ROCK","WI",5,0,5.09e-05,NA,NA,"WDNR4735",2020,NA,-4.29305455,1,NA,NA,NA,NA,NA,"N","2020-08-27",1,0,NA,NA,NA,NA,NA,NA,NA,NA,NA,NA,NA,NA,NA,NA,NA,NA,NA,NA,NA,NA,"established"
"1975",0,"KL20WI1115",NA,"MAIDEN ROCK","WI",5,0,0.000159062,NA,NA,"WDNR4737",2020,NA,-3.798434653,1,NA,NA,NA,NA,NA,NA,"2020-08-27",1,0,NA,NA,NA,NA,NA,NA,NA,NA,NA,NA,NA,NA,NA,NA,NA,NA,NA,NA,NA,NA,"established"
"1976",0,"KL20WI1116",NA,"MAIDEN ROCK","WI",5,0,3.69e-06,NA,NA,"WDNR4739",2020,NA,-5.433422166,1,NA,NA,NA,NA,NA,NA,"2020-08-27",1,0,NA,NA,NA,NA,NA,NA,NA,NA,NA,NA,NA,NA,NA,NA,NA,NA,NA,NA,NA,NA,"established"
"1977",0,"KL20WI1117",NA,"MAIDEN ROCK","WI",5,0,4.23e-05,NA,NA,"WDNR4740",2020,NA,-4.37349652,1,NA,NA,NA,NA,NA,NA,"2020-08-27",1,0,NA,NA,NA,NA,NA,NA,NA,NA,NA,NA,NA,NA,NA,NA,NA,NA,NA,NA,NA,NA,"established"
"1978",0,"KL20WI1119",NA,"MAIDEN ROCK","WI",5,0,4.71e-05,NA,NA,"WDNR4741",2020,NA,-4.327291925,1,NA,NA,NA,NA,NA,"N","2020-08-27",1,0,NA,NA,NA,NA,NA,NA,NA,NA,NA,NA,NA,NA,NA,NA,NA,NA,NA,NA,NA,NA,"established"
"1979",0,"KL20WI1122",NA,"MAIDEN ROCK","WI",5,0,7.01e-05,NA,NA,"WDNR4744",2020,NA,-4.153999689,1,NA,NA,NA,NA,NA,NA,"2020-08-27",1,0,NA,NA,NA,NA,NA,NA,NA,NA,NA,NA,NA,NA,NA,NA,NA,NA,NA,NA,NA,NA,"established"
"1980",0,"KL20WI1123",NA,"MAIDEN ROCK","WI",5,0,3.97e-06,NA,NA,"WDNR4745",2020,NA,-5.401116464,1,NA,NA,NA,NA,NA,NA,"2020-08-27",1,0,NA,NA,NA,NA,NA,NA,NA,NA,NA,NA,NA,NA,NA,NA,NA,NA,NA,NA,NA,NA,"established"
"1981",0,"KL20WI1124",NA,"MAIDEN ROCK","WI",5,0,1.27e-05,NA,NA,"WDNR4746",2020,NA,-4.896645168,1,NA,NA,NA,NA,NA,NA,"2020-08-27",1,0,NA,NA,NA,NA,NA,NA,NA,NA,NA,NA,NA,NA,NA,NA,NA,NA,NA,NA,NA,NA,"established"
"1982",0,"KL20WI1126",NA,"MAIDEN ROCK","WI",5,0,2.6e-05,NA,NA,"WDNR4748",2020,NA,-4.585324998,1,NA,NA,NA,NA,NA,NA,"2020-08-27",1,0,NA,NA,NA,NA,NA,NA,NA,NA,NA,NA,NA,NA,NA,NA,NA,NA,NA,NA,NA,NA,"established"
"1983",0,"KL20WI1127",NA,"MAIDEN ROCK","WI",5,0,1.21e-05,NA,NA,"WDNR4749",2020,NA,-4.917507788,1,NA,NA,NA,NA,NA,NA,"2020-08-27",1,0,NA,NA,NA,NA,NA,NA,NA,NA,NA,NA,NA,NA,NA,NA,NA,NA,NA,NA,NA,NA,"established"
"1984",0,"KL20WI1129",NA,"MAIDEN ROCK","WI",5,0,4.95e-05,NA,NA,"WDNR4801",2020,NA,-4.305831552,1,NA,NA,NA,NA,NA,NA,"2020-08-27",1,0,NA,NA,NA,NA,NA,NA,NA,NA,NA,NA,NA,NA,NA,NA,NA,NA,NA,NA,NA,NA,"established"
"1985",0,"KL20WI1130",NA,"MAIDEN ROCK","WI",5,0,3.29e-06,NA,NA,"WDNR4802",2020,NA,-5.482514119,1,NA,NA,NA,NA,NA,NA,"2020-08-27",1,0,NA,NA,NA,NA,NA,NA,NA,NA,NA,NA,NA,NA,NA,NA,NA,NA,NA,NA,NA,NA,"established"
"1986",0,"KL20WI1131",NA,"MAIDEN ROCK","WI",5,0,4.99e-05,NA,NA,"WDNR4803",2020,NA,-4.301997813,1,NA,NA,NA,NA,NA,NA,"2020-08-27",1,0,NA,NA,NA,NA,NA,NA,NA,NA,NA,NA,NA,NA,NA,NA,NA,NA,NA,NA,NA,NA,"established"
"1987",0,"KL20WI1132",NA,"MAIDEN ROCK","WI",5,0,3.82e-06,NA,NA,"WDNR4804",2020,NA,-5.418233639,1,NA,NA,NA,NA,NA,NA,"2020-08-27",1,0,NA,NA,NA,NA,NA,NA,NA,NA,NA,NA,NA,NA,NA,NA,NA,NA,NA,NA,NA,NA,"established"
"1988",0,"KL20WI1133",NA,"MAIDEN ROCK","WI",5,0,2.57e-06,NA,NA,"WDNR4805",2020,NA,-5.590038572,1,NA,NA,NA,NA,NA,NA,"2020-08-27",1,0,NA,NA,NA,NA,NA,NA,NA,NA,NA,NA,NA,NA,NA,NA,NA,NA,NA,NA,NA,NA,"established"
"1989",0,"KL20WI1134",NA,"MAIDEN ROCK","WI",5,0,3.01e-05,NA,NA,"WDNR4806",2020,NA,-4.521471236,1,NA,NA,NA,NA,NA,NA,"2020-08-27",1,0,NA,NA,NA,NA,NA,NA,NA,NA,NA,NA,NA,NA,NA,NA,NA,NA,NA,NA,NA,NA,"established"
"1990",0,"KL20WI1135",NA,"MAIDEN ROCK","WI",5,0,3.44e-05,NA,NA,"WDNR4807",2020,NA,-4.463777129,1,NA,NA,NA,NA,NA,NA,"2020-08-27",1,0,NA,NA,NA,NA,NA,NA,NA,NA,NA,NA,NA,NA,NA,NA,NA,NA,NA,NA,NA,NA,"established"
"1991",0,"KL20WI1136",NA,"MAIDEN ROCK","WI",5,0,3.08e-05,NA,NA,"WDNR4808",2020,NA,-4.511860789,1,NA,NA,NA,NA,NA,NA,"2020-08-27",1,0,NA,NA,NA,NA,NA,NA,NA,NA,NA,NA,NA,NA,NA,NA,NA,NA,NA,NA,NA,NA,"established"
"1992",0,"KL20WI1137",NA,"MAIDEN ROCK","WI",5,0,5.14e-05,NA,NA,"WDNR4809",2020,NA,-4.289110988,1,NA,NA,NA,NA,NA,NA,"2020-08-27",1,0,NA,NA,NA,NA,NA,NA,NA,NA,NA,NA,NA,NA,NA,NA,NA,NA,NA,NA,NA,NA,"established"
"1993",0,"KL20WI1138",NA,"MAIDEN ROCK","WI",5,0,7.7e-05,NA,NA,"WDNR4810",2020,NA,-4.113654816,1,NA,NA,NA,NA,NA,NA,"2020-08-27",1,0,NA,NA,NA,NA,NA,NA,NA,NA,NA,NA,NA,NA,NA,NA,NA,NA,NA,NA,NA,NA,"established"
"1994",0,"KL20WI1139",NA,"MAIDEN ROCK","WI",5,0,2.43e-05,NA,NA,"WDNR4811",2020,NA,-4.61370066,1,NA,NA,NA,NA,NA,NA,"2020-08-27",1,0,NA,NA,NA,NA,NA,NA,NA,NA,NA,NA,NA,NA,NA,NA,NA,NA,NA,NA,NA,NA,"established"
"1995",0,"KL22WI1502","1","MAIDEN ROCK","WI",7,0,0.000120613,0,0,"WDNR4848",2022,NA,-3.918605955,1,NA,NA,NA,NA,NA,"N","2022-11-07",1,0,NA,NA,NA,NA,NA,NA,NA,NA,NA,NA,NA,NA,NA,NA,NA,NA,NA,NA,NA,NA,"established"
"1996",0,"KL21WI0776",NA,"MAIDEN ROCK","WI",6,0,7.8e-06,NA,NA,"WDNR5201",2021,NA,-5.107803841,1,NA,NA,NA,NA,NA,"N","2021-08-17",1,0,NA,NA,NA,NA,NA,NA,NA,NA,NA,NA,NA,NA,NA,NA,NA,NA,NA,NA,NA,NA,"established"
"1997",0,"KL21WI0777",NA,"MAIDEN ROCK","WI",6,0,7.14e-06,NA,NA,"WDNR5202",2021,NA,-5.146011399,1,NA,NA,NA,NA,NA,"N","2021-08-17",1,0,NA,NA,NA,NA,NA,NA,NA,NA,NA,NA,NA,NA,NA,NA,NA,NA,NA,NA,NA,NA,"established"
"1998",0,"KL21WI0778",NA,"MAIDEN ROCK","WI",6,0,3.49e-06,NA,NA,"WDNR5203",2021,NA,-5.45683828,1,NA,NA,NA,NA,NA,"N","2021-08-17",1,0,NA,NA,NA,NA,NA,NA,NA,NA,NA,NA,NA,NA,NA,NA,NA,NA,NA,NA,NA,NA,"established"
"1999",0,"KL21WI0780",NA,"MAIDEN ROCK","WI",6,0,3.47e-06,NA,NA,"WDNR5205",2021,NA,-5.459921793,1,NA,NA,NA,NA,NA,"N","2021-08-17",1,0,NA,NA,NA,NA,NA,NA,NA,NA,NA,NA,NA,NA,NA,NA,NA,NA,NA,NA,NA,NA,"established"
"2000",0,"KL21WI0781",NA,"MAIDEN ROCK","WI",6,0,4.62e-06,NA,NA,"WDNR5206",2021,NA,-5.335391562,1,NA,NA,NA,NA,NA,"N","2021-08-17",1,0,NA,NA,NA,NA,NA,NA,NA,NA,NA,NA,NA,NA,NA,NA,NA,NA,NA,NA,NA,NA,"established"
"2001",0,"KL21WI0782",NA,"MAIDEN ROCK","WI",6,0,1.4e-05,NA,NA,"WDNR5207",2021,NA,-4.854423811,1,NA,NA,NA,NA,NA,"N","2021-08-17",1,0,NA,NA,NA,NA,NA,NA,NA,NA,NA,NA,NA,NA,NA,NA,NA,NA,NA,NA,NA,NA,"established"
"2002",0,"KL21WI0783",NA,"MAIDEN ROCK","WI",6,0,2.01e-06,NA,NA,"WDNR5208",2021,NA,-5.695986446,1,NA,NA,NA,NA,NA,"N","2021-08-17",1,0,NA,NA,NA,NA,NA,NA,NA,NA,NA,NA,NA,NA,NA,NA,NA,NA,NA,NA,NA,NA,"established"
"2003",0,"KL21WI0784",NA,"MAIDEN ROCK","WI",6,0,5.95e-06,NA,NA,"WDNR5209",2021,NA,-5.225579396,1,NA,NA,NA,NA,NA,"N","2021-08-17",1,0,NA,NA,NA,NA,NA,NA,NA,NA,NA,NA,NA,NA,NA,NA,NA,NA,NA,NA,NA,NA,"established"
"2004",0,"KL21WI0785",NA,"MAIDEN ROCK","WI",6,0,3.13e-05,NA,NA,"WDNR5210",2021,NA,-4.503894006,1,NA,NA,NA,NA,NA,"N","2021-08-17",1,0,NA,NA,NA,NA,NA,NA,NA,NA,NA,NA,NA,NA,NA,NA,NA,NA,NA,NA,NA,NA,"established"
"2005",0,"KL21WI0786",NA,"MAIDEN ROCK","WI",6,0,3.78e-05,NA,NA,"WDNR5211",2021,NA,-4.42284782,1,NA,NA,NA,NA,NA,"N","2021-08-17",1,0,NA,NA,NA,NA,NA,NA,NA,NA,NA,NA,NA,NA,NA,NA,NA,NA,NA,NA,NA,NA,"established"
"2006",0,"KL21WI0789",NA,"MAIDEN ROCK","WI",6,0,5.22e-06,NA,NA,"WDNR5214",2021,NA,-5.281940995,1,NA,NA,NA,NA,NA,"N","2021-08-17",1,0,NA,NA,NA,NA,NA,NA,NA,NA,NA,NA,NA,NA,NA,NA,NA,NA,NA,NA,NA,NA,"established"
"2007",0,"KL21WI0790",NA,"MAIDEN ROCK","WI",6,0,2.76e-06,NA,NA,"WDNR5215",2021,NA,-5.559788715,1,NA,NA,NA,NA,NA,"N","2021-08-17",1,0,NA,NA,NA,NA,NA,NA,NA,NA,NA,NA,NA,NA,NA,NA,NA,NA,NA,NA,NA,NA,"established"
"2008",0,"KL21WI0791",NA,"MAIDEN ROCK","WI",6,0,2.09e-06,NA,NA,"WDNR5216",2021,NA,-5.680048807,1,NA,NA,NA,NA,NA,"N","2021-08-17",1,0,NA,NA,NA,NA,NA,NA,NA,NA,NA,NA,NA,NA,NA,NA,NA,NA,NA,NA,NA,NA,"established"
"2009",0,"KL21WI0792",NA,"MAIDEN ROCK","WI",6,0,1.09e-05,NA,NA,"WDNR5217",2021,NA,-4.962998297,1,NA,NA,NA,NA,NA,"N","2021-08-17",1,0,NA,NA,NA,NA,NA,NA,NA,NA,NA,NA,NA,NA,NA,NA,NA,NA,NA,NA,NA,NA,"established"
"2010",0,"KL21WI0793",NA,"MAIDEN ROCK","WI",6,0,5.08e-06,NA,NA,"WDNR5218",2021,NA,-5.294533661,1,NA,NA,NA,NA,NA,"N","2021-08-17",1,0,NA,NA,NA,NA,NA,NA,NA,NA,NA,NA,NA,NA,NA,NA,NA,NA,NA,NA,NA,NA,"established"
"2011",0,"KL21WI0795",NA,"MAIDEN ROCK","WI",6,0,3e-06,NA,NA,"WDNR5220",2021,NA,-5.523083449,1,NA,NA,NA,NA,NA,"N","2021-08-17",1,0,NA,NA,NA,NA,NA,NA,NA,NA,NA,NA,NA,NA,NA,NA,NA,NA,NA,NA,NA,NA,"established"
"2012",0,"KL21WI0796",NA,"MAIDEN ROCK","WI",6,0,4.73e-06,NA,NA,"WDNR5221",2021,NA,-5.325245109,1,NA,NA,NA,NA,NA,"N","2021-08-17",1,0,NA,NA,NA,NA,NA,NA,NA,NA,NA,NA,NA,NA,NA,NA,NA,NA,NA,NA,NA,NA,"established"
"2013",0,"KL21WI0797",NA,"MAIDEN ROCK","WI",6,0,2.14e-05,NA,NA,"WDNR5222",2021,NA,-4.668943198,1,NA,NA,NA,NA,NA,"N","2021-08-17",1,0,NA,NA,NA,NA,NA,NA,NA,NA,NA,NA,NA,NA,NA,NA,NA,NA,NA,NA,NA,NA,"established"
"2014",0,"KL21WI0798",NA,"MAIDEN ROCK","WI",6,0,6.73e-06,NA,NA,"WDNR5223",2021,NA,-5.171963953,1,NA,NA,NA,NA,NA,"N","2021-08-17",1,0,NA,NA,NA,NA,NA,NA,NA,NA,NA,NA,NA,NA,NA,NA,NA,NA,NA,NA,NA,NA,"established"
"2015",0,"KL21WI0799",NA,"MAIDEN ROCK","WI",6,0,7.38e-07,NA,NA,"WDNR5224",2021,NA,-6.131668282,1,NA,NA,NA,NA,NA,"N","2021-08-17",1,0,NA,NA,NA,NA,NA,NA,NA,NA,NA,NA,NA,NA,NA,NA,NA,NA,NA,NA,NA,NA,"established"
"2016",0,"KL21WI0801",NA,"MAIDEN ROCK","WI",6,0,3.18e-06,NA,NA,"WDNR5226",2021,NA,-5.49791122,1,NA,NA,NA,NA,NA,"N","2021-08-17",1,0,NA,NA,NA,NA,NA,NA,NA,NA,NA,NA,NA,NA,NA,NA,NA,NA,NA,NA,NA,NA,"established"
"2017",0,"KL21WI0802",NA,"MAIDEN ROCK","WI",6,0,3.4e-06,NA,NA,"WDNR5227",2021,NA,-5.469061327,1,NA,NA,NA,NA,NA,"N","2021-08-17",1,0,NA,NA,NA,NA,NA,NA,NA,NA,NA,NA,NA,NA,NA,NA,NA,NA,NA,NA,NA,NA,"established"
"2018",0,"KL21WI0808",NA,"MAIDEN ROCK","WI",6,0,5.46e-07,NA,NA,"WDNR5232",2021,NA,-6.262650535,1,NA,NA,NA,NA,NA,"N","2021-08-17",1,0,NA,NA,NA,NA,NA,NA,NA,NA,NA,NA,NA,NA,NA,NA,NA,NA,NA,NA,NA,NA,"established"
"2019",0,"KL21WI0812",NA,"MAIDEN ROCK","WI",6,0,4.15e-06,NA,NA,"WDNR5236",2021,NA,-5.382137709,1,NA,NA,NA,NA,NA,"N","2021-08-17",1,0,NA,NA,NA,NA,NA,NA,NA,NA,NA,NA,NA,NA,NA,NA,NA,NA,NA,NA,NA,NA,"established"
"2020",0,"KL21WI0813",NA,"MAIDEN ROCK","WI",6,0,4.37e-06,NA,NA,"WDNR5237",2021,NA,-5.359296141,1,NA,NA,NA,NA,NA,"N","2021-08-17",1,0,NA,NA,NA,NA,NA,NA,NA,NA,NA,NA,NA,NA,NA,NA,NA,NA,NA,NA,NA,NA,"established"
"2021",0,"KL21WI0814",NA,"MAIDEN ROCK","WI",6,0,3.02e-06,NA,NA,"WDNR5238",2021,NA,-5.52012752,1,NA,NA,NA,NA,NA,"N","2021-08-17",1,0,NA,NA,NA,NA,NA,NA,NA,NA,NA,NA,NA,NA,NA,NA,NA,NA,NA,NA,NA,NA,"established"
"2022",0,"KL21WI0816",NA,"MAIDEN ROCK","WI",6,0,3.27e-05,NA,NA,"WDNR5239",2021,NA,-4.484902057,1,NA,NA,NA,NA,NA,"N","2021-08-17",1,0,NA,NA,NA,NA,NA,NA,NA,NA,NA,NA,NA,NA,NA,NA,NA,NA,NA,NA,NA,NA,"established"
"2023",0,"KL21WI0818",NA,"MAIDEN ROCK","WI",6,0,9.47e-07,NA,NA,"WDNR5240",2021,NA,-6.023569377,1,NA,NA,NA,NA,NA,"N","2021-08-17",1,0,NA,NA,NA,NA,NA,NA,NA,NA,NA,NA,NA,NA,NA,NA,NA,NA,NA,NA,NA,NA,"established"
"2024",0,"KL21WI0820",NA,"MAIDEN ROCK","WI",6,0,5.72e-07,NA,NA,"WDNR5242",2021,NA,-6.242549311,1,NA,NA,NA,NA,NA,"N","2021-08-17",1,0,NA,NA,NA,NA,NA,NA,NA,NA,NA,NA,NA,NA,NA,NA,NA,NA,NA,NA,NA,NA,"established"
"2025",0,"KL21WI0842",NA,"MAIDEN ROCK","WI",6,0,6.28e-06,NA,NA,"WDNR5263",2021,NA,-5.201881082,1,NA,NA,NA,NA,NA,"N","2021-08-17",1,0,NA,NA,NA,NA,NA,NA,NA,NA,NA,NA,NA,NA,NA,NA,NA,NA,NA,NA,NA,NA,"established"
"2026",0,"KL21WI0867",NA,"MAIDEN ROCK","WI",6,0,2.92e-06,NA,NA,"WDNR5289",2021,NA,-5.534220218,1,NA,NA,NA,NA,NA,"N","2021-08-17",1,0,NA,NA,NA,NA,NA,NA,NA,NA,NA,NA,NA,NA,NA,NA,NA,NA,NA,NA,NA,NA,"established"
"2027",0,"KL21WI0869",NA,"NEDA MINE","WI",7,0,2.21e-06,NA,NA,"WDNR5302",2021,NA,-5.654880173,1,NA,0.0067341698451298,8.43942204301075,99.3927147948058,-2.11158629489643,"N","2021-08-19",1,0,NA,NA,NA,NA,NA,NA,NA,NA,NA,NA,NA,NA,NA,NA,NA,NA,NA,NA,NA,NA,"established"
"2028",0,"KL21WI0870",NA,"NEDA MINE","WI",7,0,9.73e-07,NA,NA,"WDNR5303",2021,NA,-6.012066783,1,NA,0.0067341698451298,8.43942204301075,99.3927147948058,-2.11158629489643,"N","2021-08-19",1,0,NA,NA,NA,NA,NA,NA,NA,NA,NA,NA,NA,NA,NA,NA,NA,NA,NA,NA,NA,NA,"established"
"2029",0,"KL21WI0872",NA,"NEDA MINE","WI",7,0,1.73e-06,NA,NA,"WDNR5305",2021,NA,-5.761145689,1,NA,0.0067341698451298,8.43942204301075,99.3927147948058,-2.11158629489643,"N","2021-08-19",1,0,NA,NA,NA,NA,NA,NA,NA,NA,NA,NA,NA,NA,NA,NA,NA,NA,NA,NA,NA,NA,"established"
"2030",0,"KL21WI0874",NA,"NEDA MINE","WI",7,0,2.21e-06,NA,NA,"WDNR5307",2021,NA,-5.656401367,1,NA,0.0067341698451298,8.43942204301075,99.3927147948058,-2.11158629489643,"N","2021-08-19",1,0,NA,NA,NA,NA,NA,NA,NA,NA,NA,NA,NA,NA,NA,NA,NA,NA,NA,NA,NA,NA,"established"
"2031",0,"KL21WI0876",NA,"NEDA MINE","WI",7,0,6.46e-07,NA,NA,"WDNR5309",2021,NA,-6.189944334,1,NA,0.0067341698451298,8.43942204301075,99.3927147948058,-2.11158629489643,"N","2021-08-19",1,0,NA,NA,NA,NA,NA,NA,NA,NA,NA,NA,NA,NA,NA,NA,NA,NA,NA,NA,NA,NA,"established"
"2032",0,"KL21WI0877",NA,"NEDA MINE","WI",7,0,8.69e-07,NA,NA,"WDNR5310",2021,NA,-6.061158912,1,NA,0.0067341698451298,8.43942204301075,99.3927147948058,-2.11158629489643,"N","2021-08-19",1,0,NA,NA,NA,NA,NA,NA,NA,NA,NA,NA,NA,NA,NA,NA,NA,NA,NA,NA,NA,NA,"established"
"2033",0,"KL21WI0878",NA,"NEDA MINE","WI",7,0,1.79e-06,NA,NA,"WDNR5311",2021,NA,-5.746811677,1,NA,0.0067341698451298,8.43942204301075,99.3927147948058,-2.11158629489643,"N","2021-08-19",1,0,NA,NA,NA,NA,NA,NA,NA,NA,NA,NA,NA,NA,NA,NA,NA,NA,NA,NA,NA,NA,"established"
"2034",0,"KL21WI0879",NA,"NEDA MINE","WI",7,0,4.31e-06,NA,NA,"WDNR5312",2021,NA,-5.365095607,1,NA,0.0067341698451298,8.43942204301075,99.3927147948058,-2.11158629489643,"N","2021-08-19",1,0,NA,NA,NA,NA,NA,NA,NA,NA,NA,NA,NA,NA,NA,NA,NA,NA,NA,NA,NA,NA,"established"
"2035",0,"KL21WI0880",NA,"NEDA MINE","WI",7,0,4.38e-06,NA,NA,"WDNR5313",2021,NA,-5.35868083,1,NA,0.0067341698451298,8.43942204301075,99.3927147948058,-2.11158629489643,"N","2021-08-19",1,0,NA,NA,NA,NA,NA,NA,NA,NA,NA,NA,NA,NA,NA,NA,NA,NA,NA,NA,NA,NA,"established"
"2036",0,"KL21WI0882",NA,"NEDA MINE","WI",7,0,4.42e-06,NA,NA,"WDNR5315",2021,NA,-5.35435288,1,NA,0.0067341698451298,8.43942204301075,99.3927147948058,-2.11158629489643,"N","2021-08-19",1,0,NA,NA,NA,NA,NA,NA,NA,NA,NA,NA,NA,NA,NA,NA,NA,NA,NA,NA,NA,NA,"established"
"2037",0,"KL21WI0883",NA,"NEDA MINE","WI",7,0,3.28e-06,NA,NA,"WDNR5316",2021,NA,-5.483971373,1,NA,0.0067341698451298,8.43942204301075,99.3927147948058,-2.11158629489643,"N","2021-08-19",1,0,NA,NA,NA,NA,NA,NA,NA,NA,NA,NA,NA,NA,NA,NA,NA,NA,NA,NA,NA,NA,"established"
"2038",0,"KL21WI1952","21","NEDA MINE","WI",7,0,0.000407992,0,0,"WDNR5324",2021,NA,-3.389348522,1,NA,0.0119982386549739,8.71749539594843,NA,-1.88611549340474,"Y","2021-11-17",1,0,NA,NA,NA,NA,NA,NA,NA,NA,NA,NA,NA,NA,NA,NA,NA,NA,NA,NA,NA,NA,"established"
"2039",0,"KL22WI1377","A","GEIGER BEER CAVE","WI",6,0,7.43e-07,0,0,"WDNR5382",2022,NA,-6.128931324,1,NA,0.0150533743307686,8.70745833333333,NA,-1.79443366735836,"Y","2022-11-06",1,0,NA,NA,NA,NA,NA,NA,NA,NA,NA,NA,NA,NA,NA,NA,NA,NA,NA,NA,NA,NA,"established"
"2040",0,"KL21WI1432","5","MAIDEN ROCK","WI",6,0,0.000863649,NA,NA,"WDNR5383",2021,NA,-3.063662515,1,NA,NA,NA,NA,NA,"N","2021-11-04",1,0,NA,NA,NA,NA,NA,NA,NA,NA,NA,NA,NA,NA,NA,NA,NA,NA,NA,NA,NA,NA,"established"
"2041",1,"KL21WI1435","5","MAIDEN ROCK","WI",6,1,0.000111381,0,0,"WDNR5384",2021,NA,-3.953189008,1,NA,NA,NA,NA,NA,"N","2021-11-04",1,1,0,"KL22WI0151","WI",1,"5",0,4.6e-07,0,NA,-6.336935545,1,NA,NA,NA,NA,NA,"Y","2022-02-28",0,1,"established"
"2042",0,"KL21WI1438","5","MAIDEN ROCK","WI",6,0,8.21e-06,0,0,"WDNR5385",2021,NA,-5.085534083,1,NA,NA,NA,NA,NA,"N","2021-11-04",1,0,NA,NA,NA,NA,NA,NA,NA,NA,NA,NA,NA,NA,NA,NA,NA,NA,NA,NA,NA,NA,"established"
"2043",0,"KL21WI1441","5","MAIDEN ROCK","WI",6,0,5.07e-07,NA,NA,"WDNR5386",2021,NA,-6.295276907,1,NA,NA,NA,NA,NA,"N","2021-11-04",1,0,NA,NA,NA,NA,NA,NA,NA,NA,NA,NA,NA,NA,NA,NA,NA,NA,NA,NA,NA,NA,"established"
"2044",0,"KL21WI1442","5","MAIDEN ROCK","WI",6,0,1.31e-05,NA,NA,"WDNR5387",2021,NA,-4.883978682,1,NA,NA,NA,NA,NA,"N","2021-11-04",1,0,NA,NA,NA,NA,NA,NA,NA,NA,NA,NA,NA,NA,NA,NA,NA,NA,NA,NA,NA,NA,"established"
"2045",0,"KL21WI1445","5","MAIDEN ROCK","WI",6,0,2.07e-05,0,0,"WDNR5388",2021,NA,-4.683181182,1,NA,NA,NA,NA,NA,"N","2021-11-04",1,0,NA,NA,NA,NA,NA,NA,NA,NA,NA,NA,NA,NA,NA,NA,NA,NA,NA,NA,NA,NA,"established"
"2046",1,"KL21WI1448","5","MAIDEN ROCK","WI",6,1,8.97e-05,0,0,"WDNR5389",2021,NA,-4.047367054,1,NA,NA,NA,NA,NA,"N","2021-11-04",1,1,NA,NA,NA,NA,NA,NA,NA,NA,NA,NA,NA,NA,NA,NA,NA,NA,NA,NA,NA,NA,"established"
"2047",0,"KL24WI1465","5","MAIDEN ROCK","WI",9,1,0.001290438,1,1,"WDNR5389",2024,NA,-2.88926274,1,NA,NA,NA,NA,NA,"Y","2024-11-12",0,1,NA,NA,NA,NA,NA,NA,NA,NA,NA,NA,NA,NA,NA,NA,NA,NA,NA,NA,NA,NA,NA
"2048",0,"KL21WI1451","5","MAIDEN ROCK","WI",6,0,4.55e-06,0,0,"WDNR5390",2021,NA,-5.342089107,1,NA,NA,NA,NA,NA,"N","2021-11-04",1,0,NA,NA,NA,NA,NA,NA,NA,NA,NA,NA,NA,NA,NA,NA,NA,NA,NA,NA,NA,NA,"established"
"2049",0,"KL21WI1454","5","MAIDEN ROCK","WI",6,0,0.000140176,0,0,"WDNR5391",2021,NA,-3.853327755,1,NA,NA,NA,NA,NA,"N","2021-11-04",1,0,NA,NA,NA,NA,NA,NA,NA,NA,NA,NA,NA,NA,NA,NA,NA,NA,NA,NA,NA,NA,"established"
"2050",0,"KL21WI1457","5","MAIDEN ROCK","WI",6,0,1.67e-05,0,0,"WDNR5392",2021,NA,-4.776954421,1,NA,NA,NA,NA,NA,"N","2021-11-04",1,0,NA,NA,NA,NA,NA,NA,NA,NA,NA,NA,NA,NA,NA,NA,NA,NA,NA,NA,NA,NA,"established"
"2051",1,"KL21WI1463","5","MAIDEN ROCK","WI",6,1,4.8e-05,0,0,"WDNR5393",2021,NA,-4.319169492,1,NA,NA,NA,NA,NA,"N","2021-11-04",1,1,0,"KL22WI0141","WI",1,"5",1,4.66e-06,1,NA,-5.33183808,1,NA,NA,NA,NA,NA,"Y","2022-02-28",0,1,"established"
"2052",0,"KL21WI1466","5","MAIDEN ROCK","WI",6,0,0.000306176,0,0,"WDNR5394",2021,NA,-3.514028175,1,NA,NA,NA,NA,NA,"N","2021-11-04",1,0,NA,NA,NA,NA,NA,NA,NA,NA,NA,NA,NA,NA,NA,NA,NA,NA,NA,NA,NA,NA,"established"
"2053",0,"KL21WI1468","5","MAIDEN ROCK","WI",6,0,3.41e-06,0,0,"WDNR5395",2021,NA,-5.467546944,1,NA,NA,NA,NA,NA,"N","2021-11-04",1,0,NA,NA,NA,NA,NA,NA,NA,NA,NA,NA,NA,NA,NA,NA,NA,NA,NA,NA,NA,NA,"established"
"2054",0,"KL21WI1469","5","MAIDEN ROCK","WI",6,0,9.61e-06,0,0,"WDNR5396",2021,NA,-5.017414309,1,NA,NA,NA,NA,NA,"N","2021-11-04",1,0,NA,NA,NA,NA,NA,NA,NA,NA,NA,NA,NA,NA,NA,NA,NA,NA,NA,NA,NA,NA,"established"
"2055",1,"KL21WI1470","5","MAIDEN ROCK","WI",6,1,0.000102683,0,0,"WDNR5397",2021,NA,-3.988502424,1,NA,NA,NA,NA,NA,"N","2021-11-04",1,1,0,"KL22WI0143","WI",1,"5",0,0.008319337,0,NA,-2.079911288,1,NA,NA,NA,NA,NA,"Y","2022-02-28",0,1,"established"
"2056",1,"KL21WI1499","1A","BAY CITY","WI",6,2,5.01e-06,NA,NA,"WDNR5398",2021,5.15,-5.300510356,1,0.0435119603065884,0.0285414607384287,4.8088772845953,NA,-1.52956803390713,"N","2021-11-04",1,1,NA,NA,NA,NA,NA,NA,NA,NA,NA,NA,NA,NA,NA,NA,NA,NA,NA,NA,NA,NA,"established"
"2057",1,"KL22WI1457","2A","BAY CITY","WI",7,2,0.00039725,0,0,"WDNR5398",2022,NA,-3.400936522,1,NA,0.00578351851168156,3.85630434782609,99.2721384725041,-2.16854498550676,"Y","2022-11-06",0,1,NA,NA,NA,NA,NA,NA,NA,NA,NA,NA,NA,NA,NA,NA,NA,NA,NA,NA,NA,NA,"established"
"2058",1,"KL21WI1505","1A","BAY CITY","WI",6,1,1.45e-05,NA,NA,"WDNR5399",2021,NA,-4.839111951,1,NA,0.0285414607384287,4.8088772845953,NA,-1.52956803390713,"N","2021-11-04",1,1,0,"KL22WI0235","WI",1,"1B",1,0.000505632,1,NA,-3.296165181,1,NA,0.0687344544932051,1.31214792299899,89.9399087870531,-1.15655259207273,"Y","2022-03-01",0,1,"established"
"2059",0,"KL21WI1506","1A","BAY CITY","WI",6,0,1.18e-05,NA,NA,"WDNR5400",2021,NA,-4.927501769,1,NA,0.0285414607384287,4.8088772845953,NA,-1.52956803390713,"N","2021-11-04",1,0,NA,NA,NA,NA,NA,NA,NA,NA,NA,NA,NA,NA,NA,NA,NA,NA,NA,NA,NA,NA,"established"
"2060",0,"KL21WI1511","1A","BAY CITY","WI",6,0,1.17e-05,NA,NA,"WDNR5401",2021,5.62,-4.93134764,1,0.0389633328696034,0.0285414607384287,4.8088772845953,NA,-1.52956803390713,"N","2021-11-04",1,0,NA,NA,NA,NA,NA,NA,NA,NA,NA,NA,NA,NA,NA,NA,NA,NA,NA,NA,NA,NA,"established"
"2061",1,"KL21WI1520","1A","BAY CITY","WI",6,4,1.57e-05,NA,NA,"WDNR5403",2021,NA,-4.803175519,1,NA,0.0285414607384287,4.8088772845953,NA,-1.52956803390713,"N","2021-11-04",1,1,NA,NA,NA,NA,NA,NA,NA,NA,NA,NA,NA,NA,NA,NA,NA,NA,NA,NA,NA,NA,"established"
"2062",1,"KL22WI1445","2A","BAY CITY","WI",7,4,0.000666085,0,0,"WDNR5403",2022,NA,-3.176470535,1,NA,0.00578351851168156,3.85630434782609,99.2721384725041,-2.16854498550676,"Y","2022-11-06",0,1,1,"KL23WI0311","WI",4,"A35",0,0.001215698,0,NA,-2.915174142,1,NA,0.0448112032860784,1.94853829558495,NA,-1.3390283008098,"Y","2023-03-06",0,1,"established"
"2063",1,"KL23WI1511","1A","BAY CITY","WI",8,4,2.19e-05,0,0,"WDNR5403",2023,NA,-4.660246239,1,NA,0.0374195461444641,4.59354577191621,NA,-1.4154477698262,"Y","2023-11-08",0,1,0,"KL24WI0013","WI",4,"1A",1,0.000105914,1,NA,-3.975046489,1,NA,0.0381293544058856,2.11401575866727,NA,-1.40749731745261,"Y","2024-03-04",0,1,"established"
"2064",0,"KL21WI1523","1A","BAY CITY","WI",6,0,7.13e-05,NA,NA,"WDNR5404",2021,NA,-4.147002261,1,NA,0.0285414607384287,4.8088772845953,NA,-1.52956803390713,"N","2021-11-04",1,0,NA,NA,NA,NA,NA,NA,NA,NA,NA,NA,NA,NA,NA,NA,NA,NA,NA,NA,NA,NA,"established"
"2065",0,"KL21WI1526","1A","BAY CITY","WI",6,0,0.000424945,NA,NA,"WDNR5405",2021,NA,-3.371667485,1,NA,0.0285414607384287,4.8088772845953,NA,-1.52956803390713,"N","2021-11-04",1,0,NA,NA,NA,NA,NA,NA,NA,NA,NA,NA,NA,NA,NA,NA,NA,NA,NA,NA,NA,NA,"established"
"2066",0,"KL21WI1530","1A","BAY CITY","WI",6,0,1.48e-06,NA,NA,"WDNR5407",2021,5.92,-5.829422881,1,0.0458374297202895,0.0285414607384287,4.8088772845953,NA,-1.52956803390713,"N","2021-11-04",1,0,NA,NA,NA,NA,NA,NA,NA,NA,NA,NA,NA,NA,NA,NA,NA,NA,NA,NA,NA,NA,"established"
"2067",1,"KL21WI1532","1A","BAY CITY","WI",6,1,4.46e-06,NA,NA,"WDNR5409",2021,NA,-5.350776551,1,NA,0.0285414607384287,4.8088772845953,NA,-1.52956803390713,"N","2021-11-04",1,1,NA,NA,NA,NA,NA,NA,NA,NA,NA,NA,NA,NA,NA,NA,NA,NA,NA,NA,NA,NA,"established"
"2068",0,"KL21WI1534","1A","BAY CITY","WI",6,0,1.23e-05,NA,NA,"WDNR5410",2021,NA,-4.911400318,1,NA,0.0285414607384287,4.8088772845953,NA,-1.52956803390713,"N","2021-11-04",1,0,NA,NA,NA,NA,NA,NA,NA,NA,NA,NA,NA,NA,NA,NA,NA,NA,NA,NA,NA,NA,"established"
"2069",0,"KL21WI1535","1A","BAY CITY","WI",6,0,0.000122553,NA,NA,"WDNR5411",2021,NA,-3.91167576,1,NA,0.0285414607384287,4.8088772845953,NA,-1.52956803390713,"N","2021-11-04",1,0,NA,NA,NA,NA,NA,NA,NA,NA,NA,NA,NA,NA,NA,NA,NA,NA,NA,NA,NA,NA,"established"
"2070",0,"KL21WI1536","1A","BAY CITY","WI",6,0,2.08e-05,NA,NA,"WDNR5412",2021,NA,-4.682249352,1,NA,0.0285414607384287,4.8088772845953,NA,-1.52956803390713,"N","2021-11-04",1,0,NA,NA,NA,NA,NA,NA,NA,NA,NA,NA,NA,NA,NA,NA,NA,NA,NA,NA,NA,NA,"established"
"2071",0,"KL21WI1537","1A","BAY CITY","WI",6,0,3.5e-06,NA,NA,"WDNR5413",2021,NA,-5.456125003,1,NA,0.0285414607384287,4.8088772845953,NA,-1.52956803390713,"N","2021-11-04",1,0,NA,NA,NA,NA,NA,NA,NA,NA,NA,NA,NA,NA,NA,NA,NA,NA,NA,NA,NA,NA,"established"
"2072",0,"KL21WI1538","1A","BAY CITY","WI",6,0,1.31e-05,NA,NA,"WDNR5414",2021,NA,-4.883662878,1,NA,0.0285414607384287,4.8088772845953,NA,-1.52956803390713,"N","2021-11-04",1,0,NA,NA,NA,NA,NA,NA,NA,NA,NA,NA,NA,NA,NA,NA,NA,NA,NA,NA,NA,NA,"established"
"2073",1,"KL21WI1539","1A","BAY CITY","WI",6,2,6.25e-05,NA,NA,"WDNR5415",2021,NA,-4.204423091,1,NA,0.0285414607384287,4.8088772845953,NA,-1.52956803390713,"N","2021-11-04",1,1,NA,NA,NA,NA,NA,NA,NA,NA,NA,NA,NA,NA,NA,NA,NA,NA,NA,NA,NA,NA,"established"
"2074",1,"KL23WI1519","1A","BAY CITY","WI",8,2,3.75e-05,0,0,"WDNR5415",2023,NA,-4.426345365,1,NA,0.0374195461444641,4.59354577191621,NA,-1.4154477698262,"Y","2023-11-08",0,1,NA,NA,NA,NA,NA,NA,NA,NA,NA,NA,NA,NA,NA,NA,NA,NA,NA,NA,NA,NA,"established"
"2075",0,"KL24WI1417","1A","BAY CITY","WI",9,2,2.78e-06,0,0,"WDNR5415",2024,NA,-5.555678163,1,NA,0.0374195461444641,5.31002721088435,NA,-1.4154477698262,"Y","2024-11-12",0,1,NA,NA,NA,NA,NA,NA,NA,NA,NA,NA,NA,NA,NA,NA,NA,NA,NA,NA,NA,NA,NA
"2076",0,"KL21WI1570","B","ELROY SPARTA","WI",6,0,1.66e-05,0,0,"WDNR5417",2021,9.31,-4.780187082,1,0.0509944005623353,0.0130197452664096,8.5834832419244,NA,-1.85325987726791,"N","2021-11-05",1,0,NA,NA,NA,NA,NA,NA,NA,NA,NA,NA,NA,NA,NA,NA,NA,NA,NA,NA,NA,NA,"established"
"2077",0,"KL21WI1578","B","ELROY SPARTA","WI",6,0,6.09e-05,0,0,"WDNR5419",2021,9.31,-4.21519947,1,0.0379375888942787,0.0130197452664096,8.5834832419244,NA,-1.85325987726791,"N","2021-11-05",1,0,NA,NA,NA,NA,NA,NA,NA,NA,NA,NA,NA,NA,NA,NA,NA,NA,NA,NA,NA,NA,"established"
"2078",0,"KL24WI1223","2","ELROY SPARTA","WI",9,1,7.6e-06,0,0,"WDNR5421",2024,NA,-5.119308012,1,NA,0.00604771036032719,9.41630882352941,99.4815094296966,-2.15195195242467,"Y","2024-11-09",0,1,NA,NA,NA,NA,NA,NA,NA,NA,NA,NA,NA,NA,NA,NA,NA,NA,NA,NA,NA,NA,NA
"2079",0,"KL21WI1589","C","ELROY SPARTA","WI",6,0,3.78e-05,0,0,"WDNR5422",2021,9.26,-4.422635285,1,0.0116887261319072,0.0156433408636729,8.59457831325301,98.5679656714918,-1.77875949216641,"N","2021-11-05",1,0,NA,NA,NA,NA,NA,NA,NA,NA,NA,NA,NA,NA,NA,NA,NA,NA,NA,NA,NA,NA,"established"
"2080",0,"KL22WI1977","C","ELROY SPARTA","WI",7,0,6.01e-05,0,0,"WDNR5423",2022,NA,-4.220995138,1,NA,0.0156424216938746,8.4578056374959,NA,-1.77878347781917,"Y","2022-11-18",1,0,NA,NA,NA,NA,NA,NA,NA,NA,NA,NA,NA,NA,NA,NA,NA,NA,NA,NA,NA,NA,"established"
"2081",1,"KL21WI1623",NA,"CP TUNNEL","WI",5,2,2.49e-06,0,0,"WDNR5425",2021,9.56,-5.603872058,1,0.0499499900544256,0.0124196084965259,8.32713333333333,NA,-1.87226015408347,"N","2021-11-08",1,1,1,"KL22WI0473","WI",2,"775",0,0.005648524,0,4.29,-2.248065001,1,0.0324750264307252,0.0173130175432083,4.76845503355705,NA,-1.73724008855528,"Y","2022-03-03",0,1,"established"
"2082",0,"KL24WI1367","800 to 850","CP TUNNEL","WI",8,2,8.42e-07,0,0,"WDNR5425",2024,NA,-6.074880161,1,NA,0.0806089621368824,7.02604516129032,90.9485551208831,-1.0882621452551,"Y","2024-11-11",0,1,NA,NA,NA,NA,NA,NA,NA,NA,NA,NA,NA,NA,NA,NA,NA,NA,NA,NA,NA,NA,"established"
"2083",1,"KL21WI1624",NA,"CP TUNNEL","WI",5,3,0.001243278,0,0,"WDNR5426",2021,9.05,-2.905431792,1,0.0433785666344251,0.0124196084965259,8.32713333333333,NA,-1.87226015408347,"N","2021-11-08",1,1,1,"KL22WI0470","WI",3,"725",1,0.125545199,1,3.82,-0.901199891,1,0.0638190623117856,0.0173130175432083,4.76845503355705,NA,-1.73724008855528,"Y","2022-03-03",0,1,"established"
"2084",1,"KL22WI1698","B","CP TUNNEL","WI",6,3,0.003065075,1,1,"WDNR5426",2022,NA,-2.513558903,1,NA,0.0124353221238346,8.34990291262136,NA,-1.87175191650831,"Y","2022-11-09",0,1,0,"KL23WI0248","WI",3,"B",1,0.03634321,2,NA,-1.439576722,1,NA,0.0203475342796718,3.43575892857143,NA,-1.67065228038479,"Y","2023-02-27",0,1,"established"
"2085",1,"KL21WI1625",NA,"CP TUNNEL","WI",5,1,0.009054691,0,0,"WDNR5427",2021,8.91,-2.043126365,1,0.0230836604145385,0.0124196084965259,8.32713333333333,NA,-1.87226015408347,"N","2021-11-08",1,1,0,"KL22WI0489","WI",1,"1150",0,0.002209471,0,3.04,-2.655711675,1,0.0564453527385864,0.0173130175432083,4.76845503355705,NA,-1.73724008855528,"Y","2022-03-03",0,1,"established"
"2086",1,"KL21WI1626",NA,"CP TUNNEL","WI",5,2,0.019941752,0,0,"WDNR5428",2021,8.96,-1.700236682,1,0.0303214437130943,0.0124196084965259,8.32713333333333,NA,-1.87226015408347,"N","2021-11-08",1,1,1,"KL22WI0482","WI",2,"1050",0,0.001311989,0,2.38,-2.882069719,1,0.225147023445142,0.0173130175432083,4.76845503355705,NA,-1.73724008855528,"Y","2022-03-03",0,1,"established"
"2087",0,"KL21WI1630",NA,"CP TUNNEL","WI",5,0,0.000103264,0,0,"WDNR5430",2021,8.92,-3.98605292,1,0.0302823231460901,0.0124196084965259,8.32713333333333,NA,-1.87226015408347,"N","2021-11-08",1,0,NA,NA,NA,NA,NA,NA,NA,NA,NA,NA,NA,NA,NA,NA,NA,NA,NA,NA,NA,NA,"established"
"2088",0,"KL21WI1631",NA,"CP TUNNEL","WI",5,0,0.000118732,0,0,"WDNR5431",2021,9.05,-3.925431735,1,0.0376193643663813,0.0124196084965259,8.32713333333333,NA,-1.87226015408347,"N","2021-11-08",1,0,NA,NA,NA,NA,NA,NA,NA,NA,NA,NA,NA,NA,NA,NA,NA,NA,NA,NA,NA,NA,"established"
"2089",0,"KL21WI1638",NA,"CP TUNNEL","WI",5,0,0.002620808,0,0,"WDNR5433",2021,9.82,-2.58156475,1,0.0753519048723651,0.0124196084965259,8.32713333333333,NA,-1.87226015408347,"N","2021-11-08",1,0,NA,NA,NA,NA,NA,NA,NA,NA,NA,NA,NA,NA,NA,NA,NA,NA,NA,NA,NA,NA,"established"
"2090",1,"KL21WI1639",NA,"CP TUNNEL","WI",5,2,0.000152749,0,0,"WDNR5434",2021,9.82,-3.81602048,1,0.0753519048723651,0.0124196084965259,8.32713333333333,NA,-1.87226015408347,"N","2021-11-08",1,1,NA,NA,NA,NA,NA,NA,NA,NA,NA,NA,NA,NA,NA,NA,NA,NA,NA,NA,NA,NA,"established"
"2091",1,"KL22WI1729","C","CP TUNNEL","WI",6,2,0.000173322,0,0,"WDNR5434",2022,NA,-3.761145998,1,NA,0.0124353221238346,8.34990291262136,NA,-1.87175191650831,"Y","2022-11-09",0,1,NA,NA,NA,NA,NA,NA,NA,NA,NA,NA,NA,NA,NA,NA,NA,NA,NA,NA,NA,NA,"established"
"2092",0,"KL23WI1229",NA,"CP TUNNEL","WI",7,2,4.16e-06,0,0,"WDNR5434",2023,NA,-5.380442788,1,NA,0.012028935210678,7.76103448275862,98.8591272909796,-1.8850910755401,"Y","2023-11-04",0,1,NA,NA,NA,NA,NA,NA,NA,NA,NA,NA,NA,NA,NA,NA,NA,NA,NA,NA,NA,NA,"established"
"2093",1,"KL21WI1640",NA,"CP TUNNEL","WI",5,1,5.68e-05,0,0,"WDNR5435",2021,9.82,-4.245455448,1,0.0753519048723651,0.0124196084965259,8.32713333333333,NA,-1.87226015408347,"N","2021-11-08",1,1,0,"KL22WI0474","WI",1,"800",1,0.004147297,1,2.61,-2.382234854,1,0.10612664503121,0.0173130175432083,4.76845503355705,NA,-1.73724008855528,"Y","2022-03-03",0,1,"established"
"2094",1,"KL21WI1641",NA,"CP TUNNEL","WI",5,4,0.000100174,0,0,"WDNR5436",2021,9.82,-3.999246356,1,0.0753519048723651,0.0124196084965259,8.32713333333333,NA,-1.87226015408347,"N","2021-11-08",1,1,1,"KL22WI0483","WI",4,"1050",0,0.001309756,0,2.38,-2.88280971,1,0.225147023445142,0.0173130175432083,4.76845503355705,NA,-1.73724008855528,"Y","2022-03-03",0,1,"established"
"2095",1,"KL23WI1218",NA,"CP TUNNEL","WI",7,4,1.79e-07,0,0,"WDNR5436",2023,NA,-6.748053221,1,NA,0.012028935210678,7.76103448275862,98.8591272909796,-1.8850910755401,"Y","2023-11-04",0,1,NA,NA,NA,NA,NA,NA,NA,NA,NA,NA,NA,NA,NA,NA,NA,NA,NA,NA,NA,NA,"established"
"2096",1,"KL24WI1368","800 to 850","CP TUNNEL","WI",8,4,2.14e-06,0,0,"WDNR5436",2024,NA,-5.66999745,1,NA,0.0806089621368824,7.02604516129032,90.9485551208831,-1.0882621452551,"Y","2024-11-11",0,1,0,"KL25WI0239","WI",4,"600 to 650",1,0.002383623,1,NA,-2.622762366,1,NA,0.0438827704965504,4.58171084337349,94.615320497781,-1.34792034305698,"Y","2025-03-06",0,1,"established"
"2097",1,"KL23WI1231",NA,"CP TUNNEL","WI",7,3,1.7e-06,0,0,"WDNR5437",2023,NA,-5.769793083,1,NA,0.012028935210678,7.76103448275862,98.8591272909796,-1.8850910755401,"Y","2023-11-04",0,1,NA,NA,NA,NA,NA,NA,NA,NA,NA,NA,NA,NA,NA,NA,NA,NA,NA,NA,NA,NA,"established"
"2098",1,"KL24WI1382","1000 to 1050","CP TUNNEL","WI",8,3,0.000122636,0,0,"WDNR5437",2024,NA,-3.911382316,1,NA,0.0806089621368824,7.02604516129032,90.9485551208831,-1.0882621452551,"Y","2024-11-11",0,1,0,"KL25WI0243","WI",3,"600 to 650",1,0.013421945,2,NA,-1.872184539,1,NA,0.0438827704965504,4.58171084337349,94.615320497781,-1.34792034305698,"Y","2025-03-06",0,1,"established"
"2099",1,"KL21WI1644",NA,"CP TUNNEL","WI",5,3,3.36e-06,0,0,"WDNR5438",2021,9.52,-5.473168976,1,0.0629963871616323,0.0124196084965259,8.32713333333333,NA,-1.87226015408347,"N","2021-11-08",1,1,NA,NA,NA,NA,NA,NA,NA,NA,NA,NA,NA,NA,NA,NA,NA,NA,NA,NA,NA,NA,"established"
"2100",1,"KL23WI1204",NA,"CP TUNNEL","WI",7,3,0.009333866,1,1,"WDNR5438",2023,NA,-2.029938429,1,NA,0.012028935210678,7.76103448275862,98.8591272909796,-1.8850910755401,"Y","2023-11-04",0,1,1,"KL24WI0532","WI",3,"1000-1100",1,0.002518946,1,NA,-2.598781149,1,NA,0.023587891523314,4.56179951690821,NA,-1.60927871156428,"Y","2024-03-14",0,1,"established"
"2101",0,"KL24WI1364","850 to 900","CP TUNNEL","WI",8,3,2.98e-05,1,1,"WDNR5438",2024,NA,-4.525178967,1,NA,0.0806089621368824,7.02604516129032,90.9485551208831,-1.0882621452551,"Y","2024-11-11",0,1,NA,NA,NA,NA,NA,NA,NA,NA,NA,NA,NA,NA,NA,NA,NA,NA,NA,NA,NA,NA,"established"
"2102",1,"KL23WI1201",NA,"CP TUNNEL","WI",7,4,4.34e-06,0,0,"WDNR5439",2023,NA,-5.362998094,1,NA,0.012028935210678,7.76103448275862,98.8591272909796,-1.8850910755401,"Y","2023-11-04",0,1,1,"KL24WI0495","WI",4,"700-800",1,0.006503244,1,NA,-2.186869933,1,NA,0.023587891523314,4.56179951690821,NA,-1.60927871156428,"Y","2024-03-14",0,1,"established"
"2103",1,"KL24WI1358","700 to 750","CP TUNNEL","WI",8,4,0.000213315,0,0,"WDNR5439",2024,NA,-3.670979346,1,NA,0.0806089621368824,7.02604516129032,90.9485551208831,-1.0882621452551,"Y","2024-11-11",0,1,0,"KL25WI0242","WI",4,"600 to 650",NA,0.004342626,NA,NA,-2.362247531,1,NA,0.0438827704965504,4.58171084337349,94.615320497781,-1.34792034305698,"Y","2025-03-06",0,1,"established"
"2104",0,"KL21WI1766","C","HORSESHOE BAY","WI",7,0,1.12e-05,NA,NA,"WDNR5440",2021,NA,-4.95188681,1,NA,0.00627929532871588,8.79443609022556,99.4456684448472,-2.13791066047578,"N","2021-11-14",1,0,NA,NA,NA,NA,NA,NA,NA,NA,NA,NA,NA,NA,NA,NA,NA,NA,NA,NA,NA,NA,"established"
"2105",1,"KL21WI1834","HR","MARIBEL","WI",6,1,0.020879791,0,0,"WDNR5441",2021,NA,-1.680273842,1,NA,0.00727119348414132,10.0884795381818,NA,-2.08243181980906,"N","2021-11-15",1,1,NA,NA,NA,NA,NA,NA,NA,NA,NA,NA,NA,NA,NA,NA,NA,NA,NA,NA,NA,NA,"established"
"2106",0,"KL22WI1820","HR","MARIBEL","WI",7,1,0.000325379,0,0,"WDNR5441",2022,NA,-3.487610094,1,NA,0.00681424122463258,9.94692946058091,NA,-2.10711318628889,"Y","2022-11-15",0,1,NA,NA,NA,NA,NA,NA,NA,NA,NA,NA,NA,NA,NA,NA,NA,NA,NA,NA,NA,NA,"established"
"2107",0,"KL21WI1861","WL","MARIBEL","WI",6,0,1.16e-06,0,0,"WDNR5443",2021,11.07,-5.937234992,1,0.0739460166591786,0.00727119348414132,10.3682213114754,NA,-2.08243181980906,"N","2021-11-15",1,0,NA,NA,NA,NA,NA,NA,NA,NA,NA,NA,NA,NA,NA,NA,NA,NA,NA,NA,NA,NA,"established"
"2108",1,"KL21WI1946","20","NEDA MINE","WI",7,1,0.008631561,0,0,"WDNR5445",2021,NA,-2.063910634,1,NA,0.00599769849291022,8.79071942446043,99.4705384086006,-2.15504477372597,"N","2021-11-17",1,1,0,"KL22WI0890","WI",1,"16",0,0.021839034,0,NA,-1.660766568,1,NA,0.00726349082234351,5.22955465587045,NA,-2.08283645090993,"Y","2022-03-16",0,1,"established"
"2109",1,"KL21WI1949","20","NEDA MINE","WI",7,2,0.002569569,0,0,"WDNR5446",2021,NA,-2.590139745,1,NA,0.00599769849291022,8.79071942446043,99.4705384086006,-2.15504477372597,"N","2021-11-17",1,1,NA,NA,NA,NA,NA,NA,NA,NA,NA,NA,NA,NA,NA,NA,NA,NA,NA,NA,NA,NA,"established"
"2110",1,"KL21WI1959","15","NEDA MINE","WI",7,1,0.002801496,0,0,"WDNR5447",2021,NA,-2.552610028,1,NA,0.0119982386549739,8.71749539594843,NA,-1.88611549340474,"N","2021-11-17",1,1,NA,NA,NA,NA,NA,NA,NA,NA,NA,NA,NA,NA,NA,NA,NA,NA,NA,NA,NA,NA,"established"
"2111",0,"KL22WI1855","14","NEDA MINE","WI",8,1,0.00012978,0,0,"WDNR5447",2022,NA,-3.886791889,1,NA,0.0132866382992858,7.96672199170124,NA,-1.84506995034301,"Y","2022-11-17",0,1,NA,NA,NA,NA,NA,NA,NA,NA,NA,NA,NA,NA,NA,NA,NA,NA,NA,NA,NA,NA,"established"
"2112",0,"KL21WI1962","15","NEDA MINE","WI",7,0,0.000974029,NA,NA,"WDNR5448",2021,NA,-3.011428067,1,NA,0.0119982386549739,8.71749539594843,NA,-1.88611549340474,"N","2021-11-17",1,0,NA,NA,NA,NA,NA,NA,NA,NA,NA,NA,NA,NA,NA,NA,NA,NA,NA,NA,NA,NA,"established"
"2113",0,"KL21WI2018","B","BEAR CREEK","WI",6,0,0.001877737,0,0,"WDNR5449",2021,8.19,-2.726365175,1,0.0239627650601215,0.0127471431109737,7.99421806853583,NA,-1.86178754620122,"N","2021-11-19",1,0,NA,NA,NA,NA,NA,NA,NA,NA,NA,NA,NA,NA,NA,NA,NA,NA,NA,NA,NA,NA,"established"
"2114",0,"KL21WI2019","B","BEAR CREEK","WI",6,0,0.002301696,1,1,"WDNR5450",2021,8.19,-2.637952098,1,0.0239627650601215,0.0127471431109737,7.99421806853583,NA,-1.86178754620122,"N","2021-11-19",1,0,NA,NA,NA,NA,NA,NA,NA,NA,NA,NA,NA,NA,NA,NA,NA,NA,NA,NA,NA,NA,"established"
"2115",0,"KL23WI0748",NA,"NEDA MINE","WI",9,0,1.22e-06,NA,NA,"WDNR5494",2023,NA,-5.914914434,1,NA,0.00840475771690902,8.19710253456221,99.2257765595167,-2.02665238815877,"N","2023-08-28",1,0,NA,NA,NA,NA,NA,NA,NA,NA,NA,NA,NA,NA,NA,NA,NA,NA,NA,NA,NA,NA,NA
"2116",0,"KL23WI0749",NA,"NEDA MINE","WI",9,0,4.52e-06,NA,NA,"WDNR5495",2023,NA,-5.344909595,1,NA,0.00840475771690902,8.19710253456221,99.2257765595167,-2.02665238815877,"N","2023-08-28",1,0,NA,NA,NA,NA,NA,NA,NA,NA,NA,NA,NA,NA,NA,NA,NA,NA,NA,NA,NA,NA,NA
"2117",0,"KL23WI0750",NA,"NEDA MINE","WI",9,0,2.94e-06,NA,NA,"WDNR5496",2023,NA,-5.532100948,1,NA,0.00840475771690902,8.19710253456221,99.2257765595167,-2.02665238815877,"N","2023-08-28",1,0,NA,NA,NA,NA,NA,NA,NA,NA,NA,NA,NA,NA,NA,NA,NA,NA,NA,NA,NA,NA,NA
"2118",0,"KL23WI0751",NA,"NEDA MINE","WI",9,0,1.97e-06,NA,NA,"WDNR5497",2023,NA,-5.704677701,1,NA,0.00840475771690902,8.19710253456221,99.2257765595167,-2.02665238815877,"N","2023-08-28",1,0,NA,NA,NA,NA,NA,NA,NA,NA,NA,NA,NA,NA,NA,NA,NA,NA,NA,NA,NA,NA,NA
"2119",0,"KL23WI0752",NA,"NEDA MINE","WI",9,0,6.52e-07,NA,NA,"WDNR5498",2023,NA,-6.18599138,1,NA,0.00840475771690902,8.19710253456221,99.2257765595167,-2.02665238815877,"N","2023-08-28",1,0,NA,NA,NA,NA,NA,NA,NA,NA,NA,NA,NA,NA,NA,NA,NA,NA,NA,NA,NA,NA,NA
"2120",0,"KL23WI0753",NA,"NEDA MINE","WI",9,0,6.36e-06,NA,NA,"WDNR5499",2023,NA,-5.196469356,1,NA,0.00840475771690902,8.19710253456221,99.2257765595167,-2.02665238815877,"N","2023-08-28",1,0,NA,NA,NA,NA,NA,NA,NA,NA,NA,NA,NA,NA,NA,NA,NA,NA,NA,NA,NA,NA,NA
"2121",0,"KL23WI0909",NA,"MAIDEN ROCK","WI",8,0,1.05e-07,NA,NA,"WDNR5502",2023,NA,-6.979478004,1,NA,NA,NA,NA,NA,"N","2023-08-29",1,0,NA,NA,NA,NA,NA,NA,NA,NA,NA,NA,NA,NA,NA,NA,NA,NA,NA,NA,NA,NA,"established"
"2122",0,"KL23WI0910",NA,"MAIDEN ROCK","WI",8,0,1.96e-06,NA,NA,"WDNR5503",2023,NA,-5.706837614,1,NA,NA,NA,NA,NA,"N","2023-08-29",1,0,NA,NA,NA,NA,NA,NA,NA,NA,NA,NA,NA,NA,NA,NA,NA,NA,NA,NA,NA,NA,"established"
"2123",0,"KL23WI0911",NA,"MAIDEN ROCK","WI",8,0,1.43e-06,NA,NA,"WDNR5504",2023,NA,-5.845266905,1,NA,NA,NA,NA,NA,"N","2023-08-29",1,0,NA,NA,NA,NA,NA,NA,NA,NA,NA,NA,NA,NA,NA,NA,NA,NA,NA,NA,NA,NA,"established"
"2124",0,"KL23WI0912",NA,"MAIDEN ROCK","WI",8,0,5.26e-07,NA,NA,"WDNR5505",2023,NA,-6.278651646,1,NA,NA,NA,NA,NA,"N","2023-08-29",1,0,NA,NA,NA,NA,NA,NA,NA,NA,NA,NA,NA,NA,NA,NA,NA,NA,NA,NA,NA,NA,"established"
"2125",0,"KL23WI0913",NA,"MAIDEN ROCK","WI",8,0,1.84e-06,NA,NA,"WDNR5506",2023,NA,-5.735128371,1,NA,NA,NA,NA,NA,"N","2023-08-29",1,0,NA,NA,NA,NA,NA,NA,NA,NA,NA,NA,NA,NA,NA,NA,NA,NA,NA,NA,NA,NA,"established"
"2126",0,"KL23WI0915",NA,"MAIDEN ROCK","WI",8,0,4.65e-07,NA,NA,"WDNR5508",2023,NA,-6.332188921,1,NA,NA,NA,NA,NA,"N","2023-08-29",1,0,NA,NA,NA,NA,NA,NA,NA,NA,NA,NA,NA,NA,NA,NA,NA,NA,NA,NA,NA,NA,"established"
"2127",0,"KL23WI0916",NA,"MAIDEN ROCK","WI",8,0,3.15e-07,NA,NA,"WDNR5509",2023,NA,-6.501919651,1,NA,NA,NA,NA,NA,"N","2023-08-29",1,0,NA,NA,NA,NA,NA,NA,NA,NA,NA,NA,NA,NA,NA,NA,NA,NA,NA,NA,NA,NA,"established"
"2128",0,"KL23WI0917",NA,"MAIDEN ROCK","WI",8,0,2.56e-07,NA,NA,"WDNR5510",2023,NA,-6.592265418,1,NA,NA,NA,NA,NA,"N","2023-08-29",1,0,NA,NA,NA,NA,NA,NA,NA,NA,NA,NA,NA,NA,NA,NA,NA,NA,NA,NA,NA,NA,"established"
"2129",0,"KL23WI0918",NA,"MAIDEN ROCK","WI",8,0,1.69e-07,NA,NA,"WDNR5511",2023,NA,-6.77190216,1,NA,NA,NA,NA,NA,"N","2023-08-29",1,0,NA,NA,NA,NA,NA,NA,NA,NA,NA,NA,NA,NA,NA,NA,NA,NA,NA,NA,NA,NA,"established"
"2130",0,"KL23WI0919",NA,"MAIDEN ROCK","WI",8,0,2.47e-07,NA,NA,"WDNR5512",2023,NA,-6.606717078,1,NA,NA,NA,NA,NA,"N","2023-08-29",1,0,NA,NA,NA,NA,NA,NA,NA,NA,NA,NA,NA,NA,NA,NA,NA,NA,NA,NA,NA,NA,"established"
"2131",0,"KL23WI0920",NA,"MAIDEN ROCK","WI",8,0,9.11e-08,NA,NA,"WDNR5513",2023,NA,-7.04049622,1,NA,NA,NA,NA,NA,"N","2023-08-29",1,0,NA,NA,NA,NA,NA,NA,NA,NA,NA,NA,NA,NA,NA,NA,NA,NA,NA,NA,NA,NA,"established"
"2132",0,"KL23WI0922",NA,"MAIDEN ROCK","WI",8,0,6.82e-07,NA,NA,"WDNR5515",2023,NA,-6.16619859,1,NA,NA,NA,NA,NA,"N","2023-08-29",1,0,NA,NA,NA,NA,NA,NA,NA,NA,NA,NA,NA,NA,NA,NA,NA,NA,NA,NA,NA,NA,"established"
"2133",1,"KL23WI0923",NA,"MAIDEN ROCK","WI",8,1,1.93e-07,NA,NA,"WDNR5516",2023,NA,-6.713982999,1,NA,NA,NA,NA,NA,"N","2023-08-29",1,1,0,"KL24WI0125","WI",1,"3",1,0.002767806,1,NA,-2.557864288,1,NA,NA,NA,NA,NA,"Y","2024-03-05",0,1,"established"
"2134",0,"KL23WI0926",NA,"MAIDEN ROCK","WI",8,0,5.81e-07,NA,NA,"WDNR5519",2023,NA,-6.236026427,1,NA,NA,NA,NA,NA,"N","2023-08-29",1,0,NA,NA,NA,NA,NA,NA,NA,NA,NA,NA,NA,NA,NA,NA,NA,NA,NA,NA,NA,NA,"established"
"2135",0,"KL23WI0927",NA,"MAIDEN ROCK","WI",8,0,8.74e-08,NA,NA,"WDNR5520",2023,NA,-7.05856177,1,NA,NA,NA,NA,NA,"N","2023-08-29",1,0,NA,NA,NA,NA,NA,NA,NA,NA,NA,NA,NA,NA,NA,NA,NA,NA,NA,NA,NA,NA,"established"
"2136",0,"KL23WI0928",NA,"MAIDEN ROCK","WI",8,0,8.75e-07,NA,NA,"WDNR5521",2023,NA,-6.057991683,1,NA,NA,NA,NA,NA,"N","2023-08-29",1,0,NA,NA,NA,NA,NA,NA,NA,NA,NA,NA,NA,NA,NA,NA,NA,NA,NA,NA,NA,NA,"established"
"2137",0,"KL23WI0929",NA,"MAIDEN ROCK","WI",8,0,2.65e-07,NA,NA,"WDNR5522",2023,NA,-6.576214622,1,NA,NA,NA,NA,NA,"N","2023-08-29",1,0,NA,NA,NA,NA,NA,NA,NA,NA,NA,NA,NA,NA,NA,NA,NA,NA,NA,NA,NA,NA,"established"
"2138",0,"KL23WI0931",NA,"MAIDEN ROCK","WI",8,0,3.84e-06,NA,NA,"WDNR5523",2023,NA,-5.415154166,1,NA,NA,NA,NA,NA,"N","2023-08-29",1,0,NA,NA,NA,NA,NA,NA,NA,NA,NA,NA,NA,NA,NA,NA,NA,NA,NA,NA,NA,NA,"established"
"2139",0,"KL23WI0932",NA,"MAIDEN ROCK","WI",8,0,1.09e-06,NA,NA,"WDNR5524",2023,NA,-5.962849285,1,NA,NA,NA,NA,NA,"N","2023-08-29",1,0,NA,NA,NA,NA,NA,NA,NA,NA,NA,NA,NA,NA,NA,NA,NA,NA,NA,NA,NA,NA,"established"
"2140",0,"KL23WI0933",NA,"MAIDEN ROCK","WI",8,0,9.69e-07,NA,NA,"WDNR5525",2023,NA,-6.013830598,1,NA,NA,NA,NA,NA,"N","2023-08-29",1,0,NA,NA,NA,NA,NA,NA,NA,NA,NA,NA,NA,NA,NA,NA,NA,NA,NA,NA,NA,NA,"established"
"2141",0,"KL23WI0934",NA,"MAIDEN ROCK","WI",8,0,1.01e-06,NA,NA,"WDNR5526",2023,NA,-5.997296767,1,NA,NA,NA,NA,NA,"N","2023-08-29",1,0,NA,NA,NA,NA,NA,NA,NA,NA,NA,NA,NA,NA,NA,NA,NA,NA,NA,NA,NA,NA,"established"
"2142",0,"KL23WI0930",NA,"MAIDEN ROCK","WI",8,0,3.58e-06,NA,NA,"WDNR5527",2023,NA,-5.446556349,1,NA,NA,NA,NA,NA,"N","2023-08-29",1,0,NA,NA,NA,NA,NA,NA,NA,NA,NA,NA,NA,NA,NA,NA,NA,NA,NA,NA,NA,NA,"established"
"2143",0,"KL23WI0937",NA,"MAIDEN ROCK","WI",8,0,4.03e-07,NA,NA,"WDNR5529",2023,NA,-6.39486854,1,NA,NA,NA,NA,NA,"N","2023-08-29",1,0,NA,NA,NA,NA,NA,NA,NA,NA,NA,NA,NA,NA,NA,NA,NA,NA,NA,NA,NA,NA,"established"
"2144",0,"KL23WI0938",NA,"MAIDEN ROCK","WI",8,0,1.14e-06,NA,NA,"WDNR5530",2023,NA,-5.943160685,1,NA,NA,NA,NA,NA,"N","2023-08-29",1,0,NA,NA,NA,NA,NA,NA,NA,NA,NA,NA,NA,NA,NA,NA,NA,NA,NA,NA,NA,NA,"established"
"2145",0,"KL23WI0939",NA,"MAIDEN ROCK","WI",8,0,1.66e-06,NA,NA,"WDNR5531",2023,NA,-5.779605561,1,NA,NA,NA,NA,NA,"N","2023-08-29",1,0,NA,NA,NA,NA,NA,NA,NA,NA,NA,NA,NA,NA,NA,NA,NA,NA,NA,NA,NA,NA,"established"
"2146",0,"KL23WI0940",NA,"MAIDEN ROCK","WI",8,0,2.47e-07,NA,NA,"WDNR5532",2023,NA,-6.607798502,1,NA,NA,NA,NA,NA,"N","2023-08-29",1,0,NA,NA,NA,NA,NA,NA,NA,NA,NA,NA,NA,NA,NA,NA,NA,NA,NA,NA,NA,NA,"established"
"2147",0,"KL23WI0941",NA,"MAIDEN ROCK","WI",8,0,1.8e-06,NA,NA,"WDNR5533",2023,NA,-5.743682636,1,NA,NA,NA,NA,NA,"N","2023-08-29",1,0,NA,NA,NA,NA,NA,NA,NA,NA,NA,NA,NA,NA,NA,NA,NA,NA,NA,NA,NA,NA,"established"
"2148",0,"KL23WI0942",NA,"MAIDEN ROCK","WI",8,0,1.77e-07,NA,NA,"WDNR5534",2023,NA,-6.75253254,1,NA,NA,NA,NA,NA,"N","2023-08-29",1,0,NA,NA,NA,NA,NA,NA,NA,NA,NA,NA,NA,NA,NA,NA,NA,NA,NA,NA,NA,NA,"established"
"2149",1,"KL23WI0943",NA,"MAIDEN ROCK","WI",8,1,3.06e-07,NA,NA,"WDNR5535",2023,NA,-6.514265414,1,NA,NA,NA,NA,NA,"N","2023-08-29",1,1,0,"KL24WI0083","WI",1,"7",1,3.7e-05,2,NA,-4.431527624,1,NA,NA,NA,NA,NA,"Y","2024-03-05",0,1,"established"
"2150",0,"KL23WI0944",NA,"MAIDEN ROCK","WI",8,0,1.15e-06,NA,NA,"WDNR5536",2023,NA,-5.938433485,1,NA,NA,NA,NA,NA,"N","2023-08-29",1,0,NA,NA,NA,NA,NA,NA,NA,NA,NA,NA,NA,NA,NA,NA,NA,NA,NA,NA,NA,NA,"established"
"2151",0,"KL23WI0945",NA,"MAIDEN ROCK","WI",8,0,4.72e-07,NA,NA,"WDNR5537",2023,NA,-6.325838058,1,NA,NA,NA,NA,NA,"N","2023-08-29",1,0,NA,NA,NA,NA,NA,NA,NA,NA,NA,NA,NA,NA,NA,NA,NA,NA,NA,NA,NA,NA,"established"
"2152",0,"KL23WI0947",NA,"MAIDEN ROCK","WI",8,0,5.04e-07,NA,NA,"WDNR5539",2023,NA,-6.297308284,1,NA,NA,NA,NA,NA,"N","2023-08-29",1,0,NA,NA,NA,NA,NA,NA,NA,NA,NA,NA,NA,NA,NA,NA,NA,NA,NA,NA,NA,NA,"established"
"2153",0,"KL23WI0949",NA,"MAIDEN ROCK","WI",8,0,1.03e-06,NA,NA,"WDNR5541",2023,NA,-5.988969942,1,NA,NA,NA,NA,NA,"N","2023-08-29",1,0,NA,NA,NA,NA,NA,NA,NA,NA,NA,NA,NA,NA,NA,NA,NA,NA,NA,NA,NA,NA,"established"
"2154",0,"KL23WI0950",NA,"MAIDEN ROCK","WI",8,0,9.98e-07,NA,NA,"WDNR5542",2023,NA,-6.000852183,1,NA,NA,NA,NA,NA,"N","2023-08-29",1,0,NA,NA,NA,NA,NA,NA,NA,NA,NA,NA,NA,NA,NA,NA,NA,NA,NA,NA,NA,NA,"established"
"2155",0,"KL23WI0951",NA,"MAIDEN ROCK","WI",8,0,1.38e-06,NA,NA,"WDNR5543",2023,NA,-5.860885937,1,NA,NA,NA,NA,NA,"N","2023-08-29",1,0,NA,NA,NA,NA,NA,NA,NA,NA,NA,NA,NA,NA,NA,NA,NA,NA,NA,NA,NA,NA,"established"
"2156",0,"KL23WI0952",NA,"MAIDEN ROCK","WI",8,0,2.19e-07,NA,NA,"WDNR5544",2023,NA,-6.660106596,1,NA,NA,NA,NA,NA,"N","2023-08-29",1,0,NA,NA,NA,NA,NA,NA,NA,NA,NA,NA,NA,NA,NA,NA,NA,NA,NA,NA,NA,NA,"established"
"2157",0,"KL23WI0953",NA,"MAIDEN ROCK","WI",8,0,7.07e-07,NA,NA,"WDNR5545",2023,NA,-6.150506184,1,NA,NA,NA,NA,NA,"N","2023-08-29",1,0,NA,NA,NA,NA,NA,NA,NA,NA,NA,NA,NA,NA,NA,NA,NA,NA,NA,NA,NA,NA,"established"
"2158",0,"KL23WI0956",NA,"MAIDEN ROCK","WI",8,0,1.3e-07,NA,NA,"WDNR5547",2023,NA,-6.885197212,1,NA,NA,NA,NA,NA,"N","2023-08-29",1,0,NA,NA,NA,NA,NA,NA,NA,NA,NA,NA,NA,NA,NA,NA,NA,NA,NA,NA,NA,NA,"established"
"2159",0,"KL23WI0957",NA,"MAIDEN ROCK","WI",8,0,1.13e-06,NA,NA,"WDNR5548",2023,NA,-5.945047879,1,NA,NA,NA,NA,NA,"N","2023-08-29",1,0,NA,NA,NA,NA,NA,NA,NA,NA,NA,NA,NA,NA,NA,NA,NA,NA,NA,NA,NA,NA,"established"
"2160",0,"KL23WI0958",NA,"MAIDEN ROCK","WI",8,0,4.33e-07,NA,NA,"WDNR5549",2023,NA,-6.363667948,1,NA,NA,NA,NA,NA,"N","2023-08-29",1,0,NA,NA,NA,NA,NA,NA,NA,NA,NA,NA,NA,NA,NA,NA,NA,NA,NA,NA,NA,NA,"established"
"2161",0,"KL23WI0954",NA,"MAIDEN ROCK","WI",8,1,5.49e-07,NA,NA,"WDNR5550",2023,NA,-6.260675112,1,NA,NA,NA,NA,NA,"N","2023-08-29",0,1,NA,NA,NA,NA,NA,NA,NA,NA,NA,NA,NA,NA,NA,NA,NA,NA,NA,NA,NA,NA,"established"
"2162",0,"KL23WI0755",NA,"NEDA MINE","WI",9,0,5.72e-07,NA,NA,"WDNR5551",2023,NA,-6.242843453,1,NA,0.00840475771690902,8.19710253456221,99.2257765595167,-2.02665238815877,"N","2023-08-28",1,0,NA,NA,NA,NA,NA,NA,NA,NA,NA,NA,NA,NA,NA,NA,NA,NA,NA,NA,NA,NA,NA
"2163",0,"KL23WI0756",NA,"NEDA MINE","WI",9,0,6.49e-07,NA,NA,"WDNR5552",2023,NA,-6.187927563,1,NA,0.00840475771690902,8.19710253456221,99.2257765595167,-2.02665238815877,"N","2023-08-28",1,0,NA,NA,NA,NA,NA,NA,NA,NA,NA,NA,NA,NA,NA,NA,NA,NA,NA,NA,NA,NA,NA
"2164",0,"KL23WI0757",NA,"NEDA MINE","WI",9,0,8.82e-06,NA,NA,"WDNR5553",2023,NA,-5.054620848,1,NA,0.00840475771690902,8.19710253456221,99.2257765595167,-2.02665238815877,"N","2023-08-28",1,0,NA,NA,NA,NA,NA,NA,NA,NA,NA,NA,NA,NA,NA,NA,NA,NA,NA,NA,NA,NA,NA
"2165",0,"KL23WI0758",NA,"NEDA MINE","WI",9,0,7.31e-07,NA,NA,"WDNR5554",2023,NA,-6.136010637,1,NA,0.00840475771690902,8.19710253456221,99.2257765595167,-2.02665238815877,"N","2023-08-28",1,0,NA,NA,NA,NA,NA,NA,NA,NA,NA,NA,NA,NA,NA,NA,NA,NA,NA,NA,NA,NA,NA
"2166",0,"KL23WI0759",NA,"NEDA MINE","WI",9,0,6.52e-06,NA,NA,"WDNR5555",2023,NA,-5.18606065,1,NA,0.00840475771690902,8.19710253456221,99.2257765595167,-2.02665238815877,"N","2023-08-28",1,0,NA,NA,NA,NA,NA,NA,NA,NA,NA,NA,NA,NA,NA,NA,NA,NA,NA,NA,NA,NA,NA
"2167",0,"KL23WI0760",NA,"NEDA MINE","WI",9,0,1.12e-06,NA,NA,"WDNR5556",2023,NA,-5.951170782,1,NA,0.00840475771690902,8.19710253456221,99.2257765595167,-2.02665238815877,"N","2023-08-28",1,0,NA,NA,NA,NA,NA,NA,NA,NA,NA,NA,NA,NA,NA,NA,NA,NA,NA,NA,NA,NA,NA
"2168",0,"KL23WI0761",NA,"NEDA MINE","WI",9,0,7.86e-07,NA,NA,"WDNR5557",2023,NA,-6.104405801,1,NA,0.00840475771690902,8.19710253456221,99.2257765595167,-2.02665238815877,"N","2023-08-28",1,0,NA,NA,NA,NA,NA,NA,NA,NA,NA,NA,NA,NA,NA,NA,NA,NA,NA,NA,NA,NA,NA
"2169",0,"KL23WI0762",NA,"NEDA MINE","WI",9,0,1.16e-06,NA,NA,"WDNR5558",2023,NA,-5.937404125,1,NA,0.00840475771690902,8.19710253456221,99.2257765595167,-2.02665238815877,"N","2023-08-28",1,0,NA,NA,NA,NA,NA,NA,NA,NA,NA,NA,NA,NA,NA,NA,NA,NA,NA,NA,NA,NA,NA
"2170",0,"KL23WI0763",NA,"NEDA MINE","WI",9,0,2.79e-06,NA,NA,"WDNR5559",2023,NA,-5.553948372,1,NA,0.00840475771690902,8.19710253456221,99.2257765595167,-2.02665238815877,"N","2023-08-28",1,0,NA,NA,NA,NA,NA,NA,NA,NA,NA,NA,NA,NA,NA,NA,NA,NA,NA,NA,NA,NA,NA
"2171",0,"KL23WI0764",NA,"NEDA MINE","WI",9,0,4.63e-06,NA,NA,"WDNR5560",2023,NA,-5.334102879,1,NA,0.00840475771690902,8.19710253456221,99.2257765595167,-2.02665238815877,"N","2023-08-28",1,0,NA,NA,NA,NA,NA,NA,NA,NA,NA,NA,NA,NA,NA,NA,NA,NA,NA,NA,NA,NA,NA
"2172",1,"KL23WI0765",NA,"NEDA MINE","WI",9,1,2.19e-06,NA,NA,"WDNR5561",2023,NA,-5.659064913,1,NA,0.00840475771690902,8.19710253456221,99.2257765595167,-2.02665238815877,"N","2023-08-28",1,1,0,"KL24WI0351","WI",1,"21",0,0.022529562,0,NA,-1.647247252,1,NA,0.0152931055615139,5.85180473372781,98.3485497313784,-1.78799612872508,"Y","2024-03-12",0,1,NA
"2173",0,"KL23WI0766",NA,"NEDA MINE","WI",9,0,5.1e-06,NA,NA,"WDNR5562",2023,NA,-5.292193237,1,NA,0.00840475771690902,8.19710253456221,99.2257765595167,-2.02665238815877,"N","2023-08-28",1,0,NA,NA,NA,NA,NA,NA,NA,NA,NA,NA,NA,NA,NA,NA,NA,NA,NA,NA,NA,NA,NA
"2174",1,"KL23WI0767",NA,"NEDA MINE","WI",9,1,1.79e-06,NA,NA,"WDNR5563",2023,NA,-5.747442903,1,NA,0.00840475771690902,8.19710253456221,99.2257765595167,-2.02665238815877,"N","2023-08-28",1,1,0,"KL24WI0337","WI",1,"14",1,0.033117307,1,NA,-1.479944991,1,NA,0.0152931055615139,5.85180473372781,98.3485497313784,-1.78799612872508,"Y","2024-03-12",0,1,NA
"2175",0,"KL23WI0768",NA,"NEDA MINE","WI",9,0,1.95e-06,NA,NA,"WDNR5564",2023,NA,-5.711072823,1,NA,0.00840475771690902,8.19710253456221,99.2257765595167,-2.02665238815877,"N","2023-08-28",1,0,NA,NA,NA,NA,NA,NA,NA,NA,NA,NA,NA,NA,NA,NA,NA,NA,NA,NA,NA,NA,NA
"2176",0,"KL23WI0770",NA,"NEDA MINE","WI",9,0,1.37e-06,NA,NA,"WDNR5565",2023,NA,-5.862632903,1,NA,0.00840475771690902,8.19710253456221,99.2257765595167,-2.02665238815877,"N","2023-08-28",1,0,NA,NA,NA,NA,NA,NA,NA,NA,NA,NA,NA,NA,NA,NA,NA,NA,NA,NA,NA,NA,NA
"2177",0,"KL23WI0771",NA,"NEDA MINE","WI",9,0,6.52e-06,NA,NA,"WDNR5566",2023,NA,-5.185582818,1,NA,0.00840475771690902,8.19710253456221,99.2257765595167,-2.02665238815877,"N","2023-08-28",1,0,NA,NA,NA,NA,NA,NA,NA,NA,NA,NA,NA,NA,NA,NA,NA,NA,NA,NA,NA,NA,NA
"2178",0,"KL23WI0773",NA,"NEDA MINE","WI",9,0,1.76e-07,NA,NA,"WDNR5568",2023,NA,-6.753296714,1,NA,0.00840475771690902,8.19710253456221,99.2257765595167,-2.02665238815877,"N","2023-08-28",1,0,NA,NA,NA,NA,NA,NA,NA,NA,NA,NA,NA,NA,NA,NA,NA,NA,NA,NA,NA,NA,NA
"2179",0,"KL23WI0775",NA,"NEDA MINE","WI",9,0,1.47e-05,NA,NA,"WDNR5570",2023,NA,-4.832945188,1,NA,0.00840475771690902,8.19710253456221,99.2257765595167,-2.02665238815877,"N","2023-08-28",1,0,NA,NA,NA,NA,NA,NA,NA,NA,NA,NA,NA,NA,NA,NA,NA,NA,NA,NA,NA,NA,NA
"2180",0,"KL23WI1123","15","NEDA MINE","WI",9,0,5.45e-06,0,0,"WDNR5571",2023,NA,-5.263940077,1,NA,0.0137312600008587,8.57109053497942,98.7647768338769,-1.83176010529469,"Y","2023-11-01",1,0,NA,NA,NA,NA,NA,NA,NA,NA,NA,NA,NA,NA,NA,NA,NA,NA,NA,NA,NA,NA,NA
"2181",0,"KL23WI0777",NA,"NEDA MINE","WI",9,0,1.56e-07,NA,NA,"WDNR5572",2023,NA,-6.806391598,1,NA,0.00840475771690902,8.19710253456221,99.2257765595167,-2.02665238815877,"N","2023-08-28",1,0,NA,NA,NA,NA,NA,NA,NA,NA,NA,NA,NA,NA,NA,NA,NA,NA,NA,NA,NA,NA,NA
"2182",0,"KL23WI0779",NA,"NEDA MINE","WI",9,0,1.65e-06,NA,NA,"WDNR5574",2023,NA,-5.783601267,1,NA,0.00840475771690902,8.19710253456221,99.2257765595167,-2.02665238815877,"N","2023-08-28",1,0,NA,NA,NA,NA,NA,NA,NA,NA,NA,NA,NA,NA,NA,NA,NA,NA,NA,NA,NA,NA,NA
"2183",0,"KL23WI0780",NA,"NEDA MINE","WI",9,0,7.61e-07,NA,NA,"WDNR5575",2023,NA,-6.118600463,1,NA,0.00840475771690902,8.19710253456221,99.2257765595167,-2.02665238815877,"N","2023-08-28",1,0,NA,NA,NA,NA,NA,NA,NA,NA,NA,NA,NA,NA,NA,NA,NA,NA,NA,NA,NA,NA,NA
"2184",0,"KL23WI0781",NA,"NEDA MINE","WI",9,0,5.76e-06,NA,NA,"WDNR5576",2023,NA,-5.239477879,1,NA,0.00840475771690902,8.19710253456221,99.2257765595167,-2.02665238815877,"N","2023-08-28",1,0,NA,NA,NA,NA,NA,NA,NA,NA,NA,NA,NA,NA,NA,NA,NA,NA,NA,NA,NA,NA,NA
"2185",0,"KL23WI0782",NA,"NEDA MINE","WI",9,0,8.8e-07,NA,NA,"WDNR5577",2023,NA,-6.055498619,1,NA,0.00840475771690902,8.19710253456221,99.2257765595167,-2.02665238815877,"N","2023-08-28",1,0,NA,NA,NA,NA,NA,NA,NA,NA,NA,NA,NA,NA,NA,NA,NA,NA,NA,NA,NA,NA,NA
"2186",0,"KL23WI0787",NA,"NEDA MINE","WI",9,0,6.61e-07,NA,NA,"WDNR5581",2023,NA,-6.179567669,1,NA,0.00840475771690902,8.19710253456221,99.2257765595167,-2.02665238815877,"N","2023-08-28",1,0,NA,NA,NA,NA,NA,NA,NA,NA,NA,NA,NA,NA,NA,NA,NA,NA,NA,NA,NA,NA,NA
"2187",1,"KL23WI0794",NA,"NEDA MINE","WI",9,1,1.8e-07,NA,NA,"WDNR5587",2023,NA,-6.743847078,1,NA,0.00840475771690902,8.19710253456221,99.2257765595167,-2.02665238815877,"N","2023-08-28",1,1,NA,NA,NA,NA,NA,NA,NA,NA,NA,NA,NA,NA,NA,NA,NA,NA,NA,NA,NA,NA,NA
"2188",0,"KL24WI1186","16","NEDA MINE","WI",10,1,8.27e-06,0,0,"WDNR5587",2024,NA,-5.082318277,1,NA,0.00298779205741835,9.06486559139785,99.7402810928821,-2.39926749596476,"Y","2024-11-07",0,1,NA,NA,NA,NA,NA,NA,NA,NA,NA,NA,NA,NA,NA,NA,NA,NA,NA,NA,NA,NA,NA
"2189",0,"KL23WI0804",NA,"NEDA MINE","WI",9,0,3.82e-07,NA,NA,"WDNR5597",2023,NA,-6.418253494,1,NA,0.00840475771690902,8.19710253456221,99.2257765595167,-2.02665238815877,"N","2023-08-28",1,0,NA,NA,NA,NA,NA,NA,NA,NA,NA,NA,NA,NA,NA,NA,NA,NA,NA,NA,NA,NA,NA
"2190",0,"KL23WI0813",NA,"NEDA MINE","WI",9,0,1.76e-07,NA,NA,"WDNR5606",2023,NA,-6.754237911,1,NA,0.00840475771690902,8.19710253456221,99.2257765595167,-2.02665238815877,"N","2023-08-28",1,0,NA,NA,NA,NA,NA,NA,NA,NA,NA,NA,NA,NA,NA,NA,NA,NA,NA,NA,NA,NA,NA
"2191",0,"KL23WI0817",NA,"NEDA MINE","WI",9,0,3.66e-07,NA,NA,"WDNR5610",2023,NA,-6.43619681,1,NA,0.00840475771690902,8.19710253456221,99.2257765595167,-2.02665238815877,"N","2023-08-28",1,0,NA,NA,NA,NA,NA,NA,NA,NA,NA,NA,NA,NA,NA,NA,NA,NA,NA,NA,NA,NA,NA
"2192",1,"KL23WI0824",NA,"NEDA MINE","WI",9,1,3.38e-07,NA,NA,"WDNR5617",2023,NA,-6.4716572,1,NA,0.00840475771690902,8.19710253456221,99.2257765595167,-2.02665238815877,"N","2023-08-28",1,1,NA,NA,NA,NA,NA,NA,NA,NA,NA,NA,NA,NA,NA,NA,NA,NA,NA,NA,NA,NA,NA
"2193",0,"KL24WI1181","21","NEDA MINE","WI",10,1,0.000499979,0,0,"WDNR5617",2024,NA,-3.301048582,1,NA,0.00487325992475457,9.01720588235294,99.5737713792905,-2.23112077876053,"Y","2024-11-07",0,1,NA,NA,NA,NA,NA,NA,NA,NA,NA,NA,NA,NA,NA,NA,NA,NA,NA,NA,NA,NA,NA
"2194",0,"KL23WI0834",NA,"NEDA MINE","WI",9,0,1.79e-07,NA,NA,"WDNR5627",2023,NA,-6.746941365,1,NA,0.00840475771690902,8.19710253456221,99.2257765595167,-2.02665238815877,"N","2023-08-28",1,0,NA,NA,NA,NA,NA,NA,NA,NA,NA,NA,NA,NA,NA,NA,NA,NA,NA,NA,NA,NA,NA
"2195",0,"KL23WI0835",NA,"NEDA MINE","WI",9,0,3.95e-07,NA,NA,"WDNR5628",2023,NA,-6.403073775,1,NA,0.00840475771690902,8.19710253456221,99.2257765595167,-2.02665238815877,"N","2023-08-28",1,0,NA,NA,NA,NA,NA,NA,NA,NA,NA,NA,NA,NA,NA,NA,NA,NA,NA,NA,NA,NA,NA
"2196",0,"KL23WI0836",NA,"NEDA MINE","WI",9,0,1.39e-07,NA,NA,"WDNR5629",2023,NA,-6.85583087,1,NA,0.00840475771690902,8.19710253456221,99.2257765595167,-2.02665238815877,"N","2023-08-28",1,0,NA,NA,NA,NA,NA,NA,NA,NA,NA,NA,NA,NA,NA,NA,NA,NA,NA,NA,NA,NA,NA
"2197",0,"KL23WI0838",NA,"NEDA MINE","WI",9,0,4.73e-07,NA,NA,"WDNR5631",2023,NA,-6.324936282,1,NA,0.00840475771690902,8.19710253456221,99.2257765595167,-2.02665238815877,"N","2023-08-28",1,0,NA,NA,NA,NA,NA,NA,NA,NA,NA,NA,NA,NA,NA,NA,NA,NA,NA,NA,NA,NA,NA
"2198",0,"KL24WI1179","21","NEDA MINE","WI",10,0,0.003388775,0,0,"WDNR5637",2024,NA,-2.469957306,1,NA,0.00487325992475457,9.01720588235294,99.5737713792905,-2.23112077876053,"Y","2024-11-07",1,0,NA,NA,NA,NA,NA,NA,NA,NA,NA,NA,NA,NA,NA,NA,NA,NA,NA,NA,NA,NA,NA
"2199",0,"KL23WI0846",NA,"NEDA MINE","WI",9,0,1.59e-06,NA,NA,"WDNR5639",2023,NA,-5.799107786,1,NA,0.00840475771690902,8.19710253456221,99.2257765595167,-2.02665238815877,"N","2023-08-28",1,0,NA,NA,NA,NA,NA,NA,NA,NA,NA,NA,NA,NA,NA,NA,NA,NA,NA,NA,NA,NA,NA
"2200",0,"KL23WI0848",NA,"NEDA MINE","WI",9,0,6.22e-07,NA,NA,"WDNR5641",2023,NA,-6.206237502,1,NA,0.00840475771690902,8.19710253456221,99.2257765595167,-2.02665238815877,"N","2023-08-28",1,0,NA,NA,NA,NA,NA,NA,NA,NA,NA,NA,NA,NA,NA,NA,NA,NA,NA,NA,NA,NA,NA
"2201",0,"KL23WI0854",NA,"NEDA MINE","WI",9,0,1.78e-06,NA,NA,"WDNR5647",2023,NA,-5.749552295,1,NA,0.00840475771690902,8.19710253456221,99.2257765595167,-2.02665238815877,"N","2023-08-28",1,0,NA,NA,NA,NA,NA,NA,NA,NA,NA,NA,NA,NA,NA,NA,NA,NA,NA,NA,NA,NA,NA
"2202",0,"KL23WI0856",NA,"NEDA MINE","WI",9,0,5.23e-07,NA,NA,"WDNR5649",2023,NA,-6.281468207,1,NA,0.00840475771690902,8.19710253456221,99.2257765595167,-2.02665238815877,"N","2023-08-28",1,0,NA,NA,NA,NA,NA,NA,NA,NA,NA,NA,NA,NA,NA,NA,NA,NA,NA,NA,NA,NA,NA
"2203",0,"KL23WI0858",NA,"NEDA MINE","WI",9,0,2.23e-07,NA,NA,"WDNR5651",2023,NA,-6.652196363,1,NA,0.00840475771690902,8.19710253456221,99.2257765595167,-2.02665238815877,"N","2023-08-28",1,0,NA,NA,NA,NA,NA,NA,NA,NA,NA,NA,NA,NA,NA,NA,NA,NA,NA,NA,NA,NA,NA
"2204",0,"KL23WI0862",NA,"NEDA MINE","WI",9,0,7.34e-07,NA,NA,"WDNR5655",2023,NA,-6.134185969,1,NA,0.00840475771690902,8.19710253456221,99.2257765595167,-2.02665238815877,"N","2023-08-28",1,0,NA,NA,NA,NA,NA,NA,NA,NA,NA,NA,NA,NA,NA,NA,NA,NA,NA,NA,NA,NA,NA
"2205",0,"KL23WI0863",NA,"MAIDEN ROCK","WI",8,0,1.19e-06,NA,NA,"WDNR5656",2023,NA,-5.922932185,1,NA,NA,NA,NA,NA,"N","2023-08-29",1,0,NA,NA,NA,NA,NA,NA,NA,NA,NA,NA,NA,NA,NA,NA,NA,NA,NA,NA,NA,NA,"established"
"2206",0,"KL23WI0865",NA,"MAIDEN ROCK","WI",8,0,4.22e-07,NA,NA,"WDNR5658",2023,NA,-6.374968301,1,NA,NA,NA,NA,NA,"N","2023-08-29",1,0,NA,NA,NA,NA,NA,NA,NA,NA,NA,NA,NA,NA,NA,NA,NA,NA,NA,NA,NA,NA,"established"
"2207",0,"KL23WI0867",NA,"MAIDEN ROCK","WI",8,0,1.74e-06,NA,NA,"WDNR5660",2023,NA,-5.758516796,1,NA,NA,NA,NA,NA,"N","2023-08-29",1,0,NA,NA,NA,NA,NA,NA,NA,NA,NA,NA,NA,NA,NA,NA,NA,NA,NA,NA,NA,NA,"established"
"2208",1,"KL23WI0869",NA,"MAIDEN ROCK","WI",8,1,8.27e-07,NA,NA,"WDNR5662",2023,NA,-6.082253661,1,NA,NA,NA,NA,NA,"N","2023-08-29",1,1,0,"KL24WI0089","WI",1,"7",1,0.002357026,1,NA,-2.627635549,1,NA,NA,NA,NA,NA,"Y","2024-03-05",0,1,"established"
"2209",0,"KL23WI0871",NA,"MAIDEN ROCK","WI",8,0,4.84e-07,NA,NA,"WDNR5664",2023,NA,-6.315348681,1,NA,NA,NA,NA,NA,"N","2023-08-29",1,0,NA,NA,NA,NA,NA,NA,NA,NA,NA,NA,NA,NA,NA,NA,NA,NA,NA,NA,NA,NA,"established"
"2210",0,"KL23WI0874",NA,"MAIDEN ROCK","WI",8,0,1.45e-07,NA,NA,"WDNR5667",2023,NA,-6.8394835,1,NA,NA,NA,NA,NA,"N","2023-08-29",1,0,NA,NA,NA,NA,NA,NA,NA,NA,NA,NA,NA,NA,NA,NA,NA,NA,NA,NA,NA,NA,"established"
"2211",0,"KL23WI0875",NA,"MAIDEN ROCK","WI",8,0,6.72e-07,NA,NA,"WDNR5668",2023,NA,-6.172330934,1,NA,NA,NA,NA,NA,"N","2023-08-29",1,0,NA,NA,NA,NA,NA,NA,NA,NA,NA,NA,NA,NA,NA,NA,NA,NA,NA,NA,NA,NA,"established"
"2212",0,"KL23WI0876",NA,"MAIDEN ROCK","WI",8,0,2.83e-07,NA,NA,"WDNR5669",2023,NA,-6.548159578,1,NA,NA,NA,NA,NA,"N","2023-08-29",1,0,NA,NA,NA,NA,NA,NA,NA,NA,NA,NA,NA,NA,NA,NA,NA,NA,NA,NA,NA,NA,"established"
"2213",0,"KL23WI0878",NA,"MAIDEN ROCK","WI",8,0,3.24e-07,NA,NA,"WDNR5671",2023,NA,-6.488966421,1,NA,NA,NA,NA,NA,"N","2023-08-29",1,0,NA,NA,NA,NA,NA,NA,NA,NA,NA,NA,NA,NA,NA,NA,NA,NA,NA,NA,NA,NA,"established"
"2214",0,"KL23WI0880",NA,"MAIDEN ROCK","WI",8,0,1.55e-06,NA,NA,"WDNR5673",2023,NA,-5.809135592,1,NA,NA,NA,NA,NA,"N","2023-08-29",1,0,NA,NA,NA,NA,NA,NA,NA,NA,NA,NA,NA,NA,NA,NA,NA,NA,NA,NA,NA,NA,"established"
"2215",0,"KL23WI0881",NA,"MAIDEN ROCK","WI",8,0,5.14e-07,NA,NA,"WDNR5674",2023,NA,-6.289410689,1,NA,NA,NA,NA,NA,"N","2023-08-29",1,0,NA,NA,NA,NA,NA,NA,NA,NA,NA,NA,NA,NA,NA,NA,NA,NA,NA,NA,NA,NA,"established"
"2216",0,"KL23WI0885",NA,"MAIDEN ROCK","WI",8,0,3.8e-06,NA,NA,"WDNR5678",2023,NA,-5.420037469,1,NA,NA,NA,NA,NA,"N","2023-08-29",1,0,NA,NA,NA,NA,NA,NA,NA,NA,NA,NA,NA,NA,NA,NA,NA,NA,NA,NA,NA,NA,"established"
"2217",0,"KL23WI0886",NA,"MAIDEN ROCK","WI",8,0,1.07e-06,NA,NA,"WDNR5679",2023,NA,-5.97003941,1,NA,NA,NA,NA,NA,"N","2023-08-29",1,0,NA,NA,NA,NA,NA,NA,NA,NA,NA,NA,NA,NA,NA,NA,NA,NA,NA,NA,NA,NA,"established"
"2218",0,"KL23WI0887",NA,"MAIDEN ROCK","WI",8,0,9.87e-07,NA,NA,"WDNR5680",2023,NA,-6.005497941,1,NA,NA,NA,NA,NA,"N","2023-08-29",1,0,NA,NA,NA,NA,NA,NA,NA,NA,NA,NA,NA,NA,NA,NA,NA,NA,NA,NA,NA,NA,"established"
"2219",0,"KL23WI0888",NA,"MAIDEN ROCK","WI",8,0,4.46e-06,NA,NA,"WDNR5681",2023,NA,-5.35048536,1,NA,NA,NA,NA,NA,"N","2023-08-29",1,0,NA,NA,NA,NA,NA,NA,NA,NA,NA,NA,NA,NA,NA,NA,NA,NA,NA,NA,NA,NA,"established"
"2220",0,"KL23WI0889",NA,"MAIDEN ROCK","WI",8,0,2.52e-07,NA,NA,"WDNR5682",2023,NA,-6.599208529,1,NA,NA,NA,NA,NA,"N","2023-08-29",1,0,NA,NA,NA,NA,NA,NA,NA,NA,NA,NA,NA,NA,NA,NA,NA,NA,NA,NA,NA,NA,"established"
"2221",0,"KL23WI0890",NA,"MAIDEN ROCK","WI",8,0,9.02e-07,NA,NA,"WDNR5683",2023,NA,-6.044907857,1,NA,NA,NA,NA,NA,"N","2023-08-29",1,0,NA,NA,NA,NA,NA,NA,NA,NA,NA,NA,NA,NA,NA,NA,NA,NA,NA,NA,NA,NA,"established"
"2222",0,"KL23WI0891",NA,"MAIDEN ROCK","WI",8,0,2.35e-06,NA,NA,"WDNR5684",2023,NA,-5.628847246,1,NA,NA,NA,NA,NA,"N","2023-08-29",1,0,NA,NA,NA,NA,NA,NA,NA,NA,NA,NA,NA,NA,NA,NA,NA,NA,NA,NA,NA,NA,"established"
"2223",0,"KL23WI0892",NA,"MAIDEN ROCK","WI",8,0,1.71e-07,NA,NA,"WDNR5685",2023,NA,-6.767300535,1,NA,NA,NA,NA,NA,"N","2023-08-29",1,0,NA,NA,NA,NA,NA,NA,NA,NA,NA,NA,NA,NA,NA,NA,NA,NA,NA,NA,NA,NA,"established"
"2224",0,"KL23WI0893",NA,"MAIDEN ROCK","WI",8,0,5.29e-07,NA,NA,"WDNR5686",2023,NA,-6.276914567,1,NA,NA,NA,NA,NA,"N","2023-08-29",1,0,NA,NA,NA,NA,NA,NA,NA,NA,NA,NA,NA,NA,NA,NA,NA,NA,NA,NA,NA,NA,"established"
"2225",0,"KL23WI0894",NA,"MAIDEN ROCK","WI",8,0,4.59e-07,NA,NA,"WDNR5687",2023,NA,-6.338361365,1,NA,NA,NA,NA,NA,"N","2023-08-29",1,0,NA,NA,NA,NA,NA,NA,NA,NA,NA,NA,NA,NA,NA,NA,NA,NA,NA,NA,NA,NA,"established"
"2226",0,"KL23WI0895",NA,"MAIDEN ROCK","WI",8,0,2.1e-06,NA,NA,"WDNR5688",2023,NA,-5.6788137,1,NA,NA,NA,NA,NA,"N","2023-08-29",1,0,NA,NA,NA,NA,NA,NA,NA,NA,NA,NA,NA,NA,NA,NA,NA,NA,NA,NA,NA,NA,"established"
"2227",0,"KL23WI0896",NA,"MAIDEN ROCK","WI",8,0,5.61e-07,NA,NA,"WDNR5689",2023,NA,-6.25099443,1,NA,NA,NA,NA,NA,"N","2023-08-29",1,0,NA,NA,NA,NA,NA,NA,NA,NA,NA,NA,NA,NA,NA,NA,NA,NA,NA,NA,NA,NA,"established"
"2228",0,"KL23WI0897",NA,"MAIDEN ROCK","WI",8,0,6.51e-07,NA,NA,"WDNR5690",2023,NA,-6.1864505,1,NA,NA,NA,NA,NA,"N","2023-08-29",1,0,NA,NA,NA,NA,NA,NA,NA,NA,NA,NA,NA,NA,NA,NA,NA,NA,NA,NA,NA,NA,"established"
"2229",0,"KL23WI0898",NA,"MAIDEN ROCK","WI",8,0,2.07e-07,NA,NA,"WDNR5691",2023,NA,-6.683105013,1,NA,NA,NA,NA,NA,"N","2023-08-29",1,0,NA,NA,NA,NA,NA,NA,NA,NA,NA,NA,NA,NA,NA,NA,NA,NA,NA,NA,NA,NA,"established"
"2230",0,"KL23WI0899",NA,"MAIDEN ROCK","WI",8,0,1.56e-06,NA,NA,"WDNR5692",2023,NA,-5.806391151,1,NA,NA,NA,NA,NA,"N","2023-08-29",1,0,NA,NA,NA,NA,NA,NA,NA,NA,NA,NA,NA,NA,NA,NA,NA,NA,NA,NA,NA,NA,"established"
"2231",0,"KL23WI0901",NA,"MAIDEN ROCK","WI",8,0,2.36e-06,NA,NA,"WDNR5694",2023,NA,-5.626932274,1,NA,NA,NA,NA,NA,"N","2023-08-29",1,0,NA,NA,NA,NA,NA,NA,NA,NA,NA,NA,NA,NA,NA,NA,NA,NA,NA,NA,NA,NA,"established"
"2232",0,"KL23WI0903",NA,"MAIDEN ROCK","WI",8,0,2.12e-07,NA,NA,"WDNR5696",2023,NA,-6.6731929,1,NA,NA,NA,NA,NA,"N","2023-08-29",1,0,NA,NA,NA,NA,NA,NA,NA,NA,NA,NA,NA,NA,NA,NA,NA,NA,NA,NA,NA,NA,"established"
"2233",0,"KL23WI0904",NA,"MAIDEN ROCK","WI",8,0,2.04e-06,NA,NA,"WDNR5697",2023,NA,-5.689819711,1,NA,NA,NA,NA,NA,"N","2023-08-29",1,0,NA,NA,NA,NA,NA,NA,NA,NA,NA,NA,NA,NA,NA,NA,NA,NA,NA,NA,NA,NA,"established"
"2234",0,"KL23WI0905",NA,"MAIDEN ROCK","WI",8,0,5.46e-07,NA,NA,"WDNR5698",2023,NA,-6.262488058,1,NA,NA,NA,NA,NA,"N","2023-08-29",1,0,NA,NA,NA,NA,NA,NA,NA,NA,NA,NA,NA,NA,NA,NA,NA,NA,NA,NA,NA,NA,"established"
"2235",0,"KL23WI0906",NA,"MAIDEN ROCK","WI",8,0,4.65e-07,NA,NA,"WDNR5699",2023,NA,-6.332636501,1,NA,NA,NA,NA,NA,"N","2023-08-29",1,0,NA,NA,NA,NA,NA,NA,NA,NA,NA,NA,NA,NA,NA,NA,NA,NA,NA,NA,NA,NA,"established"
"2236",1,"KL23WI0907",NA,"MAIDEN ROCK","WI",8,1,1.71e-07,NA,NA,"WDNR5700",2023,NA,-6.76633147,1,NA,NA,NA,NA,NA,"N","2023-08-29",1,1,0,"KL24WI0646","WI",1,"B",1,0.061898203,1,NA,-1.208321957,1,NA,0.00782223654680673,6.71948275862069,99.2045940365192,-2.05442130185169,"N","2024-03-15",0,1,"established"
"2237",0,"KL24WI1395","1000 to 1050","CP TUNNEL","WI",8,1,1.59e-05,0,0,"WDNR5702",2024,NA,-4.799923441,1,NA,0.0806089621368824,7.02604516129032,90.9485551208831,-1.0882621452551,"Y","2024-11-11",0,1,NA,NA,NA,NA,NA,NA,NA,NA,NA,NA,NA,NA,NA,NA,NA,NA,NA,NA,NA,NA,"established"
"2238",0,"KL24WI1109","A","BEAR CREEK","WI",9,0,0.000162944,0,0,"WDNR5709",2024,NA,-3.78796263,1,NA,0.0134841740000527,9.66673202614379,98.8688406956551,-1.83910626659399,"Y","2024-11-06",1,0,NA,NA,NA,NA,NA,NA,NA,NA,NA,NA,NA,NA,NA,NA,NA,NA,NA,NA,NA,NA,NA
"2239",1,"KL24WI1572","B","GEIGER BEER CAVE","WI",8,1,6.6e-06,0,0,"WDNR5712",2024,NA,-5.18031261,1,NA,0.0106252063080275,10.7392033898305,NA,-1.93459933111389,"N","2024-11-11",1,1,0,"KL25WI0088","WI",1,"B",1,0.025977453,2,NA,-1.58540343,1,NA,0.031286893474627,5.82350557620818,NA,-1.49097373918012,"Y","2025-03-08",0,1,"established"
"2240",0,"KL24WI1599","D","HORSESHOE BAY","WI",10,0,0.003299185,0,0,"WDNR5713",2024,NA,-2.481593276,1,NA,0.00512600746514702,9.93302533783784,NA,-2.21282247829827,"N","2024-11-18",1,0,NA,NA,NA,NA,NA,NA,NA,NA,NA,NA,NA,NA,NA,NA,NA,NA,NA,NA,NA,NA,NA
"2241",1,"KL24WI1602","D","HORSESHOE BAY","WI",10,1,0.003926125,0,0,"WDNR5714",2024,NA,-2.4060359,1,NA,0.00512600746514702,9.93302533783784,NA,-2.21282247829827,"N","2024-11-18",1,1,0,"KL25WI0517","WI",1,"B",0,0.041199162,0,NA,-1.385111615,1,NA,0.00700979983866586,5.64874684343434,NA,-2.09637833660603,"Y","2025-03-17",0,1,NA
"2242",1,"KL24WI1603","D","HORSESHOE BAY","WI",10,1,0.001077078,0,0,"WDNR5715",2024,NA,-2.967752939,1,NA,0.00512600746514702,9.93302533783784,NA,-2.21282247829827,"N","2024-11-18",1,1,0,"KL25WI0522","WI",1,"B",0,0.007352237,0,NA,-2.133580479,1,NA,0.00700979983866586,5.64874684343434,NA,-2.09637833660603,"Y","2025-03-17",0,1,NA
"2243",0,"KL24WI1604","D","HORSESHOE BAY","WI",10,0,0.001194956,0,0,"WDNR5716",2024,NA,-2.922648232,1,NA,0.00512600746514702,9.93302533783784,NA,-2.21282247829827,"N","2024-11-18",1,0,NA,NA,NA,NA,NA,NA,NA,NA,NA,NA,NA,NA,NA,NA,NA,NA,NA,NA,NA,NA,NA
"2244",0,"KL24WI1608","D","HORSESHOE BAY","WI",10,0,0.000301632,0,0,"WDNR5717",2024,NA,-3.520522824,1,NA,0.00512600746514702,9.93302533783784,NA,-2.21282247829827,"N","2024-11-18",1,0,NA,NA,NA,NA,NA,NA,NA,NA,NA,NA,NA,NA,NA,NA,NA,NA,NA,NA,NA,NA,NA
"2245",0,"KL24WI1609","D","HORSESHOE BAY","WI",10,0,0.000574375,0,0,"WDNR5718",2024,NA,-3.240804794,1,NA,0.00512600746514702,9.93302533783784,NA,-2.21282247829827,"N","2024-11-18",1,0,NA,NA,NA,NA,NA,NA,NA,NA,NA,NA,NA,NA,NA,NA,NA,NA,NA,NA,NA,NA,NA
"2246",0,"KL24WI1610","D","HORSESHOE BAY","WI",10,0,0.003407846,0,0,"WDNR5719",2024,NA,-2.467519977,1,NA,0.00512600746514702,9.93302533783784,NA,-2.21282247829827,"N","2024-11-18",1,0,NA,NA,NA,NA,NA,NA,NA,NA,NA,NA,NA,NA,NA,NA,NA,NA,NA,NA,NA,NA,NA
"2247",0,"KL24WI1611","D","HORSESHOE BAY","WI",10,0,0.000227468,0,0,"WDNR5720",2024,NA,-3.643080441,1,NA,0.00512600746514702,9.93302533783784,NA,-2.21282247829827,"N","2024-11-18",1,0,NA,NA,NA,NA,NA,NA,NA,NA,NA,NA,NA,NA,NA,NA,NA,NA,NA,NA,NA,NA,NA
"2248",1,"KL24WI1612","D","HORSESHOE BAY","WI",10,1,0.002041888,0,0,"WDNR5721",2024,NA,-2.689968012,1,NA,0.00512600746514702,9.93302533783784,NA,-2.21282247829827,"N","2024-11-18",1,1,0,"KL25WI0525","WI",1,"B",1,0.000533313,1,NA,-3.273017703,1,NA,0.00700979983866586,5.64874684343434,NA,-2.09637833660603,"Y","2025-03-17",0,1,NA
"2249",0,"KL24WI1134","3","NEDA MINE","WI",10,0,0.000112083,0,0,"WDNR5722",2024,NA,-3.95046171,1,NA,0.0083033056919768,7.95673341375151,99.2151832486411,-2.03136270857569,"N","2024-11-07",1,0,NA,NA,NA,NA,NA,NA,NA,NA,NA,NA,NA,NA,NA,NA,NA,NA,NA,NA,NA,NA,NA
"2250",0,"KL24WI1136","3","NEDA MINE","WI",10,0,2.06e-05,0,0,"WDNR5723",2024,NA,-4.685500465,1,NA,0.0083033056919768,7.95673341375151,99.2151832486411,-2.03136270857569,"N","2024-11-07",1,0,NA,NA,NA,NA,NA,NA,NA,NA,NA,NA,NA,NA,NA,NA,NA,NA,NA,NA,NA,NA,NA
"2251",0,"KL24WI1137","2","NEDA MINE","WI",10,0,5.44e-05,0,0,"WDNR5724",2024,NA,-4.264162393,1,NA,0.00487325992475457,9.01720588235294,99.5737713792905,-2.23112077876053,"N","2024-11-07",1,0,NA,NA,NA,NA,NA,NA,NA,NA,NA,NA,NA,NA,NA,NA,NA,NA,NA,NA,NA,NA,NA
"2252",0,"KL24WI1138","2","NEDA MINE","WI",10,0,1.43e-05,0,0,"WDNR5725",2024,NA,-4.846179267,1,NA,0.00487325992475457,9.01720588235294,99.5737713792905,-2.23112077876053,"N","2024-11-07",1,0,NA,NA,NA,NA,NA,NA,NA,NA,NA,NA,NA,NA,NA,NA,NA,NA,NA,NA,NA,NA,NA
"2253",0,"KL24WI1140","3","NEDA MINE","WI",10,0,1.3e-06,1,1,"WDNR5726",2024,NA,-5.886949823,1,NA,0.0083033056919768,7.95673341375151,99.2151832486411,-2.03136270857569,"N","2024-11-07",1,0,NA,NA,NA,NA,NA,NA,NA,NA,NA,NA,NA,NA,NA,NA,NA,NA,NA,NA,NA,NA,NA
"2254",0,"KL24WI1143","4","NEDA MINE","WI",10,0,1.11e-05,0,0,"WDNR5727",2024,NA,-4.953972833,1,NA,0.00487325992475457,9.01720588235294,99.5737713792905,-2.23112077876053,"N","2024-11-07",1,0,NA,NA,NA,NA,NA,NA,NA,NA,NA,NA,NA,NA,NA,NA,NA,NA,NA,NA,NA,NA,NA
"2255",0,"KL24WI1250","3","ELROY SPARTA","WI",9,0,2.13e-07,0,0,"WDNR5730",2024,NA,-6.672483229,1,NA,0.00604771036032719,9.41630882352941,99.4815094296966,-2.15195195242467,"N","2024-11-09",1,0,NA,NA,NA,NA,NA,NA,NA,NA,NA,NA,NA,NA,NA,NA,NA,NA,NA,NA,NA,NA,NA
"2256",1,"KL24WI1249","3","ELROY SPARTA","WI",9,1,8.87e-07,0,0,"WDNR5731",2024,NA,-6.051902154,1,NA,0.00604771036032719,9.41630882352941,99.4815094296966,-2.15195195242467,"N","2024-11-09",1,1,0,"KL25WI0356","WI",1,"C",0,0.084628877,0,7.76,-1.07248142,1,0.00557350676703015,0.0152400787418193,8.1780816993464,NA,-1.78941186936487,"Y","2025-03-07",0,1,NA
"2257",0,"KL24WI1247","3","ELROY SPARTA","WI",9,0,2.18e-05,0,0,"WDNR5732",2024,NA,-4.66176398,1,NA,0.00604771036032719,9.41630882352941,99.4815094296966,-2.15195195242467,"N","2024-11-09",1,0,NA,NA,NA,NA,NA,NA,NA,NA,NA,NA,NA,NA,NA,NA,NA,NA,NA,NA,NA,NA,NA
"2258",1,"KL24WI1236","2","ELROY SPARTA","WI",9,1,0.00021046,0,0,"WDNR5737",2024,NA,-3.676829811,1,NA,0.00604771036032719,9.41630882352941,99.4815094296966,-2.15195195242467,"Y","2024-11-09",1,1,0,"KL25WI0240","WI",1,"600 to 650",1,0.011307722,1,NA,-1.946624862,1,NA,0.0438827704965504,4.58171084337349,94.615320497781,-1.34792034305698,"N","2025-03-06",0,1,NA
"2259",0,"KL24WI1232","2","ELROY SPARTA","WI",9,0,2.54e-07,0,0,"WDNR5738",2024,NA,-6.594808566,1,NA,0.00604771036032719,9.41630882352941,99.4815094296966,-2.15195195242467,"N","2024-11-09",1,0,NA,NA,NA,NA,NA,NA,NA,NA,NA,NA,NA,NA,NA,NA,NA,NA,NA,NA,NA,NA,NA
"2260",1,"KL24WI1229","2","ELROY SPARTA","WI",9,1,2.12e-05,0,0,"WDNR5740",2024,NA,-4.673714833,1,NA,0.00604771036032719,9.41630882352941,99.4815094296966,-2.15195195242467,"N","2024-11-09",1,1,0,"KL25WI0380","WI",1,"C",0,0.014553731,0,7.59,-1.837025648,1,0.00554365865088755,0.0152400787418193,8.1780816993464,NA,-1.78941186936487,"Y","2025-03-07",0,1,NA
"2261",1,"KL24WI1220","2","ELROY SPARTA","WI",9,1,5.06e-07,0,0,"WDNR5745",2024,NA,-6.296097458,1,NA,0.00604771036032719,9.41630882352941,99.4815094296966,-2.15195195242467,"N","2024-11-09",1,1,0,"KL25WI0366","WI",1,"C",0,0.000509649,0,7.76,-3.29272845,1,0,0.0152400787418193,8.1780816993464,NA,-1.78941186936487,"Y","2025-03-07",0,1,NA
"2262",0,"KL24WI1218","2","ELROY SPARTA","WI",9,0,8.78e-06,0,0,"WDNR5746",2024,NA,-5.056701221,1,NA,0.00604771036032719,9.41630882352941,99.4815094296966,-2.15195195242467,"N","2024-11-09",1,0,NA,NA,NA,NA,NA,NA,NA,NA,NA,NA,NA,NA,NA,NA,NA,NA,NA,NA,NA,NA,NA
"2263",0,"KL24WI1215","2","ELROY SPARTA","WI",9,0,0.000200265,0,0,"WDNR5747",2024,NA,-3.698395944,1,NA,0.00604771036032719,9.41630882352941,99.4815094296966,-2.15195195242467,"N","2024-11-09",1,0,NA,NA,NA,NA,NA,NA,NA,NA,NA,NA,NA,NA,NA,NA,NA,NA,NA,NA,NA,NA,NA
"2264",0,"KL24WI1213","2","ELROY SPARTA","WI",9,0,2.01e-05,1,1,"WDNR5748",2024,NA,-4.696560212,1,NA,0.00604771036032719,9.41630882352941,99.4815094296966,-2.15195195242467,"N","2024-11-09",1,0,NA,NA,NA,NA,NA,NA,NA,NA,NA,NA,NA,NA,NA,NA,NA,NA,NA,NA,NA,NA,NA
"2265",0,"KL24WI1211","2","ELROY SPARTA","WI",9,0,5.95e-05,0,0,"WDNR5749",2024,NA,-4.225146044,1,NA,0.00604771036032719,9.41630882352941,99.4815094296966,-2.15195195242467,"N","2024-11-09",1,0,NA,NA,NA,NA,NA,NA,NA,NA,NA,NA,NA,NA,NA,NA,NA,NA,NA,NA,NA,NA,NA
"2266",0,"KL24WI1598","D","HORSESHOE BAY","WI",10,0,0.00148001,0,0,"WDNR5859",2024,NA,-2.829735268,1,NA,0.00512600746514702,9.93302533783784,NA,-2.21282247829827,"Y","2024-11-18",1,0,NA,NA,NA,NA,NA,NA,NA,NA,NA,NA,NA,NA,NA,NA,NA,NA,NA,NA,NA,NA,NA
"2267",0,"KL24WI1433","1A","BAY CITY","WI",9,0,0.000569796,0,0,"WDNR6017",2024,NA,-3.244280368,1,NA,0.0374195461444641,5.31002721088435,NA,-1.4154477698262,"Y","2024-11-12",1,0,NA,NA,NA,NA,NA,NA,NA,NA,NA,NA,NA,NA,NA,NA,NA,NA,NA,NA,NA,NA,NA
"2268",0,"KL24WI1411","1A","BAY CITY","WI",9,0,1.63e-06,0,0,"WDNR6060",2024,NA,-5.788495727,1,NA,0.0374195461444641,5.31002721088435,NA,-1.4154477698262,"Y","2024-11-12",1,0,NA,NA,NA,NA,NA,NA,NA,NA,NA,NA,NA,NA,NA,NA,NA,NA,NA,NA,NA,NA,NA
"2269",0,"KL24WI1177","21","NEDA MINE","WI",10,0,8.24e-05,0,0,"WDNR6178",2024,NA,-4.084293506,1,NA,0.00487325992475457,9.01720588235294,99.5737713792905,-2.23112077876053,"Y","2024-11-07",1,0,NA,NA,NA,NA,NA,NA,NA,NA,NA,NA,NA,NA,NA,NA,NA,NA,NA,NA,NA,NA,NA
"2270",0,"KL22WI1908","12","NEDA MINE","WI",8,0,5.23e-06,0,0,"WDNR6228",2022,NA,-5.281136787,1,NA,0.0215241082467887,9.03082987551867,NA,-1.64735239418531,"Y","2022-11-17",1,0,NA,NA,NA,NA,NA,NA,NA,NA,NA,NA,NA,NA,NA,NA,NA,NA,NA,NA,NA,NA,"established"
"2271",1,"KL22WI1421","B","GEIGER BEER CAVE","WI",6,3,1.42e-05,0,0,"WDNR6253",2022,NA,-4.84767212,1,NA,0.0191353682018155,9.54978850574713,NA,-1.69604042433544,"N","2022-11-06",1,1,NA,NA,NA,NA,NA,NA,NA,NA,NA,NA,NA,NA,NA,NA,NA,NA,NA,NA,NA,NA,"established"
"2272",1,"KL23WI1396","A","GEIGER BEER CAVE","WI",7,3,3.34e-07,0,0,"WDNR6253",2023,NA,-6.475713443,1,NA,0.024007805091531,8.81216666666667,97.83598329259,-1.60192442416184,"Y","2023-11-07",0,1,1,"KL24WI0168","WI",3,"A",1,0.003543319,1,NA,-2.45058975,1,NA,0.0135380916405985,2.07567204301075,96.9401547945965,-1.83749259790279,"Y","2024-03-06",0,1,"established"
"2273",1,"KL22WI1427","B","GEIGER BEER CAVE","WI",6,1,3.86e-05,0,0,"WDNR6254",2022,NA,-4.413425375,1,NA,0.0191353682018155,9.54978850574713,NA,-1.69604042433544,"N","2022-11-06",1,1,0,"KL23WI0534","WI",1,"B",1,0.313446289,1,NA,-0.503836867,1,NA,0.0243917534673079,5.90857462686567,NA,-1.59530730720499,"Y","2023-03-08",0,1,"established"
"2274",1,"KL22WI1557","7","MAIDEN ROCK","WI",7,1,1.71e-05,0,0,"WDNR6255",2022,NA,-4.766290522,1,NA,NA,NA,NA,NA,"N","2022-11-07",1,1,NA,NA,NA,NA,NA,NA,NA,NA,NA,NA,NA,NA,NA,NA,NA,NA,NA,NA,NA,NA,"established"
"2275",0,"KL23WI1436","4","MAIDEN ROCK","WI",8,1,0.000114317,0,0,"WDNR6255",2023,NA,-3.941887338,1,NA,NA,NA,NA,NA,"Y","2023-11-08",0,1,NA,NA,NA,NA,NA,NA,NA,NA,NA,NA,NA,NA,NA,NA,NA,NA,NA,NA,NA,NA,"established"
"2276",1,"KL22WI1558","7","MAIDEN ROCK","WI",7,1,5.5e-05,0,0,"WDNR6256",2022,NA,-4.259780092,1,NA,NA,NA,NA,NA,"N","2022-11-07",1,1,0,"KL23WI0402","WI",1,"8",1,0.027984868,1,NA,-1.553076744,1,NA,NA,NA,NA,NA,"Y","2023-03-07",0,1,"established"
"2277",1,"KL22WI1559","7","MAIDEN ROCK","WI",7,1,1.57e-05,0,0,"WDNR6257",2022,NA,-4.805471715,1,NA,NA,NA,NA,NA,"N","2022-11-07",1,1,0,"KL23WI0357","WI",1,"5-X6",0,0.000321308,0,NA,-3.493078586,1,NA,NA,NA,NA,NA,"Y","2023-03-07",0,1,"established"
"2278",0,"KL22WI1560","7","MAIDEN ROCK","WI",7,0,9.62e-07,0,0,"WDNR6258",2022,NA,-6.016609834,1,NA,NA,NA,NA,NA,"N","2022-11-07",1,0,NA,NA,NA,NA,NA,NA,NA,NA,NA,NA,NA,NA,NA,NA,NA,NA,NA,NA,NA,NA,"established"
"2279",0,"KL22WI1561","7","MAIDEN ROCK","WI",7,0,0.000376189,0,0,"WDNR6259",2022,NA,-3.424593533,1,NA,NA,NA,NA,NA,"N","2022-11-07",1,0,NA,NA,NA,NA,NA,NA,NA,NA,NA,NA,NA,NA,NA,NA,NA,NA,NA,NA,NA,NA,"established"
"2280",0,"KL22WI1562","7","MAIDEN ROCK","WI",7,0,1.85e-05,0,0,"WDNR6260",2022,NA,-4.732328693,1,NA,NA,NA,NA,NA,"N","2022-11-07",1,0,NA,NA,NA,NA,NA,NA,NA,NA,NA,NA,NA,NA,NA,NA,NA,NA,NA,NA,NA,NA,"established"
"2281",1,"KL22WI1707","C","CP TUNNEL","WI",6,2,6.59e-06,0,0,"WDNR6265",2022,NA,-5.181385814,1,NA,0.0124353221238346,8.34990291262136,NA,-1.87175191650831,"N","2022-11-09",1,1,NA,NA,NA,NA,NA,NA,NA,NA,NA,NA,NA,NA,NA,NA,NA,NA,NA,NA,NA,NA,"established"
"2282",1,"KL23WI1210",NA,"CP TUNNEL","WI",7,2,1.32e-05,0,0,"WDNR6265",2023,NA,-4.878248983,1,NA,0.012028935210678,7.76103448275862,98.8591272909796,-1.8850910755401,"Y","2023-11-04",0,1,NA,NA,NA,NA,NA,NA,NA,NA,NA,NA,NA,NA,NA,NA,NA,NA,NA,NA,NA,NA,"established"
"2283",0,"KL24WI1387","1000 to 1050","CP TUNNEL","WI",8,2,4.83e-05,0,0,"WDNR6265",2024,NA,-4.316392004,1,NA,0.0806089621368824,7.02604516129032,90.9485551208831,-1.0882621452551,"Y","2024-11-11",0,1,NA,NA,NA,NA,NA,NA,NA,NA,NA,NA,NA,NA,NA,NA,NA,NA,NA,NA,NA,NA,"established"
"2284",1,"KL22WI1708","C","CP TUNNEL","WI",6,2,1.49e-05,0,0,"WDNR6266",2022,NA,-4.827631178,1,NA,0.0124353221238346,8.34990291262136,NA,-1.87175191650831,"N","2022-11-09",1,1,NA,NA,NA,NA,NA,NA,NA,NA,NA,NA,NA,NA,NA,NA,NA,NA,NA,NA,NA,NA,"established"
"2285",1,"KL23WI1202",NA,"CP TUNNEL","WI",7,2,1.11e-05,0,0,"WDNR6266",2023,NA,-4.955166256,1,NA,0.012028935210678,7.76103448275862,98.8591272909796,-1.8850910755401,"Y","2023-11-04",0,1,NA,NA,NA,NA,NA,NA,NA,NA,NA,NA,NA,NA,NA,NA,NA,NA,NA,NA,NA,NA,"established"
"2286",0,"KL24WI1378","1000 to 1050","CP TUNNEL","WI",8,2,3.68e-07,0,0,"WDNR6266",2024,NA,-6.434121643,1,NA,0.0806089621368824,7.02604516129032,90.9485551208831,-1.0882621452551,"Y","2024-11-11",0,1,NA,NA,NA,NA,NA,NA,NA,NA,NA,NA,NA,NA,NA,NA,NA,NA,NA,NA,NA,NA,"established"
"2287",1,"KL22WI1716","C","CP TUNNEL","WI",6,1,0.007591248,0,0,"WDNR6267",2022,NA,-2.119686827,1,NA,0.0124353221238346,8.34990291262136,NA,-1.87175191650831,"N","2022-11-09",1,1,NA,NA,NA,NA,NA,NA,NA,NA,NA,NA,NA,NA,NA,NA,NA,NA,NA,NA,NA,NA,"established"
"2288",0,"KL23WI1241",NA,"CP TUNNEL","WI",7,1,0.001161732,0,0,"WDNR6267",2023,NA,-2.934894095,1,NA,0.012028935210678,7.76103448275862,98.8591272909796,-1.8850910755401,"Y","2023-11-04",0,1,NA,NA,NA,NA,NA,NA,NA,NA,NA,NA,NA,NA,NA,NA,NA,NA,NA,NA,NA,NA,"established"
"2289",1,"KL22WI1719","C","CP TUNNEL","WI",6,1,0.000172098,0,0,"WDNR6268",2022,NA,-3.764223232,1,NA,0.0124353221238346,8.34990291262136,NA,-1.87175191650831,"N","2022-11-09",1,1,NA,NA,NA,NA,NA,NA,NA,NA,NA,NA,NA,NA,NA,NA,NA,NA,NA,NA,NA,NA,"established"
"2290",0,"KL23WI1221",NA,"CP TUNNEL","WI",7,1,6.59e-06,0,0,"WDNR6268",2023,NA,-5.181145141,1,NA,0.012028935210678,7.76103448275862,98.8591272909796,-1.8850910755401,"Y","2023-11-04",0,1,NA,NA,NA,NA,NA,NA,NA,NA,NA,NA,NA,NA,NA,NA,NA,NA,NA,NA,NA,NA,"established"
"2291",1,"KL23WI1247",NA,"CP TUNNEL","WI",7,2,3.66e-07,0,0,"WDNR6269",2023,NA,-6.437067886,1,NA,0.012028935210678,7.76103448275862,98.8591272909796,-1.8850910755401,"Y","2023-11-04",0,1,NA,NA,NA,NA,NA,NA,NA,NA,NA,NA,NA,NA,NA,NA,NA,NA,NA,NA,NA,NA,"established"
"2292",1,"KL23WI1214",NA,"CP TUNNEL","WI",7,1,0.000122537,0,0,"WDNR6271",2023,NA,-3.911732287,1,NA,0.012028935210678,7.76103448275862,98.8591272909796,-1.8850910755401,"Y","2023-11-04",1,1,NA,NA,NA,NA,NA,NA,NA,NA,NA,NA,NA,NA,NA,NA,NA,NA,NA,NA,NA,NA,"established"
"2293",0,"KL24WI1383","1000 to 1050","CP TUNNEL","WI",8,1,0.001151879,0,0,"WDNR6271",2024,NA,-2.938593238,1,NA,0.0806089621368824,7.02604516129032,90.9485551208831,-1.0882621452551,"Y","2024-11-11",0,1,NA,NA,NA,NA,NA,NA,NA,NA,NA,NA,NA,NA,NA,NA,NA,NA,NA,NA,NA,NA,"established"
"2294",0,"KL22WI1787","BR","LEDGEVIEW","WI",6,0,4.42e-05,0,0,"WDNR6273",2022,NA,-4.354700024,1,NA,NA,10.5983946646267,NA,NA,"N","2022-11-15",1,0,NA,NA,NA,NA,NA,NA,NA,NA,NA,NA,NA,NA,NA,NA,NA,NA,NA,NA,NA,NA,"established"
"2295",0,"KL22WI1815","HR","MARIBEL","WI",7,0,3.92e-06,0,0,"WDNR6274",2022,NA,-5.406542927,1,NA,0.00681424122463258,9.94692946058091,NA,-2.10711318628889,"N","2022-11-15",1,0,NA,NA,NA,NA,NA,NA,NA,NA,NA,NA,NA,NA,NA,NA,NA,NA,NA,NA,NA,NA,"established"
"2296",0,"KL22WI1831","WL","MARIBEL","WI",7,0,7.07e-05,0,0,"WDNR6275",2022,NA,-4.150887093,1,NA,0.00681424122463258,9.94692946058091,NA,-2.10711318628889,"N","2022-11-15",1,0,NA,NA,NA,NA,NA,NA,NA,NA,NA,NA,NA,NA,NA,NA,NA,NA,NA,NA,NA,NA,"established"
"2297",0,"KL23WI1583","NL","MARIBEL","WI",8,0,3.41e-06,0,0,"WDNR6276",2023,NA,-5.467594196,1,NA,0.0072716668068694,10.2997466307278,NA,-2.08240696782513,"Y","2023-11-14",1,0,NA,NA,NA,NA,NA,NA,NA,NA,NA,NA,NA,NA,NA,NA,NA,NA,NA,NA,NA,NA,"established"
"2298",1,"KL22WI1939","A","ELROY SPARTA","WI",7,1,9.55e-07,0,0,"WDNR6278",2022,NA,-6.020058121,1,NA,0.024135827296111,6.40421768707483,NA,-1.59970681625555,"N","2022-11-18",1,1,NA,NA,NA,NA,NA,NA,NA,NA,NA,NA,NA,NA,NA,NA,NA,NA,NA,NA,NA,NA,"established"
"2299",1,"KL22WI1941","A","ELROY SPARTA","WI",7,1,2.38e-06,0,0,"WDNR6279",2022,NA,-5.623612635,1,NA,0.024135827296111,6.40421768707483,NA,-1.59970681625555,"N","2022-11-18",1,1,NA,NA,NA,NA,NA,NA,NA,NA,NA,NA,NA,NA,NA,NA,NA,NA,NA,NA,NA,NA,"established"
"2300",0,"KL22WI1942","B","ELROY SPARTA","WI",7,0,0.002875134,0,0,"WDNR6280",2022,NA,-2.541341923,1,NA,0.0186698748248385,8.54377593360996,NA,-1.70619840383536,"N","2022-11-18",1,0,NA,NA,NA,NA,NA,NA,NA,NA,NA,NA,NA,NA,NA,NA,NA,NA,NA,NA,NA,NA,"established"
"2301",0,"KL22WI1945","B","ELROY SPARTA","WI",7,0,0.00115374,1,1,"WDNR6281",2022,NA,-2.937891908,1,NA,0.0186698748248385,8.54377593360996,NA,-1.70619840383536,"N","2022-11-18",1,0,NA,NA,NA,NA,NA,NA,NA,NA,NA,NA,NA,NA,NA,NA,NA,NA,NA,NA,NA,NA,"established"
"2302",0,"KL22WI1946","B","ELROY SPARTA","WI",7,0,6.39e-05,0,0,"WDNR6282",2022,NA,-4.194452514,1,NA,0.0186698748248385,8.54377593360996,NA,-1.70619840383536,"N","2022-11-18",1,0,NA,NA,NA,NA,NA,NA,NA,NA,NA,NA,NA,NA,NA,NA,NA,NA,NA,NA,NA,NA,"established"
"2303",0,"KL22WI1957","B","ELROY SPARTA","WI",7,0,6.02e-05,1,1,"WDNR6283",2022,NA,-4.220394618,1,NA,0.0186698748248385,8.54377593360996,NA,-1.70619840383536,"N","2022-11-18",1,0,NA,NA,NA,NA,NA,NA,NA,NA,NA,NA,NA,NA,NA,NA,NA,NA,NA,NA,NA,NA,"established"
"2304",0,"KL22WI1961","C","ELROY SPARTA","WI",7,0,2.61e-06,0,0,"WDNR6284",2022,NA,-5.583461239,1,NA,0.0156424216938746,8.4578056374959,NA,-1.77878347781917,"N","2022-11-18",1,0,NA,NA,NA,NA,NA,NA,NA,NA,NA,NA,NA,NA,NA,NA,NA,NA,NA,NA,NA,NA,"established"
"2305",0,"KL22WI1865","14","NEDA MINE","WI",8,0,0.097249513,0,0,"WDNR6285",2022,NA,-1.012112563,1,NA,0.0132866382992858,7.96672199170124,NA,-1.84506995034301,"N","2022-11-17",1,0,NA,NA,NA,NA,NA,NA,NA,NA,NA,NA,NA,NA,NA,NA,NA,NA,NA,NA,NA,NA,"established"
"2306",1,"KL22WI1862","14","NEDA MINE","WI",8,1,0.000119344,0,0,"WDNR6286",2022,NA,-3.923200615,1,NA,0.0132866382992858,7.96672199170124,NA,-1.84506995034301,"N","2022-11-17",1,1,NA,NA,NA,NA,NA,NA,NA,NA,NA,NA,NA,NA,NA,NA,NA,NA,NA,NA,NA,NA,"established"
"2307",0,"KL22WI1732","C","CP TUNNEL","WI",6,0,2.22e-06,0,0,"WDNR6287",2022,NA,-5.653168972,1,NA,0.0124353221238346,8.34990291262136,NA,-1.87175191650831,"N","2022-11-09",1,0,NA,NA,NA,NA,NA,NA,NA,NA,NA,NA,NA,NA,NA,NA,NA,NA,NA,NA,NA,NA,"established"
"2308",0,"KL22WI1483","2A","BAY CITY","WI",7,0,0.000192324,0,0,"WDNR6288",2022,NA,-3.71596681,1,NA,0.00578351851168156,3.85630434782609,99.2721384725041,-2.16854498550676,"N","2022-11-06",1,0,NA,NA,NA,NA,NA,NA,NA,NA,NA,NA,NA,NA,NA,NA,NA,NA,NA,NA,NA,NA,"established"
"2309",1,"KL22WI1481","2A","BAY CITY","WI",7,2,7.54e-07,0,0,"WDNR6289",2022,NA,-6.122750406,1,NA,0.00578351851168156,3.85630434782609,99.2721384725041,-2.16854498550676,"N","2022-11-06",1,1,NA,NA,NA,NA,NA,NA,NA,NA,NA,NA,NA,NA,NA,NA,NA,NA,NA,NA,NA,NA,"established"
"2310",1,"KL23WI1516","1A","BAY CITY","WI",8,2,2.44e-05,0,0,"WDNR6289",2023,NA,-4.612814179,1,NA,0.0374195461444641,4.59354577191621,NA,-1.4154477698262,"Y","2023-11-08",0,1,NA,NA,NA,NA,NA,NA,NA,NA,NA,NA,NA,NA,NA,NA,NA,NA,NA,NA,NA,NA,"established"
"2311",0,"KL24WI1419","1A","BAY CITY","WI",9,2,2.5e-05,0,0,"WDNR6289",2024,NA,-4.602045553,1,NA,0.0374195461444641,5.31002721088435,NA,-1.4154477698262,"Y","2024-11-12",0,1,NA,NA,NA,NA,NA,NA,NA,NA,NA,NA,NA,NA,NA,NA,NA,NA,NA,NA,NA,NA,NA
"2312",1,"KL23WI1515","1A","BAY CITY","WI",8,4,0.000780047,0,0,"WDNR6290",2023,NA,-3.107879366,1,NA,0.0374195461444641,4.59354577191621,NA,-1.4154477698262,"Y","2023-11-08",0,1,1,"KL24WI0006","WI",4,"1A",1,7.64e-06,1,NA,-5.117013661,1,NA,0.0381293544058856,2.11401575866727,NA,-1.40749731745261,"Y","2024-03-04",0,1,"established"
"2313",1,"KL24WI1431","1A","BAY CITY","WI",9,4,2.22e-06,1,1,"WDNR6290",2024,NA,-5.653984136,1,NA,0.0374195461444641,5.31002721088435,NA,-1.4154477698262,"Y","2024-11-12",0,1,0,"KL25WI0145","WI",4,"1A",1,0.002047815,1,NA,-2.688709289,1,NA,0.0381293544058856,2.04226666666667,NA,-1.40749731745261,"Y","2025-03-04",0,1,NA
"2314",0,"KL22WI1478","2A","BAY CITY","WI",7,0,1.32e-06,0,0,"WDNR6291",2022,NA,-5.880189096,1,NA,0.00578351851168156,3.85630434782609,99.2721384725041,-2.16854498550676,"N","2022-11-06",1,0,NA,NA,NA,NA,NA,NA,NA,NA,NA,NA,NA,NA,NA,NA,NA,NA,NA,NA,NA,NA,"established"
"2315",0,"KL22WI1473","2A","BAY CITY","WI",7,0,4.48e-05,0,0,"WDNR6294",2022,NA,-4.348785873,1,NA,0.00578351851168156,3.85630434782609,99.2721384725041,-2.16854498550676,"N","2022-11-06",1,0,NA,NA,NA,NA,NA,NA,NA,NA,NA,NA,NA,NA,NA,NA,NA,NA,NA,NA,NA,NA,"established"
"2316",0,"KL22WI1469","2A","BAY CITY","WI",7,0,2.79e-05,0,0,"WDNR6296",2022,NA,-4.554141696,1,NA,0.00578351851168156,3.85630434782609,99.2721384725041,-2.16854498550676,"N","2022-11-06",1,0,NA,NA,NA,NA,NA,NA,NA,NA,NA,NA,NA,NA,NA,NA,NA,NA,NA,NA,NA,NA,"established"
"2317",0,"KL23WI2061","13","NEDA MINE","WI",9,0,0.000408877,0,0,"WDNR6394",2023,NA,-3.388407288,1,NA,0.0137312600008587,8.57109053497942,98.7647768338769,-1.83176010529469,"Y","2023-11-01",1,0,NA,NA,NA,NA,NA,NA,NA,NA,NA,NA,NA,NA,NA,NA,NA,NA,NA,NA,NA,NA,NA
"2318",1,"KL22WI1871","20","NEDA MINE","WI",8,1,0.004975882,0,0,"WDNR6410",2022,NA,-2.303129948,1,NA,0.00599769849291022,8.79071942446043,99.4705384086006,-2.15504477372597,"Y","2022-11-17",1,1,NA,NA,NA,NA,NA,NA,NA,NA,NA,NA,NA,NA,NA,NA,NA,NA,NA,NA,NA,NA,"established"
"2319",0,"KL23WI1116","20","NEDA MINE","WI",9,1,1.53e-06,0,0,"WDNR6410",2023,NA,-5.815103534,1,NA,0.00599769849291022,8.79071942446043,99.4705384086006,-2.15504477372597,"Y","2023-11-01",0,1,NA,NA,NA,NA,NA,NA,NA,NA,NA,NA,NA,NA,NA,NA,NA,NA,NA,NA,NA,NA,NA
"2320",1,"KL23WI1184","B","TUNNEL CITY","WI",7,1,1.65e-07,0,0,"WDNR6433",2023,NA,-6.781271183,1,NA,0.0115146506338596,6.65857142857143,98.8201859251667,-1.90258126989953,"N","2023-11-04",1,1,NA,NA,NA,NA,NA,NA,NA,NA,NA,NA,NA,NA,NA,NA,NA,NA,NA,NA,NA,NA,"established"
"2321",0,"KL24WI1393","1000 to 1050","CP TUNNEL","WI",8,1,2.65e-05,0,0,"WDNR6433",2024,NA,-4.576980899,1,NA,0.0806089621368824,7.02604516129032,90.9485551208831,-1.0882621452551,"Y","2024-11-11",0,1,NA,NA,NA,NA,NA,NA,NA,NA,NA,NA,NA,NA,NA,NA,NA,NA,NA,NA,NA,NA,"established"
"2322",1,"KL24WI1376","950 to 1000","CP TUNNEL","WI",8,2,4.37e-05,1,1,"WDNR6443",2024,NA,-4.359637139,1,NA,0.0806089621368824,7.02604516129032,90.9485551208831,-1.0882621452551,"Y","2024-11-11",0,1,0,"KL25WI0236","WI",2,"600 to 650",1,0.003581062,1,NA,-2.445988137,1,NA,0.0438827704965504,4.58171084337349,94.615320497781,-1.34792034305698,"Y","2025-03-06",0,1,"established"
"2323",0,"KL24WI1363","800 to 850","CP TUNNEL","WI",8,1,4.95e-06,0,0,"WDNR6447",2024,NA,-5.305068627,1,NA,0.0806089621368824,7.02604516129032,90.9485551208831,-1.0882621452551,"Y","2024-11-11",0,1,NA,NA,NA,NA,NA,NA,NA,NA,NA,NA,NA,NA,NA,NA,NA,NA,NA,NA,NA,NA,"established"
"2324",0,"KL22WI1523","7","MAIDEN ROCK","WI",7,0,1.18e-06,0,0,"WDNR6479",2022,NA,-5.928232865,1,NA,NA,NA,NA,NA,"Y","2022-11-07",1,0,NA,NA,NA,NA,NA,NA,NA,NA,NA,NA,NA,NA,NA,NA,NA,NA,NA,NA,NA,NA,"established"
"2325",0,"KL22WI1574","7","MAIDEN ROCK","WI",7,0,0.000712811,NA,NA,"WDNR6488",2022,NA,-3.147025824,1,NA,NA,NA,NA,NA,"Y","2022-11-07",1,0,NA,NA,NA,NA,NA,NA,NA,NA,NA,NA,NA,NA,NA,NA,NA,NA,NA,NA,NA,NA,"established"
"2326",0,"KL22WI1514","2","MAIDEN ROCK","WI",7,0,2.69e-05,0,0,"WDNR6691",2022,NA,-4.570049082,1,NA,NA,NA,NA,NA,"N","2022-11-07",1,0,NA,NA,NA,NA,NA,NA,NA,NA,NA,NA,NA,NA,NA,NA,NA,NA,NA,NA,NA,NA,"established"
"2327",0,"KL22WI1529","7","MAIDEN ROCK","WI",7,0,2.18e-07,0,0,"WDNR6694",2022,NA,-6.661528305,1,NA,NA,NA,NA,NA,"N","2022-11-07",1,0,NA,NA,NA,NA,NA,NA,NA,NA,NA,NA,NA,NA,NA,NA,NA,NA,NA,NA,NA,NA,"established"
"2328",0,"KL22WI1532","7","MAIDEN ROCK","WI",7,0,1.13e-05,0,0,"WDNR6695",2022,NA,-4.94647223,1,NA,NA,NA,NA,NA,"N","2022-11-07",1,0,NA,NA,NA,NA,NA,NA,NA,NA,NA,NA,NA,NA,NA,NA,NA,NA,NA,NA,NA,NA,"established"
"2329",0,"KL22WI1535","7","MAIDEN ROCK","WI",7,0,2.5e-05,0,0,"WDNR6696",2022,NA,-4.601541667,1,NA,NA,NA,NA,NA,"N","2022-11-07",1,0,NA,NA,NA,NA,NA,NA,NA,NA,NA,NA,NA,NA,NA,NA,NA,NA,NA,NA,NA,NA,"established"
"2330",0,"KL22WI1541","7","MAIDEN ROCK","WI",7,0,1.49e-05,0,0,"WDNR6697",2022,NA,-4.826222974,1,NA,NA,NA,NA,NA,"N","2022-11-07",1,0,NA,NA,NA,NA,NA,NA,NA,NA,NA,NA,NA,NA,NA,NA,NA,NA,NA,NA,NA,NA,"established"
"2331",0,"KL22WI1544","7","MAIDEN ROCK","WI",7,0,2.98e-05,0,0,"WDNR6698",2022,NA,-4.526243433,1,NA,NA,NA,NA,NA,"N","2022-11-07",1,0,NA,NA,NA,NA,NA,NA,NA,NA,NA,NA,NA,NA,NA,NA,NA,NA,NA,NA,NA,NA,"established"
"2332",0,"KL22WI1547","7","MAIDEN ROCK","WI",7,0,1.94e-05,1,1,"WDNR6699",2022,NA,-4.713177608,1,NA,NA,NA,NA,NA,"N","2022-11-07",1,0,NA,NA,NA,NA,NA,NA,NA,NA,NA,NA,NA,NA,NA,NA,NA,NA,NA,NA,NA,NA,"established"
"2333",1,"KL22WI1550","7","MAIDEN ROCK","WI",7,1,5.22e-06,0,0,"WDNR6700",2022,NA,-5.282051958,1,NA,NA,NA,NA,NA,"N","2022-11-07",1,1,0,"KL23WI0360","WI",1,"5-X6",0,0.000355938,0,NA,-3.448625374,1,NA,NA,NA,NA,NA,"Y","2023-03-07",0,1,"established"
"2334",0,"KL22WI1720","C","CP TUNNEL","WI",6,0,1.1e-05,0,0,"WDNR6969",2022,NA,-4.957083422,1,NA,0.0124353221238346,8.34990291262136,NA,-1.87175191650831,"N","2022-11-09",1,0,NA,NA,NA,NA,NA,NA,NA,NA,NA,NA,NA,NA,NA,NA,NA,NA,NA,NA,NA,NA,"established"
"2335",0,"KL22WI1723","C","CP TUNNEL","WI",6,0,1.37e-05,0,0,"WDNR6970",2022,NA,-4.863374345,1,NA,0.0124353221238346,8.34990291262136,NA,-1.87175191650831,"N","2022-11-09",1,0,NA,NA,NA,NA,NA,NA,NA,NA,NA,NA,NA,NA,NA,NA,NA,NA,NA,NA,NA,NA,"established"
"2336",0,"KL22WI1727","C","CP TUNNEL","WI",6,0,0.00077875,0,0,"WDNR6971",2022,NA,-3.108601675,1,NA,0.0124353221238346,8.34990291262136,NA,-1.87175191650831,"N","2022-11-09",1,0,NA,NA,NA,NA,NA,NA,NA,NA,NA,NA,NA,NA,NA,NA,NA,NA,NA,NA,NA,NA,"established"
"2337",0,"KL22WI1728","C","CP TUNNEL","WI",6,0,0.000706338,0,0,"WDNR6972",2022,NA,-3.150987499,1,NA,0.0124353221238346,8.34990291262136,NA,-1.87175191650831,"N","2022-11-09",1,0,NA,NA,NA,NA,NA,NA,NA,NA,NA,NA,NA,NA,NA,NA,NA,NA,NA,NA,NA,NA,"established"
"2338",0,"KL23WI0973",NA,"BAY CITY","WI",8,0,1.25e-07,NA,NA,"WDNR7001",2023,NA,-6.902129552,1,NA,0.00666436668424936,5.29517124651792,99.2469389176238,-2.11552372559749,"N","2023-08-30",1,0,NA,NA,NA,NA,NA,NA,NA,NA,NA,NA,NA,NA,NA,NA,NA,NA,NA,NA,NA,NA,"established"
"2339",0,"KL23WI0974",NA,"BAY CITY","WI",8,0,9.67e-08,NA,NA,"WDNR7002",2023,NA,-7.014672469,1,NA,0.00666436668424936,5.29517124651792,99.2469389176238,-2.11552372559749,"N","2023-08-30",1,0,NA,NA,NA,NA,NA,NA,NA,NA,NA,NA,NA,NA,NA,NA,NA,NA,NA,NA,NA,NA,"established"
"2340",0,"KL23WI0975",NA,"BAY CITY","WI",8,0,2.92e-07,NA,NA,"WDNR7003",2023,NA,-6.535210934,1,NA,0.00666436668424936,5.29517124651792,99.2469389176238,-2.11552372559749,"N","2023-08-30",1,0,NA,NA,NA,NA,NA,NA,NA,NA,NA,NA,NA,NA,NA,NA,NA,NA,NA,NA,NA,NA,"established"
"2341",0,"KL23WI0977",NA,"BAY CITY","WI",8,0,4.28e-07,NA,NA,"WDNR7005",2023,NA,-6.368454963,1,NA,0.00666436668424936,5.29517124651792,99.2469389176238,-2.11552372559749,"N","2023-08-30",1,0,NA,NA,NA,NA,NA,NA,NA,NA,NA,NA,NA,NA,NA,NA,NA,NA,NA,NA,NA,NA,"established"
"2342",0,"KL23WI0978",NA,"BAY CITY","WI",8,0,8.19e-07,NA,NA,"WDNR7006",2023,NA,-6.086599797,1,NA,0.00666436668424936,5.29517124651792,99.2469389176238,-2.11552372559749,"N","2023-08-30",1,0,NA,NA,NA,NA,NA,NA,NA,NA,NA,NA,NA,NA,NA,NA,NA,NA,NA,NA,NA,NA,"established"
"2343",0,"KL23WI0979",NA,"BAY CITY","WI",8,0,5.67e-07,NA,NA,"WDNR7007",2023,NA,-6.246490357,1,NA,0.00666436668424936,5.29517124651792,99.2469389176238,-2.11552372559749,"N","2023-08-30",1,0,NA,NA,NA,NA,NA,NA,NA,NA,NA,NA,NA,NA,NA,NA,NA,NA,NA,NA,NA,NA,"established"
"2344",0,"KL23WI0986",NA,"BAY CITY","WI",8,0,2.06e-06,NA,NA,"WDNR7014",2023,NA,-5.685858268,1,NA,0.00666436668424936,5.29517124651792,99.2469389176238,-2.11552372559749,"N","2023-08-30",1,0,NA,NA,NA,NA,NA,NA,NA,NA,NA,NA,NA,NA,NA,NA,NA,NA,NA,NA,NA,NA,"established"
"2345",0,"KL23WI0987",NA,"BAY CITY","WI",8,0,3.61e-07,NA,NA,"WDNR7015",2023,NA,-6.442381277,1,NA,0.00666436668424936,5.29517124651792,99.2469389176238,-2.11552372559749,"N","2023-08-30",1,0,NA,NA,NA,NA,NA,NA,NA,NA,NA,NA,NA,NA,NA,NA,NA,NA,NA,NA,NA,NA,"established"
"2346",0,"KL23WI0988",NA,"BAY CITY","WI",8,0,1.42e-06,NA,NA,"WDNR7016",2023,NA,-5.846587492,1,NA,0.00666436668424936,5.29517124651792,99.2469389176238,-2.11552372559749,"N","2023-08-30",1,0,NA,NA,NA,NA,NA,NA,NA,NA,NA,NA,NA,NA,NA,NA,NA,NA,NA,NA,NA,NA,"established"
"2347",0,"KL23WI0990",NA,"BAY CITY","WI",8,0,1.61e-07,NA,NA,"WDNR7018",2023,NA,-6.793924751,1,NA,0.00666436668424936,5.29517124651792,99.2469389176238,-2.11552372559749,"N","2023-08-30",1,0,NA,NA,NA,NA,NA,NA,NA,NA,NA,NA,NA,NA,NA,NA,NA,NA,NA,NA,NA,NA,"established"
"2348",0,"KL23WI0991",NA,"BAY CITY","WI",8,0,1.72e-07,NA,NA,"WDNR7019",2023,NA,-6.765290134,1,NA,0.00666436668424936,5.29517124651792,99.2469389176238,-2.11552372559749,"N","2023-08-30",1,0,NA,NA,NA,NA,NA,NA,NA,NA,NA,NA,NA,NA,NA,NA,NA,NA,NA,NA,NA,NA,"established"
"2349",0,"KL23WI0992",NA,"BAY CITY","WI",8,0,8.99e-07,NA,NA,"WDNR7020",2023,NA,-6.046185385,1,NA,0.00666436668424936,5.29517124651792,99.2469389176238,-2.11552372559749,"N","2023-08-30",1,0,NA,NA,NA,NA,NA,NA,NA,NA,NA,NA,NA,NA,NA,NA,NA,NA,NA,NA,NA,NA,"established"
"2350",0,"KL23WI0993",NA,"BAY CITY","WI",8,0,4.9e-07,NA,NA,"WDNR7021",2023,NA,-6.309654933,1,NA,0.00666436668424936,5.29517124651792,99.2469389176238,-2.11552372559749,"N","2023-08-30",1,0,NA,NA,NA,NA,NA,NA,NA,NA,NA,NA,NA,NA,NA,NA,NA,NA,NA,NA,NA,NA,"established"
"2351",0,"KL23WI0994",NA,"BAY CITY","WI",8,0,4.79e-07,NA,NA,"WDNR7022",2023,NA,-6.31939185,1,NA,0.00666436668424936,5.29517124651792,99.2469389176238,-2.11552372559749,"N","2023-08-30",1,0,NA,NA,NA,NA,NA,NA,NA,NA,NA,NA,NA,NA,NA,NA,NA,NA,NA,NA,NA,NA,"established"
"2352",0,"KL23WI0995",NA,"BAY CITY","WI",8,0,8.3e-07,NA,NA,"WDNR7023",2023,NA,-6.080827761,1,NA,0.00666436668424936,5.29517124651792,99.2469389176238,-2.11552372559749,"N","2023-08-30",1,0,NA,NA,NA,NA,NA,NA,NA,NA,NA,NA,NA,NA,NA,NA,NA,NA,NA,NA,NA,NA,"established"
"2353",0,"KL23WI0996",NA,"BAY CITY","WI",8,0,5.23e-07,NA,NA,"WDNR7024",2023,NA,-6.281892957,1,NA,0.00666436668424936,5.29517124651792,99.2469389176238,-2.11552372559749,"N","2023-08-30",1,0,NA,NA,NA,NA,NA,NA,NA,NA,NA,NA,NA,NA,NA,NA,NA,NA,NA,NA,NA,NA,"established"
"2354",0,"KL23WI1499","1A","BAY CITY","WI",8,0,1.35e-05,0,0,"WDNR7025",2023,NA,-4.870663085,1,NA,0.0374195461444641,4.59354577191621,NA,-1.4154477698262,"Y","2023-11-08",1,0,NA,NA,NA,NA,NA,NA,NA,NA,NA,NA,NA,NA,NA,NA,NA,NA,NA,NA,NA,NA,"established"
"2355",0,"KL23WI1001",NA,"BAY CITY","WI",8,0,9.05e-07,NA,NA,"WDNR7029",2023,NA,-6.043165874,1,NA,0.00666436668424936,5.29517124651792,99.2469389176238,-2.11552372559749,"N","2023-08-30",1,0,NA,NA,NA,NA,NA,NA,NA,NA,NA,NA,NA,NA,NA,NA,NA,NA,NA,NA,NA,NA,"established"
"2356",0,"KL23WI1002",NA,"BAY CITY","WI",8,0,4.08e-07,NA,NA,"WDNR7030",2023,NA,-6.388988215,1,NA,0.00666436668424936,5.29517124651792,99.2469389176238,-2.11552372559749,"N","2023-08-30",1,0,NA,NA,NA,NA,NA,NA,NA,NA,NA,NA,NA,NA,NA,NA,NA,NA,NA,NA,NA,NA,"established"
"2357",0,"KL23WI1003",NA,"BAY CITY","WI",8,0,1.87e-07,NA,NA,"WDNR7031",2023,NA,-6.72922035,1,NA,0.00666436668424936,5.29517124651792,99.2469389176238,-2.11552372559749,"N","2023-08-30",1,0,NA,NA,NA,NA,NA,NA,NA,NA,NA,NA,NA,NA,NA,NA,NA,NA,NA,NA,NA,NA,"established"
"2358",0,"KL23WI1006",NA,"BAY CITY","WI",8,0,1.72e-07,NA,NA,"WDNR7034",2023,NA,-6.765199661,1,NA,0.00666436668424936,5.29517124651792,99.2469389176238,-2.11552372559749,"N","2023-08-30",1,0,NA,NA,NA,NA,NA,NA,NA,NA,NA,NA,NA,NA,NA,NA,NA,NA,NA,NA,NA,NA,"established"
"2359",0,"KL23WI1009",NA,"BAY CITY","WI",8,0,8.19e-07,NA,NA,"WDNR7036",2023,NA,-6.086741465,1,NA,0.00666436668424936,5.29517124651792,99.2469389176238,-2.11552372559749,"N","2023-08-30",1,0,NA,NA,NA,NA,NA,NA,NA,NA,NA,NA,NA,NA,NA,NA,NA,NA,NA,NA,NA,NA,"established"
"2360",0,"KL23WI1010",NA,"BAY CITY","WI",8,0,1.03e-06,NA,NA,"WDNR7037",2023,NA,-5.988894909,1,NA,0.00666436668424936,5.29517124651792,99.2469389176238,-2.11552372559749,"N","2023-08-30",1,0,NA,NA,NA,NA,NA,NA,NA,NA,NA,NA,NA,NA,NA,NA,NA,NA,NA,NA,NA,NA,"established"
"2361",0,"KL23WI1014",NA,"BAY CITY","WI",8,0,5.07e-07,NA,NA,"WDNR7040",2023,NA,-6.295020774,1,NA,0.00666436668424936,5.29517124651792,99.2469389176238,-2.11552372559749,"N","2023-08-30",1,0,NA,NA,NA,NA,NA,NA,NA,NA,NA,NA,NA,NA,NA,NA,NA,NA,NA,NA,NA,NA,"established"
"2362",0,"KL23WI1017",NA,"BAY CITY","WI",8,0,7.69e-07,NA,NA,"WDNR7043",2023,NA,-6.114286154,1,NA,0.00666436668424936,5.29517124651792,99.2469389176238,-2.11552372559749,"N","2023-08-30",1,0,NA,NA,NA,NA,NA,NA,NA,NA,NA,NA,NA,NA,NA,NA,NA,NA,NA,NA,NA,NA,"established"
"2363",0,"KL23WI1018",NA,"BAY CITY","WI",8,0,7.42e-07,NA,NA,"WDNR7044",2023,NA,-6.129680379,1,NA,0.00666436668424936,5.29517124651792,99.2469389176238,-2.11552372559749,"N","2023-08-30",1,0,NA,NA,NA,NA,NA,NA,NA,NA,NA,NA,NA,NA,NA,NA,NA,NA,NA,NA,NA,NA,"established"
"2364",0,"KL23WI1020",NA,"BAY CITY","WI",8,0,1.75e-07,NA,NA,"WDNR7046",2023,NA,-6.755908847,1,NA,0.00666436668424936,5.29517124651792,99.2469389176238,-2.11552372559749,"N","2023-08-30",1,0,NA,NA,NA,NA,NA,NA,NA,NA,NA,NA,NA,NA,NA,NA,NA,NA,NA,NA,NA,NA,"established"
"2365",0,"KL23WI1022",NA,"BAY CITY","WI",8,0,2.75e-07,NA,NA,"WDNR7048",2023,NA,-6.559969609,1,NA,0.00666436668424936,5.29517124651792,99.2469389176238,-2.11552372559749,"N","2023-08-30",1,0,NA,NA,NA,NA,NA,NA,NA,NA,NA,NA,NA,NA,NA,NA,NA,NA,NA,NA,NA,NA,"established"
"2366",0,"KL23WI1027",NA,"BAY CITY","WI",8,0,1.85e-07,NA,NA,"WDNR7053",2023,NA,-6.732930669,1,NA,0.00666436668424936,5.29517124651792,99.2469389176238,-2.11552372559749,"N","2023-08-30",1,0,NA,NA,NA,NA,NA,NA,NA,NA,NA,NA,NA,NA,NA,NA,NA,NA,NA,NA,NA,NA,"established"
"2367",0,"KL23WI1028",NA,"BAY CITY","WI",8,0,2.68e-07,NA,NA,"WDNR7054",2023,NA,-6.572492712,1,NA,0.00666436668424936,5.29517124651792,99.2469389176238,-2.11552372559749,"N","2023-08-30",1,0,NA,NA,NA,NA,NA,NA,NA,NA,NA,NA,NA,NA,NA,NA,NA,NA,NA,NA,NA,NA,"established"
"2368",0,"KL23WI1029",NA,"BAY CITY","WI",8,0,7.19e-07,NA,NA,"WDNR7055",2023,NA,-6.143163093,1,NA,0.00666436668424936,5.29517124651792,99.2469389176238,-2.11552372559749,"N","2023-08-30",1,0,NA,NA,NA,NA,NA,NA,NA,NA,NA,NA,NA,NA,NA,NA,NA,NA,NA,NA,NA,NA,"established"
"2369",0,"KL23WI1031",NA,"BAY CITY","WI",8,0,1.53e-06,NA,NA,"WDNR7057",2023,NA,-5.814826064,1,NA,0.00666436668424936,5.29517124651792,99.2469389176238,-2.11552372559749,"N","2023-08-30",1,0,NA,NA,NA,NA,NA,NA,NA,NA,NA,NA,NA,NA,NA,NA,NA,NA,NA,NA,NA,NA,"established"
"2370",0,"KL23WI1032",NA,"BAY CITY","WI",8,0,1.5e-07,NA,NA,"WDNR7058",2023,NA,-6.825294008,1,NA,0.00666436668424936,5.29517124651792,99.2469389176238,-2.11552372559749,"N","2023-08-30",1,0,NA,NA,NA,NA,NA,NA,NA,NA,NA,NA,NA,NA,NA,NA,NA,NA,NA,NA,NA,NA,"established"
"2371",0,"KL23WI1033",NA,"BAY CITY","WI",8,0,1.73e-07,NA,NA,"WDNR7059",2023,NA,-6.762598968,1,NA,0.00666436668424936,5.29517124651792,99.2469389176238,-2.11552372559749,"N","2023-08-30",1,0,NA,NA,NA,NA,NA,NA,NA,NA,NA,NA,NA,NA,NA,NA,NA,NA,NA,NA,NA,NA,"established"
"2372",0,"KL23WI1034",NA,"BAY CITY","WI",8,0,1.9e-06,NA,NA,"WDNR7060",2023,NA,-5.721289035,1,NA,0.00666436668424936,5.29517124651792,99.2469389176238,-2.11552372559749,"N","2023-08-30",1,0,NA,NA,NA,NA,NA,NA,NA,NA,NA,NA,NA,NA,NA,NA,NA,NA,NA,NA,NA,NA,"established"
"2373",0,"KL23WI1036",NA,"BAY CITY","WI",8,0,1.59e-07,NA,NA,"WDNR7062",2023,NA,-6.797364164,1,NA,0.00666436668424936,5.29517124651792,99.2469389176238,-2.11552372559749,"N","2023-08-30",1,0,NA,NA,NA,NA,NA,NA,NA,NA,NA,NA,NA,NA,NA,NA,NA,NA,NA,NA,NA,NA,"established"
"2374",0,"KL23WI1037",NA,"BAY CITY","WI",8,0,3.27e-07,NA,NA,"WDNR7063",2023,NA,-6.485904063,1,NA,0.00666436668424936,5.29517124651792,99.2469389176238,-2.11552372559749,"N","2023-08-30",1,0,NA,NA,NA,NA,NA,NA,NA,NA,NA,NA,NA,NA,NA,NA,NA,NA,NA,NA,NA,NA,"established"
"2375",0,"KL23WI1039",NA,"BAY CITY","WI",8,0,1.77e-07,NA,NA,"WDNR7065",2023,NA,-6.752635705,1,NA,0.00666436668424936,5.29517124651792,99.2469389176238,-2.11552372559749,"N","2023-08-30",1,0,NA,NA,NA,NA,NA,NA,NA,NA,NA,NA,NA,NA,NA,NA,NA,NA,NA,NA,NA,NA,"established"
"2376",0,"KL23WI1047",NA,"BAY CITY","WI",8,0,2.71e-07,NA,NA,"WDNR7073",2023,NA,-6.567019377,1,NA,0.00666436668424936,5.29517124651792,99.2469389176238,-2.11552372559749,"N","2023-08-30",1,0,NA,NA,NA,NA,NA,NA,NA,NA,NA,NA,NA,NA,NA,NA,NA,NA,NA,NA,NA,NA,"established"
"2377",0,"KL23WI1048",NA,"BAY CITY","WI",8,0,3.48e-07,NA,NA,"WDNR7074",2023,NA,-6.458803171,1,NA,0.00666436668424936,5.29517124651792,99.2469389176238,-2.11552372559749,"N","2023-08-30",1,0,NA,NA,NA,NA,NA,NA,NA,NA,NA,NA,NA,NA,NA,NA,NA,NA,NA,NA,NA,NA,"established"
"2378",0,"KL23WI1050",NA,"BAY CITY","WI",8,0,4.23e-07,NA,NA,"WDNR7076",2023,NA,-6.373311544,1,NA,0.00666436668424936,5.29517124651792,99.2469389176238,-2.11552372559749,"N","2023-08-30",1,0,NA,NA,NA,NA,NA,NA,NA,NA,NA,NA,NA,NA,NA,NA,NA,NA,NA,NA,NA,NA,"established"
"2379",0,"KL23WI1053",NA,"BAY CITY","WI",8,0,1.44e-06,NA,NA,"WDNR7079",2023,NA,-5.84218674,1,NA,0.00666436668424936,5.29517124651792,99.2469389176238,-2.11552372559749,"N","2023-08-30",1,0,NA,NA,NA,NA,NA,NA,NA,NA,NA,NA,NA,NA,NA,NA,NA,NA,NA,NA,NA,NA,"established"
"2380",0,"KL23WI1055",NA,"BAY CITY","WI",8,0,4.88e-07,NA,NA,"WDNR7081",2023,NA,-6.311629571,1,NA,0.00666436668424936,5.29517124651792,99.2469389176238,-2.11552372559749,"N","2023-08-30",1,0,NA,NA,NA,NA,NA,NA,NA,NA,NA,NA,NA,NA,NA,NA,NA,NA,NA,NA,NA,NA,"established"
"2381",0,"KL23WI1058",NA,"BAY CITY","WI",8,0,1.57e-07,NA,NA,"WDNR7084",2023,NA,-6.803794815,1,NA,0.00666436668424936,5.29517124651792,99.2469389176238,-2.11552372559749,"N","2023-08-30",1,0,NA,NA,NA,NA,NA,NA,NA,NA,NA,NA,NA,NA,NA,NA,NA,NA,NA,NA,NA,NA,"established"
"2382",0,"KL23WI1063",NA,"BAY CITY","WI",8,0,7.12e-07,NA,NA,"WDNR7089",2023,NA,-6.14737914,1,NA,0.00666436668424936,5.29517124651792,99.2469389176238,-2.11552372559749,"N","2023-08-30",1,0,NA,NA,NA,NA,NA,NA,NA,NA,NA,NA,NA,NA,NA,NA,NA,NA,NA,NA,NA,NA,"established"
"2383",0,"KL24WI1171","14","NEDA MINE","WI",10,0,0.000150051,0,0,"WDNR7095",2024,NA,-3.823761347,1,NA,0.0116174334502264,8.84673076923077,98.9781789422128,-1.89902897724422,"Y","2024-11-07",1,0,NA,NA,NA,NA,NA,NA,NA,NA,NA,NA,NA,NA,NA,NA,NA,NA,NA,NA,NA,NA,NA
"2384",0,"KL22WI1984","C","ELROY SPARTA","WI",7,0,0.000685747,0,0,"WDNR7201",2022,NA,-3.163836357,1,NA,0.0156424216938746,8.4578056374959,NA,-1.77878347781917,"N","2022-11-18",1,0,NA,NA,NA,NA,NA,NA,NA,NA,NA,NA,NA,NA,NA,NA,NA,NA,NA,NA,NA,NA,"established"
"2385",1,"KL24WI1233","2","ELROY SPARTA","WI",9,2,2.09e-07,0,0,"WDNR7209",2024,NA,-6.679155674,1,NA,0.00604771036032719,9.41630882352941,99.4815094296966,-2.15195195242467,"Y","2024-11-09",0,1,0,"KL25WI0388","WI",2,"B",1,0.002423776,1,7.55,-2.615507432,1,0.0179683258528544,0.0203052228963963,7.74869914135626,NA,-1.67151391782736,"Y","2025-03-07",0,1,NA
"2386",1,"KL23WI1317","B","ELROY SPARTA","WI",8,2,1.57e-05,0,0,"WDNR7211",2023,NA,-4.803198442,1,NA,0.0130197452664096,8.5834832419244,98.5725309013097,-1.85325987726791,"Y","2023-11-05",1,1,1,"KL24WI0456","WI",2,"C",1,0.005632533,1,NA,-2.249296267,1,NA,0.0152400787418193,8.1780816993464,NA,-1.78941186936487,"Y","2024-03-13",0,1,"established"
"2387",0,"KL24WI1224","2","ELROY SPARTA","WI",9,2,3.2e-05,0,0,"WDNR7211",2024,NA,-4.494808169,1,NA,0.00604771036032719,9.41630882352941,99.4815094296966,-2.15195195242467,"Y","2024-11-09",0,1,NA,NA,NA,NA,NA,NA,NA,NA,NA,NA,NA,NA,NA,NA,NA,NA,NA,NA,NA,NA,NA
"2388",1,"KL23WI1233",NA,"CP TUNNEL","WI",7,3,5.65e-06,0,0,"WDNR7214",2023,NA,-5.248090484,1,NA,0.012028935210678,7.76103448275862,98.8591272909796,-1.8850910755401,"Y","2023-11-04",0,1,1,"KL24WI0496","WI",3,"700-800",1,0.000394848,1,NA,-3.403570399,1,NA,0.023587891523314,4.56179951690821,NA,-1.60927871156428,"Y","2024-03-14",0,1,"established"
"2389",1,"KL23WI1230",NA,"CP TUNNEL","WI",7,3,7.94e-07,0,0,"WDNR7215",2023,NA,-6.09993993,1,NA,0.012028935210678,7.76103448275862,98.8591272909796,-1.8850910755401,"Y","2023-11-04",0,1,NA,NA,NA,NA,NA,NA,NA,NA,NA,NA,NA,NA,NA,NA,NA,NA,NA,NA,NA,NA,"established"
"2390",1,"KL24WI1362","800 to 850","CP TUNNEL","WI",8,3,1.91e-05,0,0,"WDNR7215",2024,NA,-4.717894189,1,NA,0.0806089621368824,7.02604516129032,90.9485551208831,-1.0882621452551,"Y","2024-11-11",0,1,0,"KL25WI0258","WI",3,"850 to 900",1,0.004286651,1,NA,-2.367881919,1,NA,0.0438827704965504,4.58171084337349,94.615320497781,-1.34792034305698,"Y","2025-03-06",0,1,"established"
"2391",1,"KL23WI1223",NA,"CP TUNNEL","WI",7,1,8.94e-06,0,0,"WDNR7216",2023,NA,-5.0488621,1,NA,0.012028935210678,7.76103448275862,98.8591272909796,-1.8850910755401,"Y","2023-11-04",1,1,NA,NA,NA,NA,NA,NA,NA,NA,NA,NA,NA,NA,NA,NA,NA,NA,NA,NA,NA,NA,"established"
"2392",1,"KL23WI1206",NA,"CP TUNNEL","WI",7,2,5.55e-07,0,0,"WDNR7218",2023,NA,-6.255883022,1,NA,0.012028935210678,7.76103448275862,98.8591272909796,-1.8850910755401,"NY","2023-11-04",0,1,NA,NA,NA,NA,NA,NA,NA,NA,NA,NA,NA,NA,NA,NA,NA,NA,NA,NA,NA,NA,"established"
"2393",0,"KL24WI1396","1000 to 1050","CP TUNNEL","WI",8,2,1.21e-05,0,0,"WDNR7218",2024,NA,-4.916219271,1,NA,0.0806089621368824,7.02604516129032,90.9485551208831,-1.0882621452551,"Y","2024-11-11",0,1,NA,NA,NA,NA,NA,NA,NA,NA,NA,NA,NA,NA,NA,NA,NA,NA,NA,NA,NA,NA,"established"
"2394",0,"KL23WI0959",NA,"MAIDEN ROCK","WI",8,0,4.57e-07,NA,NA,"WDNR7301",2023,NA,-6.339668364,1,NA,NA,NA,NA,NA,"N","2023-08-29",1,0,NA,NA,NA,NA,NA,NA,NA,NA,NA,NA,NA,NA,NA,NA,NA,NA,NA,NA,NA,NA,"established"
"2395",0,"KL23WI0960",NA,"MAIDEN ROCK","WI",8,0,2.58e-06,NA,NA,"WDNR7302",2023,NA,-5.589220469,1,NA,NA,NA,NA,NA,"N","2023-08-29",1,0,NA,NA,NA,NA,NA,NA,NA,NA,NA,NA,NA,NA,NA,NA,NA,NA,NA,NA,NA,NA,"established"
"2396",0,"KL23WI0965",NA,"MAIDEN ROCK","WI",8,0,2.02e-06,NA,NA,"WDNR7307",2023,NA,-5.693842919,1,NA,NA,NA,NA,NA,"N","2023-08-29",1,0,NA,NA,NA,NA,NA,NA,NA,NA,NA,NA,NA,NA,NA,NA,NA,NA,NA,NA,NA,NA,"established"
"2397",0,"KL23WI0967",NA,"MAIDEN ROCK","WI",8,0,6.67e-07,NA,NA,"WDNR7309",2023,NA,-6.17614774,1,NA,NA,NA,NA,NA,"N","2023-08-29",1,0,NA,NA,NA,NA,NA,NA,NA,NA,NA,NA,NA,NA,NA,NA,NA,NA,NA,NA,NA,NA,"established"
"2398",0,"KL23WI0968",NA,"MAIDEN ROCK","WI",8,0,5.29e-07,NA,NA,"WDNR7310",2023,NA,-6.276298177,1,NA,NA,NA,NA,NA,"N","2023-08-29",1,0,NA,NA,NA,NA,NA,NA,NA,NA,NA,NA,NA,NA,NA,NA,NA,NA,NA,NA,NA,NA,"established"
"2399",0,"KL23WI0969",NA,"MAIDEN ROCK","WI",8,0,9.65e-07,NA,NA,"WDNR7311",2023,NA,-6.015319655,1,NA,NA,NA,NA,NA,"N","2023-08-29",1,0,NA,NA,NA,NA,NA,NA,NA,NA,NA,NA,NA,NA,NA,NA,NA,NA,NA,NA,NA,NA,"established"
"2400",1,"KL23WI2031",NA,"NEDA MINE","WI",9,2,1.85e-05,0,0,"WDNR7359",2023,NA,-4.731708244,1,NA,0.0137312600008587,8.57109053497942,98.7647768338769,-1.83176010529469,"N","2023-11-01",1,1,0,"KL24WI0373","WI",2,NA,NA,0.014671823,NA,NA,-1.833515919,1,NA,0.00283755009177308,9.44358241758242,99.7601422833853,-2.41594594260566,NA,"2024-03-12",0,1,NA
"2401",1,"KL23WI2032",NA,"NEDA MINE","WI",9,2,3.36e-05,0,0,"WDNR7360",2023,NA,-4.473588154,1,NA,0.0137312600008587,8.57109053497942,98.7647768338769,-1.83176010529469,"N","2023-11-01",1,1,0,"KL24WI0379","WI",2,NA,NA,0.016117811,NA,NA,-1.792693936,1,NA,0.00283755009177308,9.44358241758242,99.7601422833853,-2.41594594260566,NA,"2024-03-12",0,1,NA
"2402",1,"KL23WI2033",NA,"NEDA MINE","WI",9,2,8.78e-07,0,0,"WDNR7361",2023,NA,-6.056702322,1,NA,0.0137312600008587,8.57109053497942,98.7647768338769,-1.83176010529469,"N","2023-11-01",1,1,0,"KL24WI0403","WI",2,NA,NA,0.049524808,NA,NA,-1.305177198,1,NA,0.00283755009177308,9.44358241758242,99.7601422833853,-2.41594594260566,NA,"2024-03-12",0,1,NA
"2403",1,"KL23WI2034",NA,"NEDA MINE","WI",9,2,1.21e-05,0,0,"WDNR7362",2023,NA,-4.918925759,1,NA,0.0137312600008587,8.57109053497942,98.7647768338769,-1.83176010529469,"N","2023-11-01",1,1,0,"KL24WI0381","WI",2,NA,NA,0.038203376,NA,NA,-1.417898255,1,NA,0.00283755009177308,9.44358241758242,99.7601422833853,-2.41594594260566,NA,"2024-03-12",0,1,NA
"2404",1,"KL23WI2035",NA,"NEDA MINE","WI",9,2,1.52e-06,0,0,"WDNR7363",2023,NA,-5.818031594,1,NA,0.0137312600008587,8.57109053497942,98.7647768338769,-1.83176010529469,"N","2023-11-01",1,1,0,"KL24WI0382","WI",2,NA,NA,0.020165915,NA,NA,-1.695382075,1,NA,0.00283755009177308,9.44358241758242,99.7601422833853,-2.41594594260566,NA,"2024-03-12",0,1,NA
"2405",1,"KL23WI2036",NA,"NEDA MINE","WI",9,2,3.94e-07,0,0,"WDNR7364",2023,NA,-6.404927862,1,NA,0.0137312600008587,8.57109053497942,98.7647768338769,-1.83176010529469,"N","2023-11-01",1,1,0,"KL24WI0393","WI",2,NA,NA,0.003753472,NA,NA,-2.425566796,1,NA,0.00283755009177308,9.44358241758242,99.7601422833853,-2.41594594260566,NA,"2024-03-12",0,1,NA
"2406",1,"KL23WI2037",NA,"NEDA MINE","WI",9,2,2.58e-06,0,0,"WDNR7365",2023,NA,-5.589206076,1,NA,0.0137312600008587,8.57109053497942,98.7647768338769,-1.83176010529469,"N","2023-11-01",1,1,0,"KL24WI0387","WI",2,NA,NA,0.023032843,NA,NA,-1.637652453,1,NA,0.00283755009177308,9.44358241758242,99.7601422833853,-2.41594594260566,NA,"2024-03-12",0,1,NA
"2407",1,"KL23WI2038",NA,"NEDA MINE","WI",9,2,2.4e-06,0,0,"WDNR7366",2023,NA,-5.61971051,1,NA,0.0137312600008587,8.57109053497942,98.7647768338769,-1.83176010529469,"N","2023-11-01",1,1,0,"KL24WI0394","WI",2,NA,NA,0.017444659,NA,NA,-1.758337517,1,NA,0.00283755009177308,9.44358241758242,99.7601422833853,-2.41594594260566,NA,"2024-03-12",0,1,NA
"2408",1,"KL23WI2039",NA,"NEDA MINE","WI",9,1,2.98e-06,0,0,"WDNR7367",2023,NA,-5.525192149,1,NA,0.0137312600008587,8.57109053497942,98.7647768338769,-1.83176010529469,"N","2023-11-01",1,1,NA,NA,NA,NA,NA,NA,NA,NA,NA,NA,NA,NA,NA,NA,NA,NA,NA,NA,NA,NA,NA
"2409",1,"KL23WI2041",NA,"NEDA MINE","WI",9,2,6.93e-06,0,0,"WDNR7369",2023,NA,-5.159247053,1,NA,0.0137312600008587,8.57109053497942,98.7647768338769,-1.83176010529469,"N","2023-11-01",1,1,NA,NA,NA,NA,NA,NA,NA,NA,NA,NA,NA,NA,NA,NA,NA,NA,NA,NA,NA,NA,NA
"2410",0,"KL24WI1169","14","NEDA MINE","WI",10,2,7.34e-06,0,0,"WDNR7369",2024,NA,-5.134178375,1,NA,0.0116174334502264,8.84673076923077,98.9781789422128,-1.89902897724422,"Y","2024-11-07",0,1,NA,NA,NA,NA,NA,NA,NA,NA,NA,NA,NA,NA,NA,NA,NA,NA,NA,NA,NA,NA,NA
"2411",1,"KL23WI2042",NA,"NEDA MINE","WI",9,2,2.11e-06,0,0,"WDNR7370",2023,NA,-5.676605364,1,NA,0.0137312600008587,8.57109053497942,98.7647768338769,-1.83176010529469,"N","2023-11-01",1,1,0,"KL24WI0383","WI",2,NA,NA,0.015286254,NA,NA,-1.81569894,1,NA,0.00283755009177308,9.44358241758242,99.7601422833853,-2.41594594260566,NA,"2024-03-12",0,1,NA
"2412",1,"KL23WI2043",NA,"NEDA MINE","WI",9,2,8.68e-06,0,0,"WDNR7371",2023,NA,-5.061526715,1,NA,0.0137312600008587,8.57109053497942,98.7647768338769,-1.83176010529469,"N","2023-11-01",1,1,0,"KL24WI0384","WI",2,NA,NA,0.00689998,NA,NA,-2.161152172,1,NA,0.00283755009177308,9.44358241758242,99.7601422833853,-2.41594594260566,NA,"2024-03-12",0,1,NA
"2413",1,"KL23WI2044",NA,"NEDA MINE","WI",9,1,1.32e-05,0,0,"WDNR7372",2023,NA,-4.879554571,1,NA,0.0137312600008587,8.57109053497942,98.7647768338769,-1.83176010529469,"N","2023-11-01",1,1,NA,NA,NA,NA,NA,NA,NA,NA,NA,NA,NA,NA,NA,NA,NA,NA,NA,NA,NA,NA,NA
"2414",1,"KL23WI2045",NA,"NEDA MINE","WI",9,2,7.42e-07,0,0,"WDNR7373",2023,NA,-6.129856556,1,NA,0.0137312600008587,8.57109053497942,98.7647768338769,-1.83176010529469,"N","2023-11-01",1,1,0,"KL24WI0391","WI",2,NA,NA,0.009049597,NA,NA,-2.04337075,1,NA,0.00283755009177308,9.44358241758242,99.7601422833853,-2.41594594260566,NA,"2024-03-12",0,1,NA
"2415",1,"KL23WI2046",NA,"NEDA MINE","WI",9,2,4.05e-06,0,0,"WDNR7374",2023,NA,-5.392867283,1,NA,0.0137312600008587,8.57109053497942,98.7647768338769,-1.83176010529469,"N","2023-11-01",1,1,0,"KL24WI0385","WI",2,NA,NA,0.023827699,NA,NA,-1.622917888,1,NA,0.00283755009177308,9.44358241758242,99.7601422833853,-2.41594594260566,NA,"2024-03-12",0,1,NA
"2416",1,"KL23WI2047",NA,"NEDA MINE","WI",9,2,1.81e-05,0,0,"WDNR7375",2023,NA,-4.743064283,1,NA,0.0137312600008587,8.57109053497942,98.7647768338769,-1.83176010529469,"N","2023-11-01",1,1,0,"KL24WI0396","WI",2,NA,NA,0.022232449,NA,NA,-1.653012689,1,NA,0.00283755009177308,9.44358241758242,99.7601422833853,-2.41594594260566,NA,"2024-03-12",0,1,NA
"2417",1,"KL23WI2048",NA,"NEDA MINE","WI",9,1,5.72e-06,0,0,"WDNR7376",2023,NA,-5.242680814,1,NA,0.0137312600008587,8.57109053497942,98.7647768338769,-1.83176010529469,"N","2023-11-01",1,1,NA,NA,NA,NA,NA,NA,NA,NA,NA,NA,NA,NA,NA,NA,NA,NA,NA,NA,NA,NA,NA
"2418",0,"KL23WI2063","13","NEDA MINE","WI",9,0,1.33e-05,0,0,"WDNR7377",2023,NA,-4.874842123,1,NA,0.0137312600008587,8.57109053497942,98.7647768338769,-1.83176010529469,"N","2023-11-01",1,0,NA,NA,NA,NA,NA,NA,NA,NA,NA,NA,NA,NA,NA,NA,NA,NA,NA,NA,NA,NA,NA
"2419",0,"KL23WI2065","BL","NEDA MINE","WI",9,0,3.56e-07,0,0,"WDNR7378",2023,NA,-6.448718091,1,NA,0.0137312600008587,8.57109053497942,98.7647768338769,-1.83176010529469,"N","2023-11-01",1,0,NA,NA,NA,NA,NA,NA,NA,NA,NA,NA,NA,NA,NA,NA,NA,NA,NA,NA,NA,NA,NA
"2420",0,"KL23WI1195",NA,"CP TUNNEL","WI",7,0,1.33e-05,0,0,"WDNR7380",2023,NA,-4.877701239,1,NA,0.012028935210678,7.76103448275862,98.8591272909796,-1.8850910755401,"N","2023-11-04",1,0,NA,NA,NA,NA,NA,NA,NA,NA,NA,NA,NA,NA,NA,NA,NA,NA,NA,NA,NA,NA,"established"
"2421",0,"KL24WI1389","1000 to 1050","CP TUNNEL","WI",8,0,5.57e-05,1,1,"WDNR7381",2024,NA,-4.254227223,1,NA,0.0806089621368824,7.02604516129032,90.9485551208831,-1.0882621452551,"Y","2024-11-11",1,0,NA,NA,NA,NA,NA,NA,NA,NA,NA,NA,NA,NA,NA,NA,NA,NA,NA,NA,NA,NA,"established"
"2422",0,"KL23WI1197",NA,"CP TUNNEL","WI",7,0,6.58e-06,0,0,"WDNR7382",2023,NA,-5.182079235,1,NA,0.012028935210678,7.76103448275862,98.8591272909796,-1.8850910755401,"N","2023-11-04",1,0,NA,NA,NA,NA,NA,NA,NA,NA,NA,NA,NA,NA,NA,NA,NA,NA,NA,NA,NA,NA,"established"
"2423",1,"KL23WI1198",NA,"CP TUNNEL","WI",7,2,3.86e-05,NA,NA,"WDNR7383",2023,NA,-4.413570834,1,NA,0.012028935210678,7.76103448275862,98.8591272909796,-1.8850910755401,"N","2023-11-04",1,1,1,"KL24WI0539","WI",2,"1000-1100",1,0.0009779,1,NA,-3.009705637,1,NA,0.023587891523314,4.56179951690821,NA,-1.60927871156428,"Y","2024-03-14",0,1,"established"
"2424",0,"KL23WI1203",NA,"CP TUNNEL","WI",7,0,1.49e-06,0,0,"WDNR7384",2023,NA,-5.82686164,1,NA,0.012028935210678,7.76103448275862,98.8591272909796,-1.8850910755401,"N","2023-11-04",1,0,NA,NA,NA,NA,NA,NA,NA,NA,NA,NA,NA,NA,NA,NA,NA,NA,NA,NA,NA,NA,"established"
"2425",1,"KL23WI1219",NA,"CP TUNNEL","WI",7,1,1.64e-05,0,0,"WDNR7385",2023,NA,-4.785450142,1,NA,0.012028935210678,7.76103448275862,98.8591272909796,-1.8850910755401,"N","2023-11-04",1,1,0,"KL24WI0492","WI",1,"600-700",1,0.000801962,1,NA,-3.095846285,1,NA,0.023587891523314,4.56179951690821,NA,-1.60927871156428,"Y","2024-03-14",0,1,"established"
"2426",0,"KL23WI1237",NA,"CP TUNNEL","WI",7,0,4.37e-06,0,0,"WDNR7386",2023,NA,-5.359359267,1,NA,0.012028935210678,7.76103448275862,98.8591272909796,-1.8850910755401,"N","2023-11-04",1,0,NA,NA,NA,NA,NA,NA,NA,NA,NA,NA,NA,NA,NA,NA,NA,NA,NA,NA,NA,NA,"established"
"2427",1,"KL23WI1246",NA,"CP TUNNEL","WI",7,1,4.75e-05,0,0,"WDNR7387",2023,NA,-4.323751728,1,NA,0.012028935210678,7.76103448275862,98.8591272909796,-1.8850910755401,"N","2023-11-04",1,1,NA,NA,NA,NA,NA,NA,NA,NA,NA,NA,NA,NA,NA,NA,NA,NA,NA,NA,NA,NA,"established"
"2428",0,"KL24WI1373","900 to 950","CP TUNNEL","WI",8,1,3.5e-05,1,1,"WDNR7387",2024,NA,-4.455636005,1,NA,0.0806089621368824,7.02604516129032,90.9485551208831,-1.0882621452551,"Y","2024-11-11",0,1,NA,NA,NA,NA,NA,NA,NA,NA,NA,NA,NA,NA,NA,NA,NA,NA,NA,NA,NA,NA,"established"
"2429",0,"KL23WI1310","B","ELROY SPARTA","WI",8,0,8.76e-08,0,0,"WDNR7388",2023,NA,-7.057725253,1,NA,0.0130197452664096,8.5834832419244,98.5725309013097,-1.85325987726791,"N","2023-11-05",1,0,NA,NA,NA,NA,NA,NA,NA,NA,NA,NA,NA,NA,NA,NA,NA,NA,NA,NA,NA,NA,"established"
"2430",0,"KL24WI1205","1","ELROY SPARTA","WI",9,0,2.25e-06,0,0,"WDNR7389",2024,NA,-5.647488419,1,NA,0.00604771036032719,9.41630882352941,99.4815094296966,-2.15195195242467,"Y","2024-11-09",1,0,NA,NA,NA,NA,NA,NA,NA,NA,NA,NA,NA,NA,NA,NA,NA,NA,NA,NA,NA,NA,NA
"2431",0,"KL23WI1319","B","ELROY SPARTA","WI",8,0,0.000781214,0,0,"WDNR7390",2023,NA,-3.107229926,1,NA,0.0130197452664096,8.5834832419244,98.5725309013097,-1.85325987726791,"N","2023-11-05",1,0,NA,NA,NA,NA,NA,NA,NA,NA,NA,NA,NA,NA,NA,NA,NA,NA,NA,NA,NA,NA,"established"
"2432",0,"KL23WI1325","B","ELROY SPARTA","WI",8,0,2.43e-06,0,0,"WDNR7391",2023,NA,-5.614818676,1,NA,0.0130197452664096,8.5834832419244,98.5725309013097,-1.85325987726791,"N","2023-11-05",1,0,NA,NA,NA,NA,NA,NA,NA,NA,NA,NA,NA,NA,NA,NA,NA,NA,NA,NA,NA,NA,"established"
"2433",0,"KL23WI1326","B","ELROY SPARTA","WI",8,0,2.06e-06,0,0,"WDNR7392",2023,NA,-5.686498536,1,NA,0.0130197452664096,8.5834832419244,98.5725309013097,-1.85325987726791,"N","2023-11-05",1,0,NA,NA,NA,NA,NA,NA,NA,NA,NA,NA,NA,NA,NA,NA,NA,NA,NA,NA,NA,NA,"established"
"2434",1,"KL23WI1330","C","ELROY SPARTA","WI",8,1,1.63e-07,0,0,"WDNR7393",2023,NA,-6.788395655,1,NA,0.0161357855777508,8.80601659751037,98.5725309013097,-1.76609598085992,"N","2023-11-05",1,1,0,"KL24WI0461","WI",1,"C",1,0.00265499,1,NA,-2.575937101,1,NA,0.0152400787418193,8.1780816993464,NA,-1.78941186936487,"Y","2024-03-13",0,1,"established"
"2435",1,"KL23WI1341","C","ELROY SPARTA","WI",8,1,1.31e-07,0,0,"WDNR7395",2023,NA,-6.88390772,1,NA,0.0161357855777508,8.80601659751037,98.5725309013097,-1.76609598085992,"N","2023-11-05",1,1,0,"KL24WI0455","WI",1,"C",0,0.002571649,0,NA,-2.589788301,1,NA,0.0152400787418193,8.1780816993464,NA,-1.78941186936487,"Y","2024-03-13",0,1,"established"
"2436",1,"KL23WI1362","A","SOUTH PORTAL","WI",7,1,2.59e-07,0,0,"WDNR7396",2023,NA,-6.587440516,1,NA,0.0350119761662731,5.26955263157895,NA,-1.44355304595559,"N","2023-11-07",1,1,NA,NA,NA,NA,NA,NA,NA,NA,NA,NA,NA,NA,NA,NA,NA,NA,NA,NA,NA,NA,"established"
"2437",0,"KL23WI1364","B","SOUTH PORTAL","WI",7,0,2.08e-06,0,0,"WDNR7397",2023,NA,-5.682576965,1,NA,0.0350119761662731,7.05728904847397,NA,-1.44355304595559,"N","2023-11-07",1,0,NA,NA,NA,NA,NA,NA,NA,NA,NA,NA,NA,NA,NA,NA,NA,NA,NA,NA,NA,NA,"established"
"2438",1,"KL23WI1410","B","GEIGER BEER CAVE","WI",7,1,1.42e-05,0,0,"WDNR7398",2023,NA,-4.848971295,1,NA,0.0231450249563243,9.64095555555556,98.0558713224436,-1.61717234137615,"N","2023-11-07",1,1,NA,NA,NA,NA,NA,NA,NA,NA,NA,NA,NA,NA,NA,NA,NA,NA,NA,NA,NA,NA,"established"
"2439",0,"KL24WI1562","A","GEIGER BEER CAVE","WI",8,1,1.69e-06,0,0,"WDNR7398",2024,NA,-5.77226322,1,NA,0.0178182676631996,8.65796629213483,NA,-1.72542035853581,"Y","2024-11-11",0,1,NA,NA,NA,NA,NA,NA,NA,NA,NA,NA,NA,NA,NA,NA,NA,NA,NA,NA,NA,NA,"established"
"2440",0,"KL23WI1416","B","GEIGER BEER CAVE","WI",7,0,1.97e-05,0,0,"WDNR7399",2023,NA,-4.705956962,1,NA,0.0231450249563243,9.64095555555556,98.0558713224436,-1.61717234137615,"N","2023-11-07",1,0,NA,NA,NA,NA,NA,NA,NA,NA,NA,NA,NA,NA,NA,NA,NA,NA,NA,NA,NA,NA,"established"
"2441",1,"KL23WI1425","4","MAIDEN ROCK","WI",8,1,1.18e-05,0,0,"WDNR7400",2023,NA,-4.926739092,1,NA,NA,NA,NA,NA,"N","2023-11-08",1,1,0,"KL24WI0091","WI",1,"7",1,0.000896538,1,NA,-3.047431311,1,NA,NA,NA,NA,NA,"Y","2024-03-05",0,1,"established"
"2442",0,"KL23WI1427","4","MAIDEN ROCK","WI",8,0,2.06e-05,0,0,"WDNR7401",2023,NA,-4.685132145,1,NA,NA,NA,NA,NA,"N","2023-11-08",1,0,NA,NA,NA,NA,NA,NA,NA,NA,NA,NA,NA,NA,NA,NA,NA,NA,NA,NA,NA,NA,"established"
"2443",0,"KL23WI1429","4","MAIDEN ROCK","WI",8,0,2.24e-05,0,0,"WDNR7402",2023,NA,-4.650102738,1,NA,NA,NA,NA,NA,"N","2023-11-08",1,0,NA,NA,NA,NA,NA,NA,NA,NA,NA,NA,NA,NA,NA,NA,NA,NA,NA,NA,NA,NA,"established"
"2444",0,"KL23WI1430","4","MAIDEN ROCK","WI",8,0,1.35e-06,0,0,"WDNR7403",2023,NA,-5.870919348,1,NA,NA,NA,NA,NA,"N","2023-11-08",1,0,NA,NA,NA,NA,NA,NA,NA,NA,NA,NA,NA,NA,NA,NA,NA,NA,NA,NA,NA,NA,"established"
"2445",0,"KL23WI1432","4","MAIDEN ROCK","WI",8,0,0.00055179,0,0,"WDNR7404",2023,NA,-3.258226429,1,NA,NA,NA,NA,NA,"N","2023-11-08",1,0,NA,NA,NA,NA,NA,NA,NA,NA,NA,NA,NA,NA,NA,NA,NA,NA,NA,NA,NA,NA,"established"
"2446",0,"KL23WI1433","4","MAIDEN ROCK","WI",8,0,5.51e-06,0,0,"WDNR7405",2023,NA,-5.259054346,1,NA,NA,NA,NA,NA,"N","2023-11-08",1,0,NA,NA,NA,NA,NA,NA,NA,NA,NA,NA,NA,NA,NA,NA,NA,NA,NA,NA,NA,NA,"established"
"2447",1,"KL23WI1434","4","MAIDEN ROCK","WI",8,1,0.000680988,0,0,"WDNR7406",2023,NA,-3.166860515,1,NA,NA,NA,NA,NA,"N","2023-11-08",1,1,0,"KL24WI0090","WI",1,"7",1,0.007702819,2,NA,-2.113350288,1,NA,NA,NA,NA,NA,"Y","2024-03-05",0,1,"established"
"2448",1,"KL23WI1438","4","MAIDEN ROCK","WI",8,1,8.87e-06,0,0,"WDNR7407",2023,NA,-5.052193676,1,NA,NA,NA,NA,NA,"N","2023-11-08",1,1,0,"KL24WI0082","WI",1,"4",1,0.001096391,1,NA,-2.960034578,1,NA,NA,NA,NA,NA,"Y","2024-03-05",0,1,"established"
"2449",0,"KL23WI1440","5","MAIDEN ROCK","WI",8,0,0.000116658,0,0,"WDNR7408",2023,NA,-3.933085386,1,NA,NA,NA,NA,NA,"N","2023-11-08",1,0,NA,NA,NA,NA,NA,NA,NA,NA,NA,NA,NA,NA,NA,NA,NA,NA,NA,NA,NA,NA,"established"
"2450",1,"KL23WI1442","5","MAIDEN ROCK","WI",8,1,0.000740995,0,0,"WDNR7409",2023,NA,-3.130184468,1,NA,NA,NA,NA,NA,"N","2023-11-08",1,1,0,"KL24WI0122","WI",1,"4",1,0.001690658,1,NA,-2.771944256,1,NA,NA,NA,NA,NA,"Y","2024-03-05",0,1,"established"
"2451",0,"KL23WI1444","5","MAIDEN ROCK","WI",8,0,5.33e-06,0,0,"WDNR7410",2023,NA,-5.27362224,1,NA,NA,NA,NA,NA,"N","2023-11-08",1,0,NA,NA,NA,NA,NA,NA,NA,NA,NA,NA,NA,NA,NA,NA,NA,NA,NA,NA,NA,NA,"established"
"2452",0,"KL23WI1446","5","MAIDEN ROCK","WI",8,0,8.72e-06,0,0,"WDNR7411",2023,NA,-5.059348199,1,NA,NA,NA,NA,NA,"N","2023-11-08",1,0,NA,NA,NA,NA,NA,NA,NA,NA,NA,NA,NA,NA,NA,NA,NA,NA,NA,NA,NA,NA,"established"
"2453",0,"KL23WI1447","5","MAIDEN ROCK","WI",8,0,1.03e-05,0,0,"WDNR7412",2023,NA,-4.985427208,1,NA,NA,NA,NA,NA,"N","2023-11-08",1,0,NA,NA,NA,NA,NA,NA,NA,NA,NA,NA,NA,NA,NA,NA,NA,NA,NA,NA,NA,NA,"established"
"2454",0,"KL23WI1451","5","MAIDEN ROCK","WI",8,0,2.3e-06,0,0,"WDNR7413",2023,NA,-5.638776378,1,NA,NA,NA,NA,NA,"N","2023-11-08",1,0,NA,NA,NA,NA,NA,NA,NA,NA,NA,NA,NA,NA,NA,NA,NA,NA,NA,NA,NA,NA,"established"
"2455",0,"KL23WI1452","5","MAIDEN ROCK","WI",8,0,2.45e-05,0,0,"WDNR7414",2023,NA,-4.610787523,1,NA,NA,NA,NA,NA,"N","2023-11-08",1,0,NA,NA,NA,NA,NA,NA,NA,NA,NA,NA,NA,NA,NA,NA,NA,NA,NA,NA,NA,NA,"established"
"2456",0,"KL23WI1453","5","MAIDEN ROCK","WI",8,0,5.33e-07,0,0,"WDNR7415",2023,NA,-6.273011317,1,NA,NA,NA,NA,NA,"N","2023-11-08",1,0,NA,NA,NA,NA,NA,NA,NA,NA,NA,NA,NA,NA,NA,NA,NA,NA,NA,NA,NA,NA,"established"
"2457",0,"KL23WI1454","5","MAIDEN ROCK","WI",8,0,1.53e-05,0,0,"WDNR7416",2023,NA,-4.816625252,1,NA,NA,NA,NA,NA,"N","2023-11-08",1,0,NA,NA,NA,NA,NA,NA,NA,NA,NA,NA,NA,NA,NA,NA,NA,NA,NA,NA,NA,NA,"established"
"2458",0,"KL23WI1456","5","MAIDEN ROCK","WI",8,0,0.000219928,0,0,"WDNR7418",2023,NA,-3.657718766,1,NA,NA,NA,NA,NA,"N","2023-11-08",1,0,NA,NA,NA,NA,NA,NA,NA,NA,NA,NA,NA,NA,NA,NA,NA,NA,NA,NA,NA,NA,"established"
"2459",0,"KL23WI1492","1A","BAY CITY","WI",8,0,9.98e-07,0,0,"WDNR7419",2023,NA,-6.000711218,1,NA,0.0374195461444641,4.59354577191621,NA,-1.4154477698262,"N","2023-11-08",1,0,NA,NA,NA,NA,NA,NA,NA,NA,NA,NA,NA,NA,NA,NA,NA,NA,NA,NA,NA,NA,"established"
"2460",1,"KL23WI1495","1A","BAY CITY","WI",8,1,1.37e-06,0,0,"WDNR7420",2023,NA,-5.864221217,1,NA,0.0374195461444641,4.59354577191621,NA,-1.4154477698262,"N","2023-11-08",1,1,0,"KL24WI0001","WI",1,"1A",0,0.000595414,0,NA,-3.22518079,1,NA,0.0381293544058856,2.11401575866727,NA,-1.40749731745261,"Y","2024-03-04",0,1,"established"
"2461",0,"KL23WI1497","1A","BAY CITY","WI",8,0,8.03e-05,0,0,"WDNR7421",2023,NA,-4.095312713,1,NA,0.0374195461444641,4.59354577191621,NA,-1.4154477698262,"N","2023-11-08",1,0,NA,NA,NA,NA,NA,NA,NA,NA,NA,NA,NA,NA,NA,NA,NA,NA,NA,NA,NA,NA,"established"
"2462",0,"KL23WI1500","1A","BAY CITY","WI",8,0,2.66e-05,0,0,"WDNR7422",2023,NA,-4.575151119,1,NA,0.0374195461444641,4.59354577191621,NA,-1.4154477698262,"N","2023-11-08",1,0,NA,NA,NA,NA,NA,NA,NA,NA,NA,NA,NA,NA,NA,NA,NA,NA,NA,NA,NA,NA,"established"
"2463",1,"KL23WI1504","1A","BAY CITY","WI",8,1,6.87e-06,0,0,"WDNR7423",2023,NA,-5.162876333,1,NA,0.0374195461444641,4.59354577191621,NA,-1.4154477698262,"N","2023-11-08",1,1,0,"KL24WI0017","WI",1,"1A",0,1.62e-07,0,NA,-6.791504557,1,NA,0.0381293544058856,2.11401575866727,NA,-1.40749731745261,"Y","2024-03-04",0,1,"established"
"2464",0,"KL23WI1506","1A","BAY CITY","WI",8,0,1.21e-05,0,0,"WDNR7424",2023,NA,-4.918331822,1,NA,0.0374195461444641,4.59354577191621,NA,-1.4154477698262,"N","2023-11-08",1,0,NA,NA,NA,NA,NA,NA,NA,NA,NA,NA,NA,NA,NA,NA,NA,NA,NA,NA,NA,NA,"established"
"2465",1,"KL23WI1508","1A","BAY CITY","WI",8,1,2.16e-05,0,0,"WDNR7425",2023,NA,-4.664780716,1,NA,0.0374195461444641,4.59354577191621,NA,-1.4154477698262,"N","2023-11-08",1,1,0,"KL24WI0009","WI",1,"1A",0,2.21e-07,0,NA,-6.655783969,1,NA,0.0381293544058856,2.11401575866727,NA,-1.40749731745261,"Y","2024-03-04",0,1,"established"
"2466",0,"KL23WI1510","1A","BAY CITY","WI",8,0,3.37e-06,0,0,"WDNR7426",2023,NA,-5.472407241,1,NA,0.0374195461444641,4.59354577191621,NA,-1.4154477698262,"N","2023-11-08",1,0,NA,NA,NA,NA,NA,NA,NA,NA,NA,NA,NA,NA,NA,NA,NA,NA,NA,NA,NA,NA,"established"
"2467",0,"KL23WI1521","1A","BAY CITY","WI",8,0,0.000213871,0,0,"WDNR7427",2023,NA,-3.669848859,1,NA,0.0374195461444641,4.59354577191621,NA,-1.4154477698262,"N","2023-11-08",1,0,NA,NA,NA,NA,NA,NA,NA,NA,NA,NA,NA,NA,NA,NA,NA,NA,NA,NA,NA,NA,"established"
"2468",0,"KL23WI1544","DS","LEDGEVIEW","WI",7,0,0.004283297,0,0,"WDNR7428",2023,NA,-2.368221806,1,NA,NA,9.83218320610687,NA,NA,"N","2023-11-14",1,0,NA,NA,NA,NA,NA,NA,NA,NA,NA,NA,NA,NA,NA,NA,NA,NA,NA,NA,NA,NA,"established"
"2469",0,"KL23WI1553","HR","MARIBEL","WI",8,0,0.000375197,0,0,"WDNR7429",2023,NA,-3.425740791,1,NA,0.0072716668068694,10.3133609958506,99.4207131506805,-2.08240696782513,"N","2023-11-14",1,0,NA,NA,NA,NA,NA,NA,NA,NA,NA,NA,NA,NA,NA,NA,NA,NA,NA,NA,NA,NA,"established"
"2470",0,"KL23WI1562","SEL","MARIBEL","WI",8,0,0.00427873,0,0,"WDNR7430",2023,NA,-2.368685114,1,NA,0.0072716668068694,10.2997466307278,NA,-2.08240696782513,"N","2023-11-14",1,0,NA,NA,NA,NA,NA,NA,NA,NA,NA,NA,NA,NA,NA,NA,NA,NA,NA,NA,NA,NA,"established"
"2471",0,"KL23WI1569","WL","MARIBEL","WI",8,0,0.000340906,0,0,"WDNR7431",2023,NA,-3.467365566,1,NA,0.0072716668068694,10.2997466307278,NA,-2.08240696782513,"N","2023-11-14",1,0,NA,NA,NA,NA,NA,NA,NA,NA,NA,NA,NA,NA,NA,NA,NA,NA,NA,NA,NA,NA,"established"
"2472",0,"KL23WI1597","D","HORSESHOE BAY","WI",9,0,3.27e-05,0,0,"WDNR7432",2023,NA,-4.484921501,1,NA,0.00512600746514702,10.0296585365854,NA,-2.21282247829827,"N","2023-11-15",1,0,NA,NA,NA,NA,NA,NA,NA,NA,NA,NA,NA,NA,NA,NA,NA,NA,NA,NA,NA,NA,NA
"2473",0,"KL23WI1605","A","BOSCOBEL BEAR","WI",9,0,0.003848652,1,1,"WDNR7433",2023,NA,-2.414691366,1,NA,0.0111190947904525,7.89564705882353,98.9559679568712,-1.9165298176444,NA,"2023-11-16",1,0,NA,NA,NA,NA,NA,NA,NA,NA,NA,NA,NA,NA,NA,NA,NA,NA,NA,NA,NA,NA,NA
"2474",0,"KL23WI1607","A","BOSCOBEL BEAR","WI",9,0,5.55e-05,0,0,"WDNR7434",2023,NA,-4.255487893,1,NA,0.0111190947904525,7.89564705882353,98.9559679568712,-1.9165298176444,NA,"2023-11-16",1,0,NA,NA,NA,NA,NA,NA,NA,NA,NA,NA,NA,NA,NA,NA,NA,NA,NA,NA,NA,NA,NA
"2475",0,"KL24WI1423","1A","BAY CITY","WI",9,1,2.83e-06,0,0,"WDNR7435",2024,NA,-5.548476887,1,NA,0.0374195461444641,5.31002721088435,NA,-1.4154477698262,"Y","2024-11-12",0,1,NA,NA,NA,NA,NA,NA,NA,NA,NA,NA,NA,NA,NA,NA,NA,NA,NA,NA,NA,NA,NA
"2476",1,"KL24WI1458","5","MAIDEN ROCK","WI",9,2,4.23e-06,0,0,"WDNR7436",2024,NA,-5.373634459,1,NA,NA,NA,NA,NA,"Y","2024-11-12",0,1,0,"KL25WI0184","WI",2,"5",1,0.003337432,1,NA,-2.476587608,1,NA,NA,NA,NA,NA,"Y","2025-03-05",0,1,NA
"2477",0,"KL24WI1456","5","MAIDEN ROCK","WI",9,1,5.29e-07,0,0,"WDNR7438",2024,NA,-6.276886824,1,NA,NA,NA,NA,NA,"Y","2024-11-12",0,1,NA,NA,NA,NA,NA,NA,NA,NA,NA,NA,NA,NA,NA,NA,NA,NA,NA,NA,NA,NA,NA
"2478",0,"KL24WI1469","5","MAIDEN ROCK","WI",9,1,2.83e-05,0,0,"WDNR7439",2024,NA,-4.548642585,1,NA,NA,NA,NA,NA,"Y","2024-11-12",0,1,NA,NA,NA,NA,NA,NA,NA,NA,NA,NA,NA,NA,NA,NA,NA,NA,NA,NA,NA,NA,NA
"2479",1,"KL24WI1359","800 to 850","CP TUNNEL","WI",8,1,8.27e-05,0,0,"WDNR7652",2024,NA,-4.082637671,1,NA,0.0806089621368824,7.02604516129032,90.9485551208831,-1.0882621452551,"N","2024-11-11",1,1,0,"KL25WI0266","WI",1,"1000 to 1050",1,0.000634246,2,NA,-3.197742237,1,NA,0.0438827704965504,4.58171084337349,94.615320497781,-1.34792034305698,"Y","2025-03-06",0,1,"established"
"2480",0,"KL24WI1333","B","TUNNEL CITY","WI",8,0,0.00142554,1,1,"WDNR7653",2024,NA,-2.846020521,1,NA,0.13110852521257,6.46886569473166,98.8782985169005,-0.879069155638233,"N","2024-11-11",1,0,NA,NA,NA,NA,NA,NA,NA,NA,NA,NA,NA,NA,NA,NA,NA,NA,NA,NA,NA,NA,"established"
"2481",0,"KL24WI1350","500 to 550","CP TUNNEL","WI",8,0,3.93e-05,0,0,"WDNR7654",2024,NA,-4.405585527,1,NA,0.0806089621368824,7.02604516129032,90.9485551208831,-1.0882621452551,"N","2024-11-11",1,0,NA,NA,NA,NA,NA,NA,NA,NA,NA,NA,NA,NA,NA,NA,NA,NA,NA,NA,NA,NA,"established"
"2482",1,"KL24WI1351","500 to 550","CP TUNNEL","WI",8,1,0.00049574,0,0,"WDNR7655",2024,NA,-3.30474578,1,NA,0.0806089621368824,7.02604516129032,90.9485551208831,-1.0882621452551,"N","2024-11-11",1,1,0,"KL25WI0229","WI",1,"600 to 650",1,0.010904203,1,3.99,-1.962406061,1,0.0897578334704471,0.0438827704965504,4.58171084337349,94.615320497781,-1.34792034305698,"Y","2025-03-06",0,1,"established"
"2483",0,"KL24WI1361","800 to 850","CP TUNNEL","WI",8,0,6.71e-06,0,0,"WDNR7657",2024,NA,-5.173034399,1,NA,0.0806089621368824,7.02604516129032,90.9485551208831,-1.0882621452551,"N","2024-11-11",1,0,NA,NA,NA,NA,NA,NA,NA,NA,NA,NA,NA,NA,NA,NA,NA,NA,NA,NA,NA,NA,"established"
"2484",1,"KL24WI1366","800 to 850","CP TUNNEL","WI",8,1,1.23e-05,0,0,"WDNR7659",2024,NA,-4.908580079,1,NA,0.0806089621368824,7.02604516129032,90.9485551208831,-1.0882621452551,"N","2024-11-11",1,1,0,"KL25WI0237","WI",1,"600 to 650",1,0.000630144,1,NA,-3.200560366,1,NA,0.0438827704965504,4.58171084337349,94.615320497781,-1.34792034305698,"Y","2025-03-06",0,1,"established"
"2485",1,"KL24WI1370","850 to 900","CP TUNNEL","WI",8,1,3.2e-05,0,0,"WDNR7660",2024,NA,-4.494736515,1,NA,0.0806089621368824,7.02604516129032,90.9485551208831,-1.0882621452551,"N","2024-11-11",1,1,0,"KL25WI0253","WI",1,"850 to 900",1,0.001180424,1,NA,-2.9279619,1,NA,0.0438827704965504,4.58171084337349,94.615320497781,-1.34792034305698,"Y","2025-03-06",0,1,"established"
"2486",0,"KL24WI1385","1000 to 1050","CP TUNNEL","WI",8,0,0.000173177,0,0,"WDNR7661",2024,NA,-3.761509503,1,NA,0.0806089621368824,7.02604516129032,90.9485551208831,-1.0882621452551,"N","2024-11-11",1,0,NA,NA,NA,NA,NA,NA,NA,NA,NA,NA,NA,NA,NA,NA,NA,NA,NA,NA,NA,NA,"established"
"2487",0,"KL24WI1422","1A","BAY CITY","WI",9,0,7.16e-05,0,0,"WDNR7662",2024,NA,-4.14530104,1,NA,0.0374195461444641,5.31002721088435,NA,-1.4154477698262,"N","2024-11-12",1,0,NA,NA,NA,NA,NA,NA,NA,NA,NA,NA,NA,NA,NA,NA,NA,NA,NA,NA,NA,NA,NA
"2488",0,"KL24WI1425","1A","BAY CITY","WI",9,0,7.85e-06,0,0,"WDNR7663",2024,NA,-5.105344214,1,NA,0.0374195461444641,5.31002721088435,NA,-1.4154477698262,"N","2024-11-12",1,0,NA,NA,NA,NA,NA,NA,NA,NA,NA,NA,NA,NA,NA,NA,NA,NA,NA,NA,NA,NA,NA
"2489",1,"KL24WI1429","1A","BAY CITY","WI",9,1,0.001006801,0,0,"WDNR7664",2024,NA,-2.997056221,1,NA,0.0374195461444641,5.31002721088435,NA,-1.4154477698262,"N","2024-11-12",1,1,0,"KL25WI0156","WI",1,"1A",1,4.33e-05,1,NA,-4.363496406,1,NA,0.0381293544058856,2.04226666666667,NA,-1.40749731745261,"Y","2025-03-04",0,1,NA
"2490",0,"KL24WI1434","1A","BAY CITY","WI",9,0,3.46e-07,1,1,"WDNR7665",2024,NA,-6.460784566,1,NA,0.0374195461444641,5.31002721088435,NA,-1.4154477698262,"N","2024-11-12",1,0,NA,NA,NA,NA,NA,NA,NA,NA,NA,NA,NA,NA,NA,NA,NA,NA,NA,NA,NA,NA,NA
"2491",0,"KL24WI1436","1A","BAY CITY","WI",9,0,2.79e-05,0,0,"WDNR7667",2024,NA,-4.554599224,1,NA,0.0374195461444641,5.31002721088435,NA,-1.4154477698262,"N","2024-11-12",1,0,NA,NA,NA,NA,NA,NA,NA,NA,NA,NA,NA,NA,NA,NA,NA,NA,NA,NA,NA,NA,NA
"2492",0,"KL24WI1437","1A","BAY CITY","WI",9,0,2.71e-05,0,0,"WDNR7668",2024,NA,-4.56724648,1,NA,0.0374195461444641,5.31002721088435,NA,-1.4154477698262,"N","2024-11-12",1,0,NA,NA,NA,NA,NA,NA,NA,NA,NA,NA,NA,NA,NA,NA,NA,NA,NA,NA,NA,NA,NA
"2493",1,"KL24WI1438","1A","BAY CITY","WI",9,1,7.49e-07,0,0,"WDNR7669",2024,NA,-6.125359964,1,NA,0.0374195461444641,5.31002721088435,NA,-1.4154477698262,"N","2024-11-12",1,1,0,"KL25WI0158","WI",1,"1A",1,0.00138483,1,NA,-2.858603518,1,NA,0.0381293544058856,2.04226666666667,NA,-1.40749731745261,"Y","2025-03-04",0,1,NA
"2494",0,"KL24WI1462","5","MAIDEN ROCK","WI",9,0,0.001511372,1,1,"WDNR7670",2024,NA,-2.820628574,1,NA,NA,NA,NA,NA,"N","2024-11-12",1,0,NA,NA,NA,NA,NA,NA,NA,NA,NA,NA,NA,NA,NA,NA,NA,NA,NA,NA,NA,NA,NA
"2495",1,"KL24WI1475","5","MAIDEN ROCK","WI",9,1,5.54e-06,0,0,"WDNR7671",2024,NA,-5.256321693,1,NA,NA,NA,NA,NA,"N","2024-11-12",1,1,0,"KL25WI0179","WI",1,"5",1,0.001638476,1,NA,-2.785559951,1,NA,NA,NA,NA,NA,"Y","2025-03-05",0,1,NA
"2496",1,"KL24WI1486","5","MAIDEN ROCK","WI",9,1,1.07e-05,0,0,"WDNR7672",2024,NA,-4.971170803,1,NA,NA,NA,NA,NA,"N","2024-11-12",1,1,0,"TS25MW5080","WI",1,"7",1,0.005870583,1,NA,-2.231318738,1,NA,NA,NA,NA,NA,"Y","2025-03-05",0,1,NA
"2497",0,"KL24WI1621","BR","LEDGEVIEW","WI",8,0,0.003451253,0,0,"WDNR7673",2024,NA,-2.462023142,1,NA,NA,10.5983946646267,NA,NA,"N","2024-11-19",1,0,NA,NA,NA,NA,NA,NA,NA,NA,NA,NA,NA,NA,NA,NA,NA,NA,NA,NA,NA,NA,"established"
"2498",0,"KL24WI1371","900 to 950","CP TUNNEL","WI",8,0,0.013135733,1,1,"WDNR7687",2024,NA,-1.881545677,1,NA,0.0806089621368824,7.02604516129032,90.9485551208831,-1.0882621452551,"N","2024-11-11",1,0,NA,NA,NA,NA,NA,NA,NA,NA,NA,NA,NA,NA,NA,NA,NA,NA,NA,NA,NA,NA,"established"
"2499",0,"KL24WI1613","D","HORSESHOE BAY","WI",10,0,8.97e-05,0,0,"WDNR7688",2024,NA,-4.047219771,1,NA,0.00512600746514702,9.93302533783784,NA,-2.21282247829827,"N","2024-11-18",1,0,NA,NA,NA,NA,NA,NA,NA,NA,NA,NA,NA,NA,NA,NA,NA,NA,NA,NA,NA,NA,NA
"2500",1,"KL24WI1614","D","HORSESHOE BAY","WI",10,1,0.000141838,0,0,"WDNR7689",2024,NA,-3.848208319,1,NA,0.00512600746514702,9.93302533783784,NA,-2.21282247829827,"N","2024-11-18",1,1,0,"KL25WI0524","WI",1,"B",0,0.048911087,0,NA,-1.310592684,1,NA,0.00700979983866586,5.64874684343434,NA,-2.09637833660603,"Y","2025-03-17",0,1,NA
"2501",NA,NA,NA,NA,NA,NA,NA,NA,NA,NA,"186",2024,NA,NA,NA,NA,NA,NA,NA,NA,NA,NA,NA,NA,0,"TS25MW5082","WI",0,"8",1,0.002769775,1,NA,-2.557555552,1,NA,NA,NA,NA,NA,"Y","2025-03-05",1,0,NA
"2502",NA,NA,NA,NA,NA,NA,NA,NA,NA,NA,"208",2024,NA,NA,NA,NA,NA,NA,NA,NA,NA,NA,NA,NA,0,"KL25WI0150","WI",2,"1A",1,0.000144638,1,NA,-3.839717541,1,NA,0.0381293544058856,2.04226666666667,NA,-1.40749731745261,"Y","2025-03-04",0,1,NA
"2503",NA,NA,NA,NA,NA,NA,NA,NA,NA,NA,"219",2024,NA,NA,NA,NA,NA,NA,NA,NA,NA,NA,NA,NA,0,"KL25WI0147","WI",1,"1A",0,0.000311884,0,NA,-3.506006944,1,NA,0.0381293544058856,2.04226666666667,NA,-1.40749731745261,"Y","2025-03-04",0,1,NA
"2504",NA,NA,NA,NA,NA,NA,NA,NA,NA,NA,"260",2023,NA,NA,NA,NA,NA,NA,NA,NA,NA,NA,NA,NA,1,"KL24WI0070","WI",2,"5",0,3.4e-06,0,NA,-5.467983989,1,NA,NA,NA,NA,NA,"Y","2024-03-05",1,1,NA
"2505",NA,NA,NA,NA,NA,NA,NA,NA,NA,NA,"312",2023,NA,NA,NA,NA,NA,NA,NA,NA,NA,NA,NA,NA,0,"KL24WI0076","WI",0,"5",1,0.001754727,1,NA,-2.755790475,1,NA,NA,NA,NA,NA,"Y","2024-03-05",1,0,NA
"2506",NA,NA,NA,NA,NA,NA,NA,NA,NA,NA,"380",2023,NA,NA,NA,NA,NA,NA,NA,NA,NA,NA,NA,NA,1,"KL24WI0077","WI",2,"5",0,0.000359162,0,NA,-3.444709242,1,NA,NA,NA,NA,NA,"Y","2024-03-05",1,1,NA
"2507",NA,NA,NA,NA,NA,NA,NA,NA,NA,NA,"497",2024,NA,NA,NA,NA,NA,NA,NA,NA,NA,NA,NA,NA,0,"KL25WI0197","WI",0,"5",1,0.000792292,1,NA,-3.101114552,1,NA,NA,NA,NA,NA,"Y","2025-03-05",1,0,NA
"2508",NA,NA,NA,NA,NA,NA,NA,NA,NA,NA,"A43861N",2011,NA,NA,NA,NA,NA,NA,NA,NA,NA,NA,NA,NA,0,"KL12VA00582","VA",0,NA,NA,0.01830868,NA,NA,-1.737342975,1,NA,NA,6.21135483870968,NA,NA,"N","2012-03-29",1,0,NA
"2509",NA,NA,NA,NA,NA,NA,NA,NA,NA,NA,"A43862N",2011,NA,NA,NA,NA,NA,NA,NA,NA,NA,NA,NA,NA,0,"KL12VA00584","VA",0,NA,NA,0.035023022,NA,NA,-1.455646386,1,NA,NA,6.21135483870968,NA,NA,"N","2012-03-29",1,0,NA
"2510",NA,NA,NA,NA,NA,NA,NA,NA,NA,NA,"A43863N",2011,NA,NA,NA,NA,NA,NA,NA,NA,NA,NA,NA,NA,0,"KL12VA00585","VA",0,NA,NA,0.058260895,NA,NA,-1.234622848,1,NA,NA,6.21135483870968,NA,NA,"N","2012-03-29",1,0,NA
"2511",NA,NA,NA,NA,NA,NA,NA,NA,NA,NA,"A46416Y",2011,NA,NA,NA,NA,NA,NA,NA,NA,NA,NA,NA,NA,0,"KL12VA00589","VA",0,NA,NA,0.069342493,NA,NA,-1.159000547,1,NA,NA,6.21135483870968,NA,NA,"Y","2012-03-29",1,0,NA
"2512",NA,NA,NA,NA,NA,NA,NA,NA,NA,NA,"A48466Y",2011,NA,NA,NA,NA,NA,NA,NA,NA,NA,NA,NA,NA,0,"KL12VA00590","VA",0,NA,NA,0.057348229,NA,NA,-1.241479988,1,NA,NA,6.21135483870968,NA,NA,"Y","2012-03-29",1,0,NA
"2513",NA,NA,NA,NA,NA,NA,NA,NA,NA,NA,"A54470Y",2011,NA,NA,NA,NA,NA,NA,NA,NA,NA,NA,NA,NA,0,"KL12VA00580","VA",0,NA,NA,0.142564381,NA,NA,-0.845988968,1,NA,NA,6.21135483870968,NA,NA,"Y","2012-03-29",1,0,NA
"2514",NA,NA,NA,NA,NA,NA,NA,NA,NA,NA,"A54484Y",2011,NA,NA,NA,NA,NA,NA,NA,NA,NA,NA,NA,NA,0,"KL12VA00574","VA",0,NA,NA,0.008026038,NA,NA,-2.095498797,1,NA,NA,6.21135483870968,NA,NA,"Y","2012-03-29",1,0,NA
"2515",NA,NA,NA,NA,NA,NA,NA,NA,NA,NA,"A54610Y",2011,NA,NA,NA,NA,NA,NA,NA,NA,NA,NA,NA,NA,0,"KL12VA00593","VA",0,NA,NA,0.07506288,NA,NA,-1.124574777,1,NA,NA,6.21135483870968,NA,NA,"Y","2012-03-29",1,0,NA
"2516",NA,NA,NA,NA,NA,NA,NA,NA,NA,NA,"A54856N",2011,NA,NA,NA,NA,NA,NA,NA,NA,NA,NA,NA,NA,0,"KL12VA00576","VA",0,NA,NA,0.129959096,NA,NA,-0.886193319,1,NA,NA,6.21135483870968,NA,NA,"N","2012-03-29",1,0,NA
"2517",NA,NA,NA,NA,NA,NA,NA,NA,NA,NA,"A54858N",2011,NA,NA,NA,NA,NA,NA,NA,NA,NA,NA,NA,NA,0,"KL12VA00578","VA",0,NA,NA,0.046041165,NA,NA,-1.336853698,1,NA,NA,6.21135483870968,NA,NA,"N","2012-03-29",1,0,NA
"2518",NA,NA,NA,NA,NA,NA,NA,NA,NA,NA,"A54859N",2011,NA,NA,NA,NA,NA,NA,NA,NA,NA,NA,NA,NA,0,"KL12VA00579","VA",0,NA,NA,0.005204164,NA,NA,-2.283649041,1,NA,NA,6.21135483870968,NA,NA,"N","2012-03-29",1,0,NA
"2519",NA,NA,NA,NA,NA,NA,NA,NA,NA,NA,"A54866N",2011,NA,NA,NA,NA,NA,NA,NA,NA,NA,NA,NA,NA,0,"KL12VA00594","VA",0,NA,NA,0.012374019,NA,NA,-1.907489213,1,NA,NA,6.21135483870968,NA,NA,"N","2012-03-29",1,0,NA
"2520",NA,NA,NA,NA,NA,NA,NA,NA,NA,NA,"A54867N",2011,NA,NA,NA,NA,NA,NA,NA,NA,NA,NA,NA,NA,0,"KL12VA00595","VA",0,NA,NA,0.027008834,NA,NA,-1.568494159,1,NA,NA,6.21135483870968,NA,NA,"N","2012-03-29",1,0,NA
"2521",NA,NA,NA,NA,NA,NA,NA,NA,NA,NA,"A54868N",2011,NA,NA,NA,NA,NA,NA,NA,NA,NA,NA,NA,NA,0,"KL12VA00596","VA",0,NA,NA,0.120044535,NA,NA,-0.920657608,1,NA,NA,6.21135483870968,NA,NA,"N","2012-03-29",1,0,NA
"2522",NA,NA,NA,NA,NA,NA,NA,NA,NA,NA,"A54869N",2011,NA,NA,NA,NA,NA,NA,NA,NA,NA,NA,NA,NA,0,"KL12VA00603","VA",0,NA,NA,0.093525546,NA,NA,-1.029069747,1,NA,NA,6.21135483870968,NA,NA,"N","2012-03-29",1,0,NA
"2523",NA,NA,NA,NA,NA,NA,NA,NA,NA,NA,"A54946N",2011,NA,NA,NA,NA,NA,NA,NA,NA,NA,NA,NA,NA,0,"KL12VA00562","VA",0,NA,NA,0.144943616,NA,NA,-0.838800909,1,NA,NA,6.21135483870968,NA,NA,"N","2012-03-29",1,0,NA
"2524",NA,NA,NA,NA,NA,NA,NA,NA,NA,NA,"A54947N",2011,NA,NA,NA,NA,NA,NA,NA,NA,NA,NA,NA,NA,0,"KL12VA00563","VA",0,NA,NA,0.050649018,NA,NA,-1.295428966,1,NA,NA,6.21135483870968,NA,NA,"N","2012-03-29",1,0,NA
"2525",NA,NA,NA,NA,NA,NA,NA,NA,NA,NA,"BCI0845",2018,NA,NA,NA,NA,NA,NA,NA,NA,NA,NA,NA,NA,0,"SH19VA0030","VA",0,"L",1,0.08517259,1,NA,-1.069700146,1,NA,NA,NA,NA,NA,"Y","2019-03-27",1,0,NA
"2526",NA,NA,NA,NA,NA,NA,NA,NA,NA,NA,"BCI0848",2018,NA,NA,NA,NA,NA,NA,NA,NA,NA,NA,NA,NA,0,"SH19VA0027","VA",0,"U",0,0.012180255,0,NA,-1.914343619,1,NA,NA,NA,NA,NA,"Y","2019-03-27",1,0,NA
"2527",NA,NA,NA,NA,NA,NA,NA,NA,NA,NA,"DDD738",2016,NA,NA,NA,NA,NA,NA,NA,NA,NA,NA,NA,NA,0,"JH17MI0023","MI",0,"30",1,0.000294328,1,NA,-3.531168495,1,NA,0.0130307536985769,2.6145,NA,-1.85291899908275,NA,"2017-03-02",1,0,NA
"2528",NA,NA,NA,NA,NA,NA,NA,NA,NA,NA,"GGG1263",2020,NA,NA,NA,NA,NA,NA,NA,NA,NA,NA,NA,NA,0,"KL21IL0274","IL",3,"4",1,0.07268039,1,NA,-1.138582751,1,NA,0.0138154435422563,6.97953225806452,NA,-1.82928534215417,"Y","2021-03-15",0,1,NA
"2529",NA,NA,NA,NA,NA,NA,NA,NA,NA,NA,"GGG1267",2018,NA,NA,NA,NA,NA,NA,NA,NA,NA,NA,NA,NA,0,"KL19IL0127","IL",0,"7",1,0.08909918,1,NA,-1.050126293,1,NA,0.0250793319560123,7.02217105263158,NA,-1.58370353761548,"Y","2019-03-14",1,0,NA
"2530",NA,NA,NA,NA,NA,NA,NA,NA,NA,NA,"III1737",2017,NA,NA,NA,NA,NA,NA,NA,NA,NA,NA,NA,NA,1,"JH18MI0017","MI",4,"28.5",0,0.001458129,0,NA,-2.836204179,1,NA,0.0130307536985769,3.24333,NA,-1.85291899908275,"Y","2018-03-12",1,1,NA
"2531",NA,NA,NA,NA,NA,NA,NA,NA,NA,NA,"III1737",2018,NA,NA,NA,NA,NA,NA,NA,NA,NA,NA,NA,NA,1,"KL19MI0098","MI",4,"34.1",0,0.013721315,0,NA,-1.862604265,1,NA,0.0130307536985769,2.37507792207792,NA,-1.85291899908275,"Y","2019-03-10",0,1,NA
"2532",NA,NA,NA,NA,NA,NA,NA,NA,NA,NA,"III1737",2021,NA,NA,NA,NA,NA,NA,NA,NA,NA,NA,NA,NA,1,"KL22MI0036","MI",4,"34.2",1,0.000532095,1,NA,-3.274011111,1,NA,0.0196387021274881,2.22639911308204,NA,-1.68531761695726,"Y","2022-03-06",0,1,NA
"2533",NA,NA,NA,NA,NA,NA,NA,NA,NA,NA,"III1737",2023,NA,NA,NA,NA,NA,NA,NA,NA,NA,NA,NA,NA,1,"KL24MI0183","MI",4,"28.3",1,0.00407208,1,NA,-2.390183703,1,NA,0.0261417475814097,3.96040692640693,NA,-1.56636219276587,"Y","2024-02-29",0,1,NA
"2534",NA,NA,NA,NA,NA,NA,NA,NA,NA,NA,"III1737",2024,NA,NA,NA,NA,NA,NA,NA,NA,NA,NA,NA,NA,0,"KL25MI0220","MI",4,"30 to 35",0,0.032428422,0,NA,-1.489074191,1,NA,0.0130307536985769,2.71894317976513,NA,-1.85291899908275,"Y","2025-03-13",0,1,NA
"2535",NA,NA,NA,NA,NA,NA,NA,NA,NA,NA,"JH10250",2022,NA,NA,NA,NA,NA,NA,NA,NA,NA,NA,NA,NA,0,"KL23NY0205","NY",0,"CR",1,0.011511096,2,NA,-1.938883333,1,NA,NA,NA,NA,NA,"N","2023-03-25",1,0,NA
"2536",NA,NA,NA,NA,NA,NA,NA,NA,NA,NA,"JH10251",2022,NA,NA,NA,NA,NA,NA,NA,NA,NA,NA,NA,NA,0,"KL23NY0203","NY",0,"CR",1,0.003564878,1,NA,-2.447955299,1,NA,NA,NA,NA,NA,"N","2023-03-25",1,0,NA
"2537",NA,NA,NA,NA,NA,NA,NA,NA,NA,NA,"JH10258",2023,NA,NA,NA,NA,NA,NA,NA,NA,NA,NA,NA,NA,1,"KL24IL0015","IL",1,"R5",1,0.001014564,1,NA,-2.993720487,1,NA,0.0148152959702899,6.9136522513587,NA,-1.80092267620726,"Y","2024-03-11",1,1,NA
"2538",NA,NA,NA,NA,NA,NA,NA,NA,NA,NA,"JH10258",2024,NA,NA,NA,NA,NA,NA,NA,NA,NA,NA,NA,NA,0,"KL25IL0026","IL",1,"R7",0,0.000388187,0,NA,-3.410958486,1,NA,0.00782534276887164,5.93923387096774,97.3461546233853,-2.05426841798109,"Y","2025-03-10",0,1,NA
"2539",NA,NA,NA,NA,NA,NA,NA,NA,NA,NA,"JH10260",2023,NA,NA,NA,NA,NA,NA,NA,NA,NA,NA,NA,NA,0,"KL24MI0149","MI",0,"19.2",NA,0.004289725,NA,NA,-2.367570498,1,NA,0.0092996060195015,5.76979459459459,NA,-1.98717938760832,"Y","2024-02-29",1,0,NA
"2540",NA,NA,NA,NA,NA,NA,NA,NA,NA,NA,"JH1027",2024,NA,NA,NA,NA,NA,NA,NA,NA,NA,NA,NA,NA,0,"KL25MI0088","MI",0,"15 to 20",0,0.000326151,0,NA,-3.486581177,1,NA,0.0068342891863462,5.59399193548387,99.2502785151233,-2.10600040142277,"Y","2025-03-12",1,0,NA
"2541",NA,NA,NA,NA,NA,NA,NA,NA,NA,NA,"JH10279",2023,NA,NA,NA,NA,NA,NA,NA,NA,NA,NA,NA,NA,0,"KL24MI0236","MI",0,"28.8",1,0.011699436,1,NA,-1.931835068,1,NA,NA,3.70337662337662,NA,NA,"Y","2024-02-29",1,0,NA
"2542",NA,NA,NA,NA,NA,NA,NA,NA,NA,NA,"JH10281",2023,NA,NA,NA,NA,NA,NA,NA,NA,NA,NA,NA,NA,0,"KL24MI0235","MI",0,"28.8",1,0.004555919,1,NA,-2.341424011,1,NA,NA,3.70337662337662,NA,NA,"Y","2024-02-29",1,0,NA
"2543",NA,NA,NA,NA,NA,NA,NA,NA,NA,NA,"JH10283",2023,NA,NA,NA,NA,NA,NA,NA,NA,NA,NA,NA,NA,0,"KL24IL0017","IL",0,"R5",1,0.012849561,1,NA,-1.891111694,1,NA,0.0148152959702899,6.9136522513587,NA,-1.80092267620726,"N","2024-03-11",1,0,NA
"2544",NA,NA,NA,NA,NA,NA,NA,NA,NA,NA,"JH10284",2023,NA,NA,NA,NA,NA,NA,NA,NA,NA,NA,NA,NA,0,"KL24IL0020","IL",0,"R5",0,4.05e-05,0,NA,-4.392303239,1,NA,0.0148152959702899,6.9136522513587,NA,-1.80092267620726,"N","2024-03-11",1,0,NA
"2545",NA,NA,NA,NA,NA,NA,NA,NA,NA,NA,"JH10285",2023,NA,NA,NA,NA,NA,NA,NA,NA,NA,NA,NA,NA,0,"KL24IL0026","IL",0,"R7",1,0.000410118,1,NA,-3.387091023,1,NA,0.00782534276887164,5.93923387096774,NA,-2.05426841798109,"N","2024-03-11",1,0,NA
"2546",NA,NA,NA,NA,NA,NA,NA,NA,NA,NA,"JH10286",2023,NA,NA,NA,NA,NA,NA,NA,NA,NA,NA,NA,NA,0,"KL24IL0028","IL",0,"R7",1,0.000865925,1,NA,-3.062519632,1,NA,0.00782534276887164,5.93923387096774,NA,-2.05426841798109,"N","2024-03-11",1,0,NA
"2547",NA,NA,NA,NA,NA,NA,NA,NA,NA,NA,"JH10287",2023,NA,NA,NA,NA,NA,NA,NA,NA,NA,NA,NA,NA,0,"KL24IL0030","IL",0,"R9",1,0.000666056,1,NA,-3.176489524,1,NA,0.0148152959702899,6.9136522513587,NA,-1.80092267620726,"N","2024-03-11",1,0,NA
"2548",NA,NA,NA,NA,NA,NA,NA,NA,NA,NA,"JH10288",2023,NA,NA,NA,NA,NA,NA,NA,NA,NA,NA,NA,NA,0,"KL24IL0031","IL",0,"R9",1,9.62e-06,1,NA,-5.017026423,1,NA,0.0148152959702899,6.9136522513587,NA,-1.80092267620726,"N","2024-03-11",1,0,NA
"2549",NA,NA,NA,NA,NA,NA,NA,NA,NA,NA,"JH10289",2023,NA,NA,NA,NA,NA,NA,NA,NA,NA,NA,NA,NA,0,"KL24IL0032","IL",0,"R9",1,0.000379226,1,NA,-3.421101793,1,NA,0.0148152959702899,6.9136522513587,NA,-1.80092267620726,"N","2024-03-11",1,0,NA
"2550",NA,NA,NA,NA,NA,NA,NA,NA,NA,NA,"JH10290",2023,NA,NA,NA,NA,NA,NA,NA,NA,NA,NA,NA,NA,0,"KL24IL0036","IL",0,"R9",1,0.006627424,2,NA,-2.178655224,1,NA,0.0148152959702899,6.9136522513587,NA,-1.80092267620726,"N","2024-03-11",1,0,NA
"2551",NA,NA,NA,NA,NA,NA,NA,NA,NA,NA,"JH10291",2023,NA,NA,NA,NA,NA,NA,NA,NA,NA,NA,NA,NA,0,"KL24IL0037","IL",0,"R9",1,0.001060142,2,NA,-2.974636098,1,NA,0.0148152959702899,6.9136522513587,NA,-1.80092267620726,"N","2024-03-11",1,0,NA
"2552",NA,NA,NA,NA,NA,NA,NA,NA,NA,NA,"JH10292",2023,NA,NA,NA,NA,NA,NA,NA,NA,NA,NA,NA,NA,0,"KL24IL0039","IL",0,"R9",1,0.002136925,1,NA,-2.670210629,1,NA,0.0148152959702899,6.9136522513587,NA,-1.80092267620726,"N","2024-03-11",1,0,NA
"2553",NA,NA,NA,NA,NA,NA,NA,NA,NA,NA,"JH10293",2023,NA,NA,NA,NA,NA,NA,NA,NA,NA,NA,NA,NA,0,"KL24IL0044","IL",0,"2",1,0.009905457,1,NA,-2.004125485,1,NA,0.0131077092609357,8.74260344827241,98.780117788955,-1.85054349908056,"N","2024-03-11",1,0,NA
"2554",NA,NA,NA,NA,NA,NA,NA,NA,NA,NA,"JH10294",2023,NA,NA,NA,NA,NA,NA,NA,NA,NA,NA,NA,NA,0,"KL24IL0047","IL",0,"2",1,0.019145593,1,NA,-1.71793118,1,NA,0.0131077092609357,8.74260344827241,98.780117788955,-1.85054349908056,"N","2024-03-11",1,0,NA
"2555",NA,NA,NA,NA,NA,NA,NA,NA,NA,NA,"JH10295",2023,NA,NA,NA,NA,NA,NA,NA,NA,NA,NA,NA,NA,0,"KL24IL0046","IL",0,"2",1,0.024228818,1,NA,-1.615667776,1,NA,0.0131077092609357,8.74260344827241,98.780117788955,-1.85054349908056,"N","2024-03-11",1,0,NA
"2556",NA,NA,NA,NA,NA,NA,NA,NA,NA,NA,"JH10296",2023,NA,NA,NA,NA,NA,NA,NA,NA,NA,NA,NA,NA,0,"KL24IL0052","IL",0,"2",1,0.020966639,1,NA,-1.678471183,1,NA,0.0131077092609357,8.74260344827241,98.780117788955,-1.85054349908056,"N","2024-03-11",1,0,NA
"2557",NA,NA,NA,NA,NA,NA,NA,NA,NA,NA,"JH10297",2023,NA,NA,NA,NA,NA,NA,NA,NA,NA,NA,NA,NA,0,"KL24IL0061","IL",0,"3",1,7e-05,1,NA,-4.155183306,1,NA,0.0118453263112149,5.99896551724138,98.7349892191256,-1.89125485882776,"N","2024-03-11",1,0,NA
"2558",NA,NA,NA,NA,NA,NA,NA,NA,NA,NA,"JH10298",2023,NA,NA,NA,NA,NA,NA,NA,NA,NA,NA,NA,NA,0,"KL24IL0063","IL",0,"3",1,4.19e-05,1,NA,-4.378229863,1,NA,0.0118453263112149,5.99896551724138,98.7349892191256,-1.89125485882776,"N","2024-03-11",1,0,NA
"2559",NA,NA,NA,NA,NA,NA,NA,NA,NA,NA,"JH10299",2023,NA,NA,NA,NA,NA,NA,NA,NA,NA,NA,NA,NA,0,"KL24IL0065","IL",0,"3",1,0.020388881,1,NA,-1.690606615,1,NA,0.0118453263112149,5.99896551724138,98.7349892191256,-1.89125485882776,"N","2024-03-11",1,0,NA
"2560",NA,NA,NA,NA,NA,NA,NA,NA,NA,NA,"JH10300",2023,NA,NA,NA,NA,NA,NA,NA,NA,NA,NA,NA,NA,0,"KL24IL0067","IL",0,"3",1,0.001377135,1,NA,-2.861023383,1,NA,0.0118453263112149,5.99896551724138,98.7349892191256,-1.89125485882776,"N","2024-03-11",1,0,NA
"2561",NA,NA,NA,NA,NA,NA,NA,NA,NA,NA,"JH10307",2024,NA,NA,NA,NA,NA,NA,NA,NA,NA,NA,NA,NA,0,"KL25IL0045","IL",0,"L1",1,0.001603369,1,NA,-2.794966464,1,NA,0.0153224164031068,6.82077192982456,98.4349068015948,-1.78721554700056,"Y","2025-03-10",1,0,NA
"2562",NA,NA,NA,NA,NA,NA,NA,NA,NA,NA,"JH10308",2023,NA,NA,NA,NA,NA,NA,NA,NA,NA,NA,NA,NA,0,"KL24IL0035","IL",0,"R9",1,0.000743098,1,NA,-3.128953645,1,NA,0.0148152959702899,6.9136522513587,NA,-1.80092267620726,"Y","2024-03-11",1,0,NA
"2563",NA,NA,NA,NA,NA,NA,NA,NA,NA,NA,"JH10311",2023,NA,NA,NA,NA,NA,NA,NA,NA,NA,NA,NA,NA,0,"KL24IL0034","IL",0,"R9",1,5.34e-07,1,NA,-6.272279693,1,NA,0.0148152959702899,6.9136522513587,NA,-1.80092267620726,"Y","2024-03-11",1,0,NA
"2564",NA,NA,NA,NA,NA,NA,NA,NA,NA,NA,"JH10314",2023,NA,NA,NA,NA,NA,NA,NA,NA,NA,NA,NA,NA,0,"KL24IL0075","IL",0,"3",1,0.005149728,1,NA,-2.288215692,1,NA,0.0118453263112149,5.99896551724138,98.7349892191256,-1.89125485882776,"Y","2024-03-11",1,0,NA
"2565",NA,NA,NA,NA,NA,NA,NA,NA,NA,NA,"JH10318",2024,NA,NA,NA,NA,NA,NA,NA,NA,NA,NA,NA,NA,0,"KL25IL0065","IL",0,"4R",1,0.003354364,1,NA,-2.47438981,1,NA,0.0536636570387898,5.41326612903226,97.9364390642081,-1.26230131705173,"Y","2025-03-10",1,0,NA
"2566",NA,NA,NA,NA,NA,NA,NA,NA,NA,NA,"JH10321",2024,NA,NA,NA,NA,NA,NA,NA,NA,NA,NA,NA,NA,0,"KL25IL0071","IL",1,"7",1,0.010518879,1,NA,-1.978030545,1,NA,0.0250793319560123,7.02217105263158,97.9364390642081,-1.58370353761548,"Y","2025-03-10",0,1,NA
"2567",NA,NA,NA,NA,NA,NA,NA,NA,NA,NA,"JH10335",2023,NA,NA,NA,NA,NA,NA,NA,NA,NA,NA,NA,NA,1,"KL24IL0010","IL",1,"R5",1,0.000154906,1,NA,-3.809932242,1,NA,0.0148152959702899,6.9136522513587,NA,-1.80092267620726,"N","2024-03-11",1,1,NA
"2568",NA,NA,NA,NA,NA,NA,NA,NA,NA,NA,"JH10335",2024,NA,NA,NA,NA,NA,NA,NA,NA,NA,NA,NA,NA,0,"KL25IL0040","IL",1,"L1",1,0.003471929,1,NA,-2.459429216,1,NA,0.0153224164031068,6.82077192982456,98.4349068015948,-1.78721554700056,"Y","2025-03-10",0,1,NA
"2569",NA,NA,NA,NA,NA,NA,NA,NA,NA,NA,"JH10336",2023,NA,NA,NA,NA,NA,NA,NA,NA,NA,NA,NA,NA,0,"KL24IL0070","IL",0,"3",1,1.95e-06,2,NA,-5.709016376,1,NA,0.0118453263112149,5.99896551724138,98.7349892191256,-1.89125485882776,"N","2024-03-11",1,0,NA
"2570",NA,NA,NA,NA,NA,NA,NA,NA,NA,NA,"JH10338",2023,NA,NA,NA,NA,NA,NA,NA,NA,NA,NA,NA,NA,0,"KL24IL0071","IL",0,"3",1,0.004586075,1,NA,-2.338558838,1,NA,0.0118453263112149,5.99896551724138,98.7349892191256,-1.89125485882776,"N","2024-03-11",1,0,NA
"2571",NA,NA,NA,NA,NA,NA,NA,NA,NA,NA,"JH10339",2023,NA,NA,NA,NA,NA,NA,NA,NA,NA,NA,NA,NA,0,"KL24IL0072","IL",0,"3",0,0.002160013,0,NA,-2.665543546,1,NA,0.0118453263112149,5.99896551724138,98.7349892191256,-1.89125485882776,"N","2024-03-11",1,0,NA
"2572",NA,NA,NA,NA,NA,NA,NA,NA,NA,NA,"JH10340",2023,NA,NA,NA,NA,NA,NA,NA,NA,NA,NA,NA,NA,0,"KL24IL0074","IL",0,"3",1,0.011546384,1,NA,-1.937553996,1,NA,0.0118453263112149,5.99896551724138,98.7349892191256,-1.89125485882776,"N","2024-03-11",1,0,NA
"2573",NA,NA,NA,NA,NA,NA,NA,NA,NA,NA,"JH10341",2023,NA,NA,NA,NA,NA,NA,NA,NA,NA,NA,NA,NA,0,"KL24IL0076","IL",0,"3",1,0.008479259,1,NA,-2.071642081,1,NA,0.0118453263112149,5.99896551724138,98.7349892191256,-1.89125485882776,"N","2024-03-11",1,0,NA
"2574",NA,NA,NA,NA,NA,NA,NA,NA,NA,NA,"JH10342",2023,NA,NA,NA,NA,NA,NA,NA,NA,NA,NA,NA,NA,1,"KL24IL0077","IL",1,"3",1,0.00156923,1,NA,-2.80431352,1,NA,0.0118453263112149,5.99896551724138,98.7349892191256,-1.89125485882776,"N","2024-03-11",1,1,NA
"2575",NA,NA,NA,NA,NA,NA,NA,NA,NA,NA,"JH10343",2023,NA,NA,NA,NA,NA,NA,NA,NA,NA,NA,NA,NA,0,"KL24IL0079","IL",0,"3",1,0.001187401,1,NA,-2.925402444,1,NA,0.0118453263112149,5.99896551724138,98.7349892191256,-1.89125485882776,"N","2024-03-11",1,0,NA
"2576",NA,NA,NA,NA,NA,NA,NA,NA,NA,NA,"JH10344",2023,NA,NA,NA,NA,NA,NA,NA,NA,NA,NA,NA,NA,0,"KL24IL0080","IL",0,"3",1,0.000395302,1,NA,-3.403070926,1,NA,0.0118453263112149,5.99896551724138,98.7349892191256,-1.89125485882776,"N","2024-03-11",1,0,NA
"2577",NA,NA,NA,NA,NA,NA,NA,NA,NA,NA,"JH10350",2023,NA,NA,NA,NA,NA,NA,NA,NA,NA,NA,NA,NA,0,"KL24IL0082","IL",0,"3",1,0.009285828,1,NA,-2.032179356,1,NA,0.0118453263112149,5.99896551724138,98.7349892191256,-1.89125485882776,"N","2024-03-11",1,0,NA
"2578",NA,NA,NA,NA,NA,NA,NA,NA,NA,NA,"JH1036",2017,NA,NA,NA,NA,NA,NA,NA,NA,NA,NA,NA,NA,0,"KL18WI0075","WI",0,"A",1,0.19789145,1,NA,-0.703572969,1,NA,0.0540635183620746,4.79889495724466,NA,-1.25913604219049,NA,"2018-03-06",1,0,NA
"2579",NA,NA,NA,NA,NA,NA,NA,NA,NA,NA,"JH10387",2023,NA,NA,NA,NA,NA,NA,NA,NA,NA,NA,NA,NA,0,"KL24IL0014","IL",0,"R5",1,0.000784152,1,NA,-3.105599965,1,NA,0.0148152959702899,6.9136522513587,NA,-1.80092267620726,"N","2024-03-11",1,0,NA
"2580",NA,NA,NA,NA,NA,NA,NA,NA,NA,NA,"JH10751",2023,NA,NA,NA,NA,NA,NA,NA,NA,NA,NA,NA,NA,1,"KL24MI0003","MI",2,"A",0,1.75e-05,0,NA,-4.756889242,1,NA,0.00739821748370687,3.59993832599119,NA,-2.07581288288327,"N","2024-02-28",1,1,NA
"2581",NA,NA,NA,NA,NA,NA,NA,NA,NA,NA,"JH10752",2023,NA,NA,NA,NA,NA,NA,NA,NA,NA,NA,NA,NA,0,"KL24MI0001","MI",0,"A",1,0.00132043,1,NA,-2.87928462,1,NA,0.00739821748370687,3.59993832599119,NA,-2.07581288288327,"N","2024-02-28",1,0,NA
"2582",NA,NA,NA,NA,NA,NA,NA,NA,NA,NA,"JH10753",2023,NA,NA,NA,NA,NA,NA,NA,NA,NA,NA,NA,NA,0,"KL24MI0023","MI",0,"E",1,0.010026196,2,NA,-1.998863821,1,NA,0.0182726874264162,3.12224071322437,NA,-1.71505772213306,"N","2024-02-28",1,0,NA
"2583",NA,NA,NA,NA,NA,NA,NA,NA,NA,NA,"JH10754",2023,NA,NA,NA,NA,NA,NA,NA,NA,NA,NA,NA,NA,0,"KL24MI0029","MI",0,"E",NA,0.001190704,NA,NA,-2.924196331,1,NA,0.0182726874264162,3.12224071322437,NA,-1.71505772213306,"N","2024-02-28",1,0,NA
"2584",NA,NA,NA,NA,NA,NA,NA,NA,NA,NA,"JH10755",2023,NA,NA,NA,NA,NA,NA,NA,NA,NA,NA,NA,NA,1,"KL24MI0031","MI",1,"G",0,0.000482238,0,NA,-3.31673875,1,NA,0.0300661213138144,2.35246428571429,95.8310554017716,-1.50771296615795,"N","2024-02-28",1,1,NA
"2585",NA,NA,NA,NA,NA,NA,NA,NA,NA,NA,"JH10756",2023,NA,NA,NA,NA,NA,NA,NA,NA,NA,NA,NA,NA,1,"KL24MI0035","MI",1,"E",0,9.27e-05,0,NA,-4.032960604,1,NA,0.0182726874264162,3.12224071322437,NA,-1.71505772213306,"N","2024-02-28",1,1,NA
"2586",NA,NA,NA,NA,NA,NA,NA,NA,NA,NA,"JH10756",2024,NA,NA,NA,NA,NA,NA,NA,NA,NA,NA,NA,NA,0,"KL25MI0028","MI",1,"E",1,0.029420928,1,NA,-1.531343635,1,NA,0.015879098942469,2.38828080271506,95.1742023776362,-1.77265074104913,"Y","2025-03-12",0,1,NA
"2587",NA,NA,NA,NA,NA,NA,NA,NA,NA,NA,"JH10757",2023,NA,NA,NA,NA,NA,NA,NA,NA,NA,NA,NA,NA,1,"KL24MI0037","MI",2,"E",0,0.001386976,0,NA,-2.857931133,1,NA,0.0182726874264162,3.12224071322437,NA,-1.71505772213306,"N","2024-02-28",1,1,NA
"2588",NA,NA,NA,NA,NA,NA,NA,NA,NA,NA,"JH10758",2023,NA,NA,NA,NA,NA,NA,NA,NA,NA,NA,NA,NA,0,"KL24MI0082","MI",0,"44.9",1,0.019040387,2,NA,-1.72032423,1,NA,0.111819426211081,5.5181201754386,NA,-0.94761611338562,"N","2024-02-28",1,0,NA
"2589",NA,NA,NA,NA,NA,NA,NA,NA,NA,NA,"JH10759",2023,NA,NA,NA,NA,NA,NA,NA,NA,NA,NA,NA,NA,1,"KL24MI0138","MI",2,"18",1,0.000243193,1,NA,-3.614048995,1,NA,0.0092996060195015,5.76979459459459,NA,-1.98717938760832,"N","2024-02-29",1,1,NA
"2590",NA,NA,NA,NA,NA,NA,NA,NA,NA,NA,"JH10760",2023,NA,NA,NA,NA,NA,NA,NA,NA,NA,NA,NA,NA,0,"KL24MI0168","MI",0,"8.4",1,0.002022931,1,NA,-2.694018832,1,NA,0.0261417475814097,3.96040692640693,NA,-1.56636219276587,"N","2024-02-29",1,0,NA
"2591",NA,NA,NA,NA,NA,NA,NA,NA,NA,NA,"JH10761",2024,NA,NA,NA,NA,NA,NA,NA,NA,NA,NA,NA,NA,0,"KL25MI0215","MI",2,"30 to 35",1,0.010977652,1,NA,-1.959490538,1,NA,0.0130307536985769,2.71894317976513,NA,-1.85291899908275,"Y","2025-03-13",0,1,NA
"2592",NA,NA,NA,NA,NA,NA,NA,NA,NA,NA,"JH10762",2023,NA,NA,NA,NA,NA,NA,NA,NA,NA,NA,NA,NA,0,"KL24MI0175","MI",0,"21.6",1,0.003787849,2,NA,-2.421607308,1,NA,0.0261417475814097,3.96040692640693,NA,-1.56636219276587,"N","2024-02-29",1,0,NA
"2593",NA,NA,NA,NA,NA,NA,NA,NA,NA,NA,"JH10763",2023,NA,NA,NA,NA,NA,NA,NA,NA,NA,NA,NA,NA,0,"KL24MI0177","MI",0,"22",1,0.00103356,1,NA,-2.985664195,1,NA,0.0261417475814097,3.96040692640693,NA,-1.56636219276587,"N","2024-02-29",1,0,NA
"2594",NA,NA,NA,NA,NA,NA,NA,NA,NA,NA,"JH10764",2023,NA,NA,NA,NA,NA,NA,NA,NA,NA,NA,NA,NA,1,"KL24MI0179","MI",2,"26.3",1,0.006268846,1,NA,-2.202812374,1,NA,0.0261417475814097,3.96040692640693,NA,-1.56636219276587,"N","2024-02-29",1,1,NA
"2595",NA,NA,NA,NA,NA,NA,NA,NA,NA,NA,"JH10765",2023,NA,NA,NA,NA,NA,NA,NA,NA,NA,NA,NA,NA,0,"KL24MI0180","MI",0,"26.3",1,0.008781179,1,NA,-2.056447147,1,NA,0.0261417475814097,3.96040692640693,NA,-1.56636219276587,"N","2024-02-29",1,0,NA
"2596",NA,NA,NA,NA,NA,NA,NA,NA,NA,NA,"JH10766",2023,NA,NA,NA,NA,NA,NA,NA,NA,NA,NA,NA,NA,1,"KL24MI0184","MI",1,"28.3",1,0.001226092,2,NA,-2.911477087,1,NA,0.0261417475814097,3.96040692640693,NA,-1.56636219276587,"N","2024-02-29",1,1,NA
"2597",NA,NA,NA,NA,NA,NA,NA,NA,NA,NA,"JH10766",2024,NA,NA,NA,NA,NA,NA,NA,NA,NA,NA,NA,NA,0,"KL25MI0197","MI",1,"20 to 25",1,0.000371366,2,NA,-3.43019768,1,NA,0.0130307536985769,2.71894317976513,NA,-1.85291899908275,"Y","2025-03-13",0,1,NA
"2598",NA,NA,NA,NA,NA,NA,NA,NA,NA,NA,"JH10767",2023,NA,NA,NA,NA,NA,NA,NA,NA,NA,NA,NA,NA,0,"KL24MI0185","MI",0,"29.2",1,0.000312076,1,NA,-3.505738982,1,NA,0.0261417475814097,3.96040692640693,NA,-1.56636219276587,"N","2024-02-29",1,0,NA
"2599",NA,NA,NA,NA,NA,NA,NA,NA,NA,NA,"JH10768",2023,NA,NA,NA,NA,NA,NA,NA,NA,NA,NA,NA,NA,0,"KL24MI0187","MI",0,"29.6",1,0.00040518,1,NA,-3.392351793,1,NA,0.0261417475814097,3.96040692640693,NA,-1.56636219276587,"N","2024-02-29",1,0,NA
"2600",NA,NA,NA,NA,NA,NA,NA,NA,NA,NA,"JH10769",2023,NA,NA,NA,NA,NA,NA,NA,NA,NA,NA,NA,NA,0,"KL24MI0189","MI",0,"29.6",1,0.000113603,2,NA,-3.944610418,1,NA,0.0261417475814097,3.96040692640693,NA,-1.56636219276587,"N","2024-02-29",1,0,NA
"2601",NA,NA,NA,NA,NA,NA,NA,NA,NA,NA,"JH10770",2023,NA,NA,NA,NA,NA,NA,NA,NA,NA,NA,NA,NA,0,"KL24MI0190","MI",0,"29.6",1,0.000174172,2,NA,-3.759021978,1,NA,0.0261417475814097,3.96040692640693,NA,-1.56636219276587,"N","2024-02-29",1,0,NA
"2602",NA,NA,NA,NA,NA,NA,NA,NA,NA,NA,"JH10771",2023,NA,NA,NA,NA,NA,NA,NA,NA,NA,NA,NA,NA,0,"KL24MI0191","MI",0,"30.2",1,0.000476498,1,NA,-3.321939287,1,NA,0.0261417475814097,3.96040692640693,NA,-1.56636219276587,"N","2024-02-29",1,0,NA
"2603",NA,NA,NA,NA,NA,NA,NA,NA,NA,NA,"JH10772",2023,NA,NA,NA,NA,NA,NA,NA,NA,NA,NA,NA,NA,1,"KL24MI0223","MI",1,"19",1,0.114065696,2,NA,-0.942844946,1,NA,NA,3.70337662337662,NA,NA,"N","2024-02-29",1,1,NA
"2604",NA,NA,NA,NA,NA,NA,NA,NA,NA,NA,"JH10772",2024,NA,NA,NA,NA,NA,NA,NA,NA,NA,NA,NA,NA,0,"KL25MI0263","MI",1,"25 to 30",1,0.017175288,2,NA,-1.765095983,1,NA,0.0131975279579297,3.8080099969475,98.353569115209,-1.84778726742615,"Y","2025-03-13",0,1,NA
"2605",NA,NA,NA,NA,NA,NA,NA,NA,NA,NA,"JH10773",2023,NA,NA,NA,NA,NA,NA,NA,NA,NA,NA,NA,NA,0,"KL24MI0227","MI",0,"22",1,0.026704286,2,NA,-1.573419021,1,NA,NA,3.70337662337662,NA,NA,"N","2024-02-29",1,0,NA
"2606",NA,NA,NA,NA,NA,NA,NA,NA,NA,NA,"JH10774",2023,NA,NA,NA,NA,NA,NA,NA,NA,NA,NA,NA,NA,0,"KL24MI0228","MI",0,"25.5",1,0.00047642,1,NA,-3.322009676,1,NA,NA,3.70337662337662,NA,NA,"N","2024-02-29",1,0,NA
"2607",NA,NA,NA,NA,NA,NA,NA,NA,NA,NA,"JH10776",2024,NA,NA,NA,NA,NA,NA,NA,NA,NA,NA,NA,NA,0,"KL25IL0013","IL",0,"R7",1,8.05e-05,1,NA,-4.094197627,1,NA,0.00782534276887164,5.93923387096774,97.3461546233853,-2.05426841798109,"N","2025-03-10",1,0,NA
"2608",NA,NA,NA,NA,NA,NA,NA,NA,NA,NA,"JH10777",2024,NA,NA,NA,NA,NA,NA,NA,NA,NA,NA,NA,NA,0,"KL25IL0015","IL",0,"R7",1,0.00027244,1,NA,-3.564728798,1,NA,0.00782534276887164,5.93923387096774,97.3461546233853,-2.05426841798109,"N","2025-03-10",1,0,NA
"2609",NA,NA,NA,NA,NA,NA,NA,NA,NA,NA,"JH10778",2024,NA,NA,NA,NA,NA,NA,NA,NA,NA,NA,NA,NA,0,"KL25IL0019","IL",0,"R7",1,0.001293528,1,NA,-2.888224159,1,NA,0.00782534276887164,5.93923387096774,97.3461546233853,-2.05426841798109,"N","2025-03-10",1,0,NA
"2610",NA,NA,NA,NA,NA,NA,NA,NA,NA,NA,"JH10779",2024,NA,NA,NA,NA,NA,NA,NA,NA,NA,NA,NA,NA,0,"KL25IL0020","IL",0,"R7",1,0.00088773,1,NA,-3.051718866,1,NA,0.00782534276887164,5.93923387096774,97.3461546233853,-2.05426841798109,"N","2025-03-10",1,0,NA
"2611",NA,NA,NA,NA,NA,NA,NA,NA,NA,NA,"JH10780",2024,NA,NA,NA,NA,NA,NA,NA,NA,NA,NA,NA,NA,0,"KL25IL0021","IL",0,"R7",1,0.037432915,2,NA,-1.426746349,1,NA,0.00782534276887164,5.93923387096774,97.3461546233853,-2.05426841798109,"N","2025-03-10",1,0,NA
"2612",NA,NA,NA,NA,NA,NA,NA,NA,NA,NA,"JH10781",2024,NA,NA,NA,NA,NA,NA,NA,NA,NA,NA,NA,NA,0,"KL25IL0022","IL",0,"R7",0,0.002598183,0,NA,-2.585330295,1,NA,0.00782534276887164,5.93923387096774,97.3461546233853,-2.05426841798109,"N","2025-03-10",1,0,NA
"2613",NA,NA,NA,NA,NA,NA,NA,NA,NA,NA,"JH10782",2024,NA,NA,NA,NA,NA,NA,NA,NA,NA,NA,NA,NA,0,"KL25IL0023","IL",0,"R7",1,0.001453289,1,NA,-2.83764803,1,NA,0.00782534276887164,5.93923387096774,97.3461546233853,-2.05426841798109,"N","2025-03-10",1,0,NA
"2614",NA,NA,NA,NA,NA,NA,NA,NA,NA,NA,"JH10783",2024,NA,NA,NA,NA,NA,NA,NA,NA,NA,NA,NA,NA,0,"KL25IL0024","IL",0,"R7",0,0.001676211,0,NA,-2.775671394,1,NA,0.00782534276887164,5.93923387096774,97.3461546233853,-2.05426841798109,"N","2025-03-10",1,0,NA
"2615",NA,NA,NA,NA,NA,NA,NA,NA,NA,NA,"JH10784",2024,NA,NA,NA,NA,NA,NA,NA,NA,NA,NA,NA,NA,0,"KL25IL0025","IL",0,"R7",0,0.001600779,0,NA,-2.795668628,1,NA,0.00782534276887164,5.93923387096774,97.3461546233853,-2.05426841798109,"N","2025-03-10",1,0,NA
"2616",NA,NA,NA,NA,NA,NA,NA,NA,NA,NA,"JH10785",2024,NA,NA,NA,NA,NA,NA,NA,NA,NA,NA,NA,NA,0,"KL25IL0027","IL",0,"R7",1,0.002209069,1,NA,-2.655790679,1,NA,0.00782534276887164,5.93923387096774,97.3461546233853,-2.05426841798109,"N","2025-03-10",1,0,NA
"2617",NA,NA,NA,NA,NA,NA,NA,NA,NA,NA,"JH10786",2024,NA,NA,NA,NA,NA,NA,NA,NA,NA,NA,NA,NA,0,"KL25IL0028","IL",0,"R7",1,0.002502538,1,NA,-2.601619296,1,NA,0.00782534276887164,5.93923387096774,97.3461546233853,-2.05426841798109,"N","2025-03-10",1,0,NA
"2618",NA,NA,NA,NA,NA,NA,NA,NA,NA,NA,"JH10787",2024,NA,NA,NA,NA,NA,NA,NA,NA,NA,NA,NA,NA,0,"KL25IL0031","IL",0,"R11",1,0.001178597,1,NA,-2.928634573,1,NA,0.00640796329975969,6.22285714285714,97.3461546233853,-2.13030117788543,"N","2025-03-10",1,0,NA
"2619",NA,NA,NA,NA,NA,NA,NA,NA,NA,NA,"JH10789",2024,NA,NA,NA,NA,NA,NA,NA,NA,NA,NA,NA,NA,0,"KL25IL0033","IL",0,"R11",1,0.002471786,1,NA,-2.606989105,1,NA,0.00640796329975969,6.22285714285714,97.3461546233853,-2.13030117788543,"N","2025-03-10",1,0,NA
"2620",NA,NA,NA,NA,NA,NA,NA,NA,NA,NA,"JH10790",2024,NA,NA,NA,NA,NA,NA,NA,NA,NA,NA,NA,NA,0,"KL25IL0035","IL",0,"R11",1,0.000505965,1,NA,-3.295879892,1,NA,0.00640796329975969,6.22285714285714,97.3461546233853,-2.13030117788543,"N","2025-03-10",1,0,NA
"2621",NA,NA,NA,NA,NA,NA,NA,NA,NA,NA,"JH10791",2024,NA,NA,NA,NA,NA,NA,NA,NA,NA,NA,NA,NA,0,"KL25IL0036","IL",0,"R11",1,0.000315566,1,NA,-3.500909944,1,NA,0.00640796329975969,6.22285714285714,97.3461546233853,-2.13030117788543,"N","2025-03-10",1,0,NA
"2622",NA,NA,NA,NA,NA,NA,NA,NA,NA,NA,"JH10792",2024,NA,NA,NA,NA,NA,NA,NA,NA,NA,NA,NA,NA,0,"KL25IL0038","IL",0,"R11",1,1.63e-05,2,NA,-4.788771693,1,NA,0.00640796329975969,6.22285714285714,97.3461546233853,-2.13030117788543,"N","2025-03-10",1,0,NA
"2623",NA,NA,NA,NA,NA,NA,NA,NA,NA,NA,"JH10809",2024,NA,NA,NA,NA,NA,NA,NA,NA,NA,NA,NA,NA,0,"KL25MI0156","MI",0,"20 to 25",0,0.009380712,0,NA,-2.02776421,1,NA,0.0634537723159862,5.39566532258065,92.9543899216121,-1.19075165941107,"Y","2025-03-13",1,0,NA
"2624",NA,NA,NA,NA,NA,NA,NA,NA,NA,NA,"JH2007",2015,NA,NA,NA,NA,NA,NA,NA,NA,NA,NA,NA,NA,0,"KL16WI0171","WI",0,"B",NA,0.16299245,NA,NA,-0.787832512,1,NA,0.00429231190721204,9.025,NA,-2.27635456819027,"N","2016-03-08",1,0,NA
"2625",NA,NA,NA,NA,NA,NA,NA,NA,NA,NA,"JH2012",2015,NA,NA,NA,NA,NA,NA,NA,NA,NA,NA,NA,NA,0,"KL16WI0173","WI",0,"B",NA,0.19659145,NA,NA,-0.706435374,1,NA,0.00429231190721204,9.025,NA,-2.27635456819027,"N","2016-03-08",1,0,NA
"2626",NA,NA,NA,NA,NA,NA,NA,NA,NA,NA,"JH2014",2015,NA,NA,NA,NA,NA,NA,NA,NA,NA,NA,NA,NA,0,"KL16WI0163","WI",0,"B",NA,0.114897745,NA,NA,-0.939688495,1,NA,0.00429231190721204,9.025,NA,-2.27635456819027,"N","2016-03-08",1,0,NA
"2627",NA,NA,NA,NA,NA,NA,NA,NA,NA,NA,"JH2016",2015,NA,NA,NA,NA,NA,NA,NA,NA,NA,NA,NA,NA,0,"KL16WI0170","WI",0,"B",NA,0.006816042,NA,NA,-2.166467774,1,NA,0.00429231190721204,9.025,NA,-2.27635456819027,"N","2016-03-08",1,0,NA
"2628",NA,NA,NA,NA,NA,NA,NA,NA,NA,NA,"JH2021",2015,NA,NA,NA,NA,NA,NA,NA,NA,NA,NA,NA,NA,0,"KL16WI0165","WI",0,"B",NA,0.01295815,NA,NA,-1.887456997,1,NA,0.00429231190721204,9.025,NA,-2.27635456819027,"N","2016-03-08",1,0,NA
"2629",NA,NA,NA,NA,NA,NA,NA,NA,NA,NA,"JH2024",2015,NA,NA,NA,NA,NA,NA,NA,NA,NA,NA,NA,NA,0,"KL16WI0172","WI",0,"B",NA,0.00323232,NA,NA,-2.490485718,1,NA,0.00429231190721204,9.025,NA,-2.27635456819027,"N","2016-03-08",1,0,NA
"2630",NA,NA,NA,NA,NA,NA,NA,NA,NA,NA,"JH2025",2015,NA,NA,NA,NA,NA,NA,NA,NA,NA,NA,NA,NA,0,"KL16WI0169","WI",0,"B",NA,0.004702263,NA,NA,-2.327693084,1,NA,0.00429231190721204,9.025,NA,-2.27635456819027,"N","2016-03-08",1,0,NA
"2631",NA,NA,NA,NA,NA,NA,NA,NA,NA,NA,"JH2026",2015,NA,NA,NA,NA,NA,NA,NA,NA,NA,NA,NA,NA,0,"KL16WI0166","WI",0,"B",NA,0.001479106,NA,NA,-2.830000569,1,NA,0.00429231190721204,9.025,NA,-2.27635456819027,"N","2016-03-08",1,0,NA
"2632",NA,NA,NA,NA,NA,NA,NA,NA,NA,NA,"JH2031",2015,NA,NA,NA,NA,NA,NA,NA,NA,NA,NA,NA,NA,0,"KL16WI0176","WI",0,"B",NA,0.001004735,NA,NA,-2.997948404,1,NA,0.00429231190721204,9.025,NA,-2.27635456819027,"N","2016-03-08",1,0,NA
"2633",NA,NA,NA,NA,NA,NA,NA,NA,NA,NA,"JH2067",2015,NA,NA,NA,NA,NA,NA,NA,NA,NA,NA,NA,NA,0,"KL16WI0178","WI",0,"B",NA,0.01623048,NA,NA,-1.789668636,1,NA,0.00429231190721204,9.025,NA,-2.27635456819027,"N","2016-03-08",1,0,NA
"2634",NA,NA,NA,NA,NA,NA,NA,NA,NA,NA,"JH2068",2015,NA,NA,NA,NA,NA,NA,NA,NA,NA,NA,NA,NA,0,"KL16WI0186","WI",0,"B",NA,0.008574984,NA,NA,-2.066766682,1,NA,0.00429231190721204,9.025,NA,-2.27635456819027,NA,"2016-03-08",1,0,NA
"2635",NA,NA,NA,NA,NA,NA,NA,NA,NA,NA,"JH2069",2015,NA,NA,NA,NA,NA,NA,NA,NA,NA,NA,NA,NA,0,"KL16WI0168","WI",0,"B",NA,0.00876134,NA,NA,-2.057429491,1,NA,0.00429231190721204,9.025,NA,-2.27635456819027,"N","2016-03-08",1,0,NA
"2636",NA,NA,NA,NA,NA,NA,NA,NA,NA,NA,"JH2072",2015,NA,NA,NA,NA,NA,NA,NA,NA,NA,NA,NA,NA,0,"KL16WI0174","WI",0,"B",NA,0.002574739,NA,NA,-2.589266789,1,NA,0.00429231190721204,9.025,NA,-2.27635456819027,"N","2016-03-08",1,0,NA
"2637",NA,NA,NA,NA,NA,NA,NA,NA,NA,NA,"JH2073",2015,NA,NA,NA,NA,NA,NA,NA,NA,NA,NA,NA,NA,0,"KL16WI0161","WI",0,"B",NA,0.0218375,NA,NA,-1.660797082,1,NA,0.00429231190721204,9.025,NA,-2.27635456819027,"N","2016-03-08",1,0,NA
"2638",NA,NA,NA,NA,NA,NA,NA,NA,NA,NA,"JH2074",2015,NA,NA,NA,NA,NA,NA,NA,NA,NA,NA,NA,NA,0,"KL16WI0167","WI",0,"B",NA,0.002039595,NA,NA,-2.690456061,1,NA,0.00429231190721204,9.025,NA,-2.27635456819027,"N","2016-03-08",1,0,NA
"2639",NA,NA,NA,NA,NA,NA,NA,NA,NA,NA,"JH2108",2015,NA,NA,NA,NA,NA,NA,NA,NA,NA,NA,NA,NA,0,"KL16WI0162","WI",0,"B",NA,0.008953937,NA,NA,-2.04798599,1,NA,0.00429231190721204,9.025,NA,-2.27635456819027,"N","2016-03-08",1,0,NA
"2640",NA,NA,NA,NA,NA,NA,NA,NA,NA,NA,"JH2113",2015,NA,NA,NA,NA,NA,NA,NA,NA,NA,NA,NA,NA,0,"KL16WI0175","WI",0,"B",NA,9.89e-05,NA,NA,-4.004644665,1,NA,0.00429231190721204,9.025,NA,-2.27635456819027,"N","2016-03-08",1,0,NA
"2641",NA,NA,NA,NA,NA,NA,NA,NA,NA,NA,"JH2117",2015,NA,NA,NA,NA,NA,NA,NA,NA,NA,NA,NA,NA,0,"KL16WI0160","WI",0,"B",NA,0.003883641,NA,NA,-2.410760979,1,NA,0.00429231190721204,9.025,NA,-2.27635456819027,"N","2016-03-08",1,0,NA
"2642",NA,NA,NA,NA,NA,NA,NA,NA,NA,NA,"JH2132",2015,NA,NA,NA,NA,NA,NA,NA,NA,NA,NA,NA,NA,0,"KL16WI0177","WI",0,"B",NA,0.009867529,NA,NA,-2.005791589,1,NA,0.00429231190721204,9.025,NA,-2.27635456819027,"N","2016-03-08",1,0,NA
"2643",NA,NA,NA,NA,NA,NA,NA,NA,NA,NA,"JH2211",2019,NA,NA,NA,NA,NA,NA,NA,NA,NA,NA,NA,NA,1,"KL20MI0255","MI",9,"44.3",0,0.002770897,0,NA,-2.557379618,1,NA,0.0809447401234304,4.75799350649351,NA,-1.08647891773328,"Y","2020-03-08",0,1,NA
"2644",NA,NA,NA,NA,NA,NA,NA,NA,NA,NA,"JH2211",2021,NA,NA,NA,NA,NA,NA,NA,NA,NA,NA,NA,NA,1,"KL22MI0077","MI",9,"12.3",0,0.020871889,0,5.1,-1.680438252,1,0.0599409420209014,0.122836608342756,4.64745011086475,85.4042138483733,-0.907150951026464,"Y","2022-03-06",0,1,NA
"2645",NA,NA,NA,NA,NA,NA,NA,NA,NA,NA,"JH2211",2023,NA,NA,NA,NA,NA,NA,NA,NA,NA,NA,NA,NA,0,"KL24MI0088","MI",9,"56.7",0,0.006651145,0,NA,-2.177103585,1,NA,0.111819426211081,5.5181201754386,NA,-0.94761611338562,"Y","2024-02-28",0,1,NA
"2646",NA,NA,NA,NA,NA,NA,NA,NA,NA,NA,"JH2215",2020,NA,NA,NA,NA,NA,NA,NA,NA,NA,NA,NA,NA,1,"KL21MI0073","MI",9,"21.8",0,0.032083055,0,NA,-1.493724284,1,NA,0.0977998035745537,4.52669934640523,88.2147676784887,-1.00524391883922,"Y","2021-03-04",0,1,NA
"2647",NA,NA,NA,NA,NA,NA,NA,NA,NA,NA,"JH2215",2023,NA,NA,NA,NA,NA,NA,NA,NA,NA,NA,NA,NA,0,"KL24MI0080","MI",9,"35.4",0,8.3e-06,0,NA,-5.080737702,1,NA,0.111819426211081,5.5181201754386,NA,-0.94761611338562,"Y","2024-02-28",0,1,NA
"2648",NA,NA,NA,NA,NA,NA,NA,NA,NA,NA,"JH2216",2018,NA,NA,NA,NA,NA,NA,NA,NA,NA,NA,NA,NA,1,"KL19MI0125","MI",7,"12.5",NA,0.007506938,NA,NA,-2.124537171,1,NA,0.111722471261116,4.91582730923695,NA,-0.947989498577717,"Y","2019-03-11",0,1,NA
"2649",NA,NA,NA,NA,NA,NA,NA,NA,NA,NA,"JH2217",2017,NA,NA,NA,NA,NA,NA,NA,NA,NA,NA,NA,NA,1,"JH18MI0047","MI",8,"34.9",0,0.000161412,0,NA,-3.792065381,1,NA,0.111722471261116,4.99124424778761,NA,-0.947989498577717,"Y","2018-03-12",1,1,NA
"2650",NA,NA,NA,NA,NA,NA,NA,NA,NA,NA,"JH2217",2018,NA,NA,NA,NA,NA,NA,NA,NA,NA,NA,NA,NA,1,"KL19MI0158","MI",8,"33.2",NA,4.04e-05,NA,NA,-4.393786096,1,NA,0.111722471261116,4.91582730923695,NA,-0.947989498577717,"Y","2019-03-11",0,1,NA
"2651",NA,NA,NA,NA,NA,NA,NA,NA,NA,NA,"JH2217",2019,NA,NA,NA,NA,NA,NA,NA,NA,NA,NA,NA,NA,1,"KL20MI0257","MI",8,"44.3",0,0.002182374,0,NA,-2.661070821,1,NA,0.0809447401234304,4.75799350649351,NA,-1.08647891773328,"Y","2020-03-08",0,1,NA
"2652",NA,NA,NA,NA,NA,NA,NA,NA,NA,NA,"JH2234",2018,NA,NA,NA,NA,NA,NA,NA,NA,NA,NA,NA,NA,0,"KL19MI0063","MI",2,"26.5",1,0.00688655,1,NA,-2.161998295,1,NA,0.0130307536985769,2.37507792207792,NA,-1.85291899908275,"Y","2019-03-10",0,1,NA
"2653",NA,NA,NA,NA,NA,NA,NA,NA,NA,NA,"JH2235",2019,NA,NA,NA,NA,NA,NA,NA,NA,NA,NA,NA,NA,1,"KL20MI0176","MI",3,"36.2",1,0.099780045,1,NA,-1.000956305,1,NA,0.00769691397508161,3.23129900332226,NA,-2.06063482569769,"Y","2020-03-07",0,1,NA
"2654",NA,NA,NA,NA,NA,NA,NA,NA,NA,NA,"JH2235",2020,NA,NA,NA,NA,NA,NA,NA,NA,NA,NA,NA,NA,0,"KL21MI0174","MI",3,"37.1",1,0.002543177,2,NA,-2.594623498,1,NA,0.0130307536985769,2.71894317976513,NA,-1.85291899908275,"Y","2021-03-04",0,1,NA
"2655",NA,NA,NA,NA,NA,NA,NA,NA,NA,NA,"JH2340",2022,NA,NA,NA,NA,NA,NA,NA,NA,NA,NA,NA,NA,0,"KL23MI0090","MI",0,"25 to 30",1,0.002998155,1,NA,-2.523145873,1,NA,0.0129821167301022,2.83586632609621,NA,-1.85442707647195,"Y","2023-03-01",1,0,NA
"2656",NA,NA,NA,NA,NA,NA,NA,NA,NA,NA,"JH2381",2016,NA,NA,NA,NA,NA,NA,NA,NA,NA,NA,NA,NA,0,"KL17WI0063","WI",0,"A",0,0.027100635,0,NA,-1.567020533,1,NA,0.00662992900900963,6.0562,NA,-2.11747950282347,"N","2017-03-01",1,0,NA
"2657",NA,NA,NA,NA,NA,NA,NA,NA,NA,NA,"JH2382",2016,NA,NA,NA,NA,NA,NA,NA,NA,NA,NA,NA,NA,1,"JH17MI0097","MI",8,"28",1,0.000768298,1,NA,-3.114470394,1,NA,0.0132509908915458,3.78603738525318,NA,-1.84615493749623,"N","2017-03-03",1,1,NA
"2658",NA,NA,NA,NA,NA,NA,NA,NA,NA,NA,"JH2383",2016,NA,NA,NA,NA,NA,NA,NA,NA,NA,NA,NA,NA,1,"JH17MI0096","MI",1,"28",1,0.003654732,1,NA,-2.4371445,1,NA,0.0132509908915458,3.78603738525318,NA,-1.84615493749623,"N","2017-03-03",1,1,NA
"2659",NA,NA,NA,NA,NA,NA,NA,NA,NA,NA,"JH2384",2016,NA,NA,NA,NA,NA,NA,NA,NA,NA,NA,NA,NA,1,"JH17MI0095","MI",7,"28",1,0.003531383,1,NA,-2.452055201,1,NA,0.0132509908915458,3.78603738525318,NA,-1.84615493749623,"N","2017-03-03",1,1,NA
"2660",NA,NA,NA,NA,NA,NA,NA,NA,NA,NA,"JH2385",2016,NA,NA,NA,NA,NA,NA,NA,NA,NA,NA,NA,NA,1,"JH17MI0094","MI",8,"27",1,0.006308675,1,NA,-2.200061823,1,NA,0.0132509908915458,3.78603738525318,NA,-1.84615493749623,"N","2017-03-03",1,1,NA
"2661",NA,NA,NA,NA,NA,NA,NA,NA,NA,NA,"JH2386",2016,NA,NA,NA,NA,NA,NA,NA,NA,NA,NA,NA,NA,0,"JH17MI0086","MI",0,"20",1,0.000284306,2,NA,-3.546214565,1,NA,0.0132509908915458,3.78603738525318,NA,-1.84615493749623,"N","2017-03-03",1,0,NA
"2662",NA,NA,NA,NA,NA,NA,NA,NA,NA,NA,"JH2387",2016,NA,NA,NA,NA,NA,NA,NA,NA,NA,NA,NA,NA,1,"JH17MI0085","MI",1,"18.5",1,0.000433136,1,NA,-3.363376,1,NA,0.0132509908915458,3.78603738525318,NA,-1.84615493749623,"N","2017-03-03",1,1,NA
"2663",NA,NA,NA,NA,NA,NA,NA,NA,NA,NA,"JH2388",2016,NA,NA,NA,NA,NA,NA,NA,NA,NA,NA,NA,NA,0,"JH17MI0082","MI",0,"14.5",1,0.0008352,1,NA,-3.078209699,1,NA,0.0132509908915458,3.78603738525318,NA,-1.84615493749623,"N","2017-03-03",1,0,NA
"2664",NA,NA,NA,NA,NA,NA,NA,NA,NA,NA,"JH2389",2021,NA,NA,NA,NA,NA,NA,NA,NA,NA,NA,NA,NA,1,"KL22MI0147","MI",10,"20.5",0,0.009233561,0,NA,-2.034630785,1,NA,0.0132509908915458,3.78603738525318,NA,-1.84615493749623,"Y","2022-03-06",0,1,NA
"2665",NA,NA,NA,NA,NA,NA,NA,NA,NA,NA,"JH2389",2023,NA,NA,NA,NA,NA,NA,NA,NA,NA,NA,NA,NA,0,"KL24MI0233","MI",10,"28.8",1,0.000812665,1,NA,-3.090088411,1,NA,NA,3.70337662337662,NA,NA,"Y","2024-02-29",0,1,NA
"2666",NA,NA,NA,NA,NA,NA,NA,NA,NA,NA,"JH2390",2016,NA,NA,NA,NA,NA,NA,NA,NA,NA,NA,NA,NA,0,"JH17MI0081","MI",0,"13.5",1,0.000430046,1,NA,-3.366485304,1,NA,0.0132509908915458,3.78603738525318,NA,-1.84615493749623,"N","2017-03-03",1,0,NA
"2667",NA,NA,NA,NA,NA,NA,NA,NA,NA,NA,"JH2393",2016,NA,NA,NA,NA,NA,NA,NA,NA,NA,NA,NA,NA,0,"JH17MI0098","MI",0,"12",NA,0.05232201,NA,NA,-1.281315577,1,NA,0.0132509908915458,3.78603738525318,NA,-1.84615493749623,"N","2017-03-03",1,0,NA
"2668",NA,NA,NA,NA,NA,NA,NA,NA,NA,NA,"JH2394",2016,NA,NA,NA,NA,NA,NA,NA,NA,NA,NA,NA,NA,0,"JH17MI0078","MI",0,"9.5",0,5.07e-06,0,NA,-5.295138367,1,NA,0.0132509908915458,3.78603738525318,NA,-1.84615493749623,"N","2017-03-03",1,0,NA
"2669",NA,NA,NA,NA,NA,NA,NA,NA,NA,NA,"JH2395",2016,NA,NA,NA,NA,NA,NA,NA,NA,NA,NA,NA,NA,0,"JH17MI0076","MI",0,"9",1,0.001143584,1,NA,-2.94173188,1,NA,0.0132509908915458,3.78603738525318,NA,-1.84615493749623,"N","2017-03-03",1,0,NA
"2670",NA,NA,NA,NA,NA,NA,NA,NA,NA,NA,"JH2396",2016,NA,NA,NA,NA,NA,NA,NA,NA,NA,NA,NA,NA,1,"JH17MI0077","MI",1,"9",1,0.00108138,1,NA,-2.966021724,1,NA,0.0132509908915458,3.78603738525318,NA,-1.84615493749623,"N","2017-03-03",1,1,NA
"2671",NA,NA,NA,NA,NA,NA,NA,NA,NA,NA,"JH2396",2021,NA,NA,NA,NA,NA,NA,NA,NA,NA,NA,NA,NA,0,"KL22MI0127","MI",1,"7.2",0,0.001480424,0,NA,-2.829613989,1,NA,0.0132509908915458,3.78603738525318,NA,-1.84615493749623,"Y","2022-03-06",0,1,NA
"2672",NA,NA,NA,NA,NA,NA,NA,NA,NA,NA,"JH2397",2016,NA,NA,NA,NA,NA,NA,NA,NA,NA,NA,NA,NA,1,"JH17MI0075","MI",12,"7.5",0,0.009352843,0,NA,-2.029056341,1,NA,0.0132509908915458,3.78603738525318,NA,-1.84615493749623,"N","2017-03-03",1,1,NA
"2673",NA,NA,NA,NA,NA,NA,NA,NA,NA,NA,"JH2400",2017,NA,NA,NA,NA,NA,NA,NA,NA,NA,NA,NA,NA,0,"KL18WI0132","WI",0,"A",1,0.4996477,2,NA,-0.301336107,1,NA,0.0364672166366908,1.93665,NA,-1.42634856856152,"N","2018-03-08",1,0,NA
"2674",NA,NA,NA,NA,NA,NA,NA,NA,NA,NA,"JH2416",2018,NA,NA,NA,NA,NA,NA,NA,NA,NA,NA,NA,NA,1,"KL19WI0944","WI",2,"B",0,0.081946145,0,NA,-1.086471472,1,NA,0.00700979983866586,4.52784,NA,-2.09637833660603,"Y","2019-03-13",0,1,NA
"2675",NA,NA,NA,NA,NA,NA,NA,NA,NA,NA,"JH2416",2019,NA,NA,NA,NA,NA,NA,NA,NA,NA,NA,NA,NA,0,"KL20WI0658","WI",2,"C",1,0.01602869,1,NA,-1.79510197,1,NA,0.00645521719191687,8.29698795180723,99.4109583001499,-2.12753969977946,"Y","2020-03-10",0,1,NA
"2676",NA,NA,NA,NA,NA,NA,NA,NA,NA,NA,"JH2418",2021,NA,NA,NA,NA,NA,NA,NA,NA,NA,NA,NA,NA,1,"KL22MI0236","MI",13,"15 to 20",0,0.006202875,0,7.08,-2.207406947,1,0.0122654623791217,0.0068342891863462,5.59399193548387,99.2502785151233,-2.10600040142277,"Y","2022-03-07",0,1,NA
"2677",NA,NA,NA,NA,NA,NA,NA,NA,NA,NA,"JH2418",2023,NA,NA,NA,NA,NA,NA,NA,NA,NA,NA,NA,NA,1,"KL24MI0127","MI",13,"15 to 20",1,0.008416906,1,NA,-2.074847545,1,NA,0.00816813531678972,5.88844827586207,99.1201799499513,-2.03771898537435,"Y","2024-02-29",0,1,NA
"2678",NA,NA,NA,NA,NA,NA,NA,NA,NA,NA,"JH2419",2023,NA,NA,NA,NA,NA,NA,NA,NA,NA,NA,NA,NA,1,"KL24MI0129","MI",13,"16.7",0,0.002884116,0,NA,-2.539987201,1,NA,0.0092996060195015,5.76979459459459,NA,-1.98717938760832,"Y","2024-02-29",0,1,NA
"2679",NA,NA,NA,NA,NA,NA,NA,NA,NA,NA,"JH2422",2020,NA,NA,NA,NA,NA,NA,NA,NA,NA,NA,NA,NA,1,"KL21MI0021","MI",12,"14.8",0,0.005491179,0,NA,-2.260334399,1,NA,0.017019811022567,5.0413810741688,98.0436358211176,-1.74424976786787,"Y","2021-03-04",0,1,NA
"2680",NA,NA,NA,NA,NA,NA,NA,NA,NA,NA,"JH2426",2020,NA,NA,NA,NA,NA,NA,NA,NA,NA,NA,NA,NA,1,"KL21MI0029","MI",13,"15 to 20",1,8.77e-05,1,NA,-4.056909596,1,NA,0.0068342891863462,5.59399193548387,99.2502785151233,-2.10600040142277,"Y","2021-03-04",0,1,NA
"2681",NA,NA,NA,NA,NA,NA,NA,NA,NA,NA,"JH2426",2022,NA,NA,NA,NA,NA,NA,NA,NA,NA,NA,NA,NA,1,"KL23MI0024","MI",13,"10 to 15",0,0.005315339,0,NA,-2.274469011,1,NA,0.0184782807128241,5.56125252525252,97.9258743464042,-1.71044937958706,"Y","2023-03-01",0,1,NA
"2682",NA,NA,NA,NA,NA,NA,NA,NA,NA,NA,"JH2428",2020,NA,NA,NA,NA,NA,NA,NA,NA,NA,NA,NA,NA,1,"KL21MI0015","MI",11,"14.7",0,0.020275925,0,NA,-1.693019324,1,NA,0.017019811022567,5.0413810741688,98.0436358211176,-1.74424976786787,"Y","2021-03-04",0,1,NA
"2683",NA,NA,NA,NA,NA,NA,NA,NA,NA,NA,"JH2428",2021,NA,NA,NA,NA,NA,NA,NA,NA,NA,NA,NA,NA,1,"KL22MI0254","MI",11,"20 to 25",0,0.045346884,0,7.12,-1.343452553,1,0.0299579891628402,0.0157691054311865,5.42635080645161,NA,-1.77549010475598,"Y","2022-03-07",0,1,NA
"2684",NA,NA,NA,NA,NA,NA,NA,NA,NA,NA,"JH2428",2024,NA,NA,NA,NA,NA,NA,NA,NA,NA,NA,NA,NA,0,"KL25MI0103","MI",11,"15 to 20",0,0.00043319,0,NA,-3.363321213,1,NA,0.0068342891863462,5.59399193548387,99.2502785151233,-2.10600040142277,"Y","2025-03-12",0,1,NA
"2685",NA,NA,NA,NA,NA,NA,NA,NA,NA,NA,"JH2436",2018,NA,NA,NA,NA,NA,NA,NA,NA,NA,NA,NA,NA,1,"KL19MI0019","MI",12,"19",0,0.05045435,0,NA,-1.297101384,1,NA,0.0155324386961681,6.22590789473684,NA,-1.78166307902563,"Y","2019-03-10",0,1,NA
"2686",NA,NA,NA,NA,NA,NA,NA,NA,NA,NA,"JH2436",2024,NA,NA,NA,NA,NA,NA,NA,NA,NA,NA,NA,NA,0,"KL25MI0074","MI",12,"15 to 20",0,3.13e-05,0,NA,-4.504413993,1,NA,0.0068342891863462,5.59399193548387,99.2502785151233,-2.10600040142277,"Y","2025-03-12",0,1,NA
"2687",NA,NA,NA,NA,NA,NA,NA,NA,NA,NA,"JH2439",2018,NA,NA,NA,NA,NA,NA,NA,NA,NA,NA,NA,NA,1,"KL19WI0437","WI",4,"B",1,0.6739524,1,NA,-0.171370776,1,NA,0.0119844433863225,5.8366038647343,NA,-1.88657666285639,"Y","2019-03-03",0,1,NA
"2688",NA,NA,NA,NA,NA,NA,NA,NA,NA,NA,"JH2439",2019,NA,NA,NA,NA,NA,NA,NA,NA,NA,NA,NA,NA,1,"KL20WI0822","WI",4,"A",1,1.0322585,2,NA,0.013788468,1,NA,0.00710576992865949,5.08109675036928,NA,-2.09120572728217,"Y","2020-03-14",0,1,NA
"2689",NA,NA,NA,NA,NA,NA,NA,NA,NA,NA,"JH2439",2021,NA,NA,NA,NA,NA,NA,NA,NA,NA,NA,NA,NA,0,"KL22WI0107","WI",4,"A",1,0.174172012,1,4.24,-0.75902163,1,0.0212309893057571,0.00681405591830765,3.74659272727273,NA,-2.10712348523747,"Y","2022-02-26",0,1,NA
"2690",NA,NA,NA,NA,NA,NA,NA,NA,NA,NA,"JH2440",2019,NA,NA,NA,NA,NA,NA,NA,NA,NA,NA,NA,NA,1,"KL20MI0029","MI",11,"15.8",0,0.04102909,0,NA,-1.386908115,1,NA,0.0068342891863462,5.59399193548387,99.2502785151233,-2.10600040142277,"Y","2020-03-06",0,1,NA
"2691",NA,NA,NA,NA,NA,NA,NA,NA,NA,NA,"JH2440",2020,NA,NA,NA,NA,NA,NA,NA,NA,NA,NA,NA,NA,1,"KL21MI0007","MI",11,"13.9",1,2.55e-06,1,NA,-5.594123946,1,NA,0.017019811022567,5.0413810741688,98.0436358211176,-1.74424976786787,"Y","2021-03-04",0,1,NA
"2692",NA,NA,NA,NA,NA,NA,NA,NA,NA,NA,"JH2441",2018,NA,NA,NA,NA,NA,NA,NA,NA,NA,NA,NA,NA,1,"KL19MI0021","MI",12,"19",1,0.00710543,1,NA,-2.148409665,1,NA,0.0155324386961681,6.22590789473684,NA,-1.78166307902563,"Y","2019-03-10",0,1,NA
"2693",NA,NA,NA,NA,NA,NA,NA,NA,NA,NA,"JH2441",2023,NA,NA,NA,NA,NA,NA,NA,NA,NA,NA,NA,NA,1,"KL24MI0124","MI",12,"16.5",1,0.006621484,2,NA,-2.179044681,1,NA,0.0092996060195015,5.76979459459459,NA,-1.98717938760832,"Y","2024-02-29",0,1,NA
"2694",NA,NA,NA,NA,NA,NA,NA,NA,NA,NA,"JH2444",2019,NA,NA,NA,NA,NA,NA,NA,NA,NA,NA,NA,NA,1,"KL20MI0024","MI",10,"15.8",0,0.03551214,0,NA,-1.449623156,1,NA,0.0068342891863462,5.59399193548387,99.2502785151233,-2.10600040142277,"Y","2020-03-06",0,1,NA
"2695",NA,NA,NA,NA,NA,NA,NA,NA,NA,NA,"JH2444",2020,NA,NA,NA,NA,NA,NA,NA,NA,NA,NA,NA,NA,1,"KL21MI0032","MI",10,"20",0,0.04743585,0,NA,-1.323893313,1,NA,0.017019811022567,5.0413810741688,98.0436358211176,-1.74424976786787,"Y","2021-03-04",0,1,NA
"2696",NA,NA,NA,NA,NA,NA,NA,NA,NA,NA,"JH2444",2021,NA,NA,NA,NA,NA,NA,NA,NA,NA,NA,NA,NA,1,"KL22MI0225","MI",10,"15 to 20",0,0.003247674,0,7.08,-2.488427613,1,0.0122654623791217,0.0068342891863462,5.59399193548387,99.2502785151233,-2.10600040142277,"Y","2022-03-07",0,1,NA
"2697",NA,NA,NA,NA,NA,NA,NA,NA,NA,NA,"JH2444",2023,NA,NA,NA,NA,NA,NA,NA,NA,NA,NA,NA,NA,1,"KL24MI0153","MI",10,"20",NA,0.000661187,NA,NA,-3.179675466,1,NA,0.0092996060195015,5.76979459459459,NA,-1.98717938760832,"Y","2024-02-29",0,1,NA
"2698",NA,NA,NA,NA,NA,NA,NA,NA,NA,NA,"JH2451",2016,NA,NA,NA,NA,NA,NA,NA,NA,NA,NA,NA,NA,0,"KL17WI0338","WI",0,"A",1,0.25287305,2,NA,-0.597097453,1,NA,0.00296817902886773,4.83533966263713,NA,-2.40140874239099,"N","2017-03-12",1,0,NA
"2699",NA,NA,NA,NA,NA,NA,NA,NA,NA,NA,"JH2452",2016,NA,NA,NA,NA,NA,NA,NA,NA,NA,NA,NA,NA,0,"KL17WI0339","WI",0,"A",1,0.4804142,1,NA,-0.318384164,1,NA,0.00296817902886773,4.83533966263713,NA,-2.40140874239099,"N","2017-03-12",1,0,NA
"2700",NA,NA,NA,NA,NA,NA,NA,NA,NA,NA,"JH2453",2016,NA,NA,NA,NA,NA,NA,NA,NA,NA,NA,NA,NA,0,"KL17WI0350","WI",0,"C",1,0.004271027,1,NA,-2.369467734,1,NA,NA,6.06698924731183,NA,NA,"N","2017-03-12",1,0,NA
"2701",NA,NA,NA,NA,NA,NA,NA,NA,NA,NA,"JH2454",2016,NA,NA,NA,NA,NA,NA,NA,NA,NA,NA,NA,NA,0,"KL17WI0348","WI",0,"C",1,0.002559519,1,NA,-2.591841642,1,NA,NA,6.06698924731183,NA,NA,"N","2017-03-12",1,0,NA
"2702",NA,NA,NA,NA,NA,NA,NA,NA,NA,NA,"JH2470",2017,NA,NA,NA,NA,NA,NA,NA,NA,NA,NA,NA,NA,0,"KL18WI0114","WI",0,"B",1,2.71e-06,1,NA,-5.566602075,1,NA,0.0279835269604405,4.72974074074074,NA,-1.53784876702717,"Y","2018-03-07",1,0,NA
"2703",NA,NA,NA,NA,NA,NA,NA,NA,NA,NA,"JH2471",2017,NA,NA,NA,NA,NA,NA,NA,NA,NA,NA,NA,NA,0,"KL18WI0115","WI",0,"B",1,0.061432455,1,NA,-1.211602129,1,NA,0.0279835269604405,4.72974074074074,NA,-1.53784876702717,"Y","2018-03-07",1,0,NA
"2704",NA,NA,NA,NA,NA,NA,NA,NA,NA,NA,"JH2474",2017,NA,NA,NA,NA,NA,NA,NA,NA,NA,NA,NA,NA,0,"KL18WI0108","WI",0,"B",0,0.012307955,0,NA,-1.9098141,1,NA,0.0279835269604405,4.72974074074074,NA,-1.53784876702717,"Y","2018-03-07",1,0,NA
"2705",NA,NA,NA,NA,NA,NA,NA,NA,NA,NA,"JH2477",2017,NA,NA,NA,NA,NA,NA,NA,NA,NA,NA,NA,NA,0,"KL18WI0103","WI",0,"A",1,0.50784025,1,NA,-0.294272881,1,NA,0.0135380916405985,2.07567204301075,NA,-1.83749259790279,"Y","2018-03-07",1,0,NA
"2706",NA,NA,NA,NA,NA,NA,NA,NA,NA,NA,"JH2478",2017,NA,NA,NA,NA,NA,NA,NA,NA,NA,NA,NA,NA,1,"KL18WI0112","WI",1,"B",0,0.066189515,0,NA,-1.179210801,1,NA,0.0279835269604405,4.72974074074074,NA,-1.53784876702717,"Y","2018-03-07",1,1,NA
"2707",NA,NA,NA,NA,NA,NA,NA,NA,NA,NA,"JH2479",2017,NA,NA,NA,NA,NA,NA,NA,NA,NA,NA,NA,NA,1,"KL18WI0113","WI",1,"B",0,0.02103001,0,NA,-1.677160521,1,NA,0.0279835269604405,4.72974074074074,NA,-1.53784876702717,"Y","2018-03-07",1,1,NA
"2708",NA,NA,NA,NA,NA,NA,NA,NA,NA,NA,"JH2479",2018,NA,NA,NA,NA,NA,NA,NA,NA,NA,NA,NA,NA,0,"KL19WI0800","WI",1,"B",1,0.5013822,1,NA,-0.299831088,1,NA,0.0279835269604405,5.89142365591398,NA,-1.53784876702717,"Y","2019-03-07",0,1,NA
"2709",NA,NA,NA,NA,NA,NA,NA,NA,NA,NA,"JH2480",2017,NA,NA,NA,NA,NA,NA,NA,NA,NA,NA,NA,NA,0,"KL18WI0096","WI",0,"A",0,0.1414715,0,NA,-0.849331042,1,NA,0.0135380916405985,2.07567204301075,NA,-1.83749259790279,"Y","2018-03-07",1,0,NA
"2710",NA,NA,NA,NA,NA,NA,NA,NA,NA,NA,"JH2483",2017,NA,NA,NA,NA,NA,NA,NA,NA,NA,NA,NA,NA,0,"KL18WI0117","WI",0,"B",1,0.27705225,1,NA,-0.557438318,1,NA,0.0279835269604405,4.72974074074074,NA,-1.53784876702717,"Y","2018-03-07",1,0,NA
"2711",NA,NA,NA,NA,NA,NA,NA,NA,NA,NA,"JH2488",2017,NA,NA,NA,NA,NA,NA,NA,NA,NA,NA,NA,NA,0,"KL18WI0116","WI",0,"B",1,0.008524335,1,NA,-2.069339517,1,NA,0.0279835269604405,4.72974074074074,NA,-1.53784876702717,"Y","2018-03-07",1,0,NA
"2712",NA,NA,NA,NA,NA,NA,NA,NA,NA,NA,"JH2490",2016,NA,NA,NA,NA,NA,NA,NA,NA,NA,NA,NA,NA,0,"KL17WI0355","WI",0,"D",1,0.002181113,1,NA,-2.661321834,1,NA,NA,5.21617391304348,NA,NA,"N","2017-03-12",1,0,NA
"2713",NA,NA,NA,NA,NA,NA,NA,NA,NA,NA,"JH2491",2016,NA,NA,NA,NA,NA,NA,NA,NA,NA,NA,NA,NA,0,"KL17WI0356","WI",0,"D",1,0.03819012,1,NA,-1.418048977,1,NA,NA,5.21617391304348,NA,NA,"N","2017-03-12",1,0,NA
"2714",NA,NA,NA,NA,NA,NA,NA,NA,NA,NA,"JH2493",2016,NA,NA,NA,NA,NA,NA,NA,NA,NA,NA,NA,NA,0,"KL17WI0358","WI",0,"D",1,0.005373337,1,NA,-2.269755921,1,NA,NA,5.21617391304348,NA,NA,"N","2017-03-12",1,0,NA
"2715",NA,NA,NA,NA,NA,NA,NA,NA,NA,NA,"JH2494",2016,NA,NA,NA,NA,NA,NA,NA,NA,NA,NA,NA,NA,0,"KL17WI0361","WI",0,"D",1,0.081491785,1,NA,-1.088886169,1,NA,NA,5.21617391304348,NA,NA,"N","2017-03-12",1,0,NA
"2716",NA,NA,NA,NA,NA,NA,NA,NA,NA,NA,"JH2495",2016,NA,NA,NA,NA,NA,NA,NA,NA,NA,NA,NA,NA,0,"KL17WI0363","WI",0,"D",1,2.84e-06,1,NA,-5.546389221,1,NA,NA,5.21617391304348,NA,NA,"N","2017-03-12",1,0,NA
"2717",NA,NA,NA,NA,NA,NA,NA,NA,NA,NA,"JH2496",2016,NA,NA,NA,NA,NA,NA,NA,NA,NA,NA,NA,NA,0,"KL17WI0364","WI",0,"D",1,0.001159479,1,NA,-2.9357373,1,NA,NA,5.21617391304348,NA,NA,"N","2017-03-12",1,0,NA
"2718",NA,NA,NA,NA,NA,NA,NA,NA,NA,NA,"JH2497",2016,NA,NA,NA,NA,NA,NA,NA,NA,NA,NA,NA,NA,0,"KL17WI0365","WI",0,"D",1,0.004462046,1,NA,-2.350466005,1,NA,NA,5.21617391304348,NA,NA,"N","2017-03-12",1,0,NA
"2719",NA,NA,NA,NA,NA,NA,NA,NA,NA,NA,"JH2498",2016,NA,NA,NA,NA,NA,NA,NA,NA,NA,NA,NA,NA,0,"KL17WI0367","WI",0,"D",1,0.032541785,1,NA,-1.487558629,1,NA,NA,5.21617391304348,NA,NA,"N","2017-03-12",1,0,NA
"2720",NA,NA,NA,NA,NA,NA,NA,NA,NA,NA,"JH2499",2016,NA,NA,NA,NA,NA,NA,NA,NA,NA,NA,NA,NA,0,"KL17WI0368","WI",0,"D",1,0.4591615,2,NA,-0.338034534,1,NA,NA,5.21617391304348,NA,NA,"N","2017-03-12",1,0,NA
"2721",NA,NA,NA,NA,NA,NA,NA,NA,NA,NA,"JH2500",2016,NA,NA,NA,NA,NA,NA,NA,NA,NA,NA,NA,NA,0,"KL17WI0337","WI",0,"A",1,0.02010858,1,NA,-1.696618597,1,NA,0.00296817902886773,4.83533966263713,NA,-2.40140874239099,"N","2017-03-12",1,0,NA
"2722",NA,NA,NA,NA,NA,NA,NA,NA,NA,NA,"JH2501",2017,NA,NA,NA,NA,NA,NA,NA,NA,NA,NA,NA,NA,0,"KL18WI0007","WI",0,"A",1,0.1232496,2,NA,-0.909214482,1,NA,0.00784403098640373,6.03565725806452,NA,-2.05334974447408,"N","2018-03-03",1,0,NA
"2723",NA,NA,NA,NA,NA,NA,NA,NA,NA,NA,"JH2502",2017,NA,NA,NA,NA,NA,NA,NA,NA,NA,NA,NA,NA,0,"KL18WI0004","WI",0,"A",1,0.19858265,2,NA,-0.702058698,1,NA,0.00784403098640373,6.03565725806452,NA,-2.05334974447408,"N","2018-03-03",1,0,NA
"2724",NA,NA,NA,NA,NA,NA,NA,NA,NA,NA,"JH2511",2017,NA,NA,NA,NA,NA,NA,NA,NA,NA,NA,NA,NA,0,"KL18WI0013","WI",0,"C",1,7e-06,1,NA,-5.154806116,1,NA,0.00846472261754281,7.041664,NA,-2.02389210937433,"N","2018-03-03",1,0,NA
"2725",NA,NA,NA,NA,NA,NA,NA,NA,NA,NA,"JH2512",2017,NA,NA,NA,NA,NA,NA,NA,NA,NA,NA,NA,NA,0,"KL18WI0028","WI",0,"B",1,0.85379565,2,NA,-0.068646062,1,NA,0.0119844433863225,5.8366038647343,NA,-1.88657666285639,"N","2018-03-04",1,0,NA
"2726",NA,NA,NA,NA,NA,NA,NA,NA,NA,NA,"JH2513",2017,NA,NA,NA,NA,NA,NA,NA,NA,NA,NA,NA,NA,0,"KL18WI0030","WI",0,"B",1,0.467968,2,NA,-0.329783843,1,NA,0.0119844433863225,5.8366038647343,NA,-1.88657666285639,"N","2018-03-04",1,0,NA
"2727",NA,NA,NA,NA,NA,NA,NA,NA,NA,NA,"JH2514",2017,NA,NA,NA,NA,NA,NA,NA,NA,NA,NA,NA,NA,0,"KL18WI0032","WI",0,"B",1,0.1907316,2,NA,-0.719577348,1,NA,0.0119844433863225,5.8366038647343,NA,-1.88657666285639,"N","2018-03-04",1,0,NA
"2728",NA,NA,NA,NA,NA,NA,NA,NA,NA,NA,"JH2515",2017,NA,NA,NA,NA,NA,NA,NA,NA,NA,NA,NA,NA,0,"KL18WI0036","WI",0,"A",1,0.06380426,1,NA,-1.195150324,1,NA,0.00296817902886773,4.83533966263713,NA,-2.40140874239099,"N","2018-03-05",1,0,NA
"2729",NA,NA,NA,NA,NA,NA,NA,NA,NA,NA,"JH2516",2017,NA,NA,NA,NA,NA,NA,NA,NA,NA,NA,NA,NA,0,"KL18WI0043","WI",0,"D",1,0.048423475,1,NA,-1.314944048,1,NA,NA,5.44061693548387,NA,NA,"N","2018-03-05",1,0,NA
"2730",NA,NA,NA,NA,NA,NA,NA,NA,NA,NA,"JH2518",2018,NA,NA,NA,NA,NA,NA,NA,NA,NA,NA,NA,NA,0,"KL19MI0060","MI",0,"26.5",1,5.33e-05,1,NA,-4.273431097,1,NA,0.0130307536985769,2.37507792207792,NA,-1.85291899908275,"Y","2019-03-10",1,0,NA
"2731",NA,NA,NA,NA,NA,NA,NA,NA,NA,NA,"JH2519",2018,NA,NA,NA,NA,NA,NA,NA,NA,NA,NA,NA,NA,0,"KL19MI0078","MI",0,"27.7",1,0.01154597,1,NA,-1.937569575,1,NA,0.0130307536985769,2.37507792207792,NA,-1.85291899908275,"Y","2019-03-10",1,0,NA
"2732",NA,NA,NA,NA,NA,NA,NA,NA,NA,NA,"JH2521",2018,NA,NA,NA,NA,NA,NA,NA,NA,NA,NA,NA,NA,1,"KL19MI0080","MI",1,"27.7",1,0.006845742,1,NA,-2.164579472,1,NA,0.0130307536985769,2.37507792207792,NA,-1.85291899908275,"Y","2019-03-10",1,1,NA
"2733",NA,NA,NA,NA,NA,NA,NA,NA,NA,NA,"JH2521",2019,NA,NA,NA,NA,NA,NA,NA,NA,NA,NA,NA,NA,0,"KL20MI0142","MI",1,"27.5",0,0.029974185,0,NA,-1.523252617,1,NA,0.00769691397508161,3.23129900332226,NA,-2.06063482569769,"Y","2020-03-07",0,1,NA
"2734",NA,NA,NA,NA,NA,NA,NA,NA,NA,NA,"JH2525",2017,NA,NA,NA,NA,NA,NA,NA,NA,NA,NA,NA,NA,1,"JH18MI0016","MI",3,"28.5",0,0.000421728,0,NA,-3.374967093,1,NA,0.0130307536985769,3.24333,NA,-1.85291899908275,"N","2018-03-12",1,1,NA
"2735",NA,NA,NA,NA,NA,NA,NA,NA,NA,NA,"JH2525",2019,NA,NA,NA,NA,NA,NA,NA,NA,NA,NA,NA,NA,0,"KL20MI0147","MI",3,"28.8",1,0.002946393,1,NA,-2.5307094,1,NA,0.00769691397508161,3.23129900332226,NA,-2.06063482569769,"Y","2020-03-07",0,1,NA
"2736",NA,NA,NA,NA,NA,NA,NA,NA,NA,NA,"JH2526",2017,NA,NA,NA,NA,NA,NA,NA,NA,NA,NA,NA,NA,0,"JH18MI0015","MI",0,"27.8",1,0.00100973,1,NA,-2.995794701,1,NA,0.0130307536985769,3.24333,NA,-1.85291899908275,"N","2018-03-12",1,0,NA
"2737",NA,NA,NA,NA,NA,NA,NA,NA,NA,NA,"JH2527",2017,NA,NA,NA,NA,NA,NA,NA,NA,NA,NA,NA,NA,0,"JH18MI0014","MI",0,"27.8",1,6.83e-05,1,NA,-4.165483274,1,NA,0.0130307536985769,3.24333,NA,-1.85291899908275,"N","2018-03-12",1,0,NA
"2738",NA,NA,NA,NA,NA,NA,NA,NA,NA,NA,"JH2529",2017,NA,NA,NA,NA,NA,NA,NA,NA,NA,NA,NA,NA,0,"JH18MI0011","MI",0,"25.6",1,2.86e-06,1,NA,-5.543516216,1,NA,0.0130307536985769,3.24333,NA,-1.85291899908275,"N","2018-03-12",1,0,NA
"2739",NA,NA,NA,NA,NA,NA,NA,NA,NA,NA,"JH2530",2017,NA,NA,NA,NA,NA,NA,NA,NA,NA,NA,NA,NA,1,"JH18MI0010","MI",7,"25.4",1,3.45e-05,1,NA,-4.46161021,1,NA,0.0130307536985769,3.24333,NA,-1.85291899908275,"N","2018-03-12",1,1,NA
"2740",NA,NA,NA,NA,NA,NA,NA,NA,NA,NA,"JH2530",2020,NA,NA,NA,NA,NA,NA,NA,NA,NA,NA,NA,NA,1,"KL21MI0154","MI",7,"31.4",1,0.002760833,3,NA,-2.558959941,1,NA,0.0130307536985769,2.71894317976513,NA,-1.85291899908275,"Y","2021-03-04",0,1,NA
"2741",NA,NA,NA,NA,NA,NA,NA,NA,NA,NA,"JH2530",2024,NA,NA,NA,NA,NA,NA,NA,NA,NA,NA,NA,NA,0,"KL25MI0219","MI",7,"30 to 35",1,0.00555709,1,NA,-2.255152589,1,NA,0.0130307536985769,2.71894317976513,NA,-1.85291899908275,"Y","2025-03-13",0,1,NA
"2742",NA,NA,NA,NA,NA,NA,NA,NA,NA,NA,"JH2531",2017,NA,NA,NA,NA,NA,NA,NA,NA,NA,NA,NA,NA,0,"JH18MI0009","MI",0,"25.3",0,2.85e-06,0,NA,-5.544770055,1,NA,0.0130307536985769,3.24333,NA,-1.85291899908275,"N","2018-03-12",1,0,NA
"2743",NA,NA,NA,NA,NA,NA,NA,NA,NA,NA,"JH2532",2017,NA,NA,NA,NA,NA,NA,NA,NA,NA,NA,NA,NA,0,"JH18MI0006","MI",0,"24",1,0.001310229,1,NA,-2.882652641,1,NA,0.0130307536985769,3.24333,NA,-1.85291899908275,"N","2018-03-12",1,0,NA
"2744",NA,NA,NA,NA,NA,NA,NA,NA,NA,NA,"JH2534",2017,NA,NA,NA,NA,NA,NA,NA,NA,NA,NA,NA,NA,1,"JH18MI0005","MI",1,"24",1,0.000757097,1,NA,-3.120848626,1,NA,0.0130307536985769,3.24333,NA,-1.85291899908275,"N","2018-03-12",1,1,NA
"2745",NA,NA,NA,NA,NA,NA,NA,NA,NA,NA,"JH2534",2018,NA,NA,NA,NA,NA,NA,NA,NA,NA,NA,NA,NA,0,"KL19MI0087","MI",1,"31.4",1,0.00763988,1,NA,-2.116913463,1,NA,0.0130307536985769,2.37507792207792,NA,-1.85291899908275,"Y","2019-03-10",0,1,NA
"2746",NA,NA,NA,NA,NA,NA,NA,NA,NA,NA,"JH2535",2019,NA,NA,NA,NA,NA,NA,NA,NA,NA,NA,NA,NA,1,"KL20MI0140","MI",2,"27.5",0,0.008947016,0,NA,-2.048321786,1,NA,0.00769691397508161,3.23129900332226,NA,-2.06063482569769,"Y","2020-03-07",1,1,NA
"2747",NA,NA,NA,NA,NA,NA,NA,NA,NA,NA,"JH2535",2020,NA,NA,NA,NA,NA,NA,NA,NA,NA,NA,NA,NA,1,"KL21MI0150","MI",2,"30.2",0,0.000889688,0,NA,-3.050762316,1,NA,0.0130307536985769,2.71894317976513,NA,-1.85291899908275,"Y","2021-03-04",0,1,NA
"2748",NA,NA,NA,NA,NA,NA,NA,NA,NA,NA,"JH2535",2021,NA,NA,NA,NA,NA,NA,NA,NA,NA,NA,NA,NA,0,"KL22MI0001","MI",2,"22.2",0,0.000632207,0,NA,-3.199140795,1,NA,0.0196387021274881,2.22639911308204,NA,-1.68531761695726,"Y","2022-03-06",0,1,NA
"2749",NA,NA,NA,NA,NA,NA,NA,NA,NA,NA,"JH2539",2017,NA,NA,NA,NA,NA,NA,NA,NA,NA,NA,NA,NA,0,"JH18MI0004","MI",0,"24",1,0.002481237,1,NA,-2.605331747,1,NA,0.0130307536985769,3.24333,NA,-1.85291899908275,"N","2018-03-12",1,0,NA
"2750",NA,NA,NA,NA,NA,NA,NA,NA,NA,NA,"JH2540",2019,NA,NA,NA,NA,NA,NA,NA,NA,NA,NA,NA,NA,0,"KL20MI0172","MI",0,"36.2",1,0.01210335,1,NA,-1.917094408,1,NA,0.00769691397508161,3.23129900332226,NA,-2.06063482569769,"Y","2020-03-07",1,0,NA
"2751",NA,NA,NA,NA,NA,NA,NA,NA,NA,NA,"JH2541",2023,NA,NA,NA,NA,NA,NA,NA,NA,NA,NA,NA,NA,0,"KL24MI0014","MI",0,"B",1,0.001756809,1,NA,-2.755275557,1,NA,0.014594792028516,3.58012931034483,NA,-1.80702041260098,"Y","2024-02-28",1,0,NA
"2752",NA,NA,NA,NA,NA,NA,NA,NA,NA,NA,"JH2542",2017,NA,NA,NA,NA,NA,NA,NA,NA,NA,NA,NA,NA,0,"KL18WI0092","WI",0,"C",1,0.14188455,2,NA,-0.848064893,1,NA,0.0152400787418193,8.07978260869565,NA,-1.78941186936487,"N","2018-03-06",1,0,NA
"2753",NA,NA,NA,NA,NA,NA,NA,NA,NA,NA,"JH2543",2017,NA,NA,NA,NA,NA,NA,NA,NA,NA,NA,NA,NA,0,"KL18WI0093","WI",0,"C",1,0.023857975,2,NA,-1.622366421,1,NA,0.0152400787418193,8.07978260869565,NA,-1.78941186936487,"N","2018-03-06",1,0,NA
"2754",NA,NA,NA,NA,NA,NA,NA,NA,NA,NA,"JH2545",2017,NA,NA,NA,NA,NA,NA,NA,NA,NA,NA,NA,NA,0,"KL18WI0152","WI",0,"C",1,0.17273265,1,NA,-0.762625564,1,NA,0.0364672166366908,7.16866666666667,NA,-1.42634856856152,"N","2018-03-08",1,0,NA
"2755",NA,NA,NA,NA,NA,NA,NA,NA,NA,NA,"JH2546",2017,NA,NA,NA,NA,NA,NA,NA,NA,NA,NA,NA,NA,0,"KL18WI0153","WI",0,"C",1,0.080875205,1,NA,-1.092184605,1,NA,0.0364672166366908,7.16866666666667,NA,-1.42634856856152,"N","2018-03-08",1,0,NA
"2756",NA,NA,NA,NA,NA,NA,NA,NA,NA,NA,"JH2547",2017,NA,NA,NA,NA,NA,NA,NA,NA,NA,NA,NA,NA,0,"KL18WI0156","WI",0,"B",0,0.026006195,0,NA,-1.584923185,1,NA,0.0364672166366908,5.94837545126354,NA,-1.42634856856152,"N","2018-03-08",1,0,NA
"2757",NA,NA,NA,NA,NA,NA,NA,NA,NA,NA,"JH2548",2017,NA,NA,NA,NA,NA,NA,NA,NA,NA,NA,NA,NA,1,"KL18WI0154","WI",2,"C",1,0.004959418,1,NA,-2.30456933,1,NA,0.0364672166366908,7.16866666666667,NA,-1.42634856856152,"N","2018-03-08",1,1,NA
"2758",NA,NA,NA,NA,NA,NA,NA,NA,NA,NA,"JH2548",2019,NA,NA,NA,NA,NA,NA,NA,NA,NA,NA,NA,NA,1,"KL20WI0558","WI",2,"A",1,0.0386804,1,NA,-1.412509043,1,NA,0.0364672166366908,0.355738738738739,NA,-1.42634856856152,"Y","2020-03-03",0,1,NA
"2759",NA,NA,NA,NA,NA,NA,NA,NA,NA,NA,"JH2548",2024,NA,NA,NA,NA,NA,NA,NA,NA,NA,NA,NA,NA,0,"KL25WI0113","WI",2,"A",1,0.001771969,1,NA,-2.751543905,1,NA,0.0364672166366908,0.355738738738739,NA,-1.42634856856152,"Y","2025-03-03",0,1,NA
"2760",NA,NA,NA,NA,NA,NA,NA,NA,NA,NA,"JH2549",2017,NA,NA,NA,NA,NA,NA,NA,NA,NA,NA,NA,NA,0,"KL18WI0155","WI",0,"B",1,0.002646577,1,NA,-2.577315548,1,NA,0.0364672166366908,5.94837545126354,NA,-1.42634856856152,"N","2018-03-08",1,0,NA
"2761",NA,NA,NA,NA,NA,NA,NA,NA,NA,NA,"JH2550",2017,NA,NA,NA,NA,NA,NA,NA,NA,NA,NA,NA,NA,0,"KL18WI0157","WI",0,"B",0,0.01679855,0,NA,-1.774728204,1,NA,0.0364672166366908,5.94837545126354,NA,-1.42634856856152,"N","2018-03-08",1,0,NA
"2762",NA,NA,NA,NA,NA,NA,NA,NA,NA,NA,"JH2551",2017,NA,NA,NA,NA,NA,NA,NA,NA,NA,NA,NA,NA,1,"KL18WI0259","WI",5,"SEL",0,0.006372423,0,NA,-2.195695438,1,NA,0.00659171451206662,7.64916,NA,-2.11966013200402,"N","2018-03-16",1,1,NA
"2763",NA,NA,NA,NA,NA,NA,NA,NA,NA,NA,"JH2551",2023,NA,NA,NA,NA,NA,NA,NA,NA,NA,NA,NA,NA,0,"KL24WI0244","WI",5,"HR",1,0.00142256,1,NA,-2.84692949,1,NA,0.00659171451206662,7.72001837365784,NA,-2.11966013200402,"Y","2024-03-08",0,1,NA
"2764",NA,NA,NA,NA,NA,NA,NA,NA,NA,NA,"JH2552",2017,NA,NA,NA,NA,NA,NA,NA,NA,NA,NA,NA,NA,0,"KL18WI0261","WI",0,"WL",0,0.01333594,0,NA,-1.874976367,1,NA,0.00659171451206662,7.64916,NA,-2.11966013200402,"N","2018-03-16",1,0,NA
"2765",NA,NA,NA,NA,NA,NA,NA,NA,NA,NA,"JH2553",2017,NA,NA,NA,NA,NA,NA,NA,NA,NA,NA,NA,NA,0,"KL18WI0262","WI",0,"WL",NA,0.04315247,NA,NA,-1.364994341,1,NA,0.00659171451206662,7.64916,NA,-2.11966013200402,"N","2018-03-16",1,0,NA
"2766",NA,NA,NA,NA,NA,NA,NA,NA,NA,NA,"JH2555",2023,NA,NA,NA,NA,NA,NA,NA,NA,NA,NA,NA,NA,0,"KL24MI0012","MI",1,"B",1,0.003442953,1,NA,-2.463068849,1,NA,0.014594792028516,3.58012931034483,NA,-1.80702041260098,"Y","2024-02-28",0,1,NA
"2767",NA,NA,NA,NA,NA,NA,NA,NA,NA,NA,"JH2558",2022,NA,NA,NA,NA,NA,NA,NA,NA,NA,NA,NA,NA,1,"KL23WI0104","WI",5,"A",0,0.003471137,0,NA,-2.459528227,1,NA,0.0332794759001366,4.3486758360302,NA,-1.46496582663853,"Y","2023-02-26",0,1,NA
"2768",NA,NA,NA,NA,NA,NA,NA,NA,NA,NA,"JH2561",2019,NA,NA,NA,NA,NA,NA,NA,NA,NA,NA,NA,NA,0,"KL20WI0251","WI",1,"A",1,0.4489211,1,NA,-0.347829982,1,NA,0.0332794759001366,4.12930135946955,NA,-1.46496582663853,"Y","2020-02-29",0,1,NA
"2769",NA,NA,NA,NA,NA,NA,NA,NA,NA,NA,"JH2562",2020,NA,NA,NA,NA,NA,NA,NA,NA,NA,NA,NA,NA,1,"KL21WI0059","WI",5,"B",1,0.039203645,1,NA,-1.406673552,1,NA,0.00713683458105821,7.66593301435407,99.2793223308782,-2.08954451296639,"Y","2021-02-25",0,1,NA
"2770",NA,NA,NA,NA,NA,NA,NA,NA,NA,NA,"JH2564",2020,NA,NA,NA,NA,NA,NA,NA,NA,NA,NA,NA,NA,1,"KL21WI0052","WI",4,"B",1,0.06088593,1,NA,-1.215483056,1,NA,0.00713683458105821,7.66593301435407,99.2793223308782,-2.08954451296639,"Y","2021-02-25",0,1,NA
"2771",NA,NA,NA,NA,NA,NA,NA,NA,NA,NA,"JH2565",2019,NA,NA,NA,NA,NA,NA,NA,NA,NA,NA,NA,NA,1,"KL20WI0262","WI",4,"C",0,0.002567977,0,NA,-2.59040887,1,NA,0.0138530677565388,8.21125723730862,NA,-1.8281838377852,"Y","2020-02-29",0,1,NA
"2772",NA,NA,NA,NA,NA,NA,NA,NA,NA,NA,"JH2565",2020,NA,NA,NA,NA,NA,NA,NA,NA,NA,NA,NA,NA,1,"KL21WI0069","WI",4,"C",1,0.04644924,1,NA,-1.333021388,1,NA,0.0153346312309683,8.03718253968254,98.5747662385671,-1.78689066566748,"Y","2021-02-25",0,1,NA
"2773",NA,NA,NA,NA,NA,NA,NA,NA,NA,NA,"JH2570",2020,NA,NA,NA,NA,NA,NA,NA,NA,NA,NA,NA,NA,1,"KL21WI0065","WI",4,"B",1,0.011502825,1,NA,-1.939195487,1,NA,0.00713683458105821,7.66593301435407,99.2793223308782,-2.08954451296639,"Y","2021-02-25",1,1,NA
"2774",NA,NA,NA,NA,NA,NA,NA,NA,NA,NA,"JH2573",2020,NA,NA,NA,NA,NA,NA,NA,NA,NA,NA,NA,NA,0,"KL21WI0066","WI",1,"B",0,0.080724585,0,NA,-1.092994179,1,NA,0.00713683458105821,7.66593301435407,99.2793223308782,-2.08954451296639,"Y","2021-02-25",0,1,NA
"2775",NA,NA,NA,NA,NA,NA,NA,NA,NA,NA,"JH2574",2020,NA,NA,NA,NA,NA,NA,NA,NA,NA,NA,NA,NA,1,"KL21WI0068","WI",3,"B",1,0.013224605,1,NA,-1.878617291,1,NA,0.00713683458105821,7.66593301435407,99.2793223308782,-2.08954451296639,"Y","2021-02-25",0,1,NA
"2776",NA,NA,NA,NA,NA,NA,NA,NA,NA,NA,"JH2575",2018,NA,NA,NA,NA,NA,NA,NA,NA,NA,NA,NA,NA,1,"KL19WI0576","WI",3,"C",1,0.2647041,1,NA,-0.577239332,1,NA,0.0152400787418193,8.27642105263158,NA,-1.78941186936487,"Y","2019-03-05",1,1,NA
"2777",NA,NA,NA,NA,NA,NA,NA,NA,NA,NA,"JH2575",2019,NA,NA,NA,NA,NA,NA,NA,NA,NA,NA,NA,NA,1,"KL20WI0260","WI",3,"C",0,1.09908355,0,NA,0.041030708,1,NA,0.0138530677565388,8.21125723730862,NA,-1.8281838377852,"Y","2020-02-29",0,1,NA
"2778",NA,NA,NA,NA,NA,NA,NA,NA,NA,NA,"JH2575",2023,NA,NA,NA,NA,NA,NA,NA,NA,NA,NA,NA,NA,0,"KL24WI0451","WI",3,"B",1,0.003678395,1,NA,-2.434341693,1,NA,0.0203052228963963,7.74869914135626,NA,-1.67151391782736,"Y","2024-03-13",0,1,NA
"2779",NA,NA,NA,NA,NA,NA,NA,NA,NA,NA,"JH2578",2018,NA,NA,NA,NA,NA,NA,NA,NA,NA,NA,NA,NA,0,"KL19MI0005","MI",0,"3.5",1,0.004561637,1,NA,-2.340879277,1,NA,0.0155324386961681,6.22590789473684,NA,-1.78166307902563,"Y","2019-03-10",1,0,NA
"2780",NA,NA,NA,NA,NA,NA,NA,NA,NA,NA,"JH2607",2019,NA,NA,NA,NA,NA,NA,NA,NA,NA,NA,NA,NA,1,"KL20MI0174","MI",4,"36.2",1,0.1510026,1,NA,-0.821015575,1,NA,0.00769691397508161,3.23129900332226,NA,-2.06063482569769,"Y","2020-03-07",0,1,NA
"2781",NA,NA,NA,NA,NA,NA,NA,NA,NA,NA,"JH2607",2021,NA,NA,NA,NA,NA,NA,NA,NA,NA,NA,NA,NA,1,"KL22MI0037","MI",4,"34.5",1,0.001784941,1,NA,-2.748376176,1,NA,0.0196387021274881,2.22639911308204,NA,-1.68531761695726,"Y","2022-03-06",0,1,NA
"2782",NA,NA,NA,NA,NA,NA,NA,NA,NA,NA,"JH2607",2023,NA,NA,NA,NA,NA,NA,NA,NA,NA,NA,NA,NA,0,"KL24MI0200","MI",4,"34.8",1,0.001552657,1,NA,-2.808924379,1,NA,0.0261417475814097,3.96040692640693,NA,-1.56636219276587,"Y","2024-02-29",0,1,NA
"2783",NA,NA,NA,NA,NA,NA,NA,NA,NA,NA,"JH2610",2018,NA,NA,NA,NA,NA,NA,NA,NA,NA,NA,NA,NA,1,"KL19MI0069","MI",1,"27.6",1,0.000122611,1,NA,-3.911471274,1,NA,0.0130307536985769,2.37507792207792,NA,-1.85291899908275,"Y","2019-03-10",1,1,NA
"2784",NA,NA,NA,NA,NA,NA,NA,NA,NA,NA,"JH2610",2020,NA,NA,NA,NA,NA,NA,NA,NA,NA,NA,NA,NA,0,"KL21MI0137","MI",1,"29.7",1,0.001069322,1,NA,-2.970891437,1,NA,0.0130307536985769,2.71894317976513,NA,-1.85291899908275,"Y","2021-03-04",0,1,NA
"2785",NA,NA,NA,NA,NA,NA,NA,NA,NA,NA,"JH2615",2018,NA,NA,NA,NA,NA,NA,NA,NA,NA,NA,NA,NA,0,"KL19MI0077","MI",0,"27.7",0,0.010516555,0,NA,-1.978126523,1,NA,0.0130307536985769,2.37507792207792,NA,-1.85291899908275,"Y","2019-03-10",1,0,NA
"2786",NA,NA,NA,NA,NA,NA,NA,NA,NA,NA,"JH2618",2018,NA,NA,NA,NA,NA,NA,NA,NA,NA,NA,NA,NA,1,"KL19MI0089","MI",1,"31.4",1,0.02267281,1,NA,-1.644494651,1,NA,0.0130307536985769,2.37507792207792,NA,-1.85291899908275,"Y","2019-03-10",1,1,NA
"2787",NA,NA,NA,NA,NA,NA,NA,NA,NA,NA,"JH2618",2019,NA,NA,NA,NA,NA,NA,NA,NA,NA,NA,NA,NA,0,"KL20MI0171","MI",1,"36.2",1,0.07359335,1,NA,-1.133161427,1,NA,0.00769691397508161,3.23129900332226,NA,-2.06063482569769,"Y","2020-03-07",0,1,NA
"2788",NA,NA,NA,NA,NA,NA,NA,NA,NA,NA,"JH2621",2018,NA,NA,NA,NA,NA,NA,NA,NA,NA,NA,NA,NA,0,"KL19MI0079","MI",0,"27.7",1,0.000147677,1,NA,-3.830687433,1,NA,0.0130307536985769,2.37507792207792,NA,-1.85291899908275,"Y","2019-03-10",1,0,NA
"2789",NA,NA,NA,NA,NA,NA,NA,NA,NA,NA,"JH2627",2017,NA,NA,NA,NA,NA,NA,NA,NA,NA,NA,NA,NA,1,"JH18MI0046","MI",3,"30",0,0.004776798,0,NA,-2.320863148,1,NA,0.111722471261116,4.99124424778761,NA,-0.947989498577717,"N","2018-03-12",1,1,NA
"2790",NA,NA,NA,NA,NA,NA,NA,NA,NA,NA,"JH2628",2017,NA,NA,NA,NA,NA,NA,NA,NA,NA,NA,NA,NA,1,"JH18MI0068","MI",2,"15.2",0,0.000243534,0,NA,-3.613440675,1,NA,0.0155324386961681,5.82775,NA,-1.78166307902563,"N","2018-03-13",1,1,NA
"2791",NA,NA,NA,NA,NA,NA,NA,NA,NA,NA,"JH2628",2018,NA,NA,NA,NA,NA,NA,NA,NA,NA,NA,NA,NA,1,"KL19MI0031","MI",2,"25",1,0.043555765,1,NA,-1.360954354,1,NA,0.0155324386961681,6.22590789473684,NA,-1.78166307902563,"Y","2019-03-10",0,1,NA
"2792",NA,NA,NA,NA,NA,NA,NA,NA,NA,NA,"JH2629",2017,NA,NA,NA,NA,NA,NA,NA,NA,NA,NA,NA,NA,0,"JH18MI0094","MI",0,"23.3",1,0.000111336,1,NA,-3.953363425,1,NA,0.0132509908915458,3.78603738525318,NA,-1.84615493749623,"N","2018-03-13",1,0,NA
"2793",NA,NA,NA,NA,NA,NA,NA,NA,NA,NA,"JH2630",2017,NA,NA,NA,NA,NA,NA,NA,NA,NA,NA,NA,NA,1,"KL18WI0222","WI",1,"A",1,0.3442244,1,NA,-0.463158348,1,NA,0.00662992900900963,7.16366839883079,NA,-2.11747950282347,"N","2018-03-14",1,1,NA
"2794",NA,NA,NA,NA,NA,NA,NA,NA,NA,NA,"JH2630",2018,NA,NA,NA,NA,NA,NA,NA,NA,NA,NA,NA,NA,0,"KL19WI0923","WI",1,"A",0,0.04416317,0,NA,-1.354939761,1,NA,0.00662992900900963,4.52784,NA,-2.11747950282347,"Y","2019-03-13",0,1,NA
"2795",NA,NA,NA,NA,NA,NA,NA,NA,NA,NA,"JH2631",2017,NA,NA,NA,NA,NA,NA,NA,NA,NA,NA,NA,NA,0,"KL18WI0223","WI",0,"A",0,0.071795055,0,NA,-1.143905467,1,NA,0.00662992900900963,7.16366839883079,NA,-2.11747950282347,"N","2018-03-14",1,0,NA
"2796",NA,NA,NA,NA,NA,NA,NA,NA,NA,NA,"JH2632",2017,NA,NA,NA,NA,NA,NA,NA,NA,NA,NA,NA,NA,1,"KL18WI0224","WI",5,"C",1,0.2031611,1,NA,-0.692159444,1,NA,0.00645521719191687,8.29698795180723,99.4109583001499,-2.12753969977946,"N","2018-03-14",1,1,NA
"2797",NA,NA,NA,NA,NA,NA,NA,NA,NA,NA,"JH2632",2018,NA,NA,NA,NA,NA,NA,NA,NA,NA,NA,NA,NA,1,"KL19WI0930","WI",5,"B",0,0.080469715,0,NA,-1.094367537,1,NA,0.00700979983866586,4.52784,NA,-2.09637833660603,"Y","2019-03-13",0,1,NA
"2798",NA,NA,NA,NA,NA,NA,NA,NA,NA,NA,"JH2632",2019,NA,NA,NA,NA,NA,NA,NA,NA,NA,NA,NA,NA,1,"KL20WI0644","WI",5,"B",1,0.006167419,1,NA,-2.209896546,1,NA,0.00700979983866586,5.64874684343434,NA,-2.09637833660603,"Y","2020-03-10",0,1,NA
"2799",NA,NA,NA,NA,NA,NA,NA,NA,NA,NA,"JH2633",2017,NA,NA,NA,NA,NA,NA,NA,NA,NA,NA,NA,NA,0,"KL18WI0225","WI",0,"C",1,0.2849588,2,NA,-0.545217927,1,NA,0.00645521719191687,8.29698795180723,99.4109583001499,-2.12753969977946,"N","2018-03-14",1,0,NA
"2800",NA,NA,NA,NA,NA,NA,NA,NA,NA,NA,"JH2634",2017,NA,NA,NA,NA,NA,NA,NA,NA,NA,NA,NA,NA,1,"KL18WI0226","WI",6,"C",1,0.028121615,1,NA,-1.550959742,1,NA,0.00645521719191687,8.29698795180723,99.4109583001499,-2.12753969977946,"N","2018-03-14",1,1,NA
"2801",NA,NA,NA,NA,NA,NA,NA,NA,NA,NA,"JH2634",2018,NA,NA,NA,NA,NA,NA,NA,NA,NA,NA,NA,NA,1,"KL19WI0941","WI",6,"B",0,0.3539652,0,NA,-0.451039433,1,NA,0.00700979983866586,4.52784,NA,-2.09637833660603,"Y","2019-03-13",0,1,NA
"2802",NA,NA,NA,NA,NA,NA,NA,NA,NA,NA,"JH2634",2021,NA,NA,NA,NA,NA,NA,NA,NA,NA,NA,NA,NA,1,"KL22WI0689","WI",6,"B",0,0.103963321,0,NA,-0.983119857,1,NA,0.007012414456388,4.97468168168168,NA,-2.09623659414295,"Y","2022-03-11",0,1,NA
"2803",NA,NA,NA,NA,NA,NA,NA,NA,NA,NA,"JH2635",2017,NA,NA,NA,NA,NA,NA,NA,NA,NA,NA,NA,NA,0,"KL18WI0227","WI",0,"C",1,0.08011618,1,NA,-1.096279766,1,NA,0.00645521719191687,8.29698795180723,99.4109583001499,-2.12753969977946,"N","2018-03-14",1,0,NA
"2804",NA,NA,NA,NA,NA,NA,NA,NA,NA,NA,"JH2636",2017,NA,NA,NA,NA,NA,NA,NA,NA,NA,NA,NA,NA,0,"KL18WI0228","WI",0,"C",1,0.015383935,1,NA,-1.812932564,1,NA,0.00645521719191687,8.29698795180723,99.4109583001499,-2.12753969977946,"N","2018-03-14",1,0,NA
"2805",NA,NA,NA,NA,NA,NA,NA,NA,NA,NA,"JH2637",2017,NA,NA,NA,NA,NA,NA,NA,NA,NA,NA,NA,NA,0,"KL18WI0233","WI",0,"BR",1,0.30195815,1,NA,-0.520053244,1,NA,NA,4.9620564516129,NA,NA,"N","2018-03-16",1,0,NA
"2806",NA,NA,NA,NA,NA,NA,NA,NA,NA,NA,"JH2638",2017,NA,NA,NA,NA,NA,NA,NA,NA,NA,NA,NA,NA,0,"KL18WI0238","WI",0,"TR",1,2.654036,3,NA,0.423906809,1,NA,NA,4.9620564516129,NA,NA,"N","2018-03-16",1,0,NA
"2807",NA,NA,NA,NA,NA,NA,NA,NA,NA,NA,"JH2639",2017,NA,NA,NA,NA,NA,NA,NA,NA,NA,NA,NA,NA,0,"KL18WI0240","WI",0,"TR",1,0.43968975,1,NA,-0.356853658,1,NA,NA,4.9620564516129,NA,NA,"N","2018-03-16",1,0,NA
"2808",NA,NA,NA,NA,NA,NA,NA,NA,NA,NA,"JH2640",2017,NA,NA,NA,NA,NA,NA,NA,NA,NA,NA,NA,NA,1,"KL18WI0243","WI",2,"DS",0,0.66634505,0,NA,-0.176300824,1,NA,NA,4.9620564516129,NA,NA,"N","2018-03-16",1,1,NA
"2809",NA,NA,NA,NA,NA,NA,NA,NA,NA,NA,"JH2641",2017,NA,NA,NA,NA,NA,NA,NA,NA,NA,NA,NA,NA,0,"KL18WI0245","WI",0,"DS",1,0.1157455,1,NA,-0.936495885,1,NA,NA,4.9620564516129,NA,NA,"N","2018-03-16",1,0,NA
"2810",NA,NA,NA,NA,NA,NA,NA,NA,NA,NA,"JH2642",2017,NA,NA,NA,NA,NA,NA,NA,NA,NA,NA,NA,NA,1,"KL18WI0249","WI",5,"SEL",1,0.01211818,1,NA,-1.916562601,1,NA,0.00659171451206662,7.64916,NA,-2.11966013200402,"N","2018-03-16",1,1,NA
"2811",NA,NA,NA,NA,NA,NA,NA,NA,NA,NA,"JH2642",2021,NA,NA,NA,NA,NA,NA,NA,NA,NA,NA,NA,NA,0,"KL22WI0726","WI",5,"HR",0,0.012207786,0,NA,-1.913363091,1,NA,0.00528175900129025,7.69142857142857,99.4976318965946,-2.20191872925835,"Y","2022-03-12",0,1,NA
"2812",NA,NA,NA,NA,NA,NA,NA,NA,NA,NA,"JH2643",2017,NA,NA,NA,NA,NA,NA,NA,NA,NA,NA,NA,NA,1,"KL18WI0250","WI",4,"SEL",1,0.001716727,1,NA,-2.765298889,1,NA,0.00659171451206662,7.64916,NA,-2.11966013200402,"N","2018-03-16",1,1,NA
"2813",NA,NA,NA,NA,NA,NA,NA,NA,NA,NA,"JH2643",2022,NA,NA,NA,NA,NA,NA,NA,NA,NA,NA,NA,NA,0,"KL23WI0638","WI",4,"SEL",1,0.069408778,1,NA,-1.158585601,1,NA,0.00383016585581764,7.80072874493927,NA,-2.3160379564059,"Y","2023-03-11",0,1,NA
"2814",NA,NA,NA,NA,NA,NA,NA,NA,NA,NA,"JH2644",2017,NA,NA,NA,NA,NA,NA,NA,NA,NA,NA,NA,NA,1,"KL18WI0251","WI",10,"SEL",1,0.024098055,1,NA,-1.618018009,1,NA,0.00659171451206662,7.64916,NA,-2.11966013200402,"N","2018-03-16",1,1,NA
"2815",NA,NA,NA,NA,NA,NA,NA,NA,NA,NA,"JH2644",2020,NA,NA,NA,NA,NA,NA,NA,NA,NA,NA,NA,NA,1,"KL21WI0458","WI",10,"HR",1,0.1495728,1,NA,-0.825147376,1,NA,0.00659171451206662,7.72001837365784,NA,-2.11966013200402,"Y","2021-03-08",0,1,NA
"2816",NA,NA,NA,NA,NA,NA,NA,NA,NA,NA,"JH2645",2017,NA,NA,NA,NA,NA,NA,NA,NA,NA,NA,NA,NA,1,"KL18WI0252","WI",6,"SEL",1,0.036520855,1,NA,-1.437459064,1,NA,0.00659171451206662,7.64916,NA,-2.11966013200402,"N","2018-03-16",1,1,NA
"2817",NA,NA,NA,NA,NA,NA,NA,NA,NA,NA,"JH2647",2017,NA,NA,NA,NA,NA,NA,NA,NA,NA,NA,NA,NA,0,"KL18WI0253","WI",0,"SEL",1,0.000422678,1,NA,-3.37399087,1,NA,0.00659171451206662,7.64916,NA,-2.11966013200402,"N","2018-03-16",1,0,NA
"2818",NA,NA,NA,NA,NA,NA,NA,NA,NA,NA,"JH2648",2017,NA,NA,NA,NA,NA,NA,NA,NA,NA,NA,NA,NA,0,"KL18WI0256","WI",0,"SEL",0,0.019359255,0,NA,-1.71311136,1,NA,0.00659171451206662,7.64916,NA,-2.11966013200402,"N","2018-03-16",1,0,NA
"2819",NA,NA,NA,NA,NA,NA,NA,NA,NA,NA,"JH2649",2017,NA,NA,NA,NA,NA,NA,NA,NA,NA,NA,NA,NA,1,"KL18WI0257","WI",3,"SEL",NA,0.13368055,NA,NA,-0.873931776,1,NA,0.00659171451206662,7.64916,NA,-2.11966013200402,"N","2018-03-16",1,1,NA
"2820",NA,NA,NA,NA,NA,NA,NA,NA,NA,NA,"JH2650",2017,NA,NA,NA,NA,NA,NA,NA,NA,NA,NA,NA,NA,1,"KL18WI0258","WI",2,"SEL",1,0.02514676,1,NA,-1.599517963,1,NA,0.00659171451206662,7.64916,NA,-2.11966013200402,"N","2018-03-16",1,1,NA
"2821",NA,NA,NA,NA,NA,NA,NA,NA,NA,NA,"JH2650",2019,NA,NA,NA,NA,NA,NA,NA,NA,NA,NA,NA,NA,1,"KL20WI0778","WI",2,"SEL",1,0.09111562,1,NA,-1.040407165,1,NA,0.014427224757672,7.64682857142857,NA,-1.81171219323901,"Y","2020-03-13",0,1,NA
"2822",NA,NA,NA,NA,NA,NA,NA,NA,NA,NA,"JH2650",2020,NA,NA,NA,NA,NA,NA,NA,NA,NA,NA,NA,NA,0,"KL21WI0466","WI",2,"SEL",1,0.39476795,1,NA,-0.403658114,1,NA,0.00659171451206662,7.7370158943299,NA,-2.11966013200402,"Y","2021-03-08",0,1,NA
"2823",NA,NA,NA,NA,NA,NA,NA,NA,NA,NA,"JH2663",2022,NA,NA,NA,NA,NA,NA,NA,NA,NA,NA,NA,NA,0,"KL23WI0488","WI",3,"B",1,0.094594336,1,NA,-1.024134868,1,NA,0.0364672166366908,5.94837545126354,NA,-1.42634856856152,"Y","2023-03-08",0,1,NA
"2824",NA,NA,NA,NA,NA,NA,NA,NA,NA,NA,"JH2664",2023,NA,NA,NA,NA,NA,NA,NA,NA,NA,NA,NA,NA,1,"KL24WI0146","WI",4,"A",1,0.002155126,1,NA,-2.666527294,1,NA,0.0364672166366908,0.355738738738739,NA,-1.42634856856152,"Y","2024-03-06",0,1,NA
"2825",NA,NA,NA,NA,NA,NA,NA,NA,NA,NA,"JH2664",2024,NA,NA,NA,NA,NA,NA,NA,NA,NA,NA,NA,NA,0,"KL25WI0109","WI",4,"A",1,0.008907054,1,NA,-2.050265907,1,NA,0.0364672166366908,0.355738738738739,NA,-1.42634856856152,"Y","2025-03-03",0,1,NA
"2826",NA,NA,NA,NA,NA,NA,NA,NA,NA,NA,"JH2665",2018,NA,NA,NA,NA,NA,NA,NA,NA,NA,NA,NA,NA,0,"KL19WI0349","WI",0,"A",1,0.044052905,3,NA,-1.356025447,1,NA,0.00784403098640373,5.36738461538461,NA,-2.05334974447408,"N","2019-03-02",1,0,NA
"2827",NA,NA,NA,NA,NA,NA,NA,NA,NA,NA,"JH2666",2018,NA,NA,NA,NA,NA,NA,NA,NA,NA,NA,NA,NA,0,"KL19WI0426","WI",0,"A",1,1.1123015,2,NA,0.046222523,1,NA,0.00710576992865949,4.7647619047619,NA,-2.09120572728217,"N","2019-03-03",1,0,NA
"2828",NA,NA,NA,NA,NA,NA,NA,NA,NA,NA,"JH2667",2018,NA,NA,NA,NA,NA,NA,NA,NA,NA,NA,NA,NA,0,"KL19WI0457","WI",0,"A",1,1.15684035,2,NA,0.063273428,1,NA,0.00296817902886773,3.27149590163935,NA,-2.40140874239099,"N","2019-03-04",1,0,NA
"2829",NA,NA,NA,NA,NA,NA,NA,NA,NA,NA,"JH2668",2018,NA,NA,NA,NA,NA,NA,NA,NA,NA,NA,NA,NA,0,"KL19WI0730","WI",0,"A",0,0.0626948,0,NA,-1.202768479,1,NA,0.0364672166366908,-1.5041568627451,NA,-1.42634856856152,"N","2019-03-07",1,0,NA
"2830",NA,NA,NA,NA,NA,NA,NA,NA,NA,NA,"JH2669",2018,NA,NA,NA,NA,NA,NA,NA,NA,NA,NA,NA,NA,0,"KL19WI0733","WI",0,"A",1,0.038296395,1,NA,-1.416842106,1,NA,0.0364672166366908,-1.5041568627451,NA,-1.42634856856152,"N","2019-03-07",1,0,NA
"2831",NA,NA,NA,NA,NA,NA,NA,NA,NA,NA,"JH2670",2018,NA,NA,NA,NA,NA,NA,NA,NA,NA,NA,NA,NA,0,"KL19WI0739","WI",0,"B",1,0.11866055,1,NA,-0.925693643,1,NA,0.0364672166366908,5.94837545126354,NA,-1.42634856856152,"N","2019-03-07",1,0,NA
"2832",NA,NA,NA,NA,NA,NA,NA,NA,NA,NA,"JH2671",2018,NA,NA,NA,NA,NA,NA,NA,NA,NA,NA,NA,NA,0,"KL19WI0740","WI",0,"B",1,0.01209391,2,NA,-1.917433268,1,NA,0.0364672166366908,5.94837545126354,NA,-1.42634856856152,"N","2019-03-07",1,0,NA
"2833",NA,NA,NA,NA,NA,NA,NA,NA,NA,NA,"JH2672",2018,NA,NA,NA,NA,NA,NA,NA,NA,NA,NA,NA,NA,0,"KL19WI0749","WI",0,"B",1,0.09941624,1,NA,-1.002542666,1,NA,0.0364672166366908,5.94837545126354,NA,-1.42634856856152,"N","2019-03-07",1,0,NA
"2834",NA,NA,NA,NA,NA,NA,NA,NA,NA,NA,"JH2673",2018,NA,NA,NA,NA,NA,NA,NA,NA,NA,NA,NA,NA,0,"KL19WI0752","WI",0,"B",1,0.263726,2,NA,-0.578847052,1,NA,0.0364672166366908,5.94837545126354,NA,-1.42634856856152,"N","2019-03-07",1,0,NA
"2835",NA,NA,NA,NA,NA,NA,NA,NA,NA,NA,"JH2675",2018,NA,NA,NA,NA,NA,NA,NA,NA,NA,NA,NA,NA,0,"KL19WI0758","WI",0,"B",1,0.3660005,2,NA,-0.436518321,1,NA,0.0364672166366908,5.94837545126354,NA,-1.42634856856152,"N","2019-03-07",1,0,NA
"2836",NA,NA,NA,NA,NA,NA,NA,NA,NA,NA,"JH2676",2018,NA,NA,NA,NA,NA,NA,NA,NA,NA,NA,NA,NA,0,"KL19WI0761","WI",0,"C",1,0.23769725,1,NA,-0.623975843,1,NA,0.0364672166366908,6.77994117647059,NA,-1.42634856856152,"N","2019-03-07",1,0,NA
"2837",NA,NA,NA,NA,NA,NA,NA,NA,NA,NA,"JH2677",2018,NA,NA,NA,NA,NA,NA,NA,NA,NA,NA,NA,NA,0,"KL19MI0014","MI",0,"15",0,0.041660295,0,NA,-1.380277659,1,NA,0.0155324386961681,6.22590789473684,NA,-1.78166307902563,"N","2019-03-10",1,0,NA
"2838",NA,NA,NA,NA,NA,NA,NA,NA,NA,NA,"JH2678",2018,NA,NA,NA,NA,NA,NA,NA,NA,NA,NA,NA,NA,0,"KL19MI0208","MI",0,"21.6",0,4.31e-06,0,NA,-5.365327392,1,NA,0.0132509908915458,2.88225,NA,-1.84615493749623,"N","2019-03-11",1,0,NA
"2839",NA,NA,NA,NA,NA,NA,NA,NA,NA,NA,"JH2679",2018,NA,NA,NA,NA,NA,NA,NA,NA,NA,NA,NA,NA,0,"KL19MI0211","MI",0,"21.7",1,0.002322586,1,NA,-2.63402829,1,NA,0.0132509908915458,2.88225,NA,-1.84615493749623,"N","2019-03-11",1,0,NA
"2840",NA,NA,NA,NA,NA,NA,NA,NA,NA,NA,"JH2680",2018,NA,NA,NA,NA,NA,NA,NA,NA,NA,NA,NA,NA,0,"KL19WI0861","WI",0,"TR",1,1.993601,2,NA,0.299638243,1,NA,NA,5.07715464489796,NA,NA,"N","2019-03-12",1,0,NA
"2841",NA,NA,NA,NA,NA,NA,NA,NA,NA,NA,"JH2681",2018,NA,NA,NA,NA,NA,NA,NA,NA,NA,NA,NA,NA,1,"KL19WI0864","WI",1,"TR",1,2.37121,2,NA,0.374970018,1,NA,NA,5.07715464489796,NA,NA,"N","2019-03-12",1,1,NA
"2842",NA,NA,NA,NA,NA,NA,NA,NA,NA,NA,"JH2681",2023,NA,NA,NA,NA,NA,NA,NA,NA,NA,NA,NA,NA,0,"KL24WI0219","WI",1,"TK",1,0.044240646,1,NA,-1.354178544,1,NA,NA,5.07715464489796,NA,NA,"Y","2024-03-08",0,1,NA
"2843",NA,NA,NA,NA,NA,NA,NA,NA,NA,NA,"JH2682",2019,NA,NA,NA,NA,NA,NA,NA,NA,NA,NA,NA,NA,0,"KL20MI0236","MI",0,"25.6",1,0.187664,1,NA,-0.726619031,1,NA,0.0809447401234304,4.75799350649351,NA,-1.08647891773328,"Y","2020-03-08",1,0,NA
"2844",NA,NA,NA,NA,NA,NA,NA,NA,NA,NA,"JH2692",2022,NA,NA,NA,NA,NA,NA,NA,NA,NA,NA,NA,NA,1,"KL23MI0169","MI",3,"B",1,0.002386529,1,NA,-2.622233289,1,NA,0.018140188209247,3.58778260869565,NA,-1.71805379603485,"Y","2023-03-03",0,1,NA
"2845",NA,NA,NA,NA,NA,NA,NA,NA,NA,NA,"JH2693",2023,NA,NA,NA,NA,NA,NA,NA,NA,NA,NA,NA,NA,0,"KL24WI0289","WI",1,"B",1,0.004556225,1,NA,-2.341394848,1,NA,0.00700979983866586,5.99805797101449,NA,-2.09637833660603,"Y","2024-03-09",0,1,NA
"2846",NA,NA,NA,NA,NA,NA,NA,NA,NA,NA,"JH2697",2020,NA,NA,NA,NA,NA,NA,NA,NA,NA,NA,NA,NA,1,"KL21MI0233","MI",3,"A",1,0.0107599,1,NA,-1.968191765,1,NA,0.0303855464211087,2.7493293418732,95.0573121401025,-1.50327030589788,"Y","2021-03-05",0,1,NA
"2847",NA,NA,NA,NA,NA,NA,NA,NA,NA,NA,"JH2699",2021,NA,NA,NA,NA,NA,NA,NA,NA,NA,NA,NA,NA,1,"KL22MI0165","MI",6,"B",0,0.005708366,0,3.13,-2.243488214,1,0.168662419911431,0.0341065512945991,3.58778260869565,NA,-1.45461183152266,"Y","2022-03-07",0,1,NA
"2848",NA,NA,NA,NA,NA,NA,NA,NA,NA,NA,"JH2700",2021,NA,NA,NA,NA,NA,NA,NA,NA,NA,NA,NA,NA,1,"KL22MI0169","MI",4,"B",1,0.011680006,1,0.81,-1.932556944,1,0.119824362320393,0.0341065512945991,3.58778260869565,NA,-1.45461183152266,"Y","2022-03-07",0,1,NA
"2849",NA,NA,NA,NA,NA,NA,NA,NA,NA,NA,"JH2701",2019,NA,NA,NA,NA,NA,NA,NA,NA,NA,NA,NA,NA,0,"KL20MI0138","MI",0,"27.5",1,0.004508126,1,NA,-2.346003954,1,NA,0.00769691397508161,3.23129900332226,NA,-2.06063482569769,"N","2020-03-07",1,0,NA
"2850",NA,NA,NA,NA,NA,NA,NA,NA,NA,NA,"JH2702",2019,NA,NA,NA,NA,NA,NA,NA,NA,NA,NA,NA,NA,0,"KL20MI0139","MI",0,"27.5",1,0.0056319,1,NA,-2.249345104,1,NA,0.00769691397508161,3.23129900332226,NA,-2.06063482569769,"N","2020-03-07",1,0,NA
"2851",NA,NA,NA,NA,NA,NA,NA,NA,NA,NA,"JH2703",2019,NA,NA,NA,NA,NA,NA,NA,NA,NA,NA,NA,NA,0,"KL20MI0141","MI",0,"27.5",1,0.006707219,1,NA,-2.173457545,1,NA,0.00769691397508161,3.23129900332226,NA,-2.06063482569769,"N","2020-03-07",1,0,NA
"2852",NA,NA,NA,NA,NA,NA,NA,NA,NA,NA,"JH2704",2019,NA,NA,NA,NA,NA,NA,NA,NA,NA,NA,NA,NA,1,"KL20MI0143","MI",2,"27.5",1,0.01948663,1,NA,-1.710263261,1,NA,0.00769691397508161,3.23129900332226,NA,-2.06063482569769,"N","2020-03-07",1,1,NA
"2853",NA,NA,NA,NA,NA,NA,NA,NA,NA,NA,"JH2704",2020,NA,NA,NA,NA,NA,NA,NA,NA,NA,NA,NA,NA,1,"KL21MI0151","MI",2,"30.2",1,0.003275754,1,NA,-2.48468872,1,NA,0.0130307536985769,2.71894317976513,NA,-1.85291899908275,"Y","2021-03-04",0,1,NA
"2854",NA,NA,NA,NA,NA,NA,NA,NA,NA,NA,"JH2704",2022,NA,NA,NA,NA,NA,NA,NA,NA,NA,NA,NA,NA,0,"KL23MI0096","MI",2,"30 to 35",1,0.00719313,1,NA,-2.1430821,1,NA,0.0129821167301022,2.83586632609621,NA,-1.85442707647195,"Y","2023-03-01",0,1,NA
"2855",NA,NA,NA,NA,NA,NA,NA,NA,NA,NA,"JH2705",2019,NA,NA,NA,NA,NA,NA,NA,NA,NA,NA,NA,NA,0,"KL20MI0144","MI",0,"27.5",1,0.001040956,1,NA,-2.982567523,1,NA,0.00769691397508161,3.23129900332226,NA,-2.06063482569769,"N","2020-03-07",1,0,NA
"2856",NA,NA,NA,NA,NA,NA,NA,NA,NA,NA,"JH2706",2019,NA,NA,NA,NA,NA,NA,NA,NA,NA,NA,NA,NA,0,"KL20MI0145","MI",0,"27.5",1,0.005462386,1,NA,-2.262617614,1,NA,0.00769691397508161,3.23129900332226,NA,-2.06063482569769,"N","2020-03-07",1,0,NA
"2857",NA,NA,NA,NA,NA,NA,NA,NA,NA,NA,"JH2707",2019,NA,NA,NA,NA,NA,NA,NA,NA,NA,NA,NA,NA,0,"KL20MI0146","MI",0,"27.5",0,0.012265965,0,NA,-1.911298279,1,NA,0.00769691397508161,3.23129900332226,NA,-2.06063482569769,"N","2020-03-07",1,0,NA
"2858",NA,NA,NA,NA,NA,NA,NA,NA,NA,NA,"JH2708",2019,NA,NA,NA,NA,NA,NA,NA,NA,NA,NA,NA,NA,0,"KL20MI0151","MI",0,"28.8",1,0.009594941,1,NA,-2.017957714,1,NA,0.00769691397508161,3.23129900332226,NA,-2.06063482569769,"N","2020-03-07",1,0,NA
"2859",NA,NA,NA,NA,NA,NA,NA,NA,NA,NA,"JH2709",2019,NA,NA,NA,NA,NA,NA,NA,NA,NA,NA,NA,NA,0,"KL20MI0154","MI",0,"30.7",1,0.005861852,1,NA,-2.231965151,1,NA,0.00769691397508161,3.23129900332226,NA,-2.06063482569769,"N","2020-03-07",1,0,NA
"2860",NA,NA,NA,NA,NA,NA,NA,NA,NA,NA,"JH2710",2019,NA,NA,NA,NA,NA,NA,NA,NA,NA,NA,NA,NA,0,"KL20MI0157","MI",0,"31",0,0.016629235,0,NA,-1.779127729,1,NA,0.00769691397508161,3.23129900332226,NA,-2.06063482569769,"N","2020-03-07",1,0,NA
"2861",NA,NA,NA,NA,NA,NA,NA,NA,NA,NA,"JH2711",2019,NA,NA,NA,NA,NA,NA,NA,NA,NA,NA,NA,NA,0,"KL20MI0158","MI",0,"31",1,0.08546549,1,NA,-1.068209213,1,NA,0.00769691397508161,3.23129900332226,NA,-2.06063482569769,"N","2020-03-07",1,0,NA
"2862",NA,NA,NA,NA,NA,NA,NA,NA,NA,NA,"JH2712",2019,NA,NA,NA,NA,NA,NA,NA,NA,NA,NA,NA,NA,1,"KL20MI0159","MI",1,"31.2",1,0.002306534,1,NA,-2.637040233,1,NA,0.00769691397508161,3.23129900332226,NA,-2.06063482569769,"N","2020-03-07",1,1,NA
"2863",NA,NA,NA,NA,NA,NA,NA,NA,NA,NA,"JH2712",2021,NA,NA,NA,NA,NA,NA,NA,NA,NA,NA,NA,NA,0,"KL22MI0004","MI",1,"25.6",1,0.002112152,1,NA,-2.675274914,1,NA,0.0196387021274881,2.22639911308204,NA,-1.68531761695726,"Y","2022-03-06",0,1,NA
"2864",NA,NA,NA,NA,NA,NA,NA,NA,NA,NA,"JH2713",2019,NA,NA,NA,NA,NA,NA,NA,NA,NA,NA,NA,NA,1,"KL20MI0160","MI",4,"32.2",1,0.05493912,1,NA,-1.260118301,1,NA,0.00769691397508161,3.23129900332226,NA,-2.06063482569769,"N","2020-03-07",1,1,NA
"2865",NA,NA,NA,NA,NA,NA,NA,NA,NA,NA,"JH2713",2020,NA,NA,NA,NA,NA,NA,NA,NA,NA,NA,NA,NA,1,"KL21MI0138","MI",4,"29.7",1,0.000959434,1,NA,-3.017985099,1,NA,0.0130307536985769,2.71894317976513,NA,-1.85291899908275,"Y","2021-03-04",0,1,NA
"2866",NA,NA,NA,NA,NA,NA,NA,NA,NA,NA,"JH2713",2021,NA,NA,NA,NA,NA,NA,NA,NA,NA,NA,NA,NA,1,"KL22MI0007","MI",4,"27.3",0,9.55e-07,0,NA,-6.020112105,1,NA,0.0196387021274881,2.22639911308204,NA,-1.68531761695726,"Y","2022-03-06",0,1,NA
"2867",NA,NA,NA,NA,NA,NA,NA,NA,NA,NA,"JH2713",2022,NA,NA,NA,NA,NA,NA,NA,NA,NA,NA,NA,NA,1,"KL23MI0087","MI",4,"25 to 30",0,0.000637162,0,NA,-3.195750096,1,NA,0.0129821167301022,2.83586632609621,NA,-1.85442707647195,"Y","2023-03-01",0,1,NA
"2868",NA,NA,NA,NA,NA,NA,NA,NA,NA,NA,"JH2713",2023,NA,NA,NA,NA,NA,NA,NA,NA,NA,NA,NA,NA,0,"KL24MI0181","MI",4,"28.3",1,0.003387037,1,NA,-2.470180038,1,NA,0.0261417475814097,3.96040692640693,NA,-1.56636219276587,"Y","2024-02-29",0,1,NA
"2869",NA,NA,NA,NA,NA,NA,NA,NA,NA,NA,"JH2714",2019,NA,NA,NA,NA,NA,NA,NA,NA,NA,NA,NA,NA,1,"KL20MI0162","MI",4,"32.2",1,0.002197331,1,NA,-2.658104517,1,NA,0.00769691397508161,3.23129900332226,NA,-2.06063482569769,"N","2020-03-07",1,1,NA
"2870",NA,NA,NA,NA,NA,NA,NA,NA,NA,NA,"JH2714",2020,NA,NA,NA,NA,NA,NA,NA,NA,NA,NA,NA,NA,1,"KL21MI0140","MI",4,"29.7",1,0.05813739,1,NA,-1.235544469,1,NA,0.0130307536985769,2.71894317976513,NA,-1.85291899908275,"Y","2021-03-04",0,1,NA
"2871",NA,NA,NA,NA,NA,NA,NA,NA,NA,NA,"JH2714",2021,NA,NA,NA,NA,NA,NA,NA,NA,NA,NA,NA,NA,1,"KL22MI0034","MI",4,"34.2",0,0.000247723,0,NA,-3.60603281,1,NA,0.0196387021274881,2.22639911308204,NA,-1.68531761695726,"Y","2022-03-06",0,1,NA
"2872",NA,NA,NA,NA,NA,NA,NA,NA,NA,NA,"JH2714",2022,NA,NA,NA,NA,NA,NA,NA,NA,NA,NA,NA,NA,1,"KL23MI0102","MI",4,"30 to 35",1,0.001280242,1,NA,-2.89270795,1,NA,0.0129821167301022,2.83586632609621,NA,-1.85442707647195,"Y","2023-03-01",0,1,NA
"2873",NA,NA,NA,NA,NA,NA,NA,NA,NA,NA,"JH2714",2023,NA,NA,NA,NA,NA,NA,NA,NA,NA,NA,NA,NA,0,"KL24MI0193","MI",4,"30.5",1,0.001391575,1,NA,-2.856493385,1,NA,0.0261417475814097,3.96040692640693,NA,-1.56636219276587,"Y","2024-02-29",0,1,NA
"2874",NA,NA,NA,NA,NA,NA,NA,NA,NA,NA,"JH2715",2019,NA,NA,NA,NA,NA,NA,NA,NA,NA,NA,NA,NA,0,"KL20MI0163","MI",0,"32.2",1,0.010722205,1,NA,-1.969715894,1,NA,0.00769691397508161,3.23129900332226,NA,-2.06063482569769,"N","2020-03-07",1,0,NA
"2875",NA,NA,NA,NA,NA,NA,NA,NA,NA,NA,"JH2716",2019,NA,NA,NA,NA,NA,NA,NA,NA,NA,NA,NA,NA,0,"KL20MI0164","MI",0,"32.2",1,0.014529775,1,NA,-1.837741111,1,NA,0.00769691397508161,3.23129900332226,NA,-2.06063482569769,"N","2020-03-07",1,0,NA
"2876",NA,NA,NA,NA,NA,NA,NA,NA,NA,NA,"JH2717",2019,NA,NA,NA,NA,NA,NA,NA,NA,NA,NA,NA,NA,0,"KL20MI0165","MI",0,"32.2",1,0.004748518,1,NA,-2.323441957,1,NA,0.00769691397508161,3.23129900332226,NA,-2.06063482569769,"N","2020-03-07",1,0,NA
"2877",NA,NA,NA,NA,NA,NA,NA,NA,NA,NA,"JH2718",2019,NA,NA,NA,NA,NA,NA,NA,NA,NA,NA,NA,NA,0,"KL20MI0166","MI",0,"32.2",1,0.004045541,1,NA,-2.393023447,1,NA,0.00769691397508161,3.23129900332226,NA,-2.06063482569769,"N","2020-03-07",1,0,NA
"2878",NA,NA,NA,NA,NA,NA,NA,NA,NA,NA,"JH2719",2019,NA,NA,NA,NA,NA,NA,NA,NA,NA,NA,NA,NA,0,"KL20MI0167","MI",0,"32.4",1,0.006476753,1,NA,-2.188642699,1,NA,0.00769691397508161,3.23129900332226,NA,-2.06063482569769,"N","2020-03-07",1,0,NA
"2879",NA,NA,NA,NA,NA,NA,NA,NA,NA,NA,"JH2720",2019,NA,NA,NA,NA,NA,NA,NA,NA,NA,NA,NA,NA,0,"KL20MI0168","MI",0,"32.4",NA,0.026921255,NA,NA,-1.569904698,1,NA,0.00769691397508161,3.23129900332226,NA,-2.06063482569769,"N","2020-03-07",1,0,NA
"2880",NA,NA,NA,NA,NA,NA,NA,NA,NA,NA,"JH2721",2019,NA,NA,NA,NA,NA,NA,NA,NA,NA,NA,NA,NA,0,"KL20MI0169","MI",0,"36.2",1,0.018132685,1,NA,-1.741537883,1,NA,0.00769691397508161,3.23129900332226,NA,-2.06063482569769,"N","2020-03-07",1,0,NA
"2881",NA,NA,NA,NA,NA,NA,NA,NA,NA,NA,"JH2722",2019,NA,NA,NA,NA,NA,NA,NA,NA,NA,NA,NA,NA,0,"KL20MI0170","MI",0,"36.2",1,0.004313911,1,NA,-2.365128869,1,NA,0.00769691397508161,3.23129900332226,NA,-2.06063482569769,"N","2020-03-07",1,0,NA
"2882",NA,NA,NA,NA,NA,NA,NA,NA,NA,NA,"JH2723",2019,NA,NA,NA,NA,NA,NA,NA,NA,NA,NA,NA,NA,1,"KL20MI0173","MI",1,"36.2",1,0.01987071,1,NA,-1.701786615,1,NA,0.00769691397508161,3.23129900332226,NA,-2.06063482569769,"N","2020-03-07",1,1,NA
"2883",NA,NA,NA,NA,NA,NA,NA,NA,NA,NA,"JH2723",2021,NA,NA,NA,NA,NA,NA,NA,NA,NA,NA,NA,NA,0,"KL22MI0035","MI",1,"34.2",1,0.000521043,1,NA,-3.283126018,1,NA,0.0196387021274881,2.22639911308204,NA,-1.68531761695726,"Y","2022-03-06",0,1,NA
"2884",NA,NA,NA,NA,NA,NA,NA,NA,NA,NA,"JH2724",2019,NA,NA,NA,NA,NA,NA,NA,NA,NA,NA,NA,NA,1,"KL20MI0175","MI",1,"36.2",1,0.022547415,1,NA,-1.646903242,1,NA,0.00769691397508161,3.23129900332226,NA,-2.06063482569769,"N","2020-03-07",1,1,NA
"2885",NA,NA,NA,NA,NA,NA,NA,NA,NA,NA,"JH2724",2020,NA,NA,NA,NA,NA,NA,NA,NA,NA,NA,NA,NA,0,"KL21MI0143","MI",1,"30",1,0.008292736,2,NA,-2.08130216,1,NA,0.0130307536985769,2.71894317976513,NA,-1.85291899908275,"Y","2021-03-04",0,1,NA
"2886",NA,NA,NA,NA,NA,NA,NA,NA,NA,NA,"JH2725",2019,NA,NA,NA,NA,NA,NA,NA,NA,NA,NA,NA,NA,0,"KL20MI0177","MI",0,"36.4",NA,0.000774178,NA,NA,-3.111159062,1,NA,0.00769691397508161,3.23129900332226,NA,-2.06063482569769,"N","2020-03-07",1,0,NA
"2887",NA,NA,NA,NA,NA,NA,NA,NA,NA,NA,"JH2726",2019,NA,NA,NA,NA,NA,NA,NA,NA,NA,NA,NA,NA,0,"KL20MI0202","MI",0,"10.8",1,0.2547346,1,NA,-0.593912062,1,NA,0.0809447401234304,4.75799350649351,NA,-1.08647891773328,"N","2020-03-08",1,0,NA
"2888",NA,NA,NA,NA,NA,NA,NA,NA,NA,NA,"JH2734",2023,NA,NA,NA,NA,NA,NA,NA,NA,NA,NA,NA,NA,0,"KL24WI0098","WI",1,"8",1,0.002057203,1,NA,-2.686722829,1,NA,NA,NA,NA,NA,"Y","2024-03-05",0,1,NA
"2889",NA,NA,NA,NA,NA,NA,NA,NA,NA,NA,"JH2768",2018,NA,NA,NA,NA,NA,NA,NA,NA,NA,NA,NA,NA,0,"SH19VA0146","VA",0,"CTP",0,0.173848985,0,NA,-0.759827841,1,NA,NA,NA,NA,NA,"Y","2019-03-29",1,0,NA
"2890",NA,NA,NA,NA,NA,NA,NA,NA,NA,NA,"JH2781",2018,NA,NA,NA,NA,NA,NA,NA,NA,NA,NA,NA,NA,0,"SH19VA0007","VA",0,"U",0,0.005854664,0,NA,-2.232498061,1,NA,NA,NA,NA,NA,"N","2019-03-27",1,0,NA
"2891",NA,NA,NA,NA,NA,NA,NA,NA,NA,NA,"JH2782",2018,NA,NA,NA,NA,NA,NA,NA,NA,NA,NA,NA,NA,0,"SH19VA0008","VA",0,"U",0,1.323602,0,NA,0.121757415,1,NA,NA,NA,NA,NA,"N","2019-03-27",1,0,NA
"2892",NA,NA,NA,NA,NA,NA,NA,NA,NA,NA,"JH2783",2018,NA,NA,NA,NA,NA,NA,NA,NA,NA,NA,NA,NA,0,"SH19VA0010","VA",0,"U",0,0.020892865,0,NA,-1.680002002,1,NA,NA,NA,NA,NA,"N","2019-03-27",1,0,NA
"2893",NA,NA,NA,NA,NA,NA,NA,NA,NA,NA,"JH2784",2018,NA,NA,NA,NA,NA,NA,NA,NA,NA,NA,NA,NA,0,"SH19VA0011","VA",0,"U",1,0.078122955,1,NA,-1.107221338,1,NA,NA,NA,NA,NA,"N","2019-03-27",1,0,NA
"2894",NA,NA,NA,NA,NA,NA,NA,NA,NA,NA,"JH2785",2018,NA,NA,NA,NA,NA,NA,NA,NA,NA,NA,NA,NA,0,"SH19VA0012","VA",0,"U",0,0.099634905,0,NA,-1.001588489,1,NA,NA,NA,NA,NA,"N","2019-03-27",1,0,NA
"2895",NA,NA,NA,NA,NA,NA,NA,NA,NA,NA,"JH2786",2018,NA,NA,NA,NA,NA,NA,NA,NA,NA,NA,NA,NA,0,"SH19VA0013","VA",0,"U",1,0.19311455,1,NA,-0.714185004,1,NA,NA,NA,NA,NA,"N","2019-03-27",1,0,NA
"2896",NA,NA,NA,NA,NA,NA,NA,NA,NA,NA,"JH2787",2018,NA,NA,NA,NA,NA,NA,NA,NA,NA,NA,NA,NA,0,"SH19VA0014","VA",0,"U",1,0.2052954,1,NA,-0.687620782,1,NA,NA,NA,NA,NA,"N","2019-03-27",1,0,NA
"2897",NA,NA,NA,NA,NA,NA,NA,NA,NA,NA,"JH2788",2018,NA,NA,NA,NA,NA,NA,NA,NA,NA,NA,NA,NA,0,"SH19VA0017","VA",0,"U",1,0.99225665,1,NA,-0.003375982,1,NA,NA,NA,NA,NA,"N","2019-03-27",1,0,NA
"2898",NA,NA,NA,NA,NA,NA,NA,NA,NA,NA,"JH2789",2018,NA,NA,NA,NA,NA,NA,NA,NA,NA,NA,NA,NA,0,"SH19VA0018","VA",0,"U",0,0.01542631,0,NA,-1.811737946,1,NA,NA,NA,NA,NA,"N","2019-03-27",1,0,NA
"2899",NA,NA,NA,NA,NA,NA,NA,NA,NA,NA,"JH2790",2018,NA,NA,NA,NA,NA,NA,NA,NA,NA,NA,NA,NA,0,"SH19VA0033","VA",0,"L",0,0.028123265,0,NA,-1.550934261,1,NA,NA,NA,NA,NA,"N","2019-03-27",1,0,NA
"2900",NA,NA,NA,NA,NA,NA,NA,NA,NA,NA,"JH2791",2018,NA,NA,NA,NA,NA,NA,NA,NA,NA,NA,NA,NA,0,"SH19VA0034","VA",0,"L",0,0.05609705,0,NA,-1.251059977,1,NA,NA,NA,NA,NA,"N","2019-03-27",1,0,NA
"2901",NA,NA,NA,NA,NA,NA,NA,NA,NA,NA,"JH2793",2018,NA,NA,NA,NA,NA,NA,NA,NA,NA,NA,NA,NA,0,"SH19VA0140","VA",0,"SLANT",1,0.208487175,1,NA,-0.680920655,1,NA,NA,NA,NA,NA,"N","2019-03-29",1,0,NA
"2902",NA,NA,NA,NA,NA,NA,NA,NA,NA,NA,"JH2806",2021,NA,NA,NA,NA,NA,NA,NA,NA,NA,NA,NA,NA,0,"KL22WI0149","WI",1,"5",1,9.52e-05,1,NA,-4.021335447,1,NA,NA,NA,NA,NA,"Y","2022-02-28",0,1,NA
"2903",NA,NA,NA,NA,NA,NA,NA,NA,NA,NA,"JH2807",2020,NA,NA,NA,NA,NA,NA,NA,NA,NA,NA,NA,NA,1,"KL21WI0334","WI",2,"5",1,0.003029408,3,NA,-2.518642304,1,NA,NA,NA,NA,NA,"Y","2021-03-02",1,1,NA
"2904",NA,NA,NA,NA,NA,NA,NA,NA,NA,NA,"JH2811",2020,NA,NA,NA,NA,NA,NA,NA,NA,NA,NA,NA,NA,0,"KL21MI0160","MI",0,"32.5",1,0.054565055,1,NA,-1.263085403,1,NA,0.0130307536985769,2.71894317976513,NA,-1.85291899908275,"N","2021-03-04",1,0,NA
"2905",NA,NA,NA,NA,NA,NA,NA,NA,NA,NA,"JH2812",2020,NA,NA,NA,NA,NA,NA,NA,NA,NA,NA,NA,NA,0,"KL21MI0161","MI",0,"32.5",1,0.0009603,1,NA,-3.017593162,1,NA,0.0130307536985769,2.71894317976513,NA,-1.85291899908275,"N","2021-03-04",1,0,NA
"2906",NA,NA,NA,NA,NA,NA,NA,NA,NA,NA,"JH2813",2020,NA,NA,NA,NA,NA,NA,NA,NA,NA,NA,NA,NA,0,"KL21MI0162","MI",0,"32.5",1,0.002963395,1,NA,-2.528210456,1,NA,0.0130307536985769,2.71894317976513,NA,-1.85291899908275,"N","2021-03-04",1,0,NA
"2907",NA,NA,NA,NA,NA,NA,NA,NA,NA,NA,"JH2814",2020,NA,NA,NA,NA,NA,NA,NA,NA,NA,NA,NA,NA,1,"KL21MI0163","MI",2,"32.5",1,0.010836065,1,NA,-1.965128399,1,NA,0.0130307536985769,2.71894317976513,NA,-1.85291899908275,"N","2021-03-04",1,1,NA
"2908",NA,NA,NA,NA,NA,NA,NA,NA,NA,NA,"JH2814",2021,NA,NA,NA,NA,NA,NA,NA,NA,NA,NA,NA,NA,1,"KL22MI0016","MI",2,"29.1",1,0.001286685,1,NA,-2.890527615,1,NA,0.0196387021274881,2.22639911308204,NA,-1.68531761695726,"Y","2022-03-06",0,1,NA
"2909",NA,NA,NA,NA,NA,NA,NA,NA,NA,NA,"JH2814",2024,NA,NA,NA,NA,NA,NA,NA,NA,NA,NA,NA,NA,0,"KL25MI0224","MI",2,"35 to 40",1,0.038760389,1,NA,-1.411611873,1,NA,0.0130307536985769,2.71894317976513,NA,-1.85291899908275,"Y","2025-03-13",0,1,NA
"2910",NA,NA,NA,NA,NA,NA,NA,NA,NA,NA,"JH2815",2021,NA,NA,NA,NA,NA,NA,NA,NA,NA,NA,NA,NA,1,"KL22MI0030","MI",2,"32.5",1,0.001673855,1,NA,-2.77628218,1,NA,0.0196387021274881,2.22639911308204,NA,-1.68531761695726,"Y","2022-03-06",1,1,NA
"2911",NA,NA,NA,NA,NA,NA,NA,NA,NA,NA,"JH2815",2022,NA,NA,NA,NA,NA,NA,NA,NA,NA,NA,NA,NA,1,"KL23MI0101","MI",2,"30 to 35",1,0.000594747,1,NA,-3.225667648,1,NA,0.0129821167301022,2.83586632609621,NA,-1.85442707647195,"Y","2023-03-01",0,1,NA
"2912",NA,NA,NA,NA,NA,NA,NA,NA,NA,NA,"JH2815",2023,NA,NA,NA,NA,NA,NA,NA,NA,NA,NA,NA,NA,0,"KL24MI0199","MI",2,"34.8",1,0.000457702,1,NA,-3.339417341,1,NA,0.0261417475814097,3.96040692640693,NA,-1.56636219276587,"Y","2024-02-29",0,1,NA
"2913",NA,NA,NA,NA,NA,NA,NA,NA,NA,NA,"JH2816",2020,NA,NA,NA,NA,NA,NA,NA,NA,NA,NA,NA,NA,0,"KL21MI0165","MI",0,"32.5",1,0.037357245,1,NA,-1.427625159,1,NA,0.0130307536985769,2.71894317976513,NA,-1.85291899908275,"N","2021-03-04",1,0,NA
"2914",NA,NA,NA,NA,NA,NA,NA,NA,NA,NA,"JH2817",2020,NA,NA,NA,NA,NA,NA,NA,NA,NA,NA,NA,NA,0,"KL21MI0166","MI",0,"32.5",1,0.008922401,1,NA,-2.049518286,1,NA,0.0130307536985769,2.71894317976513,NA,-1.85291899908275,"N","2021-03-04",1,0,NA
"2915",NA,NA,NA,NA,NA,NA,NA,NA,NA,NA,"JH2818",2020,NA,NA,NA,NA,NA,NA,NA,NA,NA,NA,NA,NA,0,"KL21MI0167","MI",0,"32.5",NA,0.007898511,NA,NA,-2.102454773,1,NA,0.0130307536985769,2.71894317976513,NA,-1.85291899908275,"N","2021-03-04",1,0,NA
"2916",NA,NA,NA,NA,NA,NA,NA,NA,NA,NA,"JH2819",2020,NA,NA,NA,NA,NA,NA,NA,NA,NA,NA,NA,NA,0,"KL21MI0168","MI",0,"32.5",NA,0.02268714,NA,NA,-1.644220249,1,NA,0.0130307536985769,2.71894317976513,NA,-1.85291899908275,"N","2021-03-04",1,0,NA
"2917",NA,NA,NA,NA,NA,NA,NA,NA,NA,NA,"JH2820",2020,NA,NA,NA,NA,NA,NA,NA,NA,NA,NA,NA,NA,0,"KL21MI0169","MI",0,"32.5",NA,0.01422031,NA,NA,-1.847090936,1,NA,0.0130307536985769,2.71894317976513,NA,-1.85291899908275,"N","2021-03-04",1,0,NA
"2918",NA,NA,NA,NA,NA,NA,NA,NA,NA,NA,"JH2821",2020,NA,NA,NA,NA,NA,NA,NA,NA,NA,NA,NA,NA,0,"KL21MI0175","MI",0,"38.3",1,0.001177735,1,NA,-2.928952511,1,NA,0.0130307536985769,2.71894317976513,NA,-1.85291899908275,"N","2021-03-04",1,0,NA
"2919",NA,NA,NA,NA,NA,NA,NA,NA,NA,NA,"JH2822",2020,NA,NA,NA,NA,NA,NA,NA,NA,NA,NA,NA,NA,0,"KL21MI0176","MI",0,"38.3",1,0.001213688,1,NA,-2.915893121,1,NA,0.0130307536985769,2.71894317976513,NA,-1.85291899908275,"N","2021-03-04",1,0,NA
"2920",NA,NA,NA,NA,NA,NA,NA,NA,NA,NA,"JH2823",2020,NA,NA,NA,NA,NA,NA,NA,NA,NA,NA,NA,NA,0,"KL21MI0177","MI",0,"38.3",1,0.001529821,2,NA,-2.815359382,1,NA,0.0130307536985769,2.71894317976513,NA,-1.85291899908275,"N","2021-03-04",1,0,NA
"2921",NA,NA,NA,NA,NA,NA,NA,NA,NA,NA,"JH2824",2020,NA,NA,NA,NA,NA,NA,NA,NA,NA,NA,NA,NA,0,"KL21MI0182","MI",0,"41.9",1,0.007217481,2,NA,-2.141614381,1,NA,0.0130307536985769,2.71894317976513,NA,-1.85291899908275,"N","2021-03-04",1,0,NA
"2922",NA,NA,NA,NA,NA,NA,NA,NA,NA,NA,"JH2825",2020,NA,NA,NA,NA,NA,NA,NA,NA,NA,NA,NA,NA,0,"KL21MI0183","MI",0,"41.9",1,0.001470086,2,NA,-2.832657258,1,NA,0.0130307536985769,2.71894317976513,NA,-1.85291899908275,"N","2021-03-04",1,0,NA
"2923",NA,NA,NA,NA,NA,NA,NA,NA,NA,NA,"JH2826",2020,NA,NA,NA,NA,NA,NA,NA,NA,NA,NA,NA,NA,0,"KL21MI0184","MI",0,"41.9",1,0.012899645,1,NA,-1.889422241,1,NA,0.0130307536985769,2.71894317976513,NA,-1.85291899908275,"N","2021-03-04",1,0,NA
"2924",NA,NA,NA,NA,NA,NA,NA,NA,NA,NA,"JH2827",2020,NA,NA,NA,NA,NA,NA,NA,NA,NA,NA,NA,NA,0,"KL21MI0185","MI",0,"41.9",1,0.18242875,1,NA,-0.738906718,1,NA,0.0130307536985769,2.71894317976513,NA,-1.85291899908275,"N","2021-03-04",1,0,NA
"2925",NA,NA,NA,NA,NA,NA,NA,NA,NA,NA,"JH2828",2020,NA,NA,NA,NA,NA,NA,NA,NA,NA,NA,NA,NA,0,"KL21MI0216","MI",0,"29.5",0,0.004086123,0,NA,-2.388688618,1,NA,0.0132509908915458,3.78603738525318,NA,-1.84615493749623,"N","2021-03-04",1,0,NA
"2926",NA,NA,NA,NA,NA,NA,NA,NA,NA,NA,"JH2829",2020,NA,NA,NA,NA,NA,NA,NA,NA,NA,NA,NA,NA,0,"KL21MI0220","MI",0,"33",1,0.001720607,1,NA,-2.764318441,1,NA,0.0132509908915458,3.78603738525318,NA,-1.84615493749623,"N","2021-03-04",1,0,NA
"2927",NA,NA,NA,NA,NA,NA,NA,NA,NA,NA,"JH2830",2020,NA,NA,NA,NA,NA,NA,NA,NA,NA,NA,NA,NA,0,"KL21MI0234","MI",0,"A",0,0.003316857,0,NA,-2.479273317,1,NA,0.0303855464211087,2.7493293418732,95.0573121401025,-1.50327030589788,"N","2021-03-05",1,0,NA
"2928",NA,NA,NA,NA,NA,NA,NA,NA,NA,NA,"JH2831",2020,NA,NA,NA,NA,NA,NA,NA,NA,NA,NA,NA,NA,1,"KL21MI0237","MI",1,"A",0,0.00371838,0,NA,-2.429646288,1,NA,0.0303855464211087,2.7493293418732,95.0573121401025,-1.50327030589788,"N","2021-03-05",1,1,NA
"2929",NA,NA,NA,NA,NA,NA,NA,NA,NA,NA,"JH2831",2021,NA,NA,NA,NA,NA,NA,NA,NA,NA,NA,NA,NA,0,"KL22MI0172","MI",1,"L",1,0.103143609,1,NA,-0.986557676,1,NA,0.0341065512945991,2.0860769800148,NA,-1.45461183152266,"Y","2022-03-07",0,1,NA
"2930",NA,NA,NA,NA,NA,NA,NA,NA,NA,NA,"JH2832",2020,NA,NA,NA,NA,NA,NA,NA,NA,NA,NA,NA,NA,1,"KL21MI0243","MI",1,"A",1,0.10102386,1,NA,-0.995576042,1,NA,0.0303855464211087,2.7493293418732,95.0573121401025,-1.50327030589788,"N","2021-03-05",1,1,NA
"2931",NA,NA,NA,NA,NA,NA,NA,NA,NA,NA,"JH2833",2020,NA,NA,NA,NA,NA,NA,NA,NA,NA,NA,NA,NA,0,"KL21MI0255","MI",0,"E",1,0.003558267,2,NA,-2.448761528,1,NA,0.0269821147709505,2.2641935483871,96.2241418314789,-1.5531194664472,"N","2021-03-05",1,0,NA
"2932",NA,NA,NA,NA,NA,NA,NA,NA,NA,NA,"JH2834",2020,NA,NA,NA,NA,NA,NA,NA,NA,NA,NA,NA,NA,1,"KL21MI0258","MI",4,"E",1,0.01105506,1,NA,-1.956438896,1,NA,0.0269821147709505,2.2641935483871,96.2241418314789,-1.5531194664472,"N","2021-03-05",1,1,NA
"2933",NA,NA,NA,NA,NA,NA,NA,NA,NA,NA,"JH2834",2021,NA,NA,NA,NA,NA,NA,NA,NA,NA,NA,NA,NA,1,"KL22MI0179","MI",4,"E",1,0.047382527,1,3.43,-1.324381784,1,0.164229444770412,0.0100965266698631,1.93022471910112,98.5578965198384,-1.95481293870593,"Y","2022-03-07",0,1,NA
"2934",NA,NA,NA,NA,NA,NA,NA,NA,NA,NA,"JH2834",2022,NA,NA,NA,NA,NA,NA,NA,NA,NA,NA,NA,NA,1,"KL23MI0191","MI",4,"E",1,0.00302959,2,NA,-2.518616173,1,NA,0.0138508881738884,2.49467994005566,NA,-1.82824757210542,"Y","2023-03-03",0,1,NA
"2935",NA,NA,NA,NA,NA,NA,NA,NA,NA,NA,"JH2835",2020,NA,NA,NA,NA,NA,NA,NA,NA,NA,NA,NA,NA,0,"KL21MI0261","MI",0,"E",1,0.001379257,1,NA,-2.860354803,1,NA,0.0269821147709505,2.2641935483871,96.2241418314789,-1.5531194664472,"N","2021-03-05",1,0,NA
"2936",NA,NA,NA,NA,NA,NA,NA,NA,NA,NA,"JH2836",2020,NA,NA,NA,NA,NA,NA,NA,NA,NA,NA,NA,NA,1,"KL21MI0262","MI",1,"G",1,0.19176715,1,NA,-0.717225786,1,NA,0.0129473404873149,2.58941129032258,98.2307420671399,-1.85550859682027,"N","2021-03-05",1,1,NA
"2937",NA,NA,NA,NA,NA,NA,NA,NA,NA,NA,"JH2837",2020,NA,NA,NA,NA,NA,NA,NA,NA,NA,NA,NA,NA,1,"KL21MI0265","MI",4,"G",NA,0.004122436,NA,NA,-2.384846078,1,NA,0.0129473404873149,2.58941129032258,98.2307420671399,-1.85550859682027,"N","2021-03-05",1,1,NA
"2938",NA,NA,NA,NA,NA,NA,NA,NA,NA,NA,"JH2837",2023,NA,NA,NA,NA,NA,NA,NA,NA,NA,NA,NA,NA,1,"KL24MI0021","MI",4,"E",1,0.001685388,2,NA,-2.773300168,1,NA,0.0182726874264162,3.12224071322437,NA,-1.71505772213306,"Y","2024-02-28",0,1,NA
"2939",NA,NA,NA,NA,NA,NA,NA,NA,NA,NA,"JH2842",2022,NA,NA,NA,NA,NA,NA,NA,NA,NA,NA,NA,NA,0,"KL23WI0676","WI",0,"B",0,0.0713399,0,NA,-1.146667503,1,NA,0.00711750722281278,7.63032323232323,99.3269507776963,-2.09057731627432,"Y","2023-03-12",1,0,NA
"2940",NA,NA,NA,NA,NA,NA,NA,NA,NA,NA,"JH2843",2018,NA,NA,NA,NA,NA,NA,NA,NA,NA,NA,NA,NA,1,"KL19WI0583","WI",1,"C",1,0.100962795,1,NA,-0.995838635,1,NA,0.0152400787418193,8.27642105263158,NA,-1.78941186936487,"Y","2019-03-05",1,1,NA
"2941",NA,NA,NA,NA,NA,NA,NA,NA,NA,NA,"JH2844",2021,NA,NA,NA,NA,NA,NA,NA,NA,NA,NA,NA,NA,0,"KL22WI0692","WI",0,"B",1,0.642054042,1,NA,-0.192428416,1,NA,0.007012414456388,4.97468168168168,NA,-2.09623659414295,"Y","2022-03-11",1,0,NA
"2942",NA,NA,NA,NA,NA,NA,NA,NA,NA,NA,"JH2862",2022,NA,NA,NA,NA,NA,NA,NA,NA,NA,NA,NA,NA,0,"KL23NY0097","NY",0,NA,1,0.000736972,1,6.05,-3.132549293,1,0.0118812744038092,NA,1.83239247311828,NA,NA,"N","2023-03-24",1,0,NA
"2943",NA,NA,NA,NA,NA,NA,NA,NA,NA,NA,"JH2866",2022,NA,NA,NA,NA,NA,NA,NA,NA,NA,NA,NA,NA,0,"KL23NY0093","NY",0,NA,1,0.004495351,1,6.05,-2.347236369,1,0.0118812744038092,NA,1.83239247311828,NA,NA,"N","2023-03-24",1,0,NA
"2944",NA,NA,NA,NA,NA,NA,NA,NA,NA,NA,"JH2867",2022,NA,NA,NA,NA,NA,NA,NA,NA,NA,NA,NA,NA,0,"KL23NY0107","NY",0,NA,0,0.007195812,0,6.05,-2.142920171,1,0.0118812744038092,NA,1.83239247311828,NA,NA,"N","2023-03-24",1,0,NA
"2945",NA,NA,NA,NA,NA,NA,NA,NA,NA,NA,"JH2868",2022,NA,NA,NA,NA,NA,NA,NA,NA,NA,NA,NA,NA,0,"KL23NY0110","NY",0,NA,0,0.002375424,0,6.05,-2.624258865,1,0.0118812744038092,NA,1.83239247311828,NA,NA,"N","2023-03-24",1,0,NA
"2946",NA,NA,NA,NA,NA,NA,NA,NA,NA,NA,"JH2869",2022,NA,NA,NA,NA,NA,NA,NA,NA,NA,NA,NA,NA,0,"KL23NY0111","NY",0,NA,0,0.001861896,0,5.75,-2.730044696,1,0.00654466228716865,NA,1.83239247311828,NA,NA,"N","2023-03-24",1,0,NA
"2947",NA,NA,NA,NA,NA,NA,NA,NA,NA,NA,"JH2870",2022,NA,NA,NA,NA,NA,NA,NA,NA,NA,NA,NA,NA,0,"KL23NY0113","NY",0,NA,1,0.005243613,1,5.75,-2.280369337,1,0.00654466228716865,NA,1.83239247311828,NA,NA,"N","2023-03-24",1,0,NA
"2948",NA,NA,NA,NA,NA,NA,NA,NA,NA,NA,"JH2871",2022,NA,NA,NA,NA,NA,NA,NA,NA,NA,NA,NA,NA,0,"KL23NY0118","NY",0,NA,1,0.000870004,1,4.76,-3.060478578,1,0.021559786951355,NA,1.83239247311828,NA,NA,"N","2023-03-24",1,0,NA
"2949",NA,NA,NA,NA,NA,NA,NA,NA,NA,NA,"JH2872",2022,NA,NA,NA,NA,NA,NA,NA,NA,NA,NA,NA,NA,0,"KL23NY0119","NY",0,NA,1,0.001009069,1,4.76,-2.996079345,1,0.021559786951355,NA,1.83239247311828,NA,NA,"N","2023-03-24",1,0,NA
"2950",NA,NA,NA,NA,NA,NA,NA,NA,NA,NA,"JH2873",2022,NA,NA,NA,NA,NA,NA,NA,NA,NA,NA,NA,NA,0,"KL23NY0121","NY",0,NA,0,0.002030204,0,4.76,-2.692460268,1,0.021559786951355,NA,1.83239247311828,NA,NA,"N","2023-03-24",1,0,NA
"2951",NA,NA,NA,NA,NA,NA,NA,NA,NA,NA,"JH2874",2022,NA,NA,NA,NA,NA,NA,NA,NA,NA,NA,NA,NA,0,"KL23NY0123","NY",0,NA,1,0.010666394,1,4.76,-1.971982386,1,0.021559786951355,NA,1.83239247311828,NA,NA,"N","2023-03-24",1,0,NA
"2952",NA,NA,NA,NA,NA,NA,NA,NA,NA,NA,"JH2875",2022,NA,NA,NA,NA,NA,NA,NA,NA,NA,NA,NA,NA,0,"KL23NY0124","NY",0,NA,1,0.007733978,1,4.42,-2.111597056,1,0.0113132243514715,NA,1.83239247311828,NA,NA,"N","2023-03-24",1,0,NA
"2953",NA,NA,NA,NA,NA,NA,NA,NA,NA,NA,"JH2876",2022,NA,NA,NA,NA,NA,NA,NA,NA,NA,NA,NA,NA,0,"KL23NY0138","NY",0,"13",1,0.000886583,2,3.3,-3.052280808,1,0.0158070799179022,0.0196749958519035,2.37035261067494,NA,-1.68455456890942,"N","2023-03-24",1,0,NA
"2954",NA,NA,NA,NA,NA,NA,NA,NA,NA,NA,"JH2877",2022,NA,NA,NA,NA,NA,NA,NA,NA,NA,NA,NA,NA,0,"KL23NY0140","NY",0,"13",1,0.02198294,1,3.3,-1.657914223,1,0.0158070799179022,0.0196749958519035,2.37035261067494,NA,-1.68455456890942,"N","2023-03-24",1,0,NA
"2955",NA,NA,NA,NA,NA,NA,NA,NA,NA,NA,"JH2883",2022,NA,NA,NA,NA,NA,NA,NA,NA,NA,NA,NA,NA,0,"KL23NY0152","NY",0,"6",1,0.000231807,1,NA,-3.634873109,1,NA,0.0196749958519035,2.37035261067494,NA,-1.68455456890942,"N","2023-03-24",1,0,NA
"2956",NA,NA,NA,NA,NA,NA,NA,NA,NA,NA,"JH2890",2022,NA,NA,NA,NA,NA,NA,NA,NA,NA,NA,NA,NA,0,"KL23NY0162","NY",0,"6",1,0.024903073,1,3.64,-1.603747066,1,0.0208624758791053,0.0196749958519035,2.37035261067494,NA,-1.68455456890942,"N","2023-03-24",1,0,NA
"2957",NA,NA,NA,NA,NA,NA,NA,NA,NA,NA,"JH2891",2022,NA,NA,NA,NA,NA,NA,NA,NA,NA,NA,NA,NA,0,"KL23NY0163","NY",0,"6",1,0.116908016,1,3.64,-0.93215571,1,0.0208624758791053,0.0196749958519035,2.37035261067494,NA,-1.68455456890942,"N","2023-03-24",1,0,NA
"2958",NA,NA,NA,NA,NA,NA,NA,NA,NA,NA,"JH2892",2023,NA,NA,NA,NA,NA,NA,NA,NA,NA,NA,NA,NA,0,"KL24NY0126","NY",0,NA,1,0.000547939,2,NA,-3.261267678,1,NA,0.0245021112138346,3.01268580826783,96.7806290304532,-1.59342386464194,"Y","2024-03-22",1,0,NA
"2959",NA,NA,NA,NA,NA,NA,NA,NA,NA,NA,"JH2893",2022,NA,NA,NA,NA,NA,NA,NA,NA,NA,NA,NA,NA,0,"KL23NY0189","NY",0,"CR",1,0.007506437,1,7.08,-2.124566176,1,0.206470863870723,NA,NA,NA,NA,"N","2023-03-25",1,0,NA
"2960",NA,NA,NA,NA,NA,NA,NA,NA,NA,NA,"JH2894",2022,NA,NA,NA,NA,NA,NA,NA,NA,NA,NA,NA,NA,0,"KL23NY0191","NY",0,"CR",1,0.005885283,1,7.08,-2.230232646,1,0.206470863870723,NA,NA,NA,NA,"N","2023-03-25",1,0,NA
"2961",NA,NA,NA,NA,NA,NA,NA,NA,NA,NA,"JH2895",2022,NA,NA,NA,NA,NA,NA,NA,NA,NA,NA,NA,NA,0,"KL23NY0193","NY",0,"CR",0,0.012723379,0,7.08,-1.895397533,1,0.206470863870723,NA,NA,NA,NA,"N","2023-03-25",1,0,NA
"2962",NA,NA,NA,NA,NA,NA,NA,NA,NA,NA,"JH2896",2022,NA,NA,NA,NA,NA,NA,NA,NA,NA,NA,NA,NA,0,"KL23NY0195","NY",0,"CR",1,0.013225983,1,7.08,-1.878572056,1,0.206470863870723,NA,NA,NA,NA,"N","2023-03-25",1,0,NA
"2963",NA,NA,NA,NA,NA,NA,NA,NA,NA,NA,"JH2898",2022,NA,NA,NA,NA,NA,NA,NA,NA,NA,NA,NA,NA,0,"KL23NY0199","NY",0,"CR",1,0.001562848,1,7.08,-2.806083335,1,0.206470863870723,NA,NA,NA,NA,"N","2023-03-25",1,0,NA
"2964",NA,NA,NA,NA,NA,NA,NA,NA,NA,NA,"JH2899",2022,NA,NA,NA,NA,NA,NA,NA,NA,NA,NA,NA,NA,0,"KL23NY0201","NY",0,"CR",1,0.000365553,2,NA,-3.43704989,1,NA,NA,NA,NA,NA,"N","2023-03-25",1,0,NA
"2965",NA,NA,NA,NA,NA,NA,NA,NA,NA,NA,"JH2951",2021,NA,NA,NA,NA,NA,NA,NA,NA,NA,NA,NA,NA,0,"KL22WI0234","WI",2,"1A",0,0.00223327,0,NA,-2.6510588,1,NA,0.0368162590800767,1.64580862533693,NA,-1.42232143533328,"Y","2022-03-01",0,1,NA
"2966",NA,NA,NA,NA,NA,NA,NA,NA,NA,NA,"JH2953",2020,NA,NA,NA,NA,NA,NA,NA,NA,NA,NA,NA,NA,0,"KL21MI0116","MI",0,"20.1",1,0.000106564,1,NA,-3.97238859,1,NA,0.0130307536985769,2.71894317976513,NA,-1.85291899908275,"N","2021-03-04",1,0,NA
"2967",NA,NA,NA,NA,NA,NA,NA,NA,NA,NA,"JH2954",2020,NA,NA,NA,NA,NA,NA,NA,NA,NA,NA,NA,NA,0,"KL21MI0119","MI",0,"21.1",1,0.000653264,1,NA,-3.184911241,1,NA,0.0130307536985769,2.71894317976513,NA,-1.85291899908275,"N","2021-03-04",1,0,NA
"2968",NA,NA,NA,NA,NA,NA,NA,NA,NA,NA,"JH2955",2020,NA,NA,NA,NA,NA,NA,NA,NA,NA,NA,NA,NA,0,"KL21MI0122","MI",0,"25",1,0.01676345,2,NA,-1.775636597,1,NA,0.0130307536985769,2.71894317976513,NA,-1.85291899908275,"N","2021-03-04",1,0,NA
"2969",NA,NA,NA,NA,NA,NA,NA,NA,NA,NA,"JH2956",2020,NA,NA,NA,NA,NA,NA,NA,NA,NA,NA,NA,NA,0,"KL21MI0125","MI",0,"26.1",1,0.001079541,2,NA,-2.96676098,1,NA,0.0130307536985769,2.71894317976513,NA,-1.85291899908275,"N","2021-03-04",1,0,NA
"2970",NA,NA,NA,NA,NA,NA,NA,NA,NA,NA,"JH2959",2020,NA,NA,NA,NA,NA,NA,NA,NA,NA,NA,NA,NA,0,"KL21WI0269","WI",0,"2A",0,0.001509334,0,NA,-2.821214645,1,NA,0.00615744011455357,1.83234567901235,99.0933803572743,-2.14524227698121,"N","2021-03-01",1,0,NA
"2971",NA,NA,NA,NA,NA,NA,NA,NA,NA,NA,"JH2961",2020,NA,NA,NA,NA,NA,NA,NA,NA,NA,NA,NA,NA,0,"KL21MI0131","MI",0,"28.3",1,0.005595015,1,NA,-2.252198784,1,NA,0.0130307536985769,2.71894317976513,NA,-1.85291899908275,"N","2021-03-04",1,0,NA
"2972",NA,NA,NA,NA,NA,NA,NA,NA,NA,NA,"JH2962",2020,NA,NA,NA,NA,NA,NA,NA,NA,NA,NA,NA,NA,0,"KL21MI0134","MI",0,"28.3",1,3.54e-05,1,NA,-4.451357819,1,NA,0.0130307536985769,2.71894317976513,NA,-1.85291899908275,"N","2021-03-04",1,0,NA
"2973",NA,NA,NA,NA,NA,NA,NA,NA,NA,NA,"JH2963",2020,NA,NA,NA,NA,NA,NA,NA,NA,NA,NA,NA,NA,0,"KL21MI0135","MI",0,"29.4",1,0.017901515,1,NA,-1.747110213,1,NA,0.0130307536985769,2.71894317976513,NA,-1.85291899908275,"N","2021-03-04",1,0,NA
"2974",NA,NA,NA,NA,NA,NA,NA,NA,NA,NA,"JH2965",2020,NA,NA,NA,NA,NA,NA,NA,NA,NA,NA,NA,NA,0,"KL21MI0148","MI",0,"30",1,0.001768005,1,NA,-2.752516634,1,NA,0.0130307536985769,2.71894317976513,NA,-1.85291899908275,"N","2021-03-04",1,0,NA
"2975",NA,NA,NA,NA,NA,NA,NA,NA,NA,NA,"JH2966",2020,NA,NA,NA,NA,NA,NA,NA,NA,NA,NA,NA,NA,0,"KL21MI0149","MI",0,"30",1,0.002721892,2,NA,-2.565129111,1,NA,0.0130307536985769,2.71894317976513,NA,-1.85291899908275,"N","2021-03-04",1,0,NA
"2976",NA,NA,NA,NA,NA,NA,NA,NA,NA,NA,"JH2967",2020,NA,NA,NA,NA,NA,NA,NA,NA,NA,NA,NA,NA,0,"KL21MI0157","MI",0,"32",1,0.001151674,2,NA,-2.938670626,1,NA,0.0130307536985769,2.71894317976513,NA,-1.85291899908275,"N","2021-03-04",1,0,NA
"2977",NA,NA,NA,NA,NA,NA,NA,NA,NA,NA,"JH2969",2020,NA,NA,NA,NA,NA,NA,NA,NA,NA,NA,NA,NA,0,"KL21MI0159","MI",0,"32.5",1,0.000168946,1,NA,-3.772251315,1,NA,0.0130307536985769,2.71894317976513,NA,-1.85291899908275,"N","2021-03-04",1,0,NA
"2978",NA,NA,NA,NA,NA,NA,NA,NA,NA,NA,"JH2970",2020,NA,NA,NA,NA,NA,NA,NA,NA,NA,NA,NA,NA,1,"KL21MI0146","MI",2,"30",1,0.002117511,1,NA,-2.674174427,1,NA,0.0130307536985769,2.71894317976513,NA,-1.85291899908275,"N","2021-03-04",1,1,NA
"2979",NA,NA,NA,NA,NA,NA,NA,NA,NA,NA,"JH2970",2021,NA,NA,NA,NA,NA,NA,NA,NA,NA,NA,NA,NA,1,"KL22MI0027","MI",2,"30.9",1,0.029267296,1,NA,-1.533617407,1,NA,0.0196387021274881,2.22639911308204,NA,-1.68531761695726,"Y","2022-03-06",0,1,NA
"2980",NA,NA,NA,NA,NA,NA,NA,NA,NA,NA,"JH2970",2022,NA,NA,NA,NA,NA,NA,NA,NA,NA,NA,NA,NA,0,"KL23MI0099","MI",2,"30 to 35",1,0.004906872,3,NA,-2.309195261,1,NA,0.0129821167301022,2.83586632609621,NA,-1.85442707647195,"Y","2023-03-01",0,1,NA
"2981",NA,NA,NA,NA,NA,NA,NA,NA,NA,NA,"JH2977",2022,NA,NA,NA,NA,NA,NA,NA,NA,NA,NA,NA,NA,1,"KL23MI0176","MI",3,"C",1,0.008007128,1,NA,-2.09652321,1,NA,0.00804168747684151,-1.1458064516129,NA,-2.04375050829806,"Y","2023-03-03",0,1,NA
"2982",NA,NA,NA,NA,NA,NA,NA,NA,NA,NA,"JH2977",2023,NA,NA,NA,NA,NA,NA,NA,NA,NA,NA,NA,NA,0,"KL24MI0019","MI",3,"C",1,0.001234063,1,NA,-2.90866251,1,NA,0.00432360278077304,-2.10120535714286,99.1715258455298,-2.27379435675749,"Y","2024-02-28",0,1,NA
"2983",NA,NA,NA,NA,NA,NA,NA,NA,NA,NA,"JH2980",2022,NA,NA,NA,NA,NA,NA,NA,NA,NA,NA,NA,NA,1,"KL23MI0010","MI",5,"10 to 15",0,0.001436243,0,NA,-2.842771978,1,NA,0.0184782807128241,5.56125252525252,97.9258743464042,-1.71044937958706,"Y","2023-03-01",0,1,NA
"2984",NA,NA,NA,NA,NA,NA,NA,NA,NA,NA,"JH2982",2022,NA,NA,NA,NA,NA,NA,NA,NA,NA,NA,NA,NA,1,"KL23MI0027","MI",6,"10 to 15",0,0.008988649,0,NA,-2.046305597,1,NA,0.0184782807128241,5.56125252525252,97.9258743464042,-1.71044937958706,"Y","2023-03-01",0,1,NA
"2985",NA,NA,NA,NA,NA,NA,NA,NA,NA,NA,"JH2987",2021,NA,NA,NA,NA,NA,NA,NA,NA,NA,NA,NA,NA,0,"KL22WI0763","WI",1,"WW",1,1.698829737,1,6.05,0.230149855,1,0.0564681603098868,NA,5.07715464489796,NA,NA,"Y","2022-03-12",0,1,NA
"2986",NA,NA,NA,NA,NA,NA,NA,NA,NA,NA,"JH2989",2022,NA,NA,NA,NA,NA,NA,NA,NA,NA,NA,NA,NA,1,"KL23WI0639","WI",2,"WL",1,0.074389547,1,NA,-1.128488087,1,NA,0.00383016585581764,7.80072874493927,NA,-2.3160379564059,"Y","2023-03-11",0,1,NA
"2987",NA,NA,NA,NA,NA,NA,NA,NA,NA,NA,"JH2992",2020,NA,NA,NA,NA,NA,NA,NA,NA,NA,NA,NA,NA,0,"KL21WI0314","WI",0,"1B",0,4.87e-05,0,NA,-4.312795231,1,NA,0.0385983273884103,1.87892953929539,94.4174342508266,-1.40232315804734,"N","2021-03-01",1,0,NA
"2988",NA,NA,NA,NA,NA,NA,NA,NA,NA,NA,"JH2993",2020,NA,NA,NA,NA,NA,NA,NA,NA,NA,NA,NA,NA,0,"KL21WI0317","WI",0,"1B",0,1.25e-05,0,NA,-4.904302317,1,NA,0.0385983273884103,1.87892953929539,94.4174342508266,-1.40232315804734,"N","2021-03-01",1,0,NA
"2989",NA,NA,NA,NA,NA,NA,NA,NA,NA,NA,"JH2994",2020,NA,NA,NA,NA,NA,NA,NA,NA,NA,NA,NA,NA,0,"KL21WI0320","WI",0,"1B",0,0.000511855,0,NA,-3.290852668,1,NA,0.0385983273884103,1.87892953929539,94.4174342508266,-1.40232315804734,"N","2021-03-01",1,0,NA
"2990",NA,NA,NA,NA,NA,NA,NA,NA,NA,NA,"JH2995",2022,NA,NA,NA,NA,NA,NA,NA,NA,NA,NA,NA,NA,0,"KL23IL0148","IL",0,"L2",1,0.000538358,1,NA,-3.268928791,1,NA,0.0140364715845972,8.58941176470588,98.7425916762635,-1.82285406208987,"N","2023-03-10",1,0,NA
"2991",NA,NA,NA,NA,NA,NA,NA,NA,NA,NA,"JH2996",2022,NA,NA,NA,NA,NA,NA,NA,NA,NA,NA,NA,NA,0,"KL23IL0150","IL",0,"L2",1,0.003690101,1,NA,-2.432961718,1,NA,0.0140364715845972,8.58941176470588,98.7425916762635,-1.82285406208987,"N","2023-03-10",1,0,NA
"2992",NA,NA,NA,NA,NA,NA,NA,NA,NA,NA,"JH3252",2024,NA,NA,NA,NA,NA,NA,NA,NA,NA,NA,NA,NA,0,"KL25MI0003","MI",4,"A",1,0.012410683,1,NA,-1.906204317,1,NA,0.0452125888102781,3.16055769230769,94.0744877971827,-1.335239701801,"Y","2025-03-12",0,1,NA
"2993",NA,NA,NA,NA,NA,NA,NA,NA,NA,NA,"JH3253",2019,NA,NA,NA,NA,NA,NA,NA,NA,NA,NA,NA,NA,1,"KL20MI0046","MI",2,"B",1,0.07646815,1,NA,-1.116519417,1,NA,0.0413547678883675,3.58778260869565,NA,-1.37309769392699,"Y","2020-03-06",1,1,NA
"2994",NA,NA,NA,NA,NA,NA,NA,NA,NA,NA,"JH3258",2022,NA,NA,NA,NA,NA,NA,NA,NA,NA,NA,NA,NA,0,"KL23MI0178","MI",1,"C",1,0.035512864,1,NA,-1.449614302,1,NA,0.00804168747684151,-1.1458064516129,NA,-2.04375050829806,"Y","2023-03-03",0,1,NA
"2995",NA,NA,NA,NA,NA,NA,NA,NA,NA,NA,"JH3263",2023,NA,NA,NA,NA,NA,NA,NA,NA,NA,NA,NA,NA,1,"KL24MI0148","MI",8,"19.2",NA,0.003018512,NA,NA,-2.520207139,1,NA,0.0092996060195015,5.76979459459459,NA,-1.98717938760832,"Y","2024-02-29",0,1,NA
"2996",NA,NA,NA,NA,NA,NA,NA,NA,NA,NA,"JH3266",2024,NA,NA,NA,NA,NA,NA,NA,NA,NA,NA,NA,NA,0,"KL25MI0111","MI",6,"15 to 20",1,0.00298626,1,NA,-2.524872439,1,NA,0.0068342891863462,5.59399193548387,99.2502785151233,-2.10600040142277,"Y","2025-03-12",0,1,NA
"2997",NA,NA,NA,NA,NA,NA,NA,NA,NA,NA,"JH3271",2019,NA,NA,NA,NA,NA,NA,NA,NA,NA,NA,NA,NA,1,"KL20WI0254","WI",4,"B",0,0.01617818,0,NA,-1.791070337,1,NA,0.0127752423222436,7.59575230228392,NA,-1.86090075267308,"N","2020-02-29",1,1,NA
"2998",NA,NA,NA,NA,NA,NA,NA,NA,NA,NA,"JH3271",2020,NA,NA,NA,NA,NA,NA,NA,NA,NA,NA,NA,NA,1,"KL21WI0051","WI",4,"A",1,0.06216868,1,NA,-1.206428354,1,NA,0.0148643254688095,6.21990476190476,98.4143506331709,-1.79957838882683,"Y","2021-02-25",0,1,NA
"2999",NA,NA,NA,NA,NA,NA,NA,NA,NA,NA,"JH3272",2019,NA,NA,NA,NA,NA,NA,NA,NA,NA,NA,NA,NA,1,"KL20WI0257","WI",2,"B",0,0.2349922,0,NA,-0.628946553,1,NA,0.0127752423222436,7.59575230228392,NA,-1.86090075267308,"N","2020-02-29",1,1,NA
"3000",NA,NA,NA,NA,NA,NA,NA,NA,NA,NA,"JH3272",2020,NA,NA,NA,NA,NA,NA,NA,NA,NA,NA,NA,NA,1,"KL21WI0064","WI",2,"B",1,0.005530069,1,NA,-2.257269489,1,NA,0.00713683458105821,7.66593301435407,99.2793223308782,-2.08954451296639,"Y","2021-02-25",0,1,NA
"3001",NA,NA,NA,NA,NA,NA,NA,NA,NA,NA,"JH3272",2024,NA,NA,NA,NA,NA,NA,NA,NA,NA,NA,NA,NA,0,"KL25WI0353","WI",2,"B",1,0.009844653,1,7.29,-2.006799576,1,0,0.0203052228963963,7.74869914135626,NA,-1.67151391782736,"Y","2025-03-07",0,1,NA
"3002",NA,NA,NA,NA,NA,NA,NA,NA,NA,NA,"JH3273",2019,NA,NA,NA,NA,NA,NA,NA,NA,NA,NA,NA,NA,0,"KL20WI0258","WI",0,"B",0,0.053778515,0,NA,-1.269391194,1,NA,0.0127752423222436,7.59575230228392,NA,-1.86090075267308,"N","2020-02-29",1,0,NA
"3003",NA,NA,NA,NA,NA,NA,NA,NA,NA,NA,"JH3274",2019,NA,NA,NA,NA,NA,NA,NA,NA,NA,NA,NA,NA,1,"KL20WI0261","WI",1,"C",0,8.78e-06,0,NA,-5.056309156,1,NA,0.0138530677565388,8.21125723730862,NA,-1.8281838377852,"N","2020-02-29",1,1,NA
"3004",NA,NA,NA,NA,NA,NA,NA,NA,NA,NA,"JH3275",2019,NA,NA,NA,NA,NA,NA,NA,NA,NA,NA,NA,NA,0,"KL20WI0265","WI",0,"C",NA,0.7963057,NA,NA,-0.098920176,1,NA,0.0138530677565388,8.21125723730862,NA,-1.8281838377852,"N","2020-02-29",1,0,NA
"3005",NA,NA,NA,NA,NA,NA,NA,NA,NA,NA,"JH3276",2019,NA,NA,NA,NA,NA,NA,NA,NA,NA,NA,NA,NA,0,"KL20WI0266","WI",0,"C",0,0.05839972,0,NA,-1.233589235,1,NA,0.0138530677565388,8.21125723730862,NA,-1.8281838377852,"N","2020-02-29",1,0,NA
"3006",NA,NA,NA,NA,NA,NA,NA,NA,NA,NA,"JH3277",2019,NA,NA,NA,NA,NA,NA,NA,NA,NA,NA,NA,NA,1,"KL20WI0267","WI",2,"C",0,0.04621933,0,NA,-1.335176354,1,NA,0.0138530677565388,8.21125723730862,NA,-1.8281838377852,"N","2020-02-29",1,1,NA
"3007",NA,NA,NA,NA,NA,NA,NA,NA,NA,NA,"JH3278",2019,NA,NA,NA,NA,NA,NA,NA,NA,NA,NA,NA,NA,1,"KL20WI0273","WI",3,"C",0,0.2036895,0,NA,-0.691031358,1,NA,0.0138530677565388,8.21125723730862,NA,-1.8281838377852,"N","2020-02-29",1,1,NA
"3008",NA,NA,NA,NA,NA,NA,NA,NA,NA,NA,"JH3278",2023,NA,NA,NA,NA,NA,NA,NA,NA,NA,NA,NA,NA,1,"KL24WI0465","WI",3,"C",1,0.000335131,1,NA,-3.474784979,1,NA,0.0152400787418193,8.1780816993464,NA,-1.78941186936487,"Y","2024-03-13",0,1,NA
"3009",NA,NA,NA,NA,NA,NA,NA,NA,NA,NA,"JH3278",2024,NA,NA,NA,NA,NA,NA,NA,NA,NA,NA,NA,NA,0,"KL25WI0359","WI",3,"C",1,0.003552551,1,7.89,-2.449459666,1,0,0.0152400787418193,8.1780816993464,NA,-1.78941186936487,"Y","2025-03-07",0,1,NA
"3010",NA,NA,NA,NA,NA,NA,NA,NA,NA,NA,"JH3279",2019,NA,NA,NA,NA,NA,NA,NA,NA,NA,NA,NA,NA,1,"KL20WI0274","WI",3,"C",0,0.15656365,0,NA,-0.805309062,1,NA,0.0138530677565388,8.21125723730862,NA,-1.8281838377852,"N","2020-02-29",1,1,NA
"3011",NA,NA,NA,NA,NA,NA,NA,NA,NA,NA,"JH3279",2024,NA,NA,NA,NA,NA,NA,NA,NA,NA,NA,NA,NA,0,"KL25WI0362","WI",3,"C",0,0.001536636,0,7.76,-2.813428888,1,0,0.0152400787418193,8.1780816993464,NA,-1.78941186936487,"Y","2025-03-07",0,1,NA
"3012",NA,NA,NA,NA,NA,NA,NA,NA,NA,NA,"JH3281",2019,NA,NA,NA,NA,NA,NA,NA,NA,NA,NA,NA,NA,0,"KL20WI0277","WI",0,"C",NA,0.04336055,NA,NA,-1.362905218,1,NA,0.0138530677565388,8.21125723730862,NA,-1.8281838377852,"N","2020-02-29",1,0,NA
"3013",NA,NA,NA,NA,NA,NA,NA,NA,NA,NA,"JH3282",2019,NA,NA,NA,NA,NA,NA,NA,NA,NA,NA,NA,NA,0,"KL20WI0279","WI",0,"C",0,0.013047765,0,NA,-1.884463874,1,NA,0.0138530677565388,8.21125723730862,NA,-1.8281838377852,"N","2020-02-29",1,0,NA
"3014",NA,NA,NA,NA,NA,NA,NA,NA,NA,NA,"JH3283",2019,NA,NA,NA,NA,NA,NA,NA,NA,NA,NA,NA,NA,0,"KL20WI0280","WI",0,"C",NA,0.000685652,NA,NA,-3.163896126,1,NA,0.0138530677565388,8.21125723730862,NA,-1.8281838377852,"N","2020-02-29",1,0,NA
"3015",NA,NA,NA,NA,NA,NA,NA,NA,NA,NA,"JH3284",2019,NA,NA,NA,NA,NA,NA,NA,NA,NA,NA,NA,NA,1,"KL20WI0130","WI",6,"C",0,0.008865702,0,NA,-2.052286871,1,NA,0.0138530677565388,8.21125723730862,NA,-1.8281838377852,"N","2020-02-29",1,1,NA
"3016",NA,NA,NA,NA,NA,NA,NA,NA,NA,NA,"JH3284",2024,NA,NA,NA,NA,NA,NA,NA,NA,NA,NA,NA,NA,0,"KL25WI0358","WI",6,"C",1,0.017129622,1,7.76,-1.766252229,1,0.00557350676703015,0.0152400787418193,8.1780816993464,NA,-1.78941186936487,"Y","2025-03-07",0,1,NA
"3017",NA,NA,NA,NA,NA,NA,NA,NA,NA,NA,"JH3285",2019,NA,NA,NA,NA,NA,NA,NA,NA,NA,NA,NA,NA,0,"KL20WI0452","WI",0,"5A",0,0.0128909,0,NA,-1.889716761,1,NA,NA,NA,NA,NA,"Y","2020-03-02",1,0,NA
"3018",NA,NA,NA,NA,NA,NA,NA,NA,NA,NA,"JH3286",2019,NA,NA,NA,NA,NA,NA,NA,NA,NA,NA,NA,NA,0,"KL20WI0453","WI",0,"4A",1,5.43e-06,1,NA,-5.265345599,1,NA,NA,NA,NA,NA,"N","2020-03-02",1,0,NA
"3019",NA,NA,NA,NA,NA,NA,NA,NA,NA,NA,"JH3287",2019,NA,NA,NA,NA,NA,NA,NA,NA,NA,NA,NA,NA,0,"KL20WI0456","WI",0,"4A",0,0.004258196,0,NA,-2.370774403,1,NA,NA,NA,NA,NA,"N","2020-03-02",1,0,NA
"3020",NA,NA,NA,NA,NA,NA,NA,NA,NA,NA,"JH3288",2019,NA,NA,NA,NA,NA,NA,NA,NA,NA,NA,NA,NA,0,"KL20WI0459","WI",0,"4A",0,0.007682074,0,NA,-2.114521514,1,NA,NA,NA,NA,NA,"N","2020-03-02",1,0,NA
"3021",NA,NA,NA,NA,NA,NA,NA,NA,NA,NA,"JH3289",2019,NA,NA,NA,NA,NA,NA,NA,NA,NA,NA,NA,NA,0,"KL20WI0462","WI",0,"4A",0,0.002037749,0,NA,-2.690849418,1,NA,NA,NA,NA,NA,"N","2020-03-02",1,0,NA
"3022",NA,NA,NA,NA,NA,NA,NA,NA,NA,NA,"JH3290",2019,NA,NA,NA,NA,NA,NA,NA,NA,NA,NA,NA,NA,0,"KL20WI0465","WI",0,"4A",1,0.002349606,1,NA,-2.629004957,1,NA,NA,NA,NA,NA,"N","2020-03-02",1,0,NA
"3023",NA,NA,NA,NA,NA,NA,NA,NA,NA,NA,"JH3291",2019,NA,NA,NA,NA,NA,NA,NA,NA,NA,NA,NA,NA,0,"KL20WI0468","WI",0,"4A",0,0.001181104,0,NA,-2.927711713,1,NA,NA,NA,NA,NA,"N","2020-03-02",1,0,NA
"3024",NA,NA,NA,NA,NA,NA,NA,NA,NA,NA,"JH3292",2019,NA,NA,NA,NA,NA,NA,NA,NA,NA,NA,NA,NA,0,"KL20MI0116","MI",0,"10.8",1,0.000212611,1,NA,-3.672415189,1,NA,0.00769691397508161,3.23129900332226,NA,-2.06063482569769,"N","2020-03-07",1,0,NA
"3025",NA,NA,NA,NA,NA,NA,NA,NA,NA,NA,"JH3293",2019,NA,NA,NA,NA,NA,NA,NA,NA,NA,NA,NA,NA,0,"KL20MI0119","MI",0,"11.2",1,0.002435343,1,NA,-2.613439863,1,NA,0.00769691397508161,3.23129900332226,NA,-2.06063482569769,"N","2020-03-07",1,0,NA
"3026",NA,NA,NA,NA,NA,NA,NA,NA,NA,NA,"JH3294",2019,NA,NA,NA,NA,NA,NA,NA,NA,NA,NA,NA,NA,0,"KL20MI0122","MI",0,"19",1,0.004417262,1,NA,-2.35484689,1,NA,0.00769691397508161,3.23129900332226,NA,-2.06063482569769,"N","2020-03-07",1,0,NA
"3027",NA,NA,NA,NA,NA,NA,NA,NA,NA,NA,"JH3295",2019,NA,NA,NA,NA,NA,NA,NA,NA,NA,NA,NA,NA,0,"KL20MI0125","MI",0,"19.5",1,0.002164249,2,NA,-2.664692774,1,NA,0.00769691397508161,3.23129900332226,NA,-2.06063482569769,"N","2020-03-07",1,0,NA
"3028",NA,NA,NA,NA,NA,NA,NA,NA,NA,NA,"JH3296",2019,NA,NA,NA,NA,NA,NA,NA,NA,NA,NA,NA,NA,0,"KL20MI0126","MI",0,"19.5",1,0.005328744,1,NA,-2.273375143,1,NA,0.00769691397508161,3.23129900332226,NA,-2.06063482569769,"N","2020-03-07",1,0,NA
"3029",NA,NA,NA,NA,NA,NA,NA,NA,NA,NA,"JH3297",2019,NA,NA,NA,NA,NA,NA,NA,NA,NA,NA,NA,NA,0,"KL20MI0129","MI",0,"20.5",1,0.02839132,1,NA,-1.546814415,1,NA,0.00769691397508161,3.23129900332226,NA,-2.06063482569769,"N","2020-03-07",1,0,NA
"3030",NA,NA,NA,NA,NA,NA,NA,NA,NA,NA,"JH3298",2019,NA,NA,NA,NA,NA,NA,NA,NA,NA,NA,NA,NA,0,"KL20MI0132","MI",0,"26.3",1,0.001242225,1,NA,-2.90579991,1,NA,0.00769691397508161,3.23129900332226,NA,-2.06063482569769,"N","2020-03-07",1,0,NA
"3031",NA,NA,NA,NA,NA,NA,NA,NA,NA,NA,"JH3299",2019,NA,NA,NA,NA,NA,NA,NA,NA,NA,NA,NA,NA,0,"KL20MI0135","MI",0,"27",1,0.000195018,2,NA,-3.70992597,1,NA,0.00769691397508161,3.23129900332226,NA,-2.06063482569769,"N","2020-03-07",1,0,NA
"3032",NA,NA,NA,NA,NA,NA,NA,NA,NA,NA,"JH3300",2019,NA,NA,NA,NA,NA,NA,NA,NA,NA,NA,NA,NA,0,"KL20MI0137","MI",0,"27.5",1,0.001610685,1,NA,-2.792989521,1,NA,0.00769691397508161,3.23129900332226,NA,-2.06063482569769,"N","2020-03-07",1,0,NA
"3033",NA,NA,NA,NA,NA,NA,NA,NA,NA,NA,"JH3304",2024,NA,NA,NA,NA,NA,NA,NA,NA,NA,NA,NA,NA,0,"KL25WI0352","WI",1,"B",1,0.010636006,1,6.48,-1.973221419,1,0.00669264533040899,0.0203052228963963,7.74869914135626,NA,-1.67151391782736,"Y","2025-03-07",0,1,NA
"3034",NA,NA,NA,NA,NA,NA,NA,NA,NA,NA,"JH3306",2023,NA,NA,NA,NA,NA,NA,NA,NA,NA,NA,NA,NA,0,"KL24WI0444","WI",2,"A",1,0.013812889,1,NA,-1.85971549,1,NA,0.0540635183620746,4.79889495724466,NA,-1.25913604219049,"Y","2024-03-13",0,1,NA
"3035",NA,NA,NA,NA,NA,NA,NA,NA,NA,NA,"JH3311",2023,NA,NA,NA,NA,NA,NA,NA,NA,NA,NA,NA,NA,0,"KL24WI0015","WI",1,"1A",0,2.17e-07,0,NA,-6.663350669,1,NA,0.0381293544058856,2.11401575866727,NA,-1.40749731745261,"Y","2024-03-04",0,1,NA
"3036",NA,NA,NA,NA,NA,NA,NA,NA,NA,NA,"JH3315",2023,NA,NA,NA,NA,NA,NA,NA,NA,NA,NA,NA,NA,0,"KL24WI0005","WI",1,"1A",0,0.00173318,0,NA,-2.761156395,1,NA,0.0381293544058856,2.11401575866727,NA,-1.40749731745261,"Y","2024-03-04",0,1,NA
"3037",NA,NA,NA,NA,NA,NA,NA,NA,NA,NA,"JH3317",2022,NA,NA,NA,NA,NA,NA,NA,NA,NA,NA,NA,NA,0,"KL23WI0300","WI",3,"A35",0,0.00343521,0,NA,-2.46404677,1,NA,0.0448112032860784,1.94853829558495,NA,-1.3390283008098,"Y","2023-03-06",0,1,NA
"3038",NA,NA,NA,NA,NA,NA,NA,NA,NA,NA,"JH3329",2021,NA,NA,NA,NA,NA,NA,NA,NA,NA,NA,NA,NA,0,"KL22WI0180","WI",1,"3",0,0.000498706,0,8.19,-3.302155247,1,0.0421986782415785,NA,NA,NA,NA,"Y","2022-02-28",0,1,NA
"3039",NA,NA,NA,NA,NA,NA,NA,NA,NA,NA,"JH3331",2023,NA,NA,NA,NA,NA,NA,NA,NA,NA,NA,NA,NA,0,"KL24WI0338","WI",1,"14",1,0.001549082,1,NA,-2.809925484,1,NA,0.0152931055615139,5.85180473372781,98.3485497313784,-1.78799612872508,"Y","2024-03-12",0,1,NA
"3040",NA,NA,NA,NA,NA,NA,NA,NA,NA,NA,"JH3503",2024,NA,NA,NA,NA,NA,NA,NA,NA,NA,NA,NA,NA,0,"KL25MI0095","MI",4,"15 to 20",1,0.007660887,1,NA,-2.115720935,1,NA,0.0068342891863462,5.59399193548387,99.2502785151233,-2.10600040142277,"Y","2025-03-12",0,1,NA
"3041",NA,NA,NA,NA,NA,NA,NA,NA,NA,NA,"JH3505",2023,NA,NA,NA,NA,NA,NA,NA,NA,NA,NA,NA,NA,1,"KL24MI0121","MI",5,"16.5",1,0.001236857,1,NA,-2.907680514,1,NA,0.0092996060195015,5.76979459459459,NA,-1.98717938760832,"Y","2024-02-29",0,1,NA
"3042",NA,NA,NA,NA,NA,NA,NA,NA,NA,NA,"JH3507",2021,NA,NA,NA,NA,NA,NA,NA,NA,NA,NA,NA,NA,0,"KL22MI0214","MI",0,"0 to 5",0,0.001088937,0,5.4,-2.962997411,1,0.0103562755395685,0.0149124163870934,5.43212669683258,NA,-1.79826386536307,"Y","2022-03-07",1,0,NA
"3043",NA,NA,NA,NA,NA,NA,NA,NA,NA,NA,"JH3514",2021,NA,NA,NA,NA,NA,NA,NA,NA,NA,NA,NA,NA,1,"KL22MI0137","MI",2,"28.3",0,0.001613589,0,NA,-2.79220696,1,NA,0.0132509908915458,3.78603738525318,NA,-1.84615493749623,"Y","2022-03-06",1,1,NA
"3044",NA,NA,NA,NA,NA,NA,NA,NA,NA,NA,"JH3515",2021,NA,NA,NA,NA,NA,NA,NA,NA,NA,NA,NA,NA,1,"KL22MI0138","MI",2,"28.3",1,0.00082502,1,NA,-3.083535768,1,NA,0.0132509908915458,3.78603738525318,NA,-1.84615493749623,"Y","2022-03-06",1,1,NA
"3045",NA,NA,NA,NA,NA,NA,NA,NA,NA,NA,"JH3523",2023,NA,NA,NA,NA,NA,NA,NA,NA,NA,NA,NA,NA,1,"KL24MI0011","MI",5,"B",1,0.00517775,1,NA,-2.285858959,1,NA,0.014594792028516,3.58012931034483,NA,-1.80702041260098,"Y","2024-02-28",0,1,NA
"3046",NA,NA,NA,NA,NA,NA,NA,NA,NA,NA,"JH3528",2021,NA,NA,NA,NA,NA,NA,NA,NA,NA,NA,NA,NA,0,"KL22MI0163","MI",0,"A",1,0.048450511,1,2.56,-1.31470164,1,0.124536713439763,0.0574124491114707,1.7945641025641,91.6879918336266,-1.23349458432187,"Y","2022-03-07",1,0,NA
"3047",NA,NA,NA,NA,NA,NA,NA,NA,NA,NA,"JH3530",2022,NA,NA,NA,NA,NA,NA,NA,NA,NA,NA,NA,NA,1,"KL23MI0179","MI",3,"C",1,0.059353568,1,NA,-1.226553167,1,NA,0.00804168747684151,-1.1458064516129,NA,-2.04375050829806,"Y","2023-03-03",0,1,NA
"3048",NA,NA,NA,NA,NA,NA,NA,NA,NA,NA,"JH3533",2021,NA,NA,NA,NA,NA,NA,NA,NA,NA,NA,NA,NA,1,"KL22MI0206","MI",1,"J",1,0.012566931,1,4.2,-1.900770756,1,0.214478028365451,0.0341065512945991,3.8668115942029,NA,-1.45461183152266,"Y","2022-03-07",1,1,NA
"3049",NA,NA,NA,NA,NA,NA,NA,NA,NA,NA,"JH3533",2022,NA,NA,NA,NA,NA,NA,NA,NA,NA,NA,NA,NA,0,"KL23MI0186","MI",1,"C",1,0.063524923,2,NA,-1.197055853,1,NA,0.00804168747684151,-1.1458064516129,NA,-2.04375050829806,"Y","2023-03-03",0,1,NA
"3050",NA,NA,NA,NA,NA,NA,NA,NA,NA,NA,"JH3534",2021,NA,NA,NA,NA,NA,NA,NA,NA,NA,NA,NA,NA,1,"KL22MI0164","MI",1,"B",1,0.010795311,1,3.13,-1.966764837,1,0.168662419911431,0.0341065512945991,3.58778260869565,NA,-1.45461183152266,"Y","2022-03-07",1,1,NA
"3051",NA,NA,NA,NA,NA,NA,NA,NA,NA,NA,"JH3536",2021,NA,NA,NA,NA,NA,NA,NA,NA,NA,NA,NA,NA,1,"KL22MI0155","MI",1,"A",1,0.001374329,1,2.06,-2.861909382,1,0.12966306149026,0.0574124491114707,1.7945641025641,91.6879918336266,-1.23349458432187,"Y","2022-03-07",1,1,NA
"3052",NA,NA,NA,NA,NA,NA,NA,NA,NA,NA,"JH3537",2021,NA,NA,NA,NA,NA,NA,NA,NA,NA,NA,NA,NA,1,"KL22MI0159","MI",2,"A",1,0.001235235,1,2.1,-2.908250302,1,0.109218624919168,0.0574124491114707,1.7945641025641,91.6879918336266,-1.23349458432187,"Y","2022-03-07",1,1,NA
"3053",NA,NA,NA,NA,NA,NA,NA,NA,NA,NA,"JH3538",2021,NA,NA,NA,NA,NA,NA,NA,NA,NA,NA,NA,NA,0,"KL22MI0160","MI",0,"A",1,0.00041334,1,2.1,-3.383692646,1,0.109218624919168,0.0574124491114707,1.7945641025641,91.6879918336266,-1.23349458432187,"Y","2022-03-07",1,0,NA
"3054",NA,NA,NA,NA,NA,NA,NA,NA,NA,NA,"JH3540",2023,NA,NA,NA,NA,NA,NA,NA,NA,NA,NA,NA,NA,0,"KL24MI0039","MI",0,"C",0,0.011711625,0,NA,-1.931382841,1,NA,0.00432360278077304,-2.10120535714286,99.1715258455298,-2.27379435675749,"Y","2024-02-28",1,0,NA
"3055",NA,NA,NA,NA,NA,NA,NA,NA,NA,NA,"JH3542",2021,NA,NA,NA,NA,NA,NA,NA,NA,NA,NA,NA,NA,0,"KL22MI0200","MI",0,"I",1,0.092642199,1,5.53,-1.033191146,1,0.164597906199015,0.0341065512945991,2.0860769800148,NA,-1.45461183152266,"Y","2022-03-07",1,0,NA
"3056",NA,NA,NA,NA,NA,NA,NA,NA,NA,NA,"JH3543",2021,NA,NA,NA,NA,NA,NA,NA,NA,NA,NA,NA,NA,1,"KL22MI0185","MI",1,"G",1,0.036559863,1,3.56,-1.436995444,1,0.150659946822955,0.0129473404873149,2.58941129032258,98.2307420671399,-1.85550859682027,"Y","2022-03-07",1,1,NA
"3057",NA,NA,NA,NA,NA,NA,NA,NA,NA,NA,"JH3543",2022,NA,NA,NA,NA,NA,NA,NA,NA,NA,NA,NA,NA,0,"KL23MI0189","MI",1,"E",1,0.008494408,1,NA,-2.070866891,1,NA,0.0138508881738884,2.49467994005566,NA,-1.82824757210542,"Y","2023-03-03",0,1,NA
"3058",NA,NA,NA,NA,NA,NA,NA,NA,NA,NA,"JH3544",2021,NA,NA,NA,NA,NA,NA,NA,NA,NA,NA,NA,NA,0,"KL22MI0196","MI",0,"I",1,0.018744157,2,4.93,-1.727134089,1,0.113466269115446,0.0341065512945991,2.0860769800148,NA,-1.45461183152266,"Y","2022-03-07",1,0,NA
"3059",NA,NA,NA,NA,NA,NA,NA,NA,NA,NA,"JH3547",2021,NA,NA,NA,NA,NA,NA,NA,NA,NA,NA,NA,NA,0,"KL22MI0166","MI",0,"B",0,0.00016584,0,1.93,-3.780311363,1,0.129199846723566,0.0341065512945991,3.58778260869565,NA,-1.45461183152266,"Y","2022-03-07",1,0,NA
"3060",NA,NA,NA,NA,NA,NA,NA,NA,NA,NA,"JH3549",2021,NA,NA,NA,NA,NA,NA,NA,NA,NA,NA,NA,NA,1,"KL22MI0184","MI",1,"E",0,0.008699726,0,3.43,-2.060494429,1,0.164229444770412,0.0100965266698631,1.93022471910112,98.5578965198384,-1.95481293870593,"Y","2022-03-07",1,1,NA
"3061",NA,NA,NA,NA,NA,NA,NA,NA,NA,NA,"JH3553",2021,NA,NA,NA,NA,NA,NA,NA,NA,NA,NA,NA,NA,1,"KL22MI0183","MI",4,"E",0,0.014553215,0,3.43,-1.83704106,1,0.164229444770412,0.0100965266698631,1.93022471910112,98.5578965198384,-1.95481293870593,"Y","2022-03-07",1,1,NA
"3062",NA,NA,NA,NA,NA,NA,NA,NA,NA,NA,"JH3554",2021,NA,NA,NA,NA,NA,NA,NA,NA,NA,NA,NA,NA,1,"KL22MI0156","MI",2,"A",1,0.003341217,1,1.37,-2.476095275,1,0.127240635741291,0.0574124491114707,1.7945641025641,91.6879918336266,-1.23349458432187,"Y","2022-03-07",1,1,NA
"3063",NA,NA,NA,NA,NA,NA,NA,NA,NA,NA,"JH3555",2021,NA,NA,NA,NA,NA,NA,NA,NA,NA,NA,NA,NA,1,"KL22MI0182","MI",3,"E",1,0.10653279,1,3.43,-0.972516699,1,0.164229444770412,0.0100965266698631,1.93022471910112,98.5578965198384,-1.95481293870593,"Y","2022-03-07",1,1,NA
"3064",NA,NA,NA,NA,NA,NA,NA,NA,NA,NA,"JH3556",2021,NA,NA,NA,NA,NA,NA,NA,NA,NA,NA,NA,NA,1,"KL22MI0211","MI",5,"J",0,0.00147815,0,5.23,-2.830281424,1,0.200176774969519,0.0341065512945991,3.8668115942029,NA,-1.45461183152266,"Y","2022-03-07",1,1,NA
"3065",NA,NA,NA,NA,NA,NA,NA,NA,NA,NA,"JH3556",2023,NA,NA,NA,NA,NA,NA,NA,NA,NA,NA,NA,NA,1,"KL24MI0053","MI",5,"K",0,0.000882611,0,NA,-3.054230569,1,NA,0.059825895095229,5.24432046070461,NA,-1.21591149140564,"Y","2024-02-28",0,1,NA
"3066",NA,NA,NA,NA,NA,NA,NA,NA,NA,NA,"JH3557",2021,NA,NA,NA,NA,NA,NA,NA,NA,NA,NA,NA,NA,0,"KL22MI0176","MI",0,"E",0,0.001467457,0,1.84,-2.833434758,1,0.0244744995573694,0.0100965266698631,1.93022471910112,98.5578965198384,-1.95481293870593,"Y","2022-03-07",1,0,NA
"3067",NA,NA,NA,NA,NA,NA,NA,NA,NA,NA,"JH3558",2023,NA,NA,NA,NA,NA,NA,NA,NA,NA,NA,NA,NA,1,"KL24MI0051","MI",1,"K",0,0.002859762,0,NA,-2.543670037,1,NA,0.059825895095229,5.24432046070461,NA,-1.21591149140564,"Y","2024-02-28",1,1,NA
"3068",NA,NA,NA,NA,NA,NA,NA,NA,NA,NA,"JH3602",2024,NA,NA,NA,NA,NA,NA,NA,NA,NA,NA,NA,NA,0,"KL25MI0071","MI",1,"15 to 20",1,0.001570228,1,NA,-2.804037271,1,NA,0.0068342891863462,5.59399193548387,99.2502785151233,-2.10600040142277,"Y","2025-03-12",0,1,NA
"3069",NA,NA,NA,NA,NA,NA,NA,NA,NA,NA,"JH3603",2023,NA,NA,NA,NA,NA,NA,NA,NA,NA,NA,NA,NA,0,"KL24IL0081","IL",1,"3",1,0.001606382,1,NA,-2.794151177,1,NA,0.0118453263112149,5.99896551724138,98.7349892191256,-1.89125485882776,"Y","2024-03-11",0,1,NA
"3070",NA,NA,NA,NA,NA,NA,NA,NA,NA,NA,"JH3613",2021,NA,NA,NA,NA,NA,NA,NA,NA,NA,NA,NA,NA,0,"KL22IL0186","IL",0,"9",1,0.00664555,2,7.29,-2.177469042,1,0.0586707137842304,0.0216126060390145,7.15311111111382,NA,-1.64564938355719,"Y","2022-03-15",1,0,NA
"3071",NA,NA,NA,NA,NA,NA,NA,NA,NA,NA,"JH3634",2023,NA,NA,NA,NA,NA,NA,NA,NA,NA,NA,NA,NA,0,"KL24IL0085","IL",2,"4",1,0.002319181,2,NA,-2.634665272,1,NA,0.0138154435422563,6.97953225806452,98.780117788955,-1.82928534215417,"N","2024-03-11",0,1,NA
"3072",NA,NA,NA,NA,NA,NA,NA,NA,NA,NA,"JH3639",2021,NA,NA,NA,NA,NA,NA,NA,NA,NA,NA,NA,NA,0,"KL22WI0032","WI",0,"A",1,0.063721958,3,5.87,-1.195710889,1,0.00525570197424541,0.00714611913683929,5.62439680729761,NA,-2.08904924265494,"N","2022-02-26",1,0,NA
"3073",NA,NA,NA,NA,NA,NA,NA,NA,NA,NA,"JH3640",2021,NA,NA,NA,NA,NA,NA,NA,NA,NA,NA,NA,NA,0,"KL22WI0033","WI",0,"A",1,0.104436711,2,5.87,-0.981146815,1,0.00525570197424541,0.00714611913683929,5.62439680729761,NA,-2.08904924265494,"N","2022-02-26",1,0,NA
"3074",NA,NA,NA,NA,NA,NA,NA,NA,NA,NA,"JH3641",2021,NA,NA,NA,NA,NA,NA,NA,NA,NA,NA,NA,NA,0,"KL22WI0034","WI",0,"A",1,0.069974693,2,5.87,-1.155058998,1,0.00525570197424541,0.00714611913683929,5.62439680729761,NA,-2.08904924265494,"N","2022-02-26",1,0,NA
"3075",NA,NA,NA,NA,NA,NA,NA,NA,NA,NA,"JH3642",2021,NA,NA,NA,NA,NA,NA,NA,NA,NA,NA,NA,NA,1,"KL22WI0104","WI",1,"A",1,0.010688372,1,4.24,-1.971088435,1,0.0212309893057571,0.00681405591830765,3.74659272727273,NA,-2.10712348523747,"N","2022-02-26",1,1,NA
"3076",NA,NA,NA,NA,NA,NA,NA,NA,NA,NA,"JH3642",2023,NA,NA,NA,NA,NA,NA,NA,NA,NA,NA,NA,NA,0,"KL24WI0638","WI",1,"A",1,0.000141889,1,NA,-3.848050082,1,NA,0.00710576992865949,5.08109675036928,99.2045940365192,-2.09120572728217,"N","2024-03-15",0,1,NA
"3077",NA,NA,NA,NA,NA,NA,NA,NA,NA,NA,"JH3643",2021,NA,NA,NA,NA,NA,NA,NA,NA,NA,NA,NA,NA,0,"KL22WI0112","WI",0,"A",NA,1.91e-06,NA,4.24,-5.717903506,1,0.0212309893057571,0.00681405591830765,3.74659272727273,NA,-2.10712348523747,"N","2022-02-26",1,0,NA
"3078",NA,NA,NA,NA,NA,NA,NA,NA,NA,NA,"JH3644",2021,NA,NA,NA,NA,NA,NA,NA,NA,NA,NA,NA,NA,0,"KL22WI0117","WI",0,"A",1,0.000251329,1,4.24,-3.599757711,1,0.0212309893057571,0.00681405591830765,3.74659272727273,NA,-2.10712348523747,"N","2022-02-26",1,0,NA
"3079",NA,NA,NA,NA,NA,NA,NA,NA,NA,NA,"JH3645",2021,NA,NA,NA,NA,NA,NA,NA,NA,NA,NA,NA,NA,0,"KL22WI0687","WI",0,"B",1,0.293781555,1,NA,-0.531975475,1,NA,0.007012414456388,4.97468168168168,NA,-2.09623659414295,"N","2022-03-11",1,0,NA
"3080",NA,NA,NA,NA,NA,NA,NA,NA,NA,NA,"JH3646",2021,NA,NA,NA,NA,NA,NA,NA,NA,NA,NA,NA,NA,0,"KL22WI0693","WI",0,"B",1,0.176222983,1,NA,-0.753937452,1,NA,0.007012414456388,4.97468168168168,NA,-2.09623659414295,"N","2022-03-11",1,0,NA
"3081",NA,NA,NA,NA,NA,NA,NA,NA,NA,NA,"JH3647",2021,NA,NA,NA,NA,NA,NA,NA,NA,NA,NA,NA,NA,0,"KL22WI0704","WI",0,"C",0,0.047879164,0,NA,-1.319853439,1,NA,0.00645521719191687,8.29698795180723,99.4109583001499,-2.12753969977946,"N","2022-03-11",1,0,NA
"3082",NA,NA,NA,NA,NA,NA,NA,NA,NA,NA,"JH3648",2021,NA,NA,NA,NA,NA,NA,NA,NA,NA,NA,NA,NA,0,"KL22WI0703","WI",0,"C",1,0.02086465,1,NA,-1.680588886,1,NA,0.00645521719191687,8.29698795180723,99.4109583001499,-2.12753969977946,"N","2022-03-11",1,0,NA
"3083",NA,NA,NA,NA,NA,NA,NA,NA,NA,NA,"JH3651",2021,NA,NA,NA,NA,NA,NA,NA,NA,NA,NA,NA,NA,0,"KL22MI0010","MI",0,"28.9",1,0.000796013,1,NA,-3.099079774,1,NA,0.0196387021274881,2.22639911308204,NA,-1.68531761695726,"N","2022-03-06",1,0,NA
"3084",NA,NA,NA,NA,NA,NA,NA,NA,NA,NA,"JH3652",2021,NA,NA,NA,NA,NA,NA,NA,NA,NA,NA,NA,NA,1,"KL22MI0011","MI",1,"28.9",1,0.000702571,1,NA,-3.153309703,1,NA,0.0196387021274881,2.22639911308204,NA,-1.68531761695726,"N","2022-03-06",1,1,NA
"3085",NA,NA,NA,NA,NA,NA,NA,NA,NA,NA,"JH3652",2022,NA,NA,NA,NA,NA,NA,NA,NA,NA,NA,NA,NA,0,"KL23MI0107","MI",1,"35 to 40",1,0.019740599,1,NA,-1.704639683,1,NA,0.0129821167301022,2.83586632609621,NA,-1.85442707647195,"Y","2023-03-01",0,1,NA
"3086",NA,NA,NA,NA,NA,NA,NA,NA,NA,NA,"JH3653",2021,NA,NA,NA,NA,NA,NA,NA,NA,NA,NA,NA,NA,0,"KL22MI0014","MI",0,"29",1,7.35e-05,1,NA,-4.133985239,1,NA,0.0196387021274881,2.22639911308204,NA,-1.68531761695726,"N","2022-03-06",1,0,NA
"3087",NA,NA,NA,NA,NA,NA,NA,NA,NA,NA,"JH3654",2021,NA,NA,NA,NA,NA,NA,NA,NA,NA,NA,NA,NA,0,"KL22MI0015","MI",0,"29.1",1,0.001943857,1,NA,-2.711335677,1,NA,0.0196387021274881,2.22639911308204,NA,-1.68531761695726,"N","2022-03-06",1,0,NA
"3088",NA,NA,NA,NA,NA,NA,NA,NA,NA,NA,"JH3655",2021,NA,NA,NA,NA,NA,NA,NA,NA,NA,NA,NA,NA,1,"KL22MI0021","MI",2,"30",1,0.000192647,1,NA,-3.715238469,1,NA,0.0196387021274881,2.22639911308204,NA,-1.68531761695726,"N","2022-03-06",1,1,NA
"3089",NA,NA,NA,NA,NA,NA,NA,NA,NA,NA,"JH3655",2022,NA,NA,NA,NA,NA,NA,NA,NA,NA,NA,NA,NA,1,"KL23MI0093","MI",2,"25 to 30",1,0.000425942,2,NA,-3.37064977,1,NA,0.0129821167301022,2.83586632609621,NA,-1.85442707647195,"Y","2023-03-01",0,1,NA
"3090",NA,NA,NA,NA,NA,NA,NA,NA,NA,NA,"JH3655",2024,NA,NA,NA,NA,NA,NA,NA,NA,NA,NA,NA,NA,0,"KL25MI0203","MI",2,"25 to 30",1,0.018295925,2,NA,-1.737645634,1,NA,0.0130307536985769,2.71894317976513,NA,-1.85291899908275,"Y","2025-03-13",0,1,NA
"3091",NA,NA,NA,NA,NA,NA,NA,NA,NA,NA,"JH3656",2021,NA,NA,NA,NA,NA,NA,NA,NA,NA,NA,NA,NA,0,"KL22MI0024","MI",0,"30.4",1,0.000183759,2,NA,-3.735750679,1,NA,0.0196387021274881,2.22639911308204,NA,-1.68531761695726,"N","2022-03-06",1,0,NA
"3092",NA,NA,NA,NA,NA,NA,NA,NA,NA,NA,"JH3657",2021,NA,NA,NA,NA,NA,NA,NA,NA,NA,NA,NA,NA,0,"KL22MI0031","MI",0,"32.5",1,0.000656951,1,NA,-3.182466731,1,NA,0.0196387021274881,2.22639911308204,NA,-1.68531761695726,"N","2022-03-06",1,0,NA
"3093",NA,NA,NA,NA,NA,NA,NA,NA,NA,NA,"JH3658",2021,NA,NA,NA,NA,NA,NA,NA,NA,NA,NA,NA,NA,1,"KL22MI0039","MI",1,"37.9",1,0.001277388,2,NA,-2.893677201,1,NA,0.0196387021274881,2.22639911308204,NA,-1.68531761695726,"N","2022-03-06",1,1,NA
"3094",NA,NA,NA,NA,NA,NA,NA,NA,NA,NA,"JH3658",2022,NA,NA,NA,NA,NA,NA,NA,NA,NA,NA,NA,NA,0,"KL23MI0098","MI",1,"30 to 35",1,0.000470643,1,NA,-3.32730872,1,NA,0.0129821167301022,2.83586632609621,NA,-1.85442707647195,"Y","2023-03-01",0,1,NA
"3095",NA,NA,NA,NA,NA,NA,NA,NA,NA,NA,"JH3659",2021,NA,NA,NA,NA,NA,NA,NA,NA,NA,NA,NA,NA,0,"KL22MI0056","MI",0,"43",1,0.000261033,1,NA,-3.58330466,1,NA,0.0196387021274881,2.22639911308204,NA,-1.68531761695726,"N","2022-03-06",1,0,NA
"3096",NA,NA,NA,NA,NA,NA,NA,NA,NA,NA,"JH3660",2021,NA,NA,NA,NA,NA,NA,NA,NA,NA,NA,NA,NA,1,"KL22MI0161","MI",1,"A",1,0.021238533,1,2.66,-1.67287548,1,0.141100713605397,0.0574124491114707,1.7945641025641,91.6879918336266,-1.23349458432187,"Y","2022-03-07",1,1,NA
"3097",NA,NA,NA,NA,NA,NA,NA,NA,NA,NA,"JH3660",2022,NA,NA,NA,NA,NA,NA,NA,NA,NA,NA,NA,NA,0,"KL23MI0167","MI",1,"B",1,0.005553162,1,NA,-2.255459665,1,NA,0.018140188209247,3.58778260869565,NA,-1.71805379603485,"Y","2023-03-03",0,1,NA
"3098",NA,NA,NA,NA,NA,NA,NA,NA,NA,NA,"JH3661",2021,NA,NA,NA,NA,NA,NA,NA,NA,NA,NA,NA,NA,1,"KL22MI0162","MI",1,"A",1,0.01046927,1,2.66,-1.980083593,1,0.141100713605397,0.0574124491114707,1.7945641025641,91.6879918336266,-1.23349458432187,"Y","2022-03-07",1,1,NA
"3099",NA,NA,NA,NA,NA,NA,NA,NA,NA,NA,"JH3662",2021,NA,NA,NA,NA,NA,NA,NA,NA,NA,NA,NA,NA,1,"KL22MI0239","MI",2,"15 to 20",1,0.002989017,1,7.12,-2.524471594,1,0.0299579891628402,0.0068342891863462,5.59399193548387,99.2502785151233,-2.10600040142277,"N","2022-03-07",1,1,NA
"3100",NA,NA,NA,NA,NA,NA,NA,NA,NA,NA,"JH3662",2022,NA,NA,NA,NA,NA,NA,NA,NA,NA,NA,NA,NA,1,"KL23MI0017","MI",2,"10 to 15",1,0.001989218,2,NA,-2.701317665,1,NA,0.0184782807128241,5.56125252525252,97.9258743464042,-1.71044937958706,"Y","2023-03-01",0,1,NA
"3101",NA,NA,NA,NA,NA,NA,NA,NA,NA,NA,"JH3662",2023,NA,NA,NA,NA,NA,NA,NA,NA,NA,NA,NA,NA,0,"KL24MI0158","MI",2,"22.6",1,0.001435472,1,NA,-2.843005399,1,NA,0.0092996060195015,5.76979459459459,NA,-1.98717938760832,"Y","2024-02-29",0,1,NA
"3102",NA,NA,NA,NA,NA,NA,NA,NA,NA,NA,"JH3667",2024,NA,NA,NA,NA,NA,NA,NA,NA,NA,NA,NA,NA,0,"KL25MI0001","MI",0,"A",1,0.014565834,1,NA,-1.836664639,1,NA,0.0452125888102781,3.16055769230769,94.0744877971827,-1.335239701801,"Y","2025-03-12",1,0,NA
"3103",NA,NA,NA,NA,NA,NA,NA,NA,NA,NA,"JH3668",2022,NA,NA,NA,NA,NA,NA,NA,NA,NA,NA,NA,NA,0,"KL23MI0198","MI",0,"G",1,0.016236571,1,NA,-1.789505694,1,NA,0.0129473404873149,2.58941129032258,98.2307420671399,-1.85550859682027,"Y","2023-03-03",1,0,NA
"3104",NA,NA,NA,NA,NA,NA,NA,NA,NA,NA,"JH3670",2022,NA,NA,NA,NA,NA,NA,NA,NA,NA,NA,NA,NA,1,"KL23MI0181","MI",1,"C",1,0.032476378,1,NA,-1.488432406,1,NA,0.00804168747684151,-1.1458064516129,NA,-2.04375050829806,"Y","2023-03-03",1,1,NA
"3105",NA,NA,NA,NA,NA,NA,NA,NA,NA,NA,"JH3670",2023,NA,NA,NA,NA,NA,NA,NA,NA,NA,NA,NA,NA,0,"KL24MI0017","MI",1,"B",1,0.005856879,1,NA,-2.232333747,1,NA,0.014594792028516,3.58012931034483,NA,-1.80702041260098,"Y","2024-02-28",0,1,NA
"3106",NA,NA,NA,NA,NA,NA,NA,NA,NA,NA,"JH3674",2023,NA,NA,NA,NA,NA,NA,NA,NA,NA,NA,NA,NA,0,"KL24MI0105","MI",2,"8",0,9.56e-05,0,NA,-4.019324133,1,NA,0.0092996060195015,5.76979459459459,NA,-1.98717938760832,"Y","2024-02-29",0,1,NA
"3107",NA,NA,NA,NA,NA,NA,NA,NA,NA,NA,"JH3676",2024,NA,NA,NA,NA,NA,NA,NA,NA,NA,NA,NA,NA,0,"KL25MI0091","MI",4,"15 to 20",1,0.001461341,1,NA,-2.83524839,1,NA,0.0068342891863462,5.59399193548387,99.2502785151233,-2.10600040142277,"Y","2025-03-12",0,1,NA
"3108",NA,NA,NA,NA,NA,NA,NA,NA,NA,NA,"JH3682",2023,NA,NA,NA,NA,NA,NA,NA,NA,NA,NA,NA,NA,1,"KL24MI0136","MI",4,"18",0,0.000656846,0,NA,-3.182536648,1,NA,0.0092996060195015,5.76979459459459,NA,-1.98717938760832,"Y","2024-02-29",0,1,NA
"3109",NA,NA,NA,NA,NA,NA,NA,NA,NA,NA,"JH3685",2022,NA,NA,NA,NA,NA,NA,NA,NA,NA,NA,NA,NA,0,"KL23MI0255","MI",0,"25 to 30",1,0.005454488,1,NA,-2.263246002,1,NA,0.150379521336981,5.00233870967742,82.7408564672514,-0.819932872338553,"Y","2023-03-03",1,0,NA
"3110",NA,NA,NA,NA,NA,NA,NA,NA,NA,NA,"JH3697",2022,NA,NA,NA,NA,NA,NA,NA,NA,NA,NA,NA,NA,1,"KL23MI0003","MI",1,"0 to 5",1,0.006619438,2,NA,-2.179178863,1,NA,0.0184782807128241,5.56125252525252,97.9258743464042,-1.71044937958706,"N","2023-03-01",1,1,NA
"3111",NA,NA,NA,NA,NA,NA,NA,NA,NA,NA,"JH3698",2022,NA,NA,NA,NA,NA,NA,NA,NA,NA,NA,NA,NA,1,"KL23MI0034","MI",4,"15 to 20",0,0.029249813,0,NA,-1.533876907,1,NA,0.0068342891863462,5.59399193548387,99.2502785151233,-2.10600040142277,"N","2023-03-01",1,1,NA
"3112",NA,NA,NA,NA,NA,NA,NA,NA,NA,NA,"JH3699",2022,NA,NA,NA,NA,NA,NA,NA,NA,NA,NA,NA,NA,0,"KL23MI0060","MI",0,"10 to 15",1,0.000577447,1,NA,-3.238488246,1,NA,0.0129821167301022,2.83586632609621,NA,-1.85442707647195,"N","2023-03-01",1,0,NA
"3113",NA,NA,NA,NA,NA,NA,NA,NA,NA,NA,"JH3700",2024,NA,NA,NA,NA,NA,NA,NA,NA,NA,NA,NA,NA,0,"KL25MI0209","MI",2,"30 to 35",1,0.000731739,1,NA,-3.13564403,1,NA,0.0130307536985769,2.71894317976513,NA,-1.85291899908275,"Y","2025-03-13",0,1,NA
"3114",NA,NA,NA,NA,NA,NA,NA,NA,NA,NA,"JH3706",2022,NA,NA,NA,NA,NA,NA,NA,NA,NA,NA,NA,NA,0,"KL23MI0064","MI",0,"15 to 20",1,0.000988163,2,NA,-3.005171273,1,NA,0.00769691397508161,3.18084677419355,98.9951187555601,-2.06063482569769,"N","2023-03-01",1,0,NA
"3115",NA,NA,NA,NA,NA,NA,NA,NA,NA,NA,"JH3707",2022,NA,NA,NA,NA,NA,NA,NA,NA,NA,NA,NA,NA,0,"KL23MI0065","MI",0,"20 to 25",0,0.014634131,0,NA,-1.834633057,1,NA,0.0129821167301022,2.83586632609621,NA,-1.85442707647195,"N","2023-03-01",1,0,NA
"3116",NA,NA,NA,NA,NA,NA,NA,NA,NA,NA,"JH3708",2022,NA,NA,NA,NA,NA,NA,NA,NA,NA,NA,NA,NA,0,"KL23MI0067","MI",0,"25 to 30",1,0.001857181,1,NA,-2.731145723,1,NA,0.0129821167301022,2.83586632609621,NA,-1.85442707647195,"N","2023-03-01",1,0,NA
"3117",NA,NA,NA,NA,NA,NA,NA,NA,NA,NA,"JH3709",2022,NA,NA,NA,NA,NA,NA,NA,NA,NA,NA,NA,NA,0,"KL23MI0068","MI",0,"25 to 30",1,0.00131409,1,NA,-2.881374901,1,NA,0.0129821167301022,2.83586632609621,NA,-1.85442707647195,"N","2023-03-01",1,0,NA
"3118",NA,NA,NA,NA,NA,NA,NA,NA,NA,NA,"JH3710",2022,NA,NA,NA,NA,NA,NA,NA,NA,NA,NA,NA,NA,0,"KL23MI0072","MI",0,"25 to 30",1,0.000986946,2,NA,-3.005706556,1,NA,0.0129821167301022,2.83586632609621,NA,-1.85442707647195,"N","2023-03-01",1,0,NA
"3119",NA,NA,NA,NA,NA,NA,NA,NA,NA,NA,"JH3711",2022,NA,NA,NA,NA,NA,NA,NA,NA,NA,NA,NA,NA,1,"KL23MI0074","MI",1,"25 to 30",1,0.002239242,2,NA,-2.64989902,1,NA,0.0129821167301022,2.83586632609621,NA,-1.85442707647195,"N","2023-03-01",1,1,NA
"3120",NA,NA,NA,NA,NA,NA,NA,NA,NA,NA,"JH3711",2023,NA,NA,NA,NA,NA,NA,NA,NA,NA,NA,NA,NA,0,"KL24MI0196","MI",1,"31.3",1,0.003689929,2,NA,-2.43298198,1,NA,0.0261417475814097,3.96040692640693,NA,-1.56636219276587,"Y","2024-02-29",0,1,NA
"3121",NA,NA,NA,NA,NA,NA,NA,NA,NA,NA,"JH3712",2022,NA,NA,NA,NA,NA,NA,NA,NA,NA,NA,NA,NA,0,"KL23MI0075","MI",0,"25 to 30",1,0.000579764,1,NA,-3.236748593,1,NA,0.0129821167301022,2.83586632609621,NA,-1.85442707647195,"N","2023-03-01",1,0,NA
"3122",NA,NA,NA,NA,NA,NA,NA,NA,NA,NA,"JH3713",2022,NA,NA,NA,NA,NA,NA,NA,NA,NA,NA,NA,NA,1,"KL23MI0076","MI",2,"25 to 30",1,0.001077238,2,NA,-2.967688316,1,NA,0.0129821167301022,2.83586632609621,NA,-1.85442707647195,"N","2023-03-01",1,1,NA
"3123",NA,NA,NA,NA,NA,NA,NA,NA,NA,NA,"JH3713",2023,NA,NA,NA,NA,NA,NA,NA,NA,NA,NA,NA,NA,1,"KL24MI0194","MI",2,"30.5",1,0.000441451,1,NA,-3.355117652,1,NA,0.0261417475814097,3.96040692640693,NA,-1.56636219276587,"Y","2024-02-29",0,1,NA
"3124",NA,NA,NA,NA,NA,NA,NA,NA,NA,NA,"JH3713",2024,NA,NA,NA,NA,NA,NA,NA,NA,NA,NA,NA,NA,0,"KL25MI0223","MI",2,"35 to 40",1,0.004408756,1,NA,-2.35568395,1,NA,0.0130307536985769,2.71894317976513,NA,-1.85291899908275,"Y","2025-03-13",0,1,NA
"3125",NA,NA,NA,NA,NA,NA,NA,NA,NA,NA,"JH3714",2022,NA,NA,NA,NA,NA,NA,NA,NA,NA,NA,NA,NA,0,"KL23MI0078","MI",0,"25 to 30",1,0.002066611,1,NA,-2.684741368,1,NA,0.0129821167301022,2.83586632609621,NA,-1.85442707647195,"N","2023-03-01",1,0,NA
"3126",NA,NA,NA,NA,NA,NA,NA,NA,NA,NA,"JH3715",2022,NA,NA,NA,NA,NA,NA,NA,NA,NA,NA,NA,NA,0,"KL23MI0079","MI",0,"25 to 30",1,0.000226834,1,NA,-3.644291155,1,NA,0.0129821167301022,2.83586632609621,NA,-1.85442707647195,"N","2023-03-01",1,0,NA
"3127",NA,NA,NA,NA,NA,NA,NA,NA,NA,NA,"JH3716",2022,NA,NA,NA,NA,NA,NA,NA,NA,NA,NA,NA,NA,0,"KL23MI0080","MI",0,"25 to 30",1,0.000236212,1,NA,-3.626697992,1,NA,0.0129821167301022,2.83586632609621,NA,-1.85442707647195,"N","2023-03-01",1,0,NA
"3128",NA,NA,NA,NA,NA,NA,NA,NA,NA,NA,"JH3717",2022,NA,NA,NA,NA,NA,NA,NA,NA,NA,NA,NA,NA,0,"KL23MI0081","MI",0,"25 to 30",1,0.000538577,1,NA,-3.268751799,1,NA,0.0129821167301022,2.83586632609621,NA,-1.85442707647195,"N","2023-03-01",1,0,NA
"3129",NA,NA,NA,NA,NA,NA,NA,NA,NA,NA,"JH3718",2022,NA,NA,NA,NA,NA,NA,NA,NA,NA,NA,NA,NA,1,"KL23MI0082","MI",1,"25 to 30",1,0.0008587,2,NA,-3.06615875,1,NA,0.0129821167301022,2.83586632609621,NA,-1.85442707647195,"N","2023-03-01",1,1,NA
"3130",NA,NA,NA,NA,NA,NA,NA,NA,NA,NA,"JH3718",2023,NA,NA,NA,NA,NA,NA,NA,NA,NA,NA,NA,NA,0,"KL24MI0198","MI",1,"32.8",1,0.001924761,1,NA,-2.715623118,1,NA,0.0261417475814097,3.96040692640693,NA,-1.56636219276587,"Y","2024-02-29",0,1,NA
"3131",NA,NA,NA,NA,NA,NA,NA,NA,NA,NA,"JH3719",2022,NA,NA,NA,NA,NA,NA,NA,NA,NA,NA,NA,NA,0,"KL23MI0083","MI",0,"25 to 30",1,0.001241457,2,NA,-2.906068166,1,NA,0.0129821167301022,2.83586632609621,NA,-1.85442707647195,"N","2023-03-01",1,0,NA
"3132",NA,NA,NA,NA,NA,NA,NA,NA,NA,NA,"JH3720",2022,NA,NA,NA,NA,NA,NA,NA,NA,NA,NA,NA,NA,0,"KL23MI0084","MI",0,"25 to 30",1,0.000578643,1,NA,-3.237589456,1,NA,0.0129821167301022,2.83586632609621,NA,-1.85442707647195,"N","2023-03-01",1,0,NA
"3133",NA,NA,NA,NA,NA,NA,NA,NA,NA,NA,"JH3721",2022,NA,NA,NA,NA,NA,NA,NA,NA,NA,NA,NA,NA,0,"KL23MI0085","MI",0,"25 to 30",1,0.000164618,1,NA,-3.783521404,1,NA,0.0129821167301022,2.83586632609621,NA,-1.85442707647195,"N","2023-03-01",1,0,NA
"3134",NA,NA,NA,NA,NA,NA,NA,NA,NA,NA,"JH3722",2022,NA,NA,NA,NA,NA,NA,NA,NA,NA,NA,NA,NA,0,"KL23MI0086","MI",0,"25 to 30",1,0.000146728,1,NA,-3.833485728,1,NA,0.0129821167301022,2.83586632609621,NA,-1.85442707647195,"N","2023-03-01",1,0,NA
"3135",NA,NA,NA,NA,NA,NA,NA,NA,NA,NA,"JH3723",2022,NA,NA,NA,NA,NA,NA,NA,NA,NA,NA,NA,NA,0,"KL23MI0088","MI",0,"25 to 30",1,0.005404858,3,NA,-2.267215677,1,NA,0.0129821167301022,2.83586632609621,NA,-1.85442707647195,"N","2023-03-01",1,0,NA
"3136",NA,NA,NA,NA,NA,NA,NA,NA,NA,NA,"JH3724",2022,NA,NA,NA,NA,NA,NA,NA,NA,NA,NA,NA,NA,0,"KL23MI0091","MI",0,"25 to 30",1,0.00286077,1,NA,-2.543516987,1,NA,0.0129821167301022,2.83586632609621,NA,-1.85442707647195,"N","2023-03-01",1,0,NA
"3137",NA,NA,NA,NA,NA,NA,NA,NA,NA,NA,"JH3725",2022,NA,NA,NA,NA,NA,NA,NA,NA,NA,NA,NA,NA,0,"KL23MI0092","MI",0,"25 to 30",0,0.002839751,0,NA,-2.54671968,1,NA,0.0129821167301022,2.83586632609621,NA,-1.85442707647195,"N","2023-03-01",1,0,NA
"3138",NA,NA,NA,NA,NA,NA,NA,NA,NA,NA,"JH3726",2022,NA,NA,NA,NA,NA,NA,NA,NA,NA,NA,NA,NA,0,"KL23MI0094","MI",0,"25 to 30",1,0.001003833,1,NA,-2.9983387,1,NA,0.0129821167301022,2.83586632609621,NA,-1.85442707647195,"N","2023-03-01",1,0,NA
"3139",NA,NA,NA,NA,NA,NA,NA,NA,NA,NA,"JH3727",2022,NA,NA,NA,NA,NA,NA,NA,NA,NA,NA,NA,NA,0,"KL23IL0013","IL",0,"R11",1,6.73e-05,1,NA,-4.172114193,1,NA,0.00630755410958486,6.41052631578947,99.3445297453555,-2.13622796017756,"N","2023-03-10",1,0,NA
"3140",NA,NA,NA,NA,NA,NA,NA,NA,NA,NA,"JH3728",2022,NA,NA,NA,NA,NA,NA,NA,NA,NA,NA,NA,NA,1,"KL23IL0015","IL",1,"R11",1,0.000241789,1,6.27,-3.616563783,1,0,0.00630755410958486,6.41052631578947,99.3445297453555,-2.13622796017756,"N","2023-03-10",1,1,NA
"3141",NA,NA,NA,NA,NA,NA,NA,NA,NA,NA,"JH3729",2022,NA,NA,NA,NA,NA,NA,NA,NA,NA,NA,NA,NA,0,"KL23IL0017","IL",0,"R11",0,5.91e-05,0,NA,-4.228152029,1,NA,0.00630755410958486,6.41052631578947,99.3445297453555,-2.13622796017756,"N","2023-03-10",1,0,NA
"3142",NA,NA,NA,NA,NA,NA,NA,NA,NA,NA,"JH3730",2022,NA,NA,NA,NA,NA,NA,NA,NA,NA,NA,NA,NA,0,"KL23IL0019","IL",0,"R11",1,0.002281171,1,NA,-2.641842146,1,NA,0.00630755410958486,6.41052631578947,99.3445297453555,-2.13622796017756,"N","2023-03-10",1,0,NA
"3143",NA,NA,NA,NA,NA,NA,NA,NA,NA,NA,"JH3731",2022,NA,NA,NA,NA,NA,NA,NA,NA,NA,NA,NA,NA,1,"KL23IL0021","IL",1,"R11",1,0.001270992,1,NA,-2.895857253,1,NA,0.00630755410958486,6.41052631578947,99.3445297453555,-2.13622796017756,"N","2023-03-10",1,1,NA
"3144",NA,NA,NA,NA,NA,NA,NA,NA,NA,NA,"JH3732",2022,NA,NA,NA,NA,NA,NA,NA,NA,NA,NA,NA,NA,0,"KL23IL0022","IL",0,"R11",1,0.000211399,1,NA,-3.674897927,1,NA,0.00630755410958486,6.41052631578947,99.3445297453555,-2.13622796017756,"N","2023-03-10",1,0,NA
"3145",NA,NA,NA,NA,NA,NA,NA,NA,NA,NA,"JH3733",2022,NA,NA,NA,NA,NA,NA,NA,NA,NA,NA,NA,NA,1,"KL23IL0024","IL",2,"R11",1,0.000661929,1,NA,-3.179188631,1,NA,0.00630755410958486,6.41052631578947,99.3445297453555,-2.13622796017756,"N","2023-03-10",1,1,NA
"3146",NA,NA,NA,NA,NA,NA,NA,NA,NA,NA,"JH3734",2022,NA,NA,NA,NA,NA,NA,NA,NA,NA,NA,NA,NA,0,"KL23IL0025","IL",0,"R11",1,9.38e-05,1,NA,-4.027587071,1,NA,0.00630755410958486,6.41052631578947,99.3445297453555,-2.13622796017756,"N","2023-03-10",1,0,NA
"3147",NA,NA,NA,NA,NA,NA,NA,NA,NA,NA,"JH3735",2022,NA,NA,NA,NA,NA,NA,NA,NA,NA,NA,NA,NA,0,"KL23IL0027","IL",0,"L1",0,0.000213697,0,NA,-3.670202028,1,NA,0.0108896545096781,6.33833014354067,98.8564651233656,-1.92483076495409,"N","2023-03-10",1,0,NA
"3148",NA,NA,NA,NA,NA,NA,NA,NA,NA,NA,"JH3736",2022,NA,NA,NA,NA,NA,NA,NA,NA,NA,NA,NA,NA,0,"KL23IL0028","IL",0,"L1",0,0.00042658,0,NA,-3.369999094,1,NA,0.0108896545096781,6.33833014354067,98.8564651233656,-1.92483076495409,"N","2023-03-10",1,0,NA
"3149",NA,NA,NA,NA,NA,NA,NA,NA,NA,NA,"JH3737",2022,NA,NA,NA,NA,NA,NA,NA,NA,NA,NA,NA,NA,0,"KL23IL0029","IL",0,"L1",1,0.000793007,1,NA,-3.100723185,1,NA,0.0108896545096781,6.33833014354067,98.8564651233656,-1.92483076495409,"N","2023-03-10",1,0,NA
"3150",NA,NA,NA,NA,NA,NA,NA,NA,NA,NA,"JH3738",2022,NA,NA,NA,NA,NA,NA,NA,NA,NA,NA,NA,NA,0,"KL23IL0030","IL",0,"L1",1,0.000152386,1,NA,-3.817054053,1,NA,0.0108896545096781,6.33833014354067,98.8564651233656,-1.92483076495409,"N","2023-03-10",1,0,NA
"3151",NA,NA,NA,NA,NA,NA,NA,NA,NA,NA,"JH3739",2022,NA,NA,NA,NA,NA,NA,NA,NA,NA,NA,NA,NA,0,"KL23IL0031","IL",0,"L1",0,0.000311532,0,NA,-3.506497496,1,NA,0.0108896545096781,6.33833014354067,98.8564651233656,-1.92483076495409,"N","2023-03-10",1,0,NA
"3152",NA,NA,NA,NA,NA,NA,NA,NA,NA,NA,"JH3740",2022,NA,NA,NA,NA,NA,NA,NA,NA,NA,NA,NA,NA,1,"KL23IL0032","IL",1,"L1",0,0.000859586,0,NA,-3.065710648,1,NA,0.0108896545096781,6.33833014354067,98.8564651233656,-1.92483076495409,"N","2023-03-10",1,1,NA
"3153",NA,NA,NA,NA,NA,NA,NA,NA,NA,NA,"JH3740",2024,NA,NA,NA,NA,NA,NA,NA,NA,NA,NA,NA,NA,0,"KL25IL0043","IL",1,"L1",1,0.001647982,1,NA,-2.783047631,1,NA,0.0153224164031068,6.82077192982456,98.4349068015948,-1.78721554700056,"Y","2025-03-10",0,1,NA
"3154",NA,NA,NA,NA,NA,NA,NA,NA,NA,NA,"JH3741",2022,NA,NA,NA,NA,NA,NA,NA,NA,NA,NA,NA,NA,0,"KL23IL0033","IL",0,"L1",0,0.001204809,0,NA,-2.919081619,1,NA,0.0108896545096781,6.33833014354067,98.8564651233656,-1.92483076495409,"N","2023-03-10",1,0,NA
"3155",NA,NA,NA,NA,NA,NA,NA,NA,NA,NA,"JH3742",2022,NA,NA,NA,NA,NA,NA,NA,NA,NA,NA,NA,NA,1,"KL23IL0034","IL",1,"L1",1,0.001049816,1,NA,-2.97888666,1,NA,0.0108896545096781,6.33833014354067,98.8564651233656,-1.92483076495409,"N","2023-03-10",1,1,NA
"3156",NA,NA,NA,NA,NA,NA,NA,NA,NA,NA,"JH3743",2022,NA,NA,NA,NA,NA,NA,NA,NA,NA,NA,NA,NA,0,"KL23IL0035","IL",0,"L1",0,0.001048231,0,NA,-2.979543049,1,NA,0.0108896545096781,6.33833014354067,98.8564651233656,-1.92483076495409,"N","2023-03-10",1,0,NA
"3157",NA,NA,NA,NA,NA,NA,NA,NA,NA,NA,"JH3744",2022,NA,NA,NA,NA,NA,NA,NA,NA,NA,NA,NA,NA,0,"KL23IL0036","IL",0,"L1",1,0.001439996,1,NA,-2.841638859,1,NA,0.0108896545096781,6.33833014354067,98.8564651233656,-1.92483076495409,"N","2023-03-10",1,0,NA
"3158",NA,NA,NA,NA,NA,NA,NA,NA,NA,NA,"JH3745",2022,NA,NA,NA,NA,NA,NA,NA,NA,NA,NA,NA,NA,0,"KL23IL0055","IL",0,"3A",1,0.006810351,1,NA,-2.166830479,1,NA,0.0244453117296473,7.61713758371096,NA,-1.59439222423119,"N","2023-03-10",1,0,NA
"3159",NA,NA,NA,NA,NA,NA,NA,NA,NA,NA,"JH3746",2022,NA,NA,NA,NA,NA,NA,NA,NA,NA,NA,NA,NA,0,"KL23IL0058","IL",0,"3A",1,6.95e-05,1,NA,-4.158284972,1,NA,0.0244453117296473,7.61713758371096,NA,-1.59439222423119,"N","2023-03-10",1,0,NA
"3160",NA,NA,NA,NA,NA,NA,NA,NA,NA,NA,"JH3747",2022,NA,NA,NA,NA,NA,NA,NA,NA,NA,NA,NA,NA,0,"KL23IL0060","IL",0,"3A",1,0.000597726,1,NA,-3.223497831,1,NA,0.0244453117296473,7.61713758371096,NA,-1.59439222423119,"N","2023-03-10",1,0,NA
"3161",NA,NA,NA,NA,NA,NA,NA,NA,NA,NA,"JH3748",2022,NA,NA,NA,NA,NA,NA,NA,NA,NA,NA,NA,NA,0,"KL23IL0061","IL",0,"3A",1,0.00098589,1,NA,-3.0061714,1,NA,0.0244453117296473,7.61713758371096,NA,-1.59439222423119,"N","2023-03-10",1,0,NA
"3162",NA,NA,NA,NA,NA,NA,NA,NA,NA,NA,"JH3749",2022,NA,NA,NA,NA,NA,NA,NA,NA,NA,NA,NA,NA,1,"KL23IL0063","IL",2,"3A",0,0.000293087,0,NA,-3.533002906,1,NA,0.0244453117296473,7.61713758371096,NA,-1.59439222423119,"N","2023-03-10",1,1,NA
"3163",NA,NA,NA,NA,NA,NA,NA,NA,NA,NA,"JH3749",2024,NA,NA,NA,NA,NA,NA,NA,NA,NA,NA,NA,NA,0,"KL25IL0072","IL",2,"7",1,0.010781518,1,NA,-1.967320076,1,NA,0.0250793319560123,7.02217105263158,97.9364390642081,-1.58370353761548,"Y","2025-03-10",0,1,NA
"3164",NA,NA,NA,NA,NA,NA,NA,NA,NA,NA,"JH3750",2022,NA,NA,NA,NA,NA,NA,NA,NA,NA,NA,NA,NA,0,"KL23IL0065","IL",0,"3A",1,0.000957497,1,NA,-3.018862505,1,NA,0.0244453117296473,7.61713758371096,NA,-1.59439222423119,"N","2023-03-10",1,0,NA
"3165",NA,NA,NA,NA,NA,NA,NA,NA,NA,NA,"JH3878",2020,NA,NA,NA,NA,NA,NA,NA,NA,NA,NA,NA,NA,0,"KL21WI0419","WI",0,"3",1,0.007011753,1,NA,-2.154173422,1,NA,NA,NA,NA,NA,"Y","2021-03-02",1,0,NA
"3166",NA,NA,NA,NA,NA,NA,NA,NA,NA,NA,"JH3913",2021,NA,NA,NA,NA,NA,NA,NA,NA,NA,NA,NA,NA,1,"KL22WI0864","WI",1,"BL",1,0.00909556,1,NA,-2.04117056,1,NA,0.0135485587867321,6.02232538330494,NA,-1.83718002674478,"Y","2022-03-16",1,1,NA
"3167",NA,NA,NA,NA,NA,NA,NA,NA,NA,NA,"JH3949",2023,NA,NA,NA,NA,NA,NA,NA,NA,NA,NA,NA,NA,0,"KL24WI0340","WI",2,"14",1,0.010242029,1,NA,-1.989614017,1,NA,0.0152931055615139,5.85180473372781,98.3485497313784,-1.78799612872508,"Y","2024-03-12",0,1,NA
"3168",NA,NA,NA,NA,NA,NA,NA,NA,NA,NA,"JH3960",2020,NA,NA,NA,NA,NA,NA,NA,NA,NA,NA,NA,NA,0,"KL21WI0268","WI",0,"2A",0,0.002982023,0,NA,-2.525489084,1,NA,0.00615744011455357,1.83234567901235,99.0933803572743,-2.14524227698121,"N","2021-03-01",1,0,NA
"3169",NA,NA,NA,NA,NA,NA,NA,NA,NA,NA,"JH3969",2021,NA,NA,NA,NA,NA,NA,NA,NA,NA,NA,NA,NA,0,"KL22IL0088","IL",0,"L6",1,0.008928545,2,5.1,-2.049219299,1,0.0217796007778752,0.0208823673357289,5.05415322580645,NA,-1.6599056958108,"Y","2022-03-15",1,0,NA
"3170",NA,NA,NA,NA,NA,NA,NA,NA,NA,NA,"JH3971",2021,NA,NA,NA,NA,NA,NA,NA,NA,NA,NA,NA,NA,1,"KL22IL0005","IL",1,"R9",0,3.44e-05,0,5.57,-4.463700505,1,0.0324452635545378,0.0100366170291238,6.71985422740525,NA,-1.95716402721671,"Y","2022-03-15",1,1,NA
"3171",NA,NA,NA,NA,NA,NA,NA,NA,NA,NA,"JH3972",2021,NA,NA,NA,NA,NA,NA,NA,NA,NA,NA,NA,NA,1,"KL22IL0002","IL",1,"L1",1,0.028639159,1,6.13,-1.543039733,1,0.0395721391853253,0.00782081935268906,6.00433198380567,99.1483131922838,-2.05449107203095,"Y","2022-03-15",1,1,NA
"3172",NA,NA,NA,NA,NA,NA,NA,NA,NA,NA,"JH3972",2023,NA,NA,NA,NA,NA,NA,NA,NA,NA,NA,NA,NA,0,"KL24IL0133","IL",1,"R10",1,0.000616619,1,NA,-3.209983248,1,NA,0.0148152959702899,6.9136522513587,NA,-1.80092267620726,"Y","2024-03-11",0,1,NA
"3173",NA,NA,NA,NA,NA,NA,NA,NA,NA,NA,"JH3981",2021,NA,NA,NA,NA,NA,NA,NA,NA,NA,NA,NA,NA,0,"KL22IL0203","IL",0,"L6",1,2.93e-05,1,6.65,-4.532748101,1,0.0971892674669573,0.0208823673357289,5.05415322580645,NA,-1.6599056958108,"Y","2022-03-15",1,0,NA
"3174",NA,NA,NA,NA,NA,NA,NA,NA,NA,NA,"JH3989",2021,NA,NA,NA,NA,NA,NA,NA,NA,NA,NA,NA,NA,0,"KL22IL0007","IL",0,"R7",0,0.003552077,0,6.22,-2.449517654,1,0.0172406950288711,0.00786176359784228,5.99758064516129,NA,-2.05247983967137,"Y","2022-03-15",1,0,NA
"3175",NA,NA,NA,NA,NA,NA,NA,NA,NA,NA,"JH3994",2021,NA,NA,NA,NA,NA,NA,NA,NA,NA,NA,NA,NA,0,"KL22IL0089","IL",0,"L6",1,0.000414471,1,5.1,-3.382505352,1,0.0217796007778752,0.0208823673357289,5.05415322580645,NA,-1.6599056958108,"Y","2022-03-15",1,0,NA
"3176",NA,NA,NA,NA,NA,NA,NA,NA,NA,NA,"JH3996",2021,NA,NA,NA,NA,NA,NA,NA,NA,NA,NA,NA,NA,0,"KL22IL0001","IL",0,"R9",1,0.001437864,3,6.48,-2.842282176,1,0.135785935590351,0.0100366170291238,6.71985422740525,NA,-1.95716402721671,"Y","2022-03-15",1,0,NA
"3177",NA,NA,NA,NA,NA,NA,NA,NA,NA,NA,"JH3999",2021,NA,NA,NA,NA,NA,NA,NA,NA,NA,NA,NA,NA,0,"KL22IL0196","IL",0,"L1",1,0.001260971,1,7.02,-2.899294851,1,0.147279805359915,0.00782081935268906,6.00433198380567,99.1483131922838,-2.05449107203095,"Y","2022-03-15",1,0,NA
"3178",NA,NA,NA,NA,NA,NA,NA,NA,NA,NA,"JJJ1831",2014,NA,NA,NA,NA,NA,NA,NA,NA,NA,NA,NA,NA,0,"JH15MI0032","MI",0,"22.7",NA,6.29e-05,NA,NA,-4.201261264,1,NA,0.0261417475814097,2.56701105729243,NA,-1.56636219276587,NA,"2015-02-24",1,0,NA
"3179",NA,NA,NA,NA,NA,NA,NA,NA,NA,NA,"JK3521",2023,NA,NA,NA,NA,NA,NA,NA,NA,NA,NA,NA,NA,0,"KL24MI0016","MI",0,"B",0,0.001412089,0,NA,-2.850137965,1,NA,0.014594792028516,3.58012931034483,NA,-1.80702041260098,"Y","2024-02-28",1,0,NA
"3180",NA,NA,NA,NA,NA,NA,NA,NA,NA,NA,"LLL2232",2016,NA,NA,NA,NA,NA,NA,NA,NA,NA,NA,NA,NA,0,"JH17MI0024","MI",0,"30",1,0.024822194,1,NA,-1.605159832,1,NA,0.0130307536985769,2.6145,NA,-1.85291899908275,"Y","2017-03-02",1,0,NA
"3181",NA,NA,NA,NA,NA,NA,NA,NA,NA,NA,"M2828",2019,NA,NA,NA,NA,NA,NA,NA,NA,NA,NA,NA,NA,1,"KL20MI0031","MI",1,"A",1,0.100659835,1,NA,-0.997143786,1,NA,0.0413547678883675,2.59810126582278,NA,-1.37309769392699,"Y","2020-03-06",1,1,NA
"3182",NA,NA,NA,NA,NA,NA,NA,NA,NA,NA,"M2828",2020,NA,NA,NA,NA,NA,NA,NA,NA,NA,NA,NA,NA,0,"KL21MI0249","MI",1,"B",1,0.054927435,1,NA,-1.260210681,1,NA,0.0380559205407364,3.58778260869565,95.0573121401025,-1.40831312149804,"Y","2021-03-05",0,1,NA
"3183",NA,NA,NA,NA,NA,NA,NA,NA,NA,NA,"M2832",2019,NA,NA,NA,NA,NA,NA,NA,NA,NA,NA,NA,NA,1,"KL20MI0071","MI",3,"I",1,0.005483603,1,NA,-2.260934034,1,NA,0.0413547678883675,3.27501869158879,NA,-1.37309769392699,"Y","2020-03-06",1,1,NA
"3184",NA,NA,NA,NA,NA,NA,NA,NA,NA,NA,"M2832",2020,NA,NA,NA,NA,NA,NA,NA,NA,NA,NA,NA,NA,1,"KL21MI0269","MI",3,"I",1,0.004244808,1,NA,-2.372141949,1,NA,0.0380559205407364,2.63498245614035,95.0573121401025,-1.40831312149804,"Y","2021-03-05",0,1,NA
"3185",NA,NA,NA,NA,NA,NA,NA,NA,NA,NA,"M2832",2022,NA,NA,NA,NA,NA,NA,NA,NA,NA,NA,NA,NA,1,"KL23MI0187","MI",3,"E",0,0.00091631,0,NA,-3.037957515,1,NA,0.0138508881738884,2.49467994005566,NA,-1.82824757210542,"Y","2023-03-03",0,1,NA
"3186",NA,NA,NA,NA,NA,NA,NA,NA,NA,NA,"M2832",2024,NA,NA,NA,NA,NA,NA,NA,NA,NA,NA,NA,NA,0,"KL25MI0018","MI",3,"E",1,0.037701592,1,NA,-1.423640306,1,NA,0.015879098942469,2.38828080271506,95.1742023776362,-1.77265074104913,"Y","2025-03-12",0,1,NA
"3187",NA,NA,NA,NA,NA,NA,NA,NA,NA,NA,"M2847",2020,NA,NA,NA,NA,NA,NA,NA,NA,NA,NA,NA,NA,1,"KL21MI0250","MI",1,"B",1,0.01779755,1,NA,-1.749639778,1,NA,0.0380559205407364,3.58778260869565,95.0573121401025,-1.40831312149804,"Y","2021-03-05",1,1,NA
"3188",NA,NA,NA,NA,NA,NA,NA,NA,NA,NA,"M2917",2019,NA,NA,NA,NA,NA,NA,NA,NA,NA,NA,NA,NA,0,"KL20MI0070","MI",0,"I",1,0.060977905,1,NA,-1.214827501,1,NA,0.0413547678883675,3.27501869158879,NA,-1.37309769392699,"Y","2020-03-06",1,0,NA
"3189",NA,NA,NA,NA,NA,NA,NA,NA,NA,NA,"MIDNR0501",2024,NA,NA,NA,NA,NA,NA,NA,NA,NA,NA,NA,NA,0,"KL25MI0002","MI",0,"A",1,0.013163278,1,NA,-1.880635955,1,NA,0.0452125888102781,3.16055769230769,94.0744877971827,-1.335239701801,"N","2025-03-12",1,0,NA
"3190",NA,NA,NA,NA,NA,NA,NA,NA,NA,NA,"MIDNR0502",2024,NA,NA,NA,NA,NA,NA,NA,NA,NA,NA,NA,NA,0,"KL25MI0015","MI",0,"E",1,0.031889873,1,NA,-1.496347209,1,NA,0.015879098942469,2.38828080271506,95.1742023776362,-1.77265074104913,"N","2025-03-12",1,0,NA
"3191",NA,NA,NA,NA,NA,NA,NA,NA,NA,NA,"MIDNR0503",2024,NA,NA,NA,NA,NA,NA,NA,NA,NA,NA,NA,NA,0,"KL25MI0017","MI",0,"E",1,0.030213641,1,NA,-1.51979694,1,NA,0.015879098942469,2.38828080271506,95.1742023776362,-1.77265074104913,"N","2025-03-12",1,0,NA
"3192",NA,NA,NA,NA,NA,NA,NA,NA,NA,NA,"MIDNR0504",2024,NA,NA,NA,NA,NA,NA,NA,NA,NA,NA,NA,NA,0,"KL25MI0020","MI",0,"E",1,0.211770673,1,NA,-0.674134183,1,NA,0.015879098942469,2.38828080271506,95.1742023776362,-1.77265074104913,"N","2025-03-12",1,0,NA
"3193",NA,NA,NA,NA,NA,NA,NA,NA,NA,NA,"MIDNR0505",2024,NA,NA,NA,NA,NA,NA,NA,NA,NA,NA,NA,NA,0,"KL25MI0023","MI",0,"E",1,0.005521753,3,NA,-2.257923032,1,NA,0.015879098942469,2.38828080271506,95.1742023776362,-1.77265074104913,"N","2025-03-12",1,0,NA
"3194",NA,NA,NA,NA,NA,NA,NA,NA,NA,NA,"MIDNR0506",2024,NA,NA,NA,NA,NA,NA,NA,NA,NA,NA,NA,NA,0,"KL25MI0025","MI",0,"E",1,0.003486509,1,NA,-2.457609159,1,NA,0.015879098942469,2.38828080271506,95.1742023776362,-1.77265074104913,"N","2025-03-12",1,0,NA
"3195",NA,NA,NA,NA,NA,NA,NA,NA,NA,NA,"MIDNR0507",2024,NA,NA,NA,NA,NA,NA,NA,NA,NA,NA,NA,NA,0,"KL25MI0030","MI",0,"E",1,0.017378704,1,NA,-1.759982603,1,NA,0.015879098942469,2.38828080271506,95.1742023776362,-1.77265074104913,"N","2025-03-12",1,0,NA
"3196",NA,NA,NA,NA,NA,NA,NA,NA,NA,NA,"MIDNR0508",2024,NA,NA,NA,NA,NA,NA,NA,NA,NA,NA,NA,NA,0,"KL25MI0039","MI",0,"J",1,0.009301157,1,NA,-2.031463041,1,NA,0.0401015303670052,3.8668115942029,95.1742023776362,-1.38614200738008,"N","2025-03-12",1,0,NA
"3197",NA,NA,NA,NA,NA,NA,NA,NA,NA,NA,"MIDNR0509",2024,NA,NA,NA,NA,NA,NA,NA,NA,NA,NA,NA,NA,0,"KL25MI0041","MI",0,"J",1,0.004449999,1,NA,-2.351640134,1,NA,0.0401015303670052,3.8668115942029,95.1742023776362,-1.38614200738008,"N","2025-03-12",1,0,NA
"3198",NA,NA,NA,NA,NA,NA,NA,NA,NA,NA,"MIDNR0510",2024,NA,NA,NA,NA,NA,NA,NA,NA,NA,NA,NA,NA,0,"KL25MI0046","MI",0,"J",1,0.082304254,2,NA,-1.084577717,1,NA,0.0401015303670052,3.8668115942029,95.1742023776362,-1.38614200738008,"N","2025-03-12",1,0,NA
"3199",NA,NA,NA,NA,NA,NA,NA,NA,NA,NA,"MIDNR0511",2024,NA,NA,NA,NA,NA,NA,NA,NA,NA,NA,NA,NA,0,"KL25MI0049","MI",0,"K",1,0.023162416,2,NA,-1.635216134,1,NA,0.0784042011606351,5.61874838709677,91.3905483876609,-1.10015651907651,"N","2025-03-12",1,0,NA
"3200",NA,NA,NA,NA,NA,NA,NA,NA,NA,NA,"MIDNR0512",2024,NA,NA,NA,NA,NA,NA,NA,NA,NA,NA,NA,NA,0,"KL25MI0051","MI",0,"K",1,0.013083286,1,NA,-1.883283175,1,NA,0.0784042011606351,5.61874838709677,91.3905483876609,-1.10015651907651,"N","2025-03-12",1,0,NA
"3201",NA,NA,NA,NA,NA,NA,NA,NA,NA,NA,"MIDNR0513",2024,NA,NA,NA,NA,NA,NA,NA,NA,NA,NA,NA,NA,0,"KL25MI0141","MI",0,"10 to 15",1,0.293539381,2,NA,-0.532333627,1,NA,0.0634537723159862,5.39566532258065,92.9543899216121,-1.19075165941107,"N","2025-03-13",1,0,NA
"3202",NA,NA,NA,NA,NA,NA,NA,NA,NA,NA,"MIDNR0514",2024,NA,NA,NA,NA,NA,NA,NA,NA,NA,NA,NA,NA,0,"KL25MI0188","MI",0,"5 to 10",1,0.01011055,2,NA,-1.995225229,1,NA,0.0130307536985769,2.71894317976513,NA,-1.85291899908275,"N","2025-03-13",1,0,NA
"3203",NA,NA,NA,NA,NA,NA,NA,NA,NA,NA,"MIDNR0515",2024,NA,NA,NA,NA,NA,NA,NA,NA,NA,NA,NA,NA,0,"KL25MI0190","MI",0,"5 to 10",1,0.003298761,1,NA,-2.481649178,1,NA,0.0130307536985769,2.71894317976513,NA,-1.85291899908275,"N","2025-03-13",1,0,NA
"3204",NA,NA,NA,NA,NA,NA,NA,NA,NA,NA,"MIDNR0516",2024,NA,NA,NA,NA,NA,NA,NA,NA,NA,NA,NA,NA,0,"KL25MI0191","MI",0,"10 to 15",1,0.008434098,2,NA,-2.073961377,1,NA,0.0130307536985769,2.71894317976513,NA,-1.85291899908275,"N","2025-03-13",1,0,NA
"3205",NA,NA,NA,NA,NA,NA,NA,NA,NA,NA,"MIDNR0517",2024,NA,NA,NA,NA,NA,NA,NA,NA,NA,NA,NA,NA,0,"KL25MI0195","MI",0,"15 to 20",1,0.00461023,1,NA,-2.336277385,1,NA,0.00769691397508161,3.18084677419355,98.9951187555601,-2.06063482569769,"N","2025-03-13",1,0,NA
"3206",NA,NA,NA,NA,NA,NA,NA,NA,NA,NA,"MIDNR0518",2024,NA,NA,NA,NA,NA,NA,NA,NA,NA,NA,NA,NA,0,"KL25MI0199","MI",0,"20 to 25",1,0.008274178,2,NA,-2.082275119,1,NA,0.0130307536985769,2.71894317976513,NA,-1.85291899908275,"N","2025-03-13",1,0,NA
"3207",NA,NA,NA,NA,NA,NA,NA,NA,NA,NA,"MIDNR0519",2024,NA,NA,NA,NA,NA,NA,NA,NA,NA,NA,NA,NA,0,"KL25MI0200","MI",0,"20 to 25",1,0.026077301,2,NA,-1.583737357,1,NA,0.0130307536985769,2.71894317976513,NA,-1.85291899908275,"N","2025-03-13",1,0,NA
"3208",NA,NA,NA,NA,NA,NA,NA,NA,NA,NA,"MIDNR0520",2024,NA,NA,NA,NA,NA,NA,NA,NA,NA,NA,NA,NA,0,"KL25MI0201","MI",0,"25 to 30",1,0.040430373,2,NA,-1.393292247,1,NA,0.0130307536985769,2.71894317976513,NA,-1.85291899908275,"N","2025-03-13",1,0,NA
"3209",NA,NA,NA,NA,NA,NA,NA,NA,NA,NA,"MIDNR0521",2024,NA,NA,NA,NA,NA,NA,NA,NA,NA,NA,NA,NA,0,"KL25MI0205","MI",0,"25 to 30",1,0.014943508,2,NA,-1.825547451,1,NA,0.0130307536985769,2.71894317976513,NA,-1.85291899908275,"N","2025-03-13",1,0,NA
"3210",NA,NA,NA,NA,NA,NA,NA,NA,NA,NA,"MIDNR0522",2024,NA,NA,NA,NA,NA,NA,NA,NA,NA,NA,NA,NA,0,"KL25MI0207","MI",0,"30 to 35",1,0.00160932,1,NA,-2.793357662,1,NA,0.0130307536985769,2.71894317976513,NA,-1.85291899908275,"N","2025-03-13",1,0,NA
"3211",NA,NA,NA,NA,NA,NA,NA,NA,NA,NA,"MIDNR0523",2024,NA,NA,NA,NA,NA,NA,NA,NA,NA,NA,NA,NA,0,"KL25MI0213","MI",0,"30 to 35",0,0.00310283,0,NA,-2.508241952,1,NA,0.0130307536985769,2.71894317976513,NA,-1.85291899908275,"N","2025-03-13",1,0,NA
"3212",NA,NA,NA,NA,NA,NA,NA,NA,NA,NA,"MIDNR0524",2024,NA,NA,NA,NA,NA,NA,NA,NA,NA,NA,NA,NA,0,"KL25MI0214","MI",0,"30 to 35",1,0.003513743,1,NA,-2.454229984,1,NA,0.0130307536985769,2.71894317976513,NA,-1.85291899908275,"N","2025-03-13",1,0,NA
"3213",NA,NA,NA,NA,NA,NA,NA,NA,NA,NA,"MIDNR0525",2024,NA,NA,NA,NA,NA,NA,NA,NA,NA,NA,NA,NA,0,"KL25MI0254","MI",0,"15 to 20",1,0.002165523,1,NA,-2.664437181,1,NA,0.0131975279579297,3.8080099969475,98.353569115209,-1.84778726742615,"N","2025-03-13",1,0,NA
"3214",NA,NA,NA,NA,NA,NA,NA,NA,NA,NA,"MIDNR0526",2024,NA,NA,NA,NA,NA,NA,NA,NA,NA,NA,NA,NA,0,"KL25MI0257","MI",0,"20 to 25",1,0.047691544,1,NA,-1.321558613,1,NA,0.0203997488722152,3.15357142857143,97.2900129803217,-1.6695913231018,"N","2025-03-13",1,0,NA
"3215",NA,NA,NA,NA,NA,NA,NA,NA,NA,NA,"MIDNR0527",2024,NA,NA,NA,NA,NA,NA,NA,NA,NA,NA,NA,NA,0,"KL25MI0269","MI",0,"30 to 35",1,0.061568489,2,NA,-1.210641507,1,NA,0.0131975279579297,3.8080099969475,98.353569115209,-1.84778726742615,"N","2025-03-13",1,0,NA
"3216",NA,NA,NA,NA,NA,NA,NA,NA,NA,NA,"MMM2730",2016,NA,NA,NA,NA,NA,NA,NA,NA,NA,NA,NA,NA,0,"JH17MI0014","MI",0,"32.5",1,0.000169418,1,NA,-3.771040639,1,NA,0.0130307536985769,2.6145,NA,-1.85291899908275,NA,"2017-03-02",1,0,NA
"3217",NA,NA,NA,NA,NA,NA,NA,NA,NA,NA,"NWHC00227",2020,NA,NA,NA,NA,NA,NA,NA,NA,NA,NA,NA,NA,0,"KL21WI0284","WI",0,"2B",1,0.000552493,1,NA,-3.257673102,1,NA,0.0157614908196485,3.12553278688525,97.8788866481992,-1.77568735647229,"Y","2021-03-01",1,0,NA
"3218",NA,NA,NA,NA,NA,NA,NA,NA,NA,NA,"NWHC00228",2020,NA,NA,NA,NA,NA,NA,NA,NA,NA,NA,NA,NA,0,"KL21WI0321","WI",0,"1B",0,0.021100835,0,NA,-1.675700359,1,NA,0.0385983273884103,1.87892953929539,94.4174342508266,-1.40232315804734,"Y","2021-03-01",1,0,NA
"3219",NA,NA,NA,NA,NA,NA,NA,NA,NA,NA,"NWHC00326",2020,NA,NA,NA,NA,NA,NA,NA,NA,NA,NA,NA,NA,0,"KL21WI0288","WI",0,"1A-35",1,0.000723801,1,NA,-3.140381001,1,NA,0.027688131646505,2.58131688700212,NA,-1.54229773485037,"Y","2021-03-01",1,0,NA
"3220",NA,NA,NA,NA,NA,NA,NA,NA,NA,NA,"NWHC00336",2020,NA,NA,NA,NA,NA,NA,NA,NA,NA,NA,NA,NA,0,"KL21WI0322","WI",0,"1B",0,0.006588324,0,NA,-2.181225084,1,NA,0.0385983273884103,1.87892953929539,94.4174342508266,-1.40232315804734,"Y","2021-03-01",1,0,NA
"3221",NA,NA,NA,NA,NA,NA,NA,NA,NA,NA,"NWHC00356",2019,NA,NA,NA,NA,NA,NA,NA,NA,NA,NA,NA,NA,0,"KL20WI0542","WI",0,"8",NA,0.011238895,NA,NA,-1.949276386,1,NA,NA,NA,NA,NA,"Y","2020-03-02",1,0,NA
"3222",NA,NA,NA,NA,NA,NA,NA,NA,NA,NA,"NWHC00528",2024,NA,NA,NA,NA,NA,NA,NA,NA,NA,NA,NA,NA,0,"TS25MW5178","WI",1,"20",1,0.006528516,1,NA,-2.18518551,1,NA,0.00627220115547089,7.22145161290323,99.3834758768627,-2.13833411665315,"Y","2025-03-08",0,1,NA
"3223",NA,NA,NA,NA,NA,NA,NA,NA,NA,NA,"NWHC00541",2024,NA,NA,NA,NA,NA,NA,NA,NA,NA,NA,NA,NA,0,"TS25MW5129","WI",0,"3",1,0.018844228,1,1.84,-1.724821643,1,0.0198238786702014,0.016176895250944,4.72832085561497,98.0749264570914,-1.76505533277694,"Y","2025-03-08",1,0,NA
"3224",NA,NA,NA,NA,NA,NA,NA,NA,NA,NA,"NWHC00557",2021,NA,NA,NA,NA,NA,NA,NA,NA,NA,NA,NA,NA,0,"KL22WI0863","WI",0,"12",1,0.033988783,1,8.02,-1.468664391,1,0.0182374029589506,0.0219463089238475,7.55854838709677,97.8897672691909,-1.63928716384901,"Y","2022-03-16",1,0,NA
"3225",NA,NA,NA,NA,NA,NA,NA,NA,NA,NA,"NWHC00562",2023,NA,NA,NA,NA,NA,NA,NA,NA,NA,NA,NA,NA,0,"KL24WI0349","WI",0,"15",0,0.004451129,0,NA,-2.351529804,1,NA,0.0152931055615139,5.85180473372781,98.3485497313784,-1.78799612872508,"Y","2024-03-12",1,0,NA
"3226",NA,NA,NA,NA,NA,NA,NA,NA,NA,NA,"NWHC00632",2021,NA,NA,NA,NA,NA,NA,NA,NA,NA,NA,NA,NA,0,"KL22WI0870","WI",0,"3",0,0.00159481,0,NA,-2.797290994,1,NA,0.0113930016080311,4.3695564516129,98.6381646178357,-1.90682349395267,"Y","2022-03-16",1,0,NA
"3227",NA,NA,NA,NA,NA,NA,NA,NA,NA,NA,"NWHC00693",2023,NA,NA,NA,NA,NA,NA,NA,NA,NA,NA,NA,NA,1,"KL24WI0007","WI",1,"1A",0,0.007401541,0,NA,-2.130677854,1,NA,0.0381293544058856,2.11401575866727,NA,-1.40749731745261,"Y","2024-03-04",1,1,NA
"3228",NA,NA,NA,NA,NA,NA,NA,NA,NA,NA,"NWHC00693",2024,NA,NA,NA,NA,NA,NA,NA,NA,NA,NA,NA,NA,0,"KL25WI0152","WI",1,"1A",0,0.000108061,0,NA,-3.966332699,1,NA,0.0381293544058856,2.04226666666667,NA,-1.40749731745261,"Y","2025-03-04",0,1,NA
"3229",NA,NA,NA,NA,NA,NA,NA,NA,NA,NA,"NWHC00768",2024,NA,NA,NA,NA,NA,NA,NA,NA,NA,NA,NA,NA,0,"TS25MW5000","WI",0,"3B",1,0.016318505,1,NA,-1.787319621,1,NA,0.0151230187194603,3.57716831244356,NA,-1.79255364178244,"Y","2025-03-04",1,0,NA
"3230",NA,NA,NA,NA,NA,NA,NA,NA,NA,NA,"NWHC00904",2021,NA,NA,NA,NA,NA,NA,NA,NA,NA,NA,NA,NA,0,"KL22WI0172","WI",0,"1",1,0.004126991,1,NA,-2.384366524,1,NA,NA,NA,NA,NA,"Y","2022-02-28",1,0,NA
"3231",NA,NA,NA,NA,NA,NA,NA,NA,NA,NA,"NWHC00985",2023,NA,NA,NA,NA,NA,NA,NA,NA,NA,NA,NA,NA,0,"KL24WI0050","WI",0,"2A",1,2.24e-05,1,NA,-4.650066694,1,NA,0.0148802501055556,1.39024423337856,NA,-1.79914266194624,"Y","2024-03-04",1,0,NA
"3232",NA,NA,NA,NA,NA,NA,NA,NA,NA,NA,"NY 31100",2010,NA,NA,NA,NA,NA,NA,NA,NA,NA,NA,NA,NA,0,"31100","NY",0,NA,NA,0.001917409,NA,NA,-2.717285339,1,NA,NA,NA,NA,NA,"N","2011-04-20",1,0,NA
"3233",NA,NA,NA,NA,NA,NA,NA,NA,NA,NA,"NY 31101",2010,NA,NA,NA,NA,NA,NA,NA,NA,NA,NA,NA,NA,0,"31101","NY",0,NA,NA,0.001996851,NA,NA,-2.69965428,1,NA,NA,NA,NA,NA,"N","2011-04-20",1,0,NA
"3234",NA,NA,NA,NA,NA,NA,NA,NA,NA,NA,"NY 31102",2010,NA,NA,NA,NA,NA,NA,NA,NA,NA,NA,NA,NA,0,"31102","NY",0,NA,NA,0.000446885,NA,NA,-3.349804365,1,NA,NA,NA,NA,NA,"N","2011-04-20",1,0,NA
"3235",NA,NA,NA,NA,NA,NA,NA,NA,NA,NA,"NY 31103",2010,NA,NA,NA,NA,NA,NA,NA,NA,NA,NA,NA,NA,0,"31103","NY",0,NA,NA,0.002984039,NA,NA,-2.525195556,1,NA,NA,NA,NA,NA,"N","2011-04-20",1,0,NA
"3236",NA,NA,NA,NA,NA,NA,NA,NA,NA,NA,"NY 31104",2010,NA,NA,NA,NA,NA,NA,NA,NA,NA,NA,NA,NA,0,"31104","NY",0,NA,NA,0.001760444,NA,NA,-2.754377743,1,NA,NA,NA,NA,NA,"N","2011-04-20",1,0,NA
"3237",NA,NA,NA,NA,NA,NA,NA,NA,NA,NA,"NY 31105",2010,NA,NA,NA,NA,NA,NA,NA,NA,NA,NA,NA,NA,0,"31105","NY",0,NA,NA,0.00101327,NA,NA,-2.994274903,1,NA,NA,NA,NA,NA,"N","2011-04-20",1,0,NA
"3238",NA,NA,NA,NA,NA,NA,NA,NA,NA,NA,"NY 31106",2010,NA,NA,NA,NA,NA,NA,NA,NA,NA,NA,NA,NA,0,"31106","NY",0,NA,NA,0.007912974,NA,NA,-2.101660243,1,NA,NA,NA,NA,NA,"N","2011-04-20",1,0,NA
"3239",NA,NA,NA,NA,NA,NA,NA,NA,NA,NA,"NY 31107",2010,NA,NA,NA,NA,NA,NA,NA,NA,NA,NA,NA,NA,0,"31107","NY",0,NA,NA,0.000479552,NA,NA,-3.319164642,1,NA,NA,NA,NA,NA,"N","2011-04-20",1,0,NA
"3240",NA,NA,NA,NA,NA,NA,NA,NA,NA,NA,"NY 31108",2010,NA,NA,NA,NA,NA,NA,NA,NA,NA,NA,NA,NA,0,"31108","NY",0,NA,NA,0.003805642,NA,NA,-2.41957203,1,NA,NA,NA,NA,NA,"N","2011-04-20",1,0,NA
"3241",NA,NA,NA,NA,NA,NA,NA,NA,NA,NA,"NY 31109",2010,NA,NA,NA,NA,NA,NA,NA,NA,NA,NA,NA,NA,0,"31109","NY",0,NA,NA,0.001829859,NA,NA,-2.73758245,1,NA,NA,NA,NA,NA,"N","2011-04-20",1,0,NA
"3242",NA,NA,NA,NA,NA,NA,NA,NA,NA,NA,"NY 31110",2010,NA,NA,NA,NA,NA,NA,NA,NA,NA,NA,NA,NA,0,"31110","NY",0,NA,NA,0.000564124,NA,NA,-3.248625227,1,NA,NA,NA,NA,NA,"N","2011-04-20",1,0,NA
"3243",NA,NA,NA,NA,NA,NA,NA,NA,NA,NA,"NY 31111",2010,NA,NA,NA,NA,NA,NA,NA,NA,NA,NA,NA,NA,0,"31111","NY",0,NA,NA,0.004651279,NA,NA,-2.332427585,1,NA,NA,NA,NA,NA,"N","2011-04-20",1,0,NA
"3244",NA,NA,NA,NA,NA,NA,NA,NA,NA,NA,"NY 31112",2010,NA,NA,NA,NA,NA,NA,NA,NA,NA,NA,NA,NA,0,"31112","NY",0,NA,NA,0.001134141,NA,NA,-2.945332939,1,NA,NA,NA,NA,NA,"N","2011-04-20",1,0,NA
"3245",NA,NA,NA,NA,NA,NA,NA,NA,NA,NA,"NY 31113",2010,NA,NA,NA,NA,NA,NA,NA,NA,NA,NA,NA,NA,0,"31113","NY",0,NA,NA,0.00294847,NA,NA,-2.53040334,1,NA,NA,NA,NA,NA,"N","2011-04-20",1,0,NA
"3246",NA,NA,NA,NA,NA,NA,NA,NA,NA,NA,"NY 31114",2010,NA,NA,NA,NA,NA,NA,NA,NA,NA,NA,NA,NA,0,"31114","NY",0,NA,NA,0.000832077,NA,NA,-3.079836526,1,NA,NA,NA,NA,NA,"N","2011-04-20",1,0,NA
"3247",NA,NA,NA,NA,NA,NA,NA,NA,NA,NA,"NY 31115",2010,NA,NA,NA,NA,NA,NA,NA,NA,NA,NA,NA,NA,0,"31115","NY",0,NA,NA,0.001456149,NA,NA,-2.83679415,1,NA,NA,NA,NA,NA,"N","2011-04-20",1,0,NA
"3248",NA,NA,NA,NA,NA,NA,NA,NA,NA,NA,"NY 31116",2010,NA,NA,NA,NA,NA,NA,NA,NA,NA,NA,NA,NA,0,"31117","NY",0,NA,NA,0.006997396,NA,NA,-2.155063522,1,NA,NA,NA,NA,NA,"N","2011-04-20",1,0,NA
"3249",NA,NA,NA,NA,NA,NA,NA,NA,NA,NA,"NY 31117",2010,NA,NA,NA,NA,NA,NA,NA,NA,NA,NA,NA,NA,0,"31116","NY",0,NA,NA,0.004828141,NA,NA,-2.316220014,1,NA,NA,NA,NA,NA,"N","2011-04-20",1,0,NA
"3250",NA,NA,NA,NA,NA,NA,NA,NA,NA,NA,"NY 31118",2010,NA,NA,NA,NA,NA,NA,NA,NA,NA,NA,NA,NA,0,"31118","NY",0,NA,NA,0.010334419,NA,NA,-1.985713947,1,NA,NA,NA,NA,NA,"N","2011-04-20",1,0,NA
"3251",NA,NA,NA,NA,NA,NA,NA,NA,NA,NA,"NY 31119",2010,NA,NA,NA,NA,NA,NA,NA,NA,NA,NA,NA,NA,0,"31119","NY",0,NA,NA,0.003891991,NA,NA,-2.409828225,1,NA,NA,NA,NA,NA,"N","2011-04-20",1,0,NA
"3252",NA,NA,NA,NA,NA,NA,NA,NA,NA,NA,"NY 31120",2010,NA,NA,NA,NA,NA,NA,NA,NA,NA,NA,NA,NA,0,"31120","NY",0,NA,NA,0.002045254,NA,NA,-2.689252719,1,NA,NA,NA,NA,NA,"N","2011-04-20",1,0,NA
"3253",NA,NA,NA,NA,NA,NA,NA,NA,NA,NA,"NY 31121",2010,NA,NA,NA,NA,NA,NA,NA,NA,NA,NA,NA,NA,0,"31121","NY",0,NA,NA,0.000747848,NA,NA,-3.126186563,1,NA,NA,NA,NA,NA,"N","2011-04-20",1,0,NA
"3254",NA,NA,NA,NA,NA,NA,NA,NA,NA,NA,"NY 31123",2010,NA,NA,NA,NA,NA,NA,NA,NA,NA,NA,NA,NA,0,"31123","NY",0,NA,NA,0.00110449,NA,NA,-2.956838155,1,NA,NA,NA,NA,NA,"N","2011-04-20",1,0,NA
"3255",NA,NA,NA,NA,NA,NA,NA,NA,NA,NA,"NY 31124",2010,NA,NA,NA,NA,NA,NA,NA,NA,NA,NA,NA,NA,0,"31124","NY",0,NA,NA,0.000415829,NA,NA,-3.381084921,1,NA,NA,NA,NA,NA,"N","2011-04-20",1,0,NA
"3256",NA,NA,NA,NA,NA,NA,NA,NA,NA,NA,"NY 31125",2010,NA,NA,NA,NA,NA,NA,NA,NA,NA,NA,NA,NA,0,"31125","NY",0,NA,NA,0.000884884,NA,NA,-3.053113585,1,NA,NA,NA,NA,NA,"N","2011-04-20",1,0,NA
"3257",NA,NA,NA,NA,NA,NA,NA,NA,NA,NA,"NY 31126",2010,NA,NA,NA,NA,NA,NA,NA,NA,NA,NA,NA,NA,0,"31126","NY",0,NA,NA,0.000940566,NA,NA,-3.026610674,1,NA,NA,NA,NA,NA,"N","2011-04-20",1,0,NA
"3258",NA,NA,NA,NA,NA,NA,NA,NA,NA,NA,"NY 31199",2011,NA,NA,NA,NA,NA,NA,NA,NA,NA,NA,NA,NA,0,"NY 31199","NY",0,NA,NA,2.45e-06,NA,NA,-5.611051827,1,NA,NA,NA,NA,NA,"N","2011-08-02",1,0,NA
"3259",NA,NA,NA,NA,NA,NA,NA,NA,NA,NA,"NY 66468",2011,NA,NA,NA,NA,NA,NA,NA,NA,NA,NA,NA,NA,0,"KL12NY-LH-13","NY",0,"COLD SECTION BOTTOM PASSAGE",1,0.00612805,NA,NA,-2.212677735,1,NA,NA,NA,NA,NA,"Y","2012-04-08",1,0,NA
"3260",NA,NA,NA,NA,NA,NA,NA,NA,NA,NA,"NY 66547",2011,NA,NA,NA,NA,NA,NA,NA,NA,NA,NA,NA,NA,0,"KL12NY-LH-15","NY",0,"COLD SECTION BOTTOM PASSAGE",1,0.003527918,NA,NA,-2.452481514,1,NA,NA,NA,NA,NA,"Y","2012-04-08",1,0,NA
"3261",NA,NA,NA,NA,NA,NA,NA,NA,NA,NA,"NYDEC14721",2023,NA,NA,NA,NA,NA,NA,NA,NA,NA,NA,NA,NA,0,"KL24NY0202","NY",0,NA,1,0.006592349,1,NA,-2.180959836,1,NA,NA,NA,NA,NA,"Y","2024-03-22",1,0,NA
"3262",NA,NA,NA,NA,NA,NA,NA,NA,NA,NA,"NYDEC32725",2014,NA,NA,NA,NA,NA,NA,NA,NA,NA,NA,NA,NA,0,"JH15MI0070","MI",0,"25 to 30",0,8.17e-05,0,NA,-4.087940457,1,NA,NA,1.03248275862069,NA,NA,NA,"2015-02-25",1,0,NA
"3263",NA,NA,NA,NA,NA,NA,NA,NA,NA,NA,"NYDEC33274",2014,NA,NA,NA,NA,NA,NA,NA,NA,NA,NA,NA,NA,0,"JH15MI0071","MI",0,"29.6",0,5.51e-05,0,NA,-4.258975779,1,NA,NA,1.03248275862069,NA,NA,"Y","2015-02-25",1,0,NA
"3264",NA,NA,NA,NA,NA,NA,NA,NA,NA,NA,"NYDEC33275",2015,NA,NA,NA,NA,NA,NA,NA,NA,NA,NA,NA,NA,0,"JH16MI0083","MI",0,"10.5",1,0.000822974,1,NA,-3.084613935,1,NA,0.0132509908915458,3.784,NA,-1.84615493749623,"Y","2016-03-04",1,0,NA
"3265",NA,NA,NA,NA,NA,NA,NA,NA,NA,NA,"NYDEC33276U",2014,NA,NA,NA,NA,NA,NA,NA,NA,NA,NA,NA,NA,0,"JH15MI0072","MI",0,"29.6",0,5.32e-05,0,NA,-4.27385883,1,NA,NA,1.03248275862069,NA,NA,"Y","2015-02-25",1,0,NA
"3266",NA,NA,NA,NA,NA,NA,NA,NA,NA,NA,"NYDEC33277",2014,NA,NA,NA,NA,NA,NA,NA,NA,NA,NA,NA,NA,1,"JH15MI0102","MI",1,"24",NA,0.000223106,NA,NA,-3.651488363,1,NA,0.135669433563885,4.69912580128205,NA,-0.864328605541169,"Y","2015-02-25",1,1,NA
"3267",NA,NA,NA,NA,NA,NA,NA,NA,NA,NA,"NYDEC71486",2021,NA,NA,NA,NA,NA,NA,NA,NA,NA,NA,NA,NA,0,"KL22NY0027","NY",0,"3A",1,0.00069522,1,4.48,-3.157877961,1,0.0037811757190694,NA,NA,NA,NA,"Y","2022-04-01",1,0,NA
"3268",NA,NA,NA,NA,NA,NA,NA,NA,NA,NA,"NYDEC71491",2021,NA,NA,NA,NA,NA,NA,NA,NA,NA,NA,NA,NA,0,"KL22NY0002","NY",0,"CAGE",1,0.022437645,1,4.39,-1.649022721,1,0.0412965347037361,NA,NA,NA,NA,"Y","2022-04-01",1,0,NA
"3269",NA,NA,NA,NA,NA,NA,NA,NA,NA,NA,"NYDEC71492",2021,NA,NA,NA,NA,NA,NA,NA,NA,NA,NA,NA,NA,0,"KL22NY0043","NY",0,"C",0,0.003531793,0,4.9,-2.452004746,1,0.00382867552897775,NA,NA,NA,NA,"Y","2022-04-01",1,0,NA
"3270",NA,NA,NA,NA,NA,NA,NA,NA,NA,NA,"NYDEC71493",2021,NA,NA,NA,NA,NA,NA,NA,NA,NA,NA,NA,NA,0,"KL22NY0001","NY",0,"CAGE",1,0.007441628,1,2.78,-2.128332039,1,0.0322803383764552,NA,NA,NA,NA,"Y","2022-04-01",1,0,NA
"3271",NA,NA,NA,NA,NA,NA,NA,NA,NA,NA,"NYDEC71516",2022,NA,NA,NA,NA,NA,NA,NA,NA,NA,NA,NA,NA,0,"KL23NY0045","NY",0,"C",1,0.090646981,1,NA,-1.042646654,1,NA,NA,7.49923387096774,NA,NA,"Y","2023-03-23",1,0,NA
"3272",NA,NA,NA,NA,NA,NA,NA,NA,NA,NA,"NYDEC73200",2018,NA,NA,NA,NA,NA,NA,NA,NA,NA,NA,NA,NA,0,"KL19NY0018","NY",0,NA,1,0.006812475,1,NA,-2.16669511,1,NA,NA,NA,NA,NA,NA,"2019-03-25",1,0,NA
"3273",NA,NA,NA,NA,NA,NA,NA,NA,NA,NA,"NYDEC73207",2018,NA,NA,NA,NA,NA,NA,NA,NA,NA,NA,NA,NA,0,"KL19NY0163","NY",0,NA,NA,0.003078636,NA,NA,-2.511641727,1,NA,NA,3.39231350806452,NA,NA,NA,"2019-03-25",1,0,NA
"3274",NA,NA,NA,NA,NA,NA,NA,NA,NA,NA,"NYDEC73241",2018,NA,NA,NA,NA,NA,NA,NA,NA,NA,NA,NA,NA,0,"KL19NY0162","NY",0,NA,0,0.016245975,0,NA,-1.789254219,1,NA,NA,3.39231350806452,NA,NA,NA,"2019-03-25",1,0,NA
"3275",NA,NA,NA,NA,NA,NA,NA,NA,NA,NA,"NYDEC73244",2018,NA,NA,NA,NA,NA,NA,NA,NA,NA,NA,NA,NA,0,"KL19VT0044","VT",0,NA,1,9.06e-05,1,NA,-4.042995158,1,NA,NA,NA,NA,NA,NA,"2019-03-25",1,0,NA
"3276",NA,NA,NA,NA,NA,NA,NA,NA,NA,NA,"NYDEC73280",2018,NA,NA,NA,NA,NA,NA,NA,NA,NA,NA,NA,NA,0,"KL19NY0010","NY",0,NA,0,0.02799602,0,NA,-1.552903705,1,NA,NA,NA,NA,NA,NA,"2019-03-25",1,0,NA
"3277",NA,NA,NA,NA,NA,NA,NA,NA,NA,NA,"NYDEC73651",2021,NA,NA,NA,NA,NA,NA,NA,NA,NA,NA,NA,NA,0,"KL22NY0025","NY",0,"3A",1,0.002750094,1,NA,-2.560652407,1,NA,NA,NA,NA,NA,"Y","2022-04-01",1,0,NA
"3278",NA,NA,NA,NA,NA,NA,NA,NA,NA,NA,"NYDEC73652",2021,NA,NA,NA,NA,NA,NA,NA,NA,NA,NA,NA,NA,0,"KL22NY0031","NY",0,"B",1,0.002764719,1,2.67,-2.558348982,1,0.00956091454106155,NA,NA,NA,NA,"Y","2022-04-01",1,0,NA
"3279",NA,NA,NA,NA,NA,NA,NA,NA,NA,NA,"NYDEC73653",2021,NA,NA,NA,NA,NA,NA,NA,NA,NA,NA,NA,NA,0,"KL22NY0006","NY",0,"UB",1,0.001457605,1,1.73,-2.836360055,1,0.0348131417724658,NA,NA,NA,NA,"Y","2022-04-01",1,0,NA
"3280",NA,NA,NA,NA,NA,NA,NA,NA,NA,NA,"NYDEC73654",2021,NA,NA,NA,NA,NA,NA,NA,NA,NA,NA,NA,NA,0,"KL22NY0005","NY",0,"CAGE",0,0.008834973,0,2.3,-2.053794757,1,0.0318463380743245,NA,NA,NA,NA,"Y","2022-04-01",1,0,NA
"3281",NA,NA,NA,NA,NA,NA,NA,NA,NA,NA,"NYDEC73656",2021,NA,NA,NA,NA,NA,NA,NA,NA,NA,NA,NA,NA,0,"KL22NY0033","NY",0,"B",1,0.014282597,1,3.28,-1.845192803,1,0.0145848928005472,NA,NA,NA,NA,"Y","2022-04-01",1,0,NA
"3282",NA,NA,NA,NA,NA,NA,NA,NA,NA,NA,"NYDEC73658",2021,NA,NA,NA,NA,NA,NA,NA,NA,NA,NA,NA,NA,0,"KL22NY0014","NY",0,"3A",1,0.00055744,1,3.29,-3.253801988,1,0.0279175142510801,NA,NA,NA,NA,"Y","2022-04-01",1,0,NA
"3283",NA,NA,NA,NA,NA,NA,NA,NA,NA,NA,"NYDEC73659",2021,NA,NA,NA,NA,NA,NA,NA,NA,NA,NA,NA,NA,0,"KL22NY0029","NY",0,"B",0,0.000573107,0,2.35,-3.241764387,1,0.00474016163711768,NA,NA,NA,NA,"Y","2022-04-01",1,0,NA
"3284",NA,NA,NA,NA,NA,NA,NA,NA,NA,NA,"NYDEC73664",2021,NA,NA,NA,NA,NA,NA,NA,NA,NA,NA,NA,NA,0,"KL22NY0021","NY",0,"B",1,0.028842113,1,5.17,-1.539972924,1,0.0613351358427155,NA,NA,NA,NA,"Y","2022-04-01",1,0,NA
"3285",NA,NA,NA,NA,NA,NA,NA,NA,NA,NA,"NYDEC73666",2021,NA,NA,NA,NA,NA,NA,NA,NA,NA,NA,NA,NA,0,"KL22NY0032","NY",0,"B",0,0.021982352,0,3.34,-1.657925836,1,0.00974577337219472,NA,NA,NA,NA,"Y","2022-04-01",1,0,NA
"3286",NA,NA,NA,NA,NA,NA,NA,NA,NA,NA,"NYDEC73667",2021,NA,NA,NA,NA,NA,NA,NA,NA,NA,NA,NA,NA,0,"KL22NY0036","NY",0,"B",0,0.002843627,0,3.28,-2.546127445,1,0.0121576331713237,NA,NA,NA,NA,"Y","2022-04-01",1,0,NA
"3287",NA,NA,NA,NA,NA,NA,NA,NA,NA,NA,"NYDEC73673",2021,NA,NA,NA,NA,NA,NA,NA,NA,NA,NA,NA,NA,0,"KL22NY0030","NY",0,"B",1,0.017565251,2,2.65,-1.755345645,1,0.00955549561461207,NA,NA,NA,NA,"Y","2022-04-01",1,0,NA
"3288",NA,NA,NA,NA,NA,NA,NA,NA,NA,NA,"NYDEC73675",2021,NA,NA,NA,NA,NA,NA,NA,NA,NA,NA,NA,NA,0,"KL22NY0037","NY",0,"B",1,0.002043791,1,3.27,-2.689563556,1,0.0121541372044081,NA,NA,NA,NA,"Y","2022-04-01",1,0,NA
"3289",NA,NA,NA,NA,NA,NA,NA,NA,NA,NA,"NYDEC73679",2021,NA,NA,NA,NA,NA,NA,NA,NA,NA,NA,NA,NA,0,"KL22NY0026","NY",0,"3A",1,0.000451701,2,NA,-3.345149356,1,NA,NA,NA,NA,NA,"Y","2022-04-01",1,0,NA
"3290",NA,NA,NA,NA,NA,NA,NA,NA,NA,NA,"NYDEC73691",2021,NA,NA,NA,NA,NA,NA,NA,NA,NA,NA,NA,NA,0,"KL22NY0012","NY",0,"3A",1,0.010331484,1,3.36,-1.985837278,1,0.0206944070507675,NA,NA,NA,NA,"Y","2022-04-01",1,0,NA
"3291",NA,NA,NA,NA,NA,NA,NA,NA,NA,NA,"NYDEC74716",2023,NA,NA,NA,NA,NA,NA,NA,NA,NA,NA,NA,NA,0,"KL24NY0210","NY",0,NA,0,0.038741155,0,NA,-1.411827436,1,NA,NA,NA,NA,NA,"Y","2024-03-22",1,0,NA
"3292",NA,NA,NA,NA,NA,NA,NA,NA,NA,NA,"NYDEC74767",2023,NA,NA,NA,NA,NA,NA,NA,NA,NA,NA,NA,NA,0,"KL24NY0085","NY",0,NA,1,0.013421997,3,NA,-1.872182869,1,NA,NA,NA,NA,NA,NA,"2024-03-22",1,0,NA
"3293",NA,NA,NA,NA,NA,NA,NA,NA,NA,NA,"NYDEC74780",2023,NA,NA,NA,NA,NA,NA,NA,NA,NA,NA,NA,NA,0,"KL24NY0073","NY",0,NA,1,0.032755279,1,NA,-1.484718692,1,NA,NA,NA,NA,NA,NA,"2024-03-22",1,0,NA
"3294",NA,NA,NA,NA,NA,NA,NA,NA,NA,NA,"NYDEC74782",2023,NA,NA,NA,NA,NA,NA,NA,NA,NA,NA,NA,NA,0,"KL24NY0068","NY",0,NA,1,0.007297688,2,NA,-2.136814713,1,NA,NA,NA,NA,NA,NA,"2024-03-22",1,0,NA
"3295",NA,NA,NA,NA,NA,NA,NA,NA,NA,NA,"NYDEC74785",2023,NA,NA,NA,NA,NA,NA,NA,NA,NA,NA,NA,NA,0,"KL24NY0030","NY",0,NA,1,0.043240325,2,NA,-1.364111051,1,NA,NA,NA,NA,NA,NA,"2024-03-22",1,0,NA
"3296",NA,NA,NA,NA,NA,NA,NA,NA,NA,NA,"NYDEC74789",2023,NA,NA,NA,NA,NA,NA,NA,NA,NA,NA,NA,NA,0,"KL24NY0120","NY",0,NA,NA,0.000346557,NA,NA,-3.460225116,1,NA,NA,NA,NA,NA,NA,"2024-03-22",1,0,NA
"3297",NA,NA,NA,NA,NA,NA,NA,NA,NA,NA,"NYDEC74790",2023,NA,NA,NA,NA,NA,NA,NA,NA,NA,NA,NA,NA,0,"KL24NY0061","NY",0,NA,1,0.013221118,1,NA,-1.878731824,1,NA,NA,NA,NA,NA,NA,"2024-03-22",1,0,NA
"3298",NA,NA,NA,NA,NA,NA,NA,NA,NA,NA,"NYDEC74821",2023,NA,NA,NA,NA,NA,NA,NA,NA,NA,NA,NA,NA,0,"KL24NY0067","NY",0,NA,1,0.023843965,2,NA,-1.622621518,1,NA,NA,NA,NA,NA,NA,"2024-03-22",1,0,NA
"3299",NA,NA,NA,NA,NA,NA,NA,NA,NA,NA,"NYDEC74835",2023,NA,NA,NA,NA,NA,NA,NA,NA,NA,NA,NA,NA,0,"KL24NY0020","NY",0,NA,1,2.43e-06,2,NA,-5.614503252,1,NA,NA,NA,NA,NA,NA,"2024-03-22",1,0,NA
"3300",NA,NA,NA,NA,NA,NA,NA,NA,NA,NA,"UW0728",2017,NA,NA,NA,NA,NA,NA,NA,NA,NA,NA,NA,NA,0,"KL18WI0147","WI",0,"C",1,0.0253366,1,NA,-1.596251665,1,NA,0.0364672166366908,7.16866666666667,NA,-1.42634856856152,"Y","2018-03-08",1,0,NA
"3301",NA,NA,NA,NA,NA,NA,NA,NA,NA,NA,"UW0734",2015,NA,NA,NA,NA,NA,NA,NA,NA,NA,NA,NA,NA,0,"JH16MI0117","MI",0,"4.8",1,0.009426475,1,NA,-2.025650675,1,NA,0.0155324386961681,5.54157142857143,NA,-1.78166307902563,"Y","2016-03-05",1,0,NA
"3302",NA,NA,NA,NA,NA,NA,NA,NA,NA,NA,"UW0739",2015,NA,NA,NA,NA,NA,NA,NA,NA,NA,NA,NA,NA,0,"JH16MI0119","MI",0,"7.4",0,0.009257628,0,NA,-2.033500272,1,NA,0.0155324386961681,5.54157142857143,NA,-1.78166307902563,NA,"2016-03-05",1,0,NA
"3303",NA,NA,NA,NA,NA,NA,NA,NA,NA,NA,"UW0742",2016,NA,NA,NA,NA,NA,NA,NA,NA,NA,NA,NA,NA,1,"JH17MI0025","MI",2,"26",1,0.004008304,1,NA,-2.397039392,1,NA,0.0130307536985769,2.6145,NA,-1.85291899908275,"Y","2017-03-02",1,1,NA
"3304",NA,NA,NA,NA,NA,NA,NA,NA,NA,NA,"UW0742",2018,NA,NA,NA,NA,NA,NA,NA,NA,NA,NA,NA,NA,1,"KL19MI0088","MI",2,"31.4",1,0.00988149,1,NA,-2.005177586,1,NA,0.0130307536985769,2.37507792207792,NA,-1.85291899908275,"Y","2019-03-10",0,1,NA
"3305",NA,NA,NA,NA,NA,NA,NA,NA,NA,NA,"UW0742",2019,NA,NA,NA,NA,NA,NA,NA,NA,NA,NA,NA,NA,0,"KL20MI0161","MI",2,"32.2",1,0.006450378,1,NA,-2.190414834,1,NA,0.00769691397508161,3.23129900332226,NA,-2.06063482569769,"Y","2020-03-07",0,1,NA
"3306",NA,NA,NA,NA,NA,NA,NA,NA,NA,NA,"UW0746",2014,NA,NA,NA,NA,NA,NA,NA,NA,NA,NA,NA,NA,0,"JH15MI0035","MI",0,"29.6",NA,4.21e-05,NA,NA,-4.375941027,1,NA,0.0261417475814097,2.56701105729243,NA,-1.56636219276587,"Y","2015-02-24",1,0,NA
"3307",NA,NA,NA,NA,NA,NA,NA,NA,NA,NA,"UW0890",2015,NA,NA,NA,NA,NA,NA,NA,NA,NA,NA,NA,NA,0,"KL16WI0297","WI",0,"D",1,0.03170375,NA,NA,-1.498889365,1,NA,NA,4.91198387096774,NA,NA,NA,"2016-03-14",1,0,NA
"3308",NA,NA,NA,NA,NA,NA,NA,NA,NA,NA,"VDGIFA46010",2011,NA,NA,NA,NA,NA,NA,NA,NA,NA,NA,NA,NA,0,"KL11VA00428","VA",0,"LOWER SODALIS ROOST",NA,0.172054173,NA,NA,-0.764334788,1,NA,NA,NA,NA,NA,"Y","2012-03-21",1,0,NA
"3309",NA,NA,NA,NA,NA,NA,NA,NA,NA,NA,"VDGIFA46233",2011,NA,NA,NA,NA,NA,NA,NA,NA,NA,NA,NA,NA,0,"KL12VA00556","VA",0,NA,NA,9.19e-05,NA,NA,-4.036487146,1,NA,NA,NA,NA,NA,"Y","2012-03-19",1,0,NA
"3310",NA,NA,NA,NA,NA,NA,NA,NA,NA,NA,"VDGIFA47670",2011,NA,NA,NA,NA,NA,NA,NA,NA,NA,NA,NA,NA,0,"KL12VA00607","VA",0,NA,NA,0.009888463,NA,NA,-2.004871215,1,NA,NA,NA,NA,NA,"Y","2012-03-22",1,0,NA
"3311",NA,NA,NA,NA,NA,NA,NA,NA,NA,NA,"VDGIFA48123",2011,NA,NA,NA,NA,NA,NA,NA,NA,NA,NA,NA,NA,0,"KL12VA00546","VA",0,NA,NA,0.338757079,NA,NA,-0.470111621,1,NA,NA,NA,NA,NA,"Y","2012-03-19",1,0,NA
"3312",NA,NA,NA,NA,NA,NA,NA,NA,NA,NA,"VDGIFA48157",2011,NA,NA,NA,NA,NA,NA,NA,NA,NA,NA,NA,NA,0,"KL12VA00527","VA",0,NA,NA,0.049590048,NA,NA,-1.304605475,1,NA,NA,NA,NA,NA,"Y","2012-03-19",1,0,NA
"3313",NA,NA,NA,NA,NA,NA,NA,NA,NA,NA,"VDGIFA48171",2011,NA,NA,NA,NA,NA,NA,NA,NA,NA,NA,NA,NA,0,"KL12VA00525","VA",0,NA,NA,0.137415507,NA,NA,-0.861964254,1,NA,NA,NA,NA,NA,"Y","2012-03-19",1,0,NA
"3314",NA,NA,NA,NA,NA,NA,NA,NA,NA,NA,"VDGIFA48232",2011,NA,NA,NA,NA,NA,NA,NA,NA,NA,NA,NA,NA,0,"KL12VA00735","VA",0,"BAIN'S ENTRANCE ABOVE DROP",1,0.035697399,NA,NA,-1.447363425,1,NA,NA,NA,NA,NA,"Y","2012-04-03",1,0,NA
"3315",NA,NA,NA,NA,NA,NA,NA,NA,NA,NA,"VDGIFA51556",2011,NA,NA,NA,NA,NA,NA,NA,NA,NA,NA,NA,NA,0,"KL12VA00795","VA",0,"T-INTERSECTION",NA,0.193610228,NA,NA,-0.713071703,1,NA,NA,8.31023333333333,NA,NA,"Y","2012-04-04",1,0,NA
"3316",NA,NA,NA,NA,NA,NA,NA,NA,NA,NA,"VDGIFA51567",2011,NA,NA,NA,NA,NA,NA,NA,NA,NA,NA,NA,NA,0,"KL12VA00789","VA",0,"T-INTERSECTION",NA,0.094476769,NA,NA,-1.024674969,1,NA,NA,8.31023333333333,NA,NA,"Y","2012-04-04",1,0,NA
"3317",NA,NA,NA,NA,NA,NA,NA,NA,NA,NA,"VDGIFA54309",2011,NA,NA,NA,NA,NA,NA,NA,NA,NA,NA,NA,NA,0,"KL12VA00542","VA",0,NA,NA,0.226999532,NA,NA,-0.643975038,1,NA,NA,NA,NA,NA,"Y","2012-03-19",1,0,NA
"3318",NA,NA,NA,NA,NA,NA,NA,NA,NA,NA,"VDGIFA54311",2011,NA,NA,NA,NA,NA,NA,NA,NA,NA,NA,NA,NA,0,"KL12VA00549","VA",0,NA,NA,0.285377246,NA,NA,-0.544580658,1,NA,NA,NA,NA,NA,"Y","2012-03-19",1,0,NA
"3319",NA,NA,NA,NA,NA,NA,NA,NA,NA,NA,"VDGIFA54313",2011,NA,NA,NA,NA,NA,NA,NA,NA,NA,NA,NA,NA,0,"KL12VA00516","VA",0,NA,NA,0.177138591,NA,NA,-0.751686813,1,NA,NA,NA,NA,NA,"Y","2012-03-19",1,0,NA
"3320",NA,NA,NA,NA,NA,NA,NA,NA,NA,NA,"VDGIFA54314",2011,NA,NA,NA,NA,NA,NA,NA,NA,NA,NA,NA,NA,0,"KL12VA00539","VA",0,NA,NA,1.556840221,NA,NA,0.192244043,1,NA,NA,NA,NA,NA,"Y","2012-03-19",1,0,NA
"3321",NA,NA,NA,NA,NA,NA,NA,NA,NA,NA,"VDGIFA54406",2011,NA,NA,NA,NA,NA,NA,NA,NA,NA,NA,NA,NA,0,"KL12VA00776","VA",0,"LITTLE BROWN ROOM",NA,0.007633608,NA,NA,-2.117270172,1,NA,NA,8.31023333333333,NA,NA,"Y","2012-04-04",1,0,NA
"3322",NA,NA,NA,NA,NA,NA,NA,NA,NA,NA,"VDGIFA54410",2011,NA,NA,NA,NA,NA,NA,NA,NA,NA,NA,NA,NA,0,"KL12VA00777","VA",0,"LITTLE BROWN ROOM",NA,0.026740997,NA,NA,-1.572822405,1,NA,NA,8.31023333333333,NA,NA,"Y","2012-04-04",1,0,NA
"3323",NA,NA,NA,NA,NA,NA,NA,NA,NA,NA,"VDGIFA54425",2011,NA,NA,NA,NA,NA,NA,NA,NA,NA,NA,NA,NA,0,"KL12VA00750","VA",0,"LITTLE BROWN ROOM",NA,0.061978539,NA,NA,-1.207758667,1,NA,NA,8.31023333333333,NA,NA,"Y","2012-04-04",1,0,NA
"3324",NA,NA,NA,NA,NA,NA,NA,NA,NA,NA,"VDGIFA54534",2011,NA,NA,NA,NA,NA,NA,NA,NA,NA,NA,NA,NA,0,"KL12VA00752","VA",0,"LITTLE BROWN ROOM",NA,0.008667618,NA,NA,-2.062100228,1,NA,NA,8.31023333333333,NA,NA,"Y","2012-04-04",1,0,NA
"3325",NA,NA,NA,NA,NA,NA,NA,NA,NA,NA,"VDGIFA54545",2011,NA,NA,NA,NA,NA,NA,NA,NA,NA,NA,NA,NA,0,"KL12VA00782","VA",0,"LITTLE BROWN ROOM",NA,0.084096415,NA,NA,-1.075222516,1,NA,NA,8.31023333333333,NA,NA,"Y","2012-04-04",1,0,NA
"3326",NA,NA,NA,NA,NA,NA,NA,NA,NA,NA,"VDGIFA54556",2011,NA,NA,NA,NA,NA,NA,NA,NA,NA,NA,NA,NA,0,"KL12VA00788","VA",0,"T-INTERSECTION",NA,0.023095379,NA,NA,-1.636474916,1,NA,NA,8.31023333333333,NA,NA,"Y","2012-04-04",1,0,NA
"3327",NA,NA,NA,NA,NA,NA,NA,NA,NA,NA,"VDGIFA54700",2011,NA,NA,NA,NA,NA,NA,NA,NA,NA,NA,NA,NA,0,"KL12VA00747","VA",0,"NEW MYSO ROOST",NA,0.01091516,NA,NA,-1.961969882,1,NA,NA,8.31023333333333,NA,NA,"N","2012-04-04",1,0,NA
"3328",NA,NA,NA,NA,NA,NA,NA,NA,NA,NA,"VDGIFA54701",2011,NA,NA,NA,NA,NA,NA,NA,NA,NA,NA,NA,NA,0,"KL12VA00748","VA",0,"LITTLE BROWN ROOM",NA,0.020359942,NA,NA,-1.691223473,1,NA,NA,8.31023333333333,NA,NA,"N","2012-04-04",1,0,NA
"3329",NA,NA,NA,NA,NA,NA,NA,NA,NA,NA,"VDGIFA54703",2011,NA,NA,NA,NA,NA,NA,NA,NA,NA,NA,NA,NA,0,"KL12VA00751","VA",0,"LITTLE BROWN ROOM",NA,0.051981828,NA,NA,-1.284148448,1,NA,NA,8.31023333333333,NA,NA,"N","2012-04-04",1,0,NA
"3330",NA,NA,NA,NA,NA,NA,NA,NA,NA,NA,"VDGIFA54704",2011,NA,NA,NA,NA,NA,NA,NA,NA,NA,NA,NA,NA,0,"KL12VA00753","VA",0,"LITTLE BROWN ROOM",NA,0.114585719,NA,NA,-0.940869506,1,NA,NA,8.31023333333333,NA,NA,"N","2012-04-04",1,0,NA
"3331",NA,NA,NA,NA,NA,NA,NA,NA,NA,NA,"VDGIFA54705",2011,NA,NA,NA,NA,NA,NA,NA,NA,NA,NA,NA,NA,0,"KL12VA00754","VA",0,"LITTLE BROWN ROOM",NA,0.047606728,NA,NA,-1.322331667,1,NA,NA,8.31023333333333,NA,NA,"N","2012-04-04",1,0,NA
"3332",NA,NA,NA,NA,NA,NA,NA,NA,NA,NA,"VDGIFA54706",2011,NA,NA,NA,NA,NA,NA,NA,NA,NA,NA,NA,NA,0,"KL12VA00775","VA",0,"LITTLE BROWN ROOM",NA,0.11167356,NA,NA,-0.952049637,1,NA,NA,8.31023333333333,NA,NA,"N","2012-04-04",1,0,NA
"3333",NA,NA,NA,NA,NA,NA,NA,NA,NA,NA,"VDGIFA54707",2011,NA,NA,NA,NA,NA,NA,NA,NA,NA,NA,NA,NA,0,"KL12VA00778","VA",0,"LITTLE BROWN ROOM",NA,0.04387211,NA,NA,-1.357811483,1,NA,NA,8.31023333333333,NA,NA,"N","2012-04-04",1,0,NA
"3334",NA,NA,NA,NA,NA,NA,NA,NA,NA,NA,"VDGIFA54708",2011,NA,NA,NA,NA,NA,NA,NA,NA,NA,NA,NA,NA,0,"KL12VA00779","VA",0,"LITTLE BROWN ROOM",NA,0.081834656,NA,NA,-1.087062739,1,NA,NA,8.31023333333333,NA,NA,"N","2012-04-04",1,0,NA
"3335",NA,NA,NA,NA,NA,NA,NA,NA,NA,NA,"VDGIFA54709",2011,NA,NA,NA,NA,NA,NA,NA,NA,NA,NA,NA,NA,0,"KL12VA00780","VA",0,"LITTLE BROWN ROOM",NA,0.031236115,NA,NA,-1.505342994,1,NA,NA,8.31023333333333,NA,NA,"N","2012-04-04",1,0,NA
"3336",NA,NA,NA,NA,NA,NA,NA,NA,NA,NA,"VDGIFA54710",2011,NA,NA,NA,NA,NA,NA,NA,NA,NA,NA,NA,NA,0,"KL12VA00781","VA",0,"LITTLE BROWN ROOM",NA,0.020698919,NA,NA,-1.684052339,1,NA,NA,8.31023333333333,NA,NA,"N","2012-04-04",1,0,NA
"3337",NA,NA,NA,NA,NA,NA,NA,NA,NA,NA,"VDGIFA54711",2011,NA,NA,NA,NA,NA,NA,NA,NA,NA,NA,NA,NA,0,"KL12VA00783","VA",0,"LITTLE BROWN ROOM",NA,0.006155849,NA,NA,-2.210712049,1,NA,NA,8.31023333333333,NA,NA,"N","2012-04-04",1,0,NA
"3338",NA,NA,NA,NA,NA,NA,NA,NA,NA,NA,"VDGIFA54712",2011,NA,NA,NA,NA,NA,NA,NA,NA,NA,NA,NA,NA,0,"KL12VA00784","VA",0,"LITTLE BROWN ROOM",NA,0.08021825,NA,NA,-1.095726816,1,NA,NA,8.31023333333333,NA,NA,"N","2012-04-04",1,0,NA
"3339",NA,NA,NA,NA,NA,NA,NA,NA,NA,NA,"VDGIFA54718",2011,NA,NA,NA,NA,NA,NA,NA,NA,NA,NA,NA,NA,0,"KL12VA00794","VA",0,"LITTLE BROWN ROOM",NA,2.95e-06,NA,NA,-5.530777418,1,NA,NA,8.31023333333333,NA,NA,"N","2012-04-04",1,0,NA
"3340",NA,NA,NA,NA,NA,NA,NA,NA,NA,NA,"VDGIFA54770",2011,NA,NA,NA,NA,NA,NA,NA,NA,NA,NA,NA,NA,0,"KL12VA00756","VA",0,"MYOTIS ROOM",NA,0.068753641,NA,NA,-1.1627043,1,NA,NA,NA,NA,NA,"N","2012-04-03",1,0,NA
"3341",NA,NA,NA,NA,NA,NA,NA,NA,NA,NA,"VDGIFA54771",2011,NA,NA,NA,NA,NA,NA,NA,NA,NA,NA,NA,NA,0,"KL12VA00757","VA",0,"MYOTIS ROOM",NA,0.111165366,NA,NA,-0.954030497,1,NA,NA,NA,NA,NA,"N","2012-04-03",1,0,NA
"3342",NA,NA,NA,NA,NA,NA,NA,NA,NA,NA,"VDGIFA54903",2011,NA,NA,NA,NA,NA,NA,NA,NA,NA,NA,NA,NA,0,"KL12VA00502","VA",0,NA,NA,0.043572801,NA,NA,-1.360784524,1,NA,NA,NA,NA,NA,NA,"2012-03-19",1,0,NA
"3343",NA,NA,NA,NA,NA,NA,NA,NA,NA,NA,"VDGIFA54904",2011,NA,NA,NA,NA,NA,NA,NA,NA,NA,NA,NA,NA,0,"KL12VA00504","VA",0,NA,NA,0.663030682,NA,NA,-0.178466374,1,NA,NA,NA,NA,NA,NA,"2012-03-19",1,0,NA
"3344",NA,NA,NA,NA,NA,NA,NA,NA,NA,NA,"VDGIFA54905",2011,NA,NA,NA,NA,NA,NA,NA,NA,NA,NA,NA,NA,0,"KL12VA00506","VA",0,NA,NA,0.337345125,NA,NA,-0.471925562,1,NA,NA,NA,NA,NA,NA,"2012-03-19",1,0,NA
"3345",NA,NA,NA,NA,NA,NA,NA,NA,NA,NA,"VDGIFA54906",2011,NA,NA,NA,NA,NA,NA,NA,NA,NA,NA,NA,NA,0,"KL12VA00507","VA",0,NA,NA,0.214459808,NA,NA,-0.668654087,1,NA,NA,NA,NA,NA,NA,"2012-03-19",1,0,NA
"3346",NA,NA,NA,NA,NA,NA,NA,NA,NA,NA,"VDGIFA54907",2011,NA,NA,NA,NA,NA,NA,NA,NA,NA,NA,NA,NA,0,"KL12VA00508","VA",0,NA,NA,0.216122833,NA,NA,-0.665299348,1,NA,NA,NA,NA,NA,NA,"2012-03-19",1,0,NA
"3347",NA,NA,NA,NA,NA,NA,NA,NA,NA,NA,"VDGIFA54908",2011,NA,NA,NA,NA,NA,NA,NA,NA,NA,NA,NA,NA,0,"KL12VA00510","VA",0,NA,NA,0.014181527,NA,NA,-1.848277005,1,NA,NA,NA,NA,NA,NA,"2012-03-19",1,0,NA
"3348",NA,NA,NA,NA,NA,NA,NA,NA,NA,NA,"VDGIFA54909",2011,NA,NA,NA,NA,NA,NA,NA,NA,NA,NA,NA,NA,0,"KL12VA00511","VA",0,NA,NA,0.039720172,NA,NA,-1.400988874,1,NA,NA,NA,NA,NA,NA,"2012-03-19",1,0,NA
"3349",NA,NA,NA,NA,NA,NA,NA,NA,NA,NA,"VDGIFA54910",2011,NA,NA,NA,NA,NA,NA,NA,NA,NA,NA,NA,NA,0,"KL12VA00512","VA",0,NA,NA,0.89945715,NA,NA,-0.046019522,1,NA,NA,NA,NA,NA,NA,"2012-03-19",1,0,NA
"3350",NA,NA,NA,NA,NA,NA,NA,NA,NA,NA,"VDGIFA54911",2011,NA,NA,NA,NA,NA,NA,NA,NA,NA,NA,NA,NA,0,"KL12VA00513","VA",0,NA,NA,0.143976049,NA,NA,-0.841709749,1,NA,NA,NA,NA,NA,NA,"2012-03-19",1,0,NA
"3351",NA,NA,NA,NA,NA,NA,NA,NA,NA,NA,"VDGIFA54913",2011,NA,NA,NA,NA,NA,NA,NA,NA,NA,NA,NA,NA,0,"KL12VA00515","VA",0,NA,NA,0.364793679,NA,NA,-0.437952695,1,NA,NA,NA,NA,NA,NA,"2012-03-19",1,0,NA
"3352",NA,NA,NA,NA,NA,NA,NA,NA,NA,NA,"VDGIFA54914",2011,NA,NA,NA,NA,NA,NA,NA,NA,NA,NA,NA,NA,0,"KL12VA00517","VA",0,NA,NA,0.514700304,NA,NA,-0.288445575,1,NA,NA,NA,NA,NA,NA,"2012-03-19",1,0,NA
"3353",NA,NA,NA,NA,NA,NA,NA,NA,NA,NA,"VDGIFA54915",2011,NA,NA,NA,NA,NA,NA,NA,NA,NA,NA,NA,NA,0,"KL12VA00518","VA",0,NA,NA,0.249264944,NA,NA,-0.603338796,1,NA,NA,NA,NA,NA,NA,"2012-03-19",1,0,NA
"3354",NA,NA,NA,NA,NA,NA,NA,NA,NA,NA,"VDGIFA54916",2011,NA,NA,NA,NA,NA,NA,NA,NA,NA,NA,NA,NA,0,"KL12VA00520","VA",0,NA,NA,0.072369987,NA,NA,-1.140441505,1,NA,NA,NA,NA,NA,NA,"2012-03-19",1,0,NA
"3355",NA,NA,NA,NA,NA,NA,NA,NA,NA,NA,"VDGIFA54917",2011,NA,NA,NA,NA,NA,NA,NA,NA,NA,NA,NA,NA,0,"KL12VA00521","VA",0,NA,NA,0.471156493,NA,NA,-0.326834819,1,NA,NA,NA,NA,NA,NA,"2012-03-19",1,0,NA
"3356",NA,NA,NA,NA,NA,NA,NA,NA,NA,NA,"VDGIFA54918",2011,NA,NA,NA,NA,NA,NA,NA,NA,NA,NA,NA,NA,0,"KL12VA00522","VA",0,NA,NA,0.262262421,NA,NA,-0.581263934,1,NA,NA,NA,NA,NA,NA,"2012-03-19",1,0,NA
"3357",NA,NA,NA,NA,NA,NA,NA,NA,NA,NA,"VDGIFA54919",2011,NA,NA,NA,NA,NA,NA,NA,NA,NA,NA,NA,NA,0,"KL12VA00523","VA",0,NA,NA,0.314461296,NA,NA,-0.502432799,1,NA,NA,NA,NA,NA,NA,"2012-03-19",1,0,NA
"3358",NA,NA,NA,NA,NA,NA,NA,NA,NA,NA,"VDGIFA54920",2011,NA,NA,NA,NA,NA,NA,NA,NA,NA,NA,NA,NA,0,"KL12VA00524","VA",0,NA,NA,0.715116132,NA,NA,-0.145623425,1,NA,NA,NA,NA,NA,NA,"2012-03-19",1,0,NA
"3359",NA,NA,NA,NA,NA,NA,NA,NA,NA,NA,"VDGIFA54921",2011,NA,NA,NA,NA,NA,NA,NA,NA,NA,NA,NA,NA,0,"KL12VA00526","VA",0,NA,NA,1.41518774,NA,NA,0.150814057,1,NA,NA,NA,NA,NA,NA,"2012-03-19",1,0,NA
"3360",NA,NA,NA,NA,NA,NA,NA,NA,NA,NA,"VDGIFA54922",2011,NA,NA,NA,NA,NA,NA,NA,NA,NA,NA,NA,NA,0,"KL12VA00528","VA",0,NA,NA,0.839099577,NA,NA,-0.076186498,1,NA,NA,NA,NA,NA,NA,"2012-03-19",1,0,NA
"3361",NA,NA,NA,NA,NA,NA,NA,NA,NA,NA,"VDGIFA54923",2011,NA,NA,NA,NA,NA,NA,NA,NA,NA,NA,NA,NA,0,"KL12VA00529","VA",0,NA,NA,0.089717657,NA,NA,-1.047122075,1,NA,NA,NA,NA,NA,NA,"2012-03-19",1,0,NA
"3362",NA,NA,NA,NA,NA,NA,NA,NA,NA,NA,"VDGIFA54924",2011,NA,NA,NA,NA,NA,NA,NA,NA,NA,NA,NA,NA,0,"KL12VA00530","VA",0,NA,NA,0.084268373,NA,NA,-1.07433539,1,NA,NA,NA,NA,NA,"N","2012-03-19",1,0,NA
"3363",NA,NA,NA,NA,NA,NA,NA,NA,NA,NA,"VDGIFA54925",2011,NA,NA,NA,NA,NA,NA,NA,NA,NA,NA,NA,NA,0,"KL12VA00532","VA",0,NA,NA,0.741837307,NA,NA,-0.12969133,1,NA,NA,NA,NA,NA,"N","2012-03-19",1,0,NA
"3364",NA,NA,NA,NA,NA,NA,NA,NA,NA,NA,"VDGIFA54926",2011,NA,NA,NA,NA,NA,NA,NA,NA,NA,NA,NA,NA,0,"KL12VA00533","VA",0,NA,NA,0.500373804,NA,NA,-0.300705435,1,NA,NA,NA,NA,NA,"N","2012-03-19",1,0,NA
"3365",NA,NA,NA,NA,NA,NA,NA,NA,NA,NA,"VDGIFA54927",2011,NA,NA,NA,NA,NA,NA,NA,NA,NA,NA,NA,NA,0,"KL12VA00534","VA",0,NA,NA,0.372845128,NA,NA,-0.428471528,1,NA,NA,NA,NA,NA,"N","2012-03-19",1,0,NA
"3366",NA,NA,NA,NA,NA,NA,NA,NA,NA,NA,"VDGIFA54928",2011,NA,NA,NA,NA,NA,NA,NA,NA,NA,NA,NA,NA,0,"KL12VA00535","VA",0,NA,NA,0.081975986,NA,NA,-1.086313349,1,NA,NA,NA,NA,NA,"N","2012-03-19",1,0,NA
"3367",NA,NA,NA,NA,NA,NA,NA,NA,NA,NA,"VDGIFA54929",2011,NA,NA,NA,NA,NA,NA,NA,NA,NA,NA,NA,NA,0,"KL12VA00536","VA",0,NA,NA,0.805183207,NA,NA,-0.094105291,1,NA,NA,NA,NA,NA,"N","2012-03-19",1,0,NA
"3368",NA,NA,NA,NA,NA,NA,NA,NA,NA,NA,"VDGIFA54930",2011,NA,NA,NA,NA,NA,NA,NA,NA,NA,NA,NA,NA,0,"KL12VA00537","VA",0,NA,NA,0.295799717,NA,NA,-0.529002245,1,NA,NA,NA,NA,NA,"N","2012-03-19",1,0,NA
"3369",NA,NA,NA,NA,NA,NA,NA,NA,NA,NA,"VDGIFA54931",2011,NA,NA,NA,NA,NA,NA,NA,NA,NA,NA,NA,NA,0,"KL12VA00538","VA",0,NA,NA,0.108220521,NA,NA,-0.96569038,1,NA,NA,NA,NA,NA,"N","2012-03-19",1,0,NA
"3370",NA,NA,NA,NA,NA,NA,NA,NA,NA,NA,"VDGIFA54932",2011,NA,NA,NA,NA,NA,NA,NA,NA,NA,NA,NA,NA,0,"KL12VA00544","VA",0,NA,NA,0.426033015,NA,NA,-0.370556744,1,NA,NA,NA,NA,NA,"N","2012-03-19",1,0,NA
"3371",NA,NA,NA,NA,NA,NA,NA,NA,NA,NA,"VDGIFA54933",2011,NA,NA,NA,NA,NA,NA,NA,NA,NA,NA,NA,NA,0,"KL12VA00541","VA",0,NA,NA,0.003646184,NA,NA,-2.43816142,1,NA,NA,NA,NA,NA,"N","2012-03-19",1,0,NA
"3372",NA,NA,NA,NA,NA,NA,NA,NA,NA,NA,"VDGIFA54934",2011,NA,NA,NA,NA,NA,NA,NA,NA,NA,NA,NA,NA,0,"KL12VA00543","VA",0,NA,NA,0.642489505,NA,NA,-0.192133962,1,NA,NA,NA,NA,NA,"N","2012-03-19",1,0,NA
"3373",NA,NA,NA,NA,NA,NA,NA,NA,NA,NA,"VDGIFA54935",2011,NA,NA,NA,NA,NA,NA,NA,NA,NA,NA,NA,NA,0,"KL12VA00545","VA",0,NA,NA,0.191001117,NA,NA,-0.718964092,1,NA,NA,NA,NA,NA,"N","2012-03-19",1,0,NA
"3374",NA,NA,NA,NA,NA,NA,NA,NA,NA,NA,"VDGIFA54936",2011,NA,NA,NA,NA,NA,NA,NA,NA,NA,NA,NA,NA,0,"KL12VA00547","VA",0,NA,NA,0.119944233,NA,NA,-0.921020629,1,NA,NA,NA,NA,NA,"N","2012-03-19",1,0,NA
"3375",NA,NA,NA,NA,NA,NA,NA,NA,NA,NA,"VDGIFA54937",2011,NA,NA,NA,NA,NA,NA,NA,NA,NA,NA,NA,NA,0,"KL12VA00548","VA",0,NA,NA,0.264077077,NA,NA,-0.578269296,1,NA,NA,NA,NA,NA,"N","2012-03-19",1,0,NA
"3376",NA,NA,NA,NA,NA,NA,NA,NA,NA,NA,"VDGIFA55251",2011,NA,NA,NA,NA,NA,NA,NA,NA,NA,NA,NA,NA,0,"KL12VA00650","VA",0,"ENTRANCE",NA,0.285458562,NA,NA,-0.544456926,1,NA,NA,NA,NA,NA,"N","2012-03-29",1,0,NA
"3377",NA,NA,NA,NA,NA,NA,NA,NA,NA,NA,"VDGIFA55563",2011,NA,NA,NA,NA,NA,NA,NA,NA,NA,NA,NA,NA,0,"KL12VA00926","VA",0,NA,0,3.77e-06,NA,NA,-5.423093072,1,NA,NA,NA,NA,NA,"N","2012-06-27",1,0,NA
"3378",NA,NA,NA,NA,NA,NA,NA,NA,NA,NA,"VDGIFA55569",2011,NA,NA,NA,NA,NA,NA,NA,NA,NA,NA,NA,NA,0,"KL12VA00931","VA",0,NA,0,4e-06,NA,NA,-5.397456279,1,NA,NA,NA,NA,NA,"N","2012-06-27",1,0,NA
"3379",NA,NA,NA,NA,NA,NA,NA,NA,NA,NA,"VDGIFA55593",2011,NA,NA,NA,NA,NA,NA,NA,NA,NA,NA,NA,NA,0,"KL12VA00956","VA",0,NA,0,0.000146588,NA,NA,-3.833902419,1,NA,NA,NA,NA,NA,"N","2012-06-28",1,0,NA
"3380",NA,NA,NA,NA,NA,NA,NA,NA,NA,NA,"VDGIFA55599",2011,NA,NA,NA,NA,NA,NA,NA,NA,NA,NA,NA,NA,0,"KL12VA00962","VA",0,NA,0,2.75e-06,NA,NA,-5.560615225,1,NA,NA,NA,NA,NA,"N","2012-06-28",1,0,NA
"3381",NA,NA,NA,NA,NA,NA,NA,NA,NA,NA,"VDGIFA55600",2011,NA,NA,NA,NA,NA,NA,NA,NA,NA,NA,NA,NA,0,"KL12VA00963","VA",0,NA,0,6.6e-06,NA,NA,-5.180758064,1,NA,NA,NA,NA,NA,"N","2012-06-28",1,0,NA
"3382",NA,NA,NA,NA,NA,NA,NA,NA,NA,NA,"VDGIFA55606",2011,NA,NA,NA,NA,NA,NA,NA,NA,NA,NA,NA,NA,0,"KL12VA00969","VA",0,NA,0,5.11e-06,NA,NA,-5.2911855,1,NA,NA,NA,NA,NA,"N","2012-06-28",1,0,NA
"3383",NA,NA,NA,NA,NA,NA,NA,NA,NA,NA,"VDGIFA55630",2011,NA,NA,NA,NA,NA,NA,NA,NA,NA,NA,NA,NA,0,"KL12VA00998","VA",0,NA,0,1.54e-06,NA,NA,-5.811276386,1,NA,NA,NA,NA,NA,"N","2012-06-30",1,0,NA
"3384",NA,NA,NA,NA,NA,NA,NA,NA,NA,NA,"VDGIFA61617",2018,NA,NA,NA,NA,NA,NA,NA,NA,NA,NA,NA,NA,0,"SH19VA0064","VA",0,"S",0,0.099234745,0,NA,-1.003336242,1,NA,NA,NA,NA,NA,"Y","2019-03-27",1,0,NA
"3385",NA,NA,NA,NA,NA,NA,NA,NA,NA,NA,"VDGIFA61631",2018,NA,NA,NA,NA,NA,NA,NA,NA,NA,NA,NA,NA,0,"SH19VA0026","VA",0,"U",0,0.063071285,0,NA,-1.200168321,1,NA,NA,NA,NA,NA,"Y","2019-03-27",1,0,NA
"3386",NA,NA,NA,NA,NA,NA,NA,NA,NA,NA,"VDGIFA61650",2018,NA,NA,NA,NA,NA,NA,NA,NA,NA,NA,NA,NA,0,"SH19VA0037","VA",0,"L",0,0.000295841,0,NA,-3.528942372,1,NA,NA,NA,NA,NA,"Y","2019-03-27",1,0,NA
"3387",NA,NA,NA,NA,NA,NA,NA,NA,NA,NA,"W4457",2023,NA,NA,NA,NA,NA,NA,NA,NA,NA,NA,NA,NA,0,"KL24WI0287","WI",0,"B",1,0.041007259,1,NA,-1.387139256,1,NA,0.00700979983866586,5.99805797101449,NA,-2.09637833660603,"Y","2024-03-09",1,0,NA
"3388",NA,NA,NA,NA,NA,NA,NA,NA,NA,NA,"W4588",2023,NA,NA,NA,NA,NA,NA,NA,NA,NA,NA,NA,NA,0,"KL24WI0282","WI",0,"B",0,0.004236577,0,NA,-2.372984888,1,NA,0.00700979983866586,5.99805797101449,NA,-2.09637833660603,"Y","2024-03-09",1,0,NA
"3389",NA,NA,NA,NA,NA,NA,NA,NA,NA,NA,"W4638",2023,NA,NA,NA,NA,NA,NA,NA,NA,NA,NA,NA,NA,0,"KL24WI0304","WI",0,"D",1,0.025389582,1,NA,-1.59534445,1,NA,0.00605840017625553,10.026,NA,-2.15129372293654,"Y","2024-03-09",1,0,NA
"3390",NA,NA,NA,NA,NA,NA,NA,NA,NA,NA,"W5441",2023,NA,NA,NA,NA,NA,NA,NA,NA,NA,NA,NA,NA,0,"KL24WI0253","WI",0,"SEL",1,0.053007324,1,NA,-1.275664122,1,NA,0.00659171451206662,8.00508064516129,NA,-2.11966013200402,"Y","2024-03-08",1,0,NA
"3391",NA,NA,NA,NA,NA,NA,NA,NA,NA,NA,"W5656",2023,NA,NA,NA,NA,NA,NA,NA,NA,NA,NA,NA,NA,0,"KL24WI0278","WI",0,"B",0,0.023225573,0,NA,-1.634033564,1,NA,0.00700979983866586,5.99805797101449,NA,-2.09637833660603,"N","2024-03-09",1,0,NA
"3392",NA,NA,NA,NA,NA,NA,NA,NA,NA,NA,"W5670",2023,NA,NA,NA,NA,NA,NA,NA,NA,NA,NA,NA,NA,0,"KL24WI0272","WI",0,"A",1,0.080633333,1,NA,-1.09348539,1,NA,0.00662992900900963,7.99792086330935,NA,-2.11747950282347,"N","2024-03-09",1,0,NA
"3393",NA,NA,NA,NA,NA,NA,NA,NA,NA,NA,"W5857",2023,NA,NA,NA,NA,NA,NA,NA,NA,NA,NA,NA,NA,0,"KL24WI0280","WI",0,"B",1,0.165376243,1,NA,-0.781526878,1,NA,0.00700979983866586,5.99805797101449,NA,-2.09637833660603,"N","2024-03-09",1,0,NA
"3394",NA,NA,NA,NA,NA,NA,NA,NA,NA,NA,"W5858",2023,NA,NA,NA,NA,NA,NA,NA,NA,NA,NA,NA,NA,0,"KL24WI0284","WI",0,"B",1,0.199709498,1,NA,-0.69960128,1,NA,0.00700979983866586,5.99805797101449,NA,-2.09637833660603,"N","2024-03-09",1,0,NA
"3395",NA,NA,NA,NA,NA,NA,NA,NA,NA,NA,"W5859",2023,NA,NA,NA,NA,NA,NA,NA,NA,NA,NA,NA,NA,0,"KL24WI0286","WI",0,"B",1,0.000465956,1,NA,-3.331654751,1,NA,0.00700979983866586,5.99805797101449,NA,-2.09637833660603,"N","2024-03-09",1,0,NA
"3396",NA,NA,NA,NA,NA,NA,NA,NA,NA,NA,"W5860",2023,NA,NA,NA,NA,NA,NA,NA,NA,NA,NA,NA,NA,0,"KL24WI0291","WI",0,"B",1,0.121072387,1,NA,-0.916954895,1,NA,0.00700979983866586,5.99805797101449,NA,-2.09637833660603,"N","2024-03-09",1,0,NA
"3397",NA,NA,NA,NA,NA,NA,NA,NA,NA,NA,"W5861",2023,NA,NA,NA,NA,NA,NA,NA,NA,NA,NA,NA,NA,0,"KL24WI0293","WI",0,"B",0,0.111702588,0,NA,-0.951936765,1,NA,0.00700979983866586,5.99805797101449,NA,-2.09637833660603,"N","2024-03-09",1,0,NA
"3398",NA,NA,NA,NA,NA,NA,NA,NA,NA,NA,"W6438",2023,NA,NA,NA,NA,NA,NA,NA,NA,NA,NA,NA,NA,0,"KL24WI0246","WI",0,"SEL",1,0.004989074,1,NA,-2.301980051,1,NA,0.00659171451206662,8.00508064516129,NA,-2.11966013200402,"N","2024-03-08",1,0,NA
"3399",NA,NA,NA,NA,NA,NA,NA,NA,NA,NA,"W6440",2023,NA,NA,NA,NA,NA,NA,NA,NA,NA,NA,NA,NA,0,"KL24WI0252","WI",0,"SEL",1,0.029851688,1,NA,-1.525031107,1,NA,0.00659171451206662,8.00508064516129,NA,-2.11966013200402,"N","2024-03-08",1,0,NA
"3400",NA,NA,NA,NA,NA,NA,NA,NA,NA,NA,"W7241",2023,NA,NA,NA,NA,NA,NA,NA,NA,NA,NA,NA,NA,0,"KL24WI0290","WI",0,"B",0,0.009571332,0,NA,-2.019027607,1,NA,0.00700979983866586,5.99805797101449,NA,-2.09637833660603,"Y","2024-03-09",1,0,NA
"3401",NA,NA,NA,NA,NA,NA,NA,NA,NA,NA,"W7246",2023,NA,NA,NA,NA,NA,NA,NA,NA,NA,NA,NA,NA,0,"KL24WI0288","WI",0,"B",1,0.012006442,1,NA,-1.920585664,1,NA,0.00700979983866586,5.99805797101449,NA,-2.09637833660603,"Y","2024-03-09",1,0,NA
"3402",NA,NA,NA,NA,NA,NA,NA,NA,NA,NA,"W7432",2023,NA,NA,NA,NA,NA,NA,NA,NA,NA,NA,NA,NA,0,"KL24WI0292","WI",0,"B",1,0.039967517,1,NA,-1.398292836,1,NA,0.00700979983866586,5.99805797101449,NA,-2.09637833660603,"Y","2024-03-09",1,0,NA
"3403",NA,NA,NA,NA,NA,NA,NA,NA,NA,NA,"WDNR0025",2016,NA,NA,NA,NA,NA,NA,NA,NA,NA,NA,NA,NA,0,"KL17WI0225","WI",0,"A",0,0.0148696,0,NA,-1.827700714,1,NA,0.0540635183620746,4.79889495724466,NA,-1.25913604219049,NA,"2017-03-08",1,0,NA
"3404",NA,NA,NA,NA,NA,NA,NA,NA,NA,NA,"WDNR0037",2020,NA,NA,NA,NA,NA,NA,NA,NA,NA,NA,NA,NA,1,"KL21WI0055","WI",1,"B",0,0.07777191,0,NA,-1.109177235,1,NA,0.00713683458105821,7.66593301435407,99.2793223308782,-2.08954451296639,"Y","2021-02-25",1,1,NA
"3405",NA,NA,NA,NA,NA,NA,NA,NA,NA,NA,"WDNR0038",2017,NA,NA,NA,NA,NA,NA,NA,NA,NA,NA,NA,NA,0,"KL18WI0091","WI",0,"C",0,0.069934175,0,NA,-1.155310544,1,NA,0.0152400787418193,8.07978260869565,NA,-1.78941186936487,NA,"2018-03-06",1,0,NA
"3406",NA,NA,NA,NA,NA,NA,NA,NA,NA,NA,"WDNR0045",2019,NA,NA,NA,NA,NA,NA,NA,NA,NA,NA,NA,NA,0,"KL20WI0276","WI",0,"C",0,0.096949545,0,NA,-1.013454225,1,NA,0.0138530677565388,8.21125723730862,NA,-1.8281838377852,"Y","2020-02-29",1,0,NA
"3407",NA,NA,NA,NA,NA,NA,NA,NA,NA,NA,"WDNR2678",2023,NA,NA,NA,NA,NA,NA,NA,NA,NA,NA,NA,NA,0,"KL24WI0462","WI",0,"C",0,0.001582036,0,NA,-2.800783571,1,NA,0.0152400787418193,8.1780816993464,NA,-1.78941186936487,"Y","2024-03-13",1,0,NA
"3408",NA,NA,NA,NA,NA,NA,NA,NA,NA,NA,"WDNR2850",2021,NA,NA,NA,NA,NA,NA,NA,NA,NA,NA,NA,NA,0,"KL22WI0856","WI",0,"5",0,0.01799229,0,4.89,-1.744913548,1,0.0165608460710768,0.0135485587867321,6.02232538330494,NA,-1.83718002674478,"Y","2022-03-16",1,0,NA
"3409",NA,NA,NA,NA,NA,NA,NA,NA,NA,NA,"WDNR2870",2023,NA,NA,NA,NA,NA,NA,NA,NA,NA,NA,NA,NA,0,"KL24WI0346","WI",0,"16",0,0.006229315,0,NA,-2.205559683,1,NA,0.00689524944802667,5.8447225025227,98.3485497313784,-2.10263414403566,"Y","2024-03-12",1,0,NA
"3410",NA,NA,NA,NA,NA,NA,NA,NA,NA,NA,"WDNR3576",2024,NA,NA,NA,NA,NA,NA,NA,NA,NA,NA,NA,NA,0,"KL25WI0083","WI",10,"B",0,0.001563295,0,NA,-2.805959014,1,NA,0.031286893474627,5.82350557620818,NA,-1.49097373918012,"Y","2025-03-08",0,1,NA
"3411",NA,NA,NA,NA,NA,NA,NA,NA,NA,NA,"WDNR3577",2018,NA,NA,NA,NA,NA,NA,NA,NA,NA,NA,NA,NA,1,"KL19WI0799","WI",2,"B",1,0.46629605,1,NA,-0.331338263,1,NA,0.0279835269604405,5.89142365591398,NA,-1.53784876702717,"Y","2019-03-07",1,1,NA
"3412",NA,NA,NA,NA,NA,NA,NA,NA,NA,NA,"WDNR3617",2018,NA,NA,NA,NA,NA,NA,NA,NA,NA,NA,NA,NA,0,"KL19WI0827","WI",0,"B",1,0.004871639,1,NA,-2.312324946,1,NA,0.0279835269604405,5.89142365591398,NA,-1.53784876702717,"N","2019-03-07",1,0,NA
"3413",NA,NA,NA,NA,NA,NA,NA,NA,NA,NA,"WDNR3618",2018,NA,NA,NA,NA,NA,NA,NA,NA,NA,NA,NA,NA,0,"KL19WI0855","WI",0,"B",1,0.76120415,2,NA,-0.118498853,1,NA,0.0279835269604405,5.89142365591398,NA,-1.53784876702717,"N","2019-03-07",1,0,NA
"3414",NA,NA,NA,NA,NA,NA,NA,NA,NA,NA,"WDNR3621",2020,NA,NA,NA,NA,NA,NA,NA,NA,NA,NA,NA,NA,0,"KL21WI0544","WI",0,"23",1,0.001190769,1,NA,-2.924172662,1,NA,0.0076616963052176,6.41236941710825,99.1848975134822,-2.06239704749146,"Y","2021-03-10",1,0,NA
"3415",NA,NA,NA,NA,NA,NA,NA,NA,NA,NA,"WDNR3653",2018,NA,NA,NA,NA,NA,NA,NA,NA,NA,NA,NA,NA,0,"KL19WI0880","WI",0,"SEL",0,0.057269395,0,NA,-1.242077405,1,NA,0.00659171451206662,7.7370158943299,NA,-2.11966013200402,"N","2019-03-12",1,0,NA
"3416",NA,NA,NA,NA,NA,NA,NA,NA,NA,NA,"WDNR3654",2018,NA,NA,NA,NA,NA,NA,NA,NA,NA,NA,NA,NA,0,"KL19WI0886","WI",0,"SEL",0,0.02457406,0,NA,-1.609523086,1,NA,0.00659171451206662,7.7370158943299,NA,-2.11966013200402,"N","2019-03-12",1,0,NA
"3417",NA,NA,NA,NA,NA,NA,NA,NA,NA,NA,"WDNR3655",2018,NA,NA,NA,NA,NA,NA,NA,NA,NA,NA,NA,NA,0,"KL19WI0921","WI",0,"A",0,0.045929045,0,NA,-1.337912585,1,NA,0.00662992900900963,4.52784,NA,-2.11747950282347,"N","2019-03-13",1,0,NA
"3418",NA,NA,NA,NA,NA,NA,NA,NA,NA,NA,"WDNR3656",2018,NA,NA,NA,NA,NA,NA,NA,NA,NA,NA,NA,NA,1,"KL19WI0926","WI",1,"A",0,0.074322075,0,NA,-1.128882174,1,NA,0.00662992900900963,4.52784,NA,-2.11747950282347,"N","2019-03-13",1,1,NA
"3419",NA,NA,NA,NA,NA,NA,NA,NA,NA,NA,"WDNR3656",2020,NA,NA,NA,NA,NA,NA,NA,NA,NA,NA,NA,NA,0,"KL21WI0504","WI",1,"D",0,0.20865065,0,NA,-0.680580258,1,NA,0.00519792374828042,9.82497237569061,99.5730011985835,-2.20775377109524,"Y","2021-03-09",0,1,NA
"3420",NA,NA,NA,NA,NA,NA,NA,NA,NA,NA,"WDNR3657",2018,NA,NA,NA,NA,NA,NA,NA,NA,NA,NA,NA,NA,0,"KL19WI0927","WI",0,"B",1,0.68814055,1,NA,-0.16232285,1,NA,0.00700979983866586,4.52784,NA,-2.09637833660603,"N","2019-03-13",1,0,NA
"3421",NA,NA,NA,NA,NA,NA,NA,NA,NA,NA,"WDNR3658",2018,NA,NA,NA,NA,NA,NA,NA,NA,NA,NA,NA,NA,0,"KL19WI0933","WI",0,"B",1,0.06633053,1,NA,-1.178286533,1,NA,0.00700979983866586,4.52784,NA,-2.09637833660603,"N","2019-03-13",1,0,NA
"3422",NA,NA,NA,NA,NA,NA,NA,NA,NA,NA,"WDNR3659",2018,NA,NA,NA,NA,NA,NA,NA,NA,NA,NA,NA,NA,0,"KL19WI0936","WI",0,"B",0,0.2516103,0,NA,-0.599271584,1,NA,0.00700979983866586,4.52784,NA,-2.09637833660603,"N","2019-03-13",1,0,NA
"3423",NA,NA,NA,NA,NA,NA,NA,NA,NA,NA,"WDNR3660",2018,NA,NA,NA,NA,NA,NA,NA,NA,NA,NA,NA,NA,1,"KL19WI0939","WI",2,"B",0,0.09615927,0,NA,-1.017008842,1,NA,0.00700979983866586,4.52784,NA,-2.09637833660603,"N","2019-03-13",1,1,NA
"3424",NA,NA,NA,NA,NA,NA,NA,NA,NA,NA,"WDNR3660",2021,NA,NA,NA,NA,NA,NA,NA,NA,NA,NA,NA,NA,1,"KL22WI0684","WI",2,"B",0,0.002750218,0,NA,-2.560632822,1,NA,0.007012414456388,4.97468168168168,NA,-2.09623659414295,"Y","2022-03-11",0,1,NA
"3425",NA,NA,NA,NA,NA,NA,NA,NA,NA,NA,"WDNR3660",2024,NA,NA,NA,NA,NA,NA,NA,NA,NA,NA,NA,NA,0,"KL25WI0521","WI",2,"B",1,0.007018458,2,NA,-2.153758313,1,NA,0.00700979983866586,5.64874684343434,NA,-2.09637833660603,"Y","2025-03-17",0,1,NA
"3426",NA,NA,NA,NA,NA,NA,NA,NA,NA,NA,"WDNR3661",2018,NA,NA,NA,NA,NA,NA,NA,NA,NA,NA,NA,NA,0,"KL19WI0940","WI",0,"B",0,0.18671855,0,NA,-0.728812534,1,NA,0.00700979983866586,4.52784,NA,-2.09637833660603,"N","2019-03-13",1,0,NA
"3427",NA,NA,NA,NA,NA,NA,NA,NA,NA,NA,"WDNR3662",2018,NA,NA,NA,NA,NA,NA,NA,NA,NA,NA,NA,NA,0,"KL19WI0953","WI",0,"B",0,0.039630295,0,NA,-1.401972695,1,NA,0.00700979983866586,4.52784,NA,-2.09637833660603,"N","2019-03-13",1,0,NA
"3428",NA,NA,NA,NA,NA,NA,NA,NA,NA,NA,"WDNR3663",2018,NA,NA,NA,NA,NA,NA,NA,NA,NA,NA,NA,NA,0,"KL19WI0954","WI",0,"B",1,0.023095495,1,NA,-1.636472725,1,NA,0.00700979983866586,4.52784,NA,-2.09637833660603,"N","2019-03-13",1,0,NA
"3429",NA,NA,NA,NA,NA,NA,NA,NA,NA,NA,"WDNR3664",2018,NA,NA,NA,NA,NA,NA,NA,NA,NA,NA,NA,NA,0,"KL19WI0955","WI",0,"C",0,0.022869895,0,NA,-1.640735829,1,NA,0.00645521719191687,8.29698795180723,99.4109583001499,-2.12753969977946,"N","2019-03-13",1,0,NA
"3430",NA,NA,NA,NA,NA,NA,NA,NA,NA,NA,"WDNR3665",2018,NA,NA,NA,NA,NA,NA,NA,NA,NA,NA,NA,NA,1,"KL19WI0956","WI",1,"C",1,0.025065845,1,NA,-1.60091765,1,NA,0.00645521719191687,8.29698795180723,99.4109583001499,-2.12753969977946,"N","2019-03-13",1,1,NA
"3431",NA,NA,NA,NA,NA,NA,NA,NA,NA,NA,"WDNR3665",2019,NA,NA,NA,NA,NA,NA,NA,NA,NA,NA,NA,NA,0,"KL20WI0647","WI",1,"B",1,0.05263773,1,NA,-1.278702848,1,NA,0.00700979983866586,5.64874684343434,NA,-2.09637833660603,"Y","2020-03-10",0,1,NA
"3432",NA,NA,NA,NA,NA,NA,NA,NA,NA,NA,"WDNR3666",2018,NA,NA,NA,NA,NA,NA,NA,NA,NA,NA,NA,NA,0,"KL19WI0959","WI",0,"C",1,0.92896545,1,NA,-0.032000438,1,NA,0.00645521719191687,8.29698795180723,99.4109583001499,-2.12753969977946,"N","2019-03-13",1,0,NA
"3433",NA,NA,NA,NA,NA,NA,NA,NA,NA,NA,"WDNR3667",2023,NA,NA,NA,NA,NA,NA,NA,NA,NA,NA,NA,NA,0,"KL24WI0438","WI",0,"A",1,0.000154173,1,NA,-3.811992025,1,NA,0.0540635183620746,4.79889495724466,NA,-1.25913604219049,"Y","2024-03-13",1,0,NA
"3434",NA,NA,NA,NA,NA,NA,NA,NA,NA,NA,"WDNR3668",2023,NA,NA,NA,NA,NA,NA,NA,NA,NA,NA,NA,NA,0,"KL24WI0448","WI",0,"A",1,0.001253983,1,NA,-2.90170821,1,NA,0.0540635183620746,4.79889495724466,NA,-1.25913604219049,"Y","2024-03-13",1,0,NA
"3435",NA,NA,NA,NA,NA,NA,NA,NA,NA,NA,"WDNR3678",2020,NA,NA,NA,NA,NA,NA,NA,NA,NA,NA,NA,NA,1,"KL21WI0081","WI",2,"C",0,0.003651486,0,NA,-2.43753036,1,NA,0.0153346312309683,8.03718253968254,98.5747662385671,-1.78689066566748,"Y","2021-02-25",0,1,NA
"3436",NA,NA,NA,NA,NA,NA,NA,NA,NA,NA,"WDNR3678",2022,NA,NA,NA,NA,NA,NA,NA,NA,NA,NA,NA,NA,0,"KL23WI0127","WI",2,"C",1,0.000422634,1,NA,-3.374035154,1,NA,0.0147589657786028,7.9831976744186,NA,-1.8024722875688,"Y","2023-02-26",0,1,NA
"3437",NA,NA,NA,NA,NA,NA,NA,NA,NA,NA,"WDNR3843",2019,NA,NA,NA,NA,NA,NA,NA,NA,NA,NA,NA,NA,0,"KL20WI0004","WI",0,"A",1,0.1542451,1,NA,-0.811788624,1,NA,0.00493833068540036,6.55077586206897,99.4905013322003,-2.22633562168679,"N","2020-02-27",1,0,NA
"3438",NA,NA,NA,NA,NA,NA,NA,NA,NA,NA,"WDNR3844",2019,NA,NA,NA,NA,NA,NA,NA,NA,NA,NA,NA,NA,0,"KL20WI0016","WI",0,"B",1,0.3700448,1,NA,-0.431745694,1,NA,0.0124804174492257,5.98633453422543,99.4905013322003,-1.87029665875856,"N","2020-02-27",1,0,NA
"3439",NA,NA,NA,NA,NA,NA,NA,NA,NA,NA,"WDNR3845",2019,NA,NA,NA,NA,NA,NA,NA,NA,NA,NA,NA,NA,0,"KL20WI0105","WI",0,"A",1,0.2327422,2,NA,-0.633124865,1,NA,0.00352881282848982,2.31365220178302,NA,-2.34401562792243,"N","2020-02-28",1,0,NA
"3440",NA,NA,NA,NA,NA,NA,NA,NA,NA,NA,"WDNR3847",2019,NA,NA,NA,NA,NA,NA,NA,NA,NA,NA,NA,NA,0,"KL20WI0561","WI",0,"B",1,0.01414273,1,NA,-1.84946675,1,NA,0.0364672166366908,5.5,NA,-1.42634856856152,"N","2020-03-03",1,0,NA
"3441",NA,NA,NA,NA,NA,NA,NA,NA,NA,NA,"WDNR3848",2019,NA,NA,NA,NA,NA,NA,NA,NA,NA,NA,NA,NA,0,"KL20WI0564","WI",0,"C",NA,0.01015745,NA,NA,-1.993215307,1,NA,0.0364672166366908,6.49781778741865,NA,-1.42634856856152,"N","2020-03-03",1,0,NA
"3442",NA,NA,NA,NA,NA,NA,NA,NA,NA,NA,"WDNR3849",2019,NA,NA,NA,NA,NA,NA,NA,NA,NA,NA,NA,NA,0,"KL20WI0567","WI",0,"C",1,0.026274115,1,NA,-1.580471904,1,NA,0.0364672166366908,6.49781778741865,NA,-1.42634856856152,"N","2020-03-03",1,0,NA
"3443",NA,NA,NA,NA,NA,NA,NA,NA,NA,NA,"WDNR3850",2019,NA,NA,NA,NA,NA,NA,NA,NA,NA,NA,NA,NA,0,"KL20WI0587","WI",0,"FC",1,1.92815,1,NA,0.285140817,1,NA,0.0364672166366908,5.5,NA,-1.42634856856152,"N","2020-03-03",1,0,NA
"3444",NA,NA,NA,NA,NA,NA,NA,NA,NA,NA,"WDNR3930",2020,NA,NA,NA,NA,NA,NA,NA,NA,NA,NA,NA,NA,0,"KL21WI0289","WI",1,"1A-35",1,0.013695346,1,NA,-1.863426991,1,NA,0.027688131646505,2.58131688700212,NA,-1.54229773485037,"Y","2021-03-01",0,1,NA
"3445",NA,NA,NA,NA,NA,NA,NA,NA,NA,NA,"WDNR3935",2020,NA,NA,NA,NA,NA,NA,NA,NA,NA,NA,NA,NA,0,"KL21WI0295","WI",2,"1A-35",0,4.46e-06,0,NA,-5.350801245,1,NA,0.027688131646505,2.58131688700212,NA,-1.54229773485037,"Y","2021-03-01",0,1,NA
"3446",NA,NA,NA,NA,NA,NA,NA,NA,NA,NA,"WDNR3970",2021,NA,NA,NA,NA,NA,NA,NA,NA,NA,NA,NA,NA,1,"KL22WI0479","WI",3,"1050",1,0.002031418,1,3.39,-2.69220076,1,0.0158481004493093,0.0173130175432083,4.76845503355705,NA,-1.73724008855528,"Y","2022-03-03",1,1,NA
"3447",NA,NA,NA,NA,NA,NA,NA,NA,NA,NA,"WDNR4200",2020,NA,NA,NA,NA,NA,NA,NA,NA,NA,NA,NA,NA,0,"KL21WI0265","WI",0,"2A",NA,0.000440259,NA,NA,-3.356291313,1,NA,0.00615744011455357,1.83234567901235,99.0933803572743,-2.14524227698121,"Y","2021-03-01",1,0,NA
"3448",NA,NA,NA,NA,NA,NA,NA,NA,NA,NA,"WDNR4356",2021,NA,NA,NA,NA,NA,NA,NA,NA,NA,NA,NA,NA,1,"KL22WI0469","WI",4,"650",1,0.008906298,1,NA,-2.05030279,1,NA,0.0173130175432083,4.76845503355705,NA,-1.73724008855528,"Y","2022-03-03",1,1,NA
"3449",NA,NA,NA,NA,NA,NA,NA,NA,NA,NA,"WDNR4356",2022,NA,NA,NA,NA,NA,NA,NA,NA,NA,NA,NA,NA,1,"KL23WI0252","WI",4,"B",1,0.009377857,1,NA,-2.027896382,1,NA,0.0203475342796718,3.43575892857143,NA,-1.67065228038479,"Y","2023-02-27",0,1,NA
"3450",NA,NA,NA,NA,NA,NA,NA,NA,NA,NA,"WDNR4360",2023,NA,NA,NA,NA,NA,NA,NA,NA,NA,NA,NA,NA,0,"KL24WI0534","WI",0,"1000-1100",1,0.003250954,1,NA,-2.487989127,1,NA,0.023587891523314,4.56179951690821,NA,-1.60927871156428,"Y","2024-03-14",1,0,NA
"3451",NA,NA,NA,NA,NA,NA,NA,NA,NA,NA,"WDNR4379",2021,NA,NA,NA,NA,NA,NA,NA,NA,NA,NA,NA,NA,0,"KL22WI0204","WI",0,"7",1,0.006811931,1,NA,-2.166729729,1,NA,NA,NA,NA,NA,"Y","2022-02-28",1,0,NA
"3452",NA,NA,NA,NA,NA,NA,NA,NA,NA,NA,"WDNR4423",2023,NA,NA,NA,NA,NA,NA,NA,NA,NA,NA,NA,NA,0,"KL24WI0049","WI",1,"2A",1,0.00105629,1,NA,-2.976216982,1,NA,0.0148802501055556,1.39024423337856,NA,-1.79914266194624,"Y","2024-03-04",0,1,NA
"3453",NA,NA,NA,NA,NA,NA,NA,NA,NA,NA,"WDNR4444",2021,NA,NA,NA,NA,NA,NA,NA,NA,NA,NA,NA,NA,0,"KL22WI0481","WI",0,"1050",1,0.012508131,1,2.38,-1.902807576,1,0.225147023445142,0.0173130175432083,4.76845503355705,NA,-1.73724008855528,"Y","2022-03-03",1,0,NA
"3454",NA,NA,NA,NA,NA,NA,NA,NA,NA,NA,"WDNR4446",2021,NA,NA,NA,NA,NA,NA,NA,NA,NA,NA,NA,NA,0,"KL22WI0480","WI",0,"1050",0,0.003689889,0,2.38,-2.432986745,1,0.225147023445142,0.0173130175432083,4.76845503355705,NA,-1.73724008855528,"Y","2022-03-03",1,0,NA
"3455",NA,NA,NA,NA,NA,NA,NA,NA,NA,NA,"WDNR4451",2019,NA,NA,NA,NA,NA,NA,NA,NA,NA,NA,NA,NA,0,"KL20WI0348","WI",0,NA,1,0.008183789,2,NA,-2.087045576,1,NA,0.0857268499250999,6.46102150537634,NA,-1.06184642767853,"Y","2020-03-02",1,0,NA
"3456",NA,NA,NA,NA,NA,NA,NA,NA,NA,NA,"WDNR4452",2019,NA,NA,NA,NA,NA,NA,NA,NA,NA,NA,NA,NA,0,"KL20WI0351","WI",0,NA,1,0.013439595,1,NA,-1.871613818,1,NA,0.0857268499250999,6.46102150537634,NA,-1.06184642767853,"N","2020-03-02",1,0,NA
"3457",NA,NA,NA,NA,NA,NA,NA,NA,NA,NA,"WDNR4453",2019,NA,NA,NA,NA,NA,NA,NA,NA,NA,NA,NA,NA,0,"KL20WI0352","WI",0,NA,1,0.002613842,1,NA,-2.582720751,1,NA,0.0857268499250999,6.46102150537634,NA,-1.06184642767853,"N","2020-03-02",1,0,NA
"3458",NA,NA,NA,NA,NA,NA,NA,NA,NA,NA,"WDNR4454",2019,NA,NA,NA,NA,NA,NA,NA,NA,NA,NA,NA,NA,1,"KL20WI0363","WI",2,NA,1,0.007988322,1,NA,-2.097544465,1,NA,0.0857268499250999,6.46102150537634,NA,-1.06184642767853,"Y","2020-03-02",1,1,NA
"3459",NA,NA,NA,NA,NA,NA,NA,NA,NA,NA,"WDNR4454",2020,NA,NA,NA,NA,NA,NA,NA,NA,NA,NA,NA,NA,1,"KL21WI0299","WI",2,"1A-35",NA,0.000446044,NA,NA,-3.350622396,1,NA,0.027688131646505,2.58131688700212,NA,-1.54229773485037,"Y","2021-03-01",0,1,NA
"3460",NA,NA,NA,NA,NA,NA,NA,NA,NA,NA,"WDNR4455",2019,NA,NA,NA,NA,NA,NA,NA,NA,NA,NA,NA,NA,0,"KL20WI0631","WI",0,"A",1,0.010678265,1,NA,-1.971499306,1,NA,0.00662992900900963,7.16366839883079,NA,-2.11747950282347,"N","2020-03-10",1,0,NA
"3461",NA,NA,NA,NA,NA,NA,NA,NA,NA,NA,"WDNR4457",2019,NA,NA,NA,NA,NA,NA,NA,NA,NA,NA,NA,NA,0,"KL20WI0633","WI",0,"A",1,0.19892425,1,NA,-0.701312271,1,NA,0.00662992900900963,7.16366839883079,NA,-2.11747950282347,"N","2020-03-10",1,0,NA
"3462",NA,NA,NA,NA,NA,NA,NA,NA,NA,NA,"WDNR4463",2019,NA,NA,NA,NA,NA,NA,NA,NA,NA,NA,NA,NA,0,"KL20WI0648","WI",0,"B",1,0.001063878,1,NA,-2.973108172,1,NA,0.00700979983866586,5.64874684343434,NA,-2.09637833660603,"N","2020-03-10",1,0,NA
"3463",NA,NA,NA,NA,NA,NA,NA,NA,NA,NA,"WDNR4464",2019,NA,NA,NA,NA,NA,NA,NA,NA,NA,NA,NA,NA,0,"KL20WI0649","WI",0,"B",1,0.02208017,2,NA,-1.655997587,1,NA,0.00700979983866586,5.64874684343434,NA,-2.09637833660603,"N","2020-03-10",1,0,NA
"3464",NA,NA,NA,NA,NA,NA,NA,NA,NA,NA,"WDNR4465",2019,NA,NA,NA,NA,NA,NA,NA,NA,NA,NA,NA,NA,0,"KL20WI0650","WI",0,"B",1,0.062411965,2,NA,-1.204732144,1,NA,0.00700979983866586,5.64874684343434,NA,-2.09637833660603,"N","2020-03-10",1,0,NA
"3465",NA,NA,NA,NA,NA,NA,NA,NA,NA,NA,"WDNR4466",2019,NA,NA,NA,NA,NA,NA,NA,NA,NA,NA,NA,NA,0,"KL20WI0659","WI",0,"C",1,0.1814174,1,NA,-0.741321061,1,NA,0.00645521719191687,8.29698795180723,99.4109583001499,-2.12753969977946,"N","2020-03-10",1,0,NA
"3466",NA,NA,NA,NA,NA,NA,NA,NA,NA,NA,"WDNR4468",2019,NA,NA,NA,NA,NA,NA,NA,NA,NA,NA,NA,NA,0,"KL20WI0667","WI",0,"14",1,0.059184245,1,NA,-1.227793888,1,NA,0.0163047006858416,5.27257164404223,99.5902943811277,-1.7618359081648,"N","2020-03-11",1,0,NA
"3467",NA,NA,NA,NA,NA,NA,NA,NA,NA,NA,"WDNR4469",2019,NA,NA,NA,NA,NA,NA,NA,NA,NA,NA,NA,NA,1,"KL20WI0668","WI",2,"14",0,0.009582201,0,NA,-2.018534746,1,NA,0.0163047006858416,5.27257164404223,99.5902943811277,-1.7618359081648,"N","2020-03-11",1,1,NA
"3468",NA,NA,NA,NA,NA,NA,NA,NA,NA,NA,"WDNR4470",2019,NA,NA,NA,NA,NA,NA,NA,NA,NA,NA,NA,NA,1,"KL20WI0671","WI",3,"21",1,3.02e-05,1,NA,-4.520388488,1,NA,0.00328314334897521,3.77623529411765,99.5902943811277,-2.36823739031809,"N","2020-03-11",1,1,NA
"3469",NA,NA,NA,NA,NA,NA,NA,NA,NA,NA,"WDNR4470",2021,NA,NA,NA,NA,NA,NA,NA,NA,NA,NA,NA,NA,1,"KL22WI0865","WI",3,"3",0,0.008079021,0,NA,-2.092641266,1,NA,0.0113930016080311,4.3695564516129,98.6381646178357,-1.90682349395267,"Y","2022-03-16",0,1,NA
"3470",NA,NA,NA,NA,NA,NA,NA,NA,NA,NA,"WDNR4471",2019,NA,NA,NA,NA,NA,NA,NA,NA,NA,NA,NA,NA,0,"KL20WI0674","WI",0,"21",1,0.006865927,1,NA,-2.16330085,1,NA,0.00328314334897521,3.77623529411765,99.5902943811277,-2.36823739031809,"N","2020-03-11",1,0,NA
"3471",NA,NA,NA,NA,NA,NA,NA,NA,NA,NA,"WDNR4472",2019,NA,NA,NA,NA,NA,NA,NA,NA,NA,NA,NA,NA,0,"KL20WI0677","WI",0,"19",1,0.000682246,2,NA,-3.166058938,1,NA,0.00328314334897521,3.77623529411765,99.5902943811277,-2.36823739031809,"N","2020-03-11",1,0,NA
"3472",NA,NA,NA,NA,NA,NA,NA,NA,NA,NA,"WDNR4473",2019,NA,NA,NA,NA,NA,NA,NA,NA,NA,NA,NA,NA,0,"KL20WI0680","WI",0,"19",1,0.1721049,1,NA,-0.764206765,1,NA,0.00328314334897521,3.77623529411765,99.5902943811277,-2.36823739031809,"N","2020-03-11",1,0,NA
"3473",NA,NA,NA,NA,NA,NA,NA,NA,NA,NA,"WDNR4474",2019,NA,NA,NA,NA,NA,NA,NA,NA,NA,NA,NA,NA,1,"KL20WI0681","WI",1,"19",1,0.040755355,1,NA,-1.38981532,1,NA,0.00328314334897521,3.77623529411765,99.5902943811277,-2.36823739031809,"N","2020-03-11",1,1,NA
"3474",NA,NA,NA,NA,NA,NA,NA,NA,NA,NA,"WDNR4474",2020,NA,NA,NA,NA,NA,NA,NA,NA,NA,NA,NA,NA,0,"KL21WI0515","WI",1,"4",1,0.013045515,1,NA,-1.884538772,1,NA,0.0076616963052176,6.41236941710825,99.1848975134822,-2.06239704749146,"Y","2021-03-10",0,1,NA
"3475",NA,NA,NA,NA,NA,NA,NA,NA,NA,NA,"WDNR4475",2019,NA,NA,NA,NA,NA,NA,NA,NA,NA,NA,NA,NA,1,"KL20WI0683","WI",1,"15",1,0.053105185,1,NA,-1.274863074,1,NA,0.00328314334897521,3.77623529411765,99.5902943811277,-2.36823739031809,"N","2020-03-11",1,1,NA
"3476",NA,NA,NA,NA,NA,NA,NA,NA,NA,NA,"WDNR4475",2024,NA,NA,NA,NA,NA,NA,NA,NA,NA,NA,NA,NA,0,"TS25MW5128","WI",1,"3",1,0.002528221,1,1.84,-2.597185022,1,0.0198238786702014,0.016176895250944,4.72832085561497,98.0749264570914,-1.76505533277694,"Y","2025-03-08",0,1,NA
"3477",NA,NA,NA,NA,NA,NA,NA,NA,NA,NA,"WDNR4476",2019,NA,NA,NA,NA,NA,NA,NA,NA,NA,NA,NA,NA,0,"KL20WI0684","WI",0,"15",1,0.10347295,2,NA,-0.985173169,1,NA,0.00328314334897521,3.77623529411765,99.5902943811277,-2.36823739031809,"N","2020-03-11",1,0,NA
"3478",NA,NA,NA,NA,NA,NA,NA,NA,NA,NA,"WDNR4477",2019,NA,NA,NA,NA,NA,NA,NA,NA,NA,NA,NA,NA,1,"KL20WI0687","WI",2,"15",1,0.00488466,1,NA,-2.311165705,1,NA,0.00328314334897521,3.77623529411765,99.5902943811277,-2.36823739031809,"N","2020-03-11",1,1,NA
"3479",NA,NA,NA,NA,NA,NA,NA,NA,NA,NA,"WDNR4477",2023,NA,NA,NA,NA,NA,NA,NA,NA,NA,NA,NA,NA,1,"KL24WI0348","WI",2,"15",1,0.004260585,1,NA,-2.370530764,1,NA,0.0152931055615139,5.85180473372781,98.3485497313784,-1.78799612872508,"Y","2024-03-12",0,1,NA
"3480",NA,NA,NA,NA,NA,NA,NA,NA,NA,NA,"WDNR4496",2020,NA,NA,NA,NA,NA,NA,NA,NA,NA,NA,NA,NA,0,"KL21WI0267","WI",0,"2A",1,0.01835893,1,NA,-1.736152634,1,NA,0.00615744011455357,1.83234567901235,99.0933803572743,-2.14524227698121,"Y","2021-03-01",1,0,NA
"3481",NA,NA,NA,NA,NA,NA,NA,NA,NA,NA,"WDNR4501",2019,NA,NA,NA,NA,NA,NA,NA,NA,NA,NA,NA,NA,0,"KL20WI0421","WI",0,"2A",0,0.01830515,0,NA,-1.737426708,1,NA,0.0148802501055556,1.39024423337856,NA,-1.79914266194624,"N","2020-03-02",1,0,NA
"3482",NA,NA,NA,NA,NA,NA,NA,NA,NA,NA,"WDNR4502",2019,NA,NA,NA,NA,NA,NA,NA,NA,NA,NA,NA,NA,0,"KL20WI0422","WI",0,"2A",0,3.25e-06,0,NA,-5.488507479,1,NA,0.0148802501055556,1.39024423337856,NA,-1.79914266194624,"N","2020-03-02",1,0,NA
"3483",NA,NA,NA,NA,NA,NA,NA,NA,NA,NA,"WDNR4503",2019,NA,NA,NA,NA,NA,NA,NA,NA,NA,NA,NA,NA,0,"KL20WI0423","WI",0,"2A",0,0.021130235,0,NA,-1.675095673,1,NA,0.0148802501055556,1.39024423337856,NA,-1.79914266194624,"N","2020-03-02",1,0,NA
"3484",NA,NA,NA,NA,NA,NA,NA,NA,NA,NA,"WDNR4504",2019,NA,NA,NA,NA,NA,NA,NA,NA,NA,NA,NA,NA,0,"KL20WI0539","WI",0,"7",NA,0.007856754,NA,NA,-2.104756872,1,NA,NA,NA,NA,NA,"N","2020-03-02",1,0,NA
"3485",NA,NA,NA,NA,NA,NA,NA,NA,NA,NA,"WDNR4505",2019,NA,NA,NA,NA,NA,NA,NA,NA,NA,NA,NA,NA,0,"KL20WI0543","WI",0,"8",NA,0.00340148,NA,NA,-2.468332142,1,NA,NA,NA,NA,NA,"N","2020-03-02",1,0,NA
"3486",NA,NA,NA,NA,NA,NA,NA,NA,NA,NA,"WDNR4551",2019,NA,NA,NA,NA,NA,NA,NA,NA,NA,NA,NA,NA,0,"KL20WI0381","WI",0,"3B",1,0.003373514,1,NA,-2.471917483,1,NA,0.0151230187194603,3.57716831244356,NA,-1.79255364178244,"N","2020-03-02",1,0,NA
"3487",NA,NA,NA,NA,NA,NA,NA,NA,NA,NA,"WDNR4552",2019,NA,NA,NA,NA,NA,NA,NA,NA,NA,NA,NA,NA,0,"KL20WI0385","WI",0,"3B",1,0.001809556,1,NA,-2.742427972,1,NA,0.0151230187194603,3.57716831244356,NA,-1.79255364178244,"N","2020-03-02",1,0,NA
"3488",NA,NA,NA,NA,NA,NA,NA,NA,NA,NA,"WDNR4553",2019,NA,NA,NA,NA,NA,NA,NA,NA,NA,NA,NA,NA,0,"KL20WI0388","WI",0,"3B",1,0.4553113,3,NA,-0.341691571,1,NA,0.0151230187194603,3.57716831244356,NA,-1.79255364178244,"N","2020-03-02",1,0,NA
"3489",NA,NA,NA,NA,NA,NA,NA,NA,NA,NA,"WDNR4554",2019,NA,NA,NA,NA,NA,NA,NA,NA,NA,NA,NA,NA,0,"KL20WI0389","WI",0,"3A",1,0.10558173,1,NA,-0.976411226,1,NA,0.0857268499250999,4.99839020537124,NA,-1.06184642767853,"N","2020-03-02",1,0,NA
"3490",NA,NA,NA,NA,NA,NA,NA,NA,NA,NA,"WDNR4555",2019,NA,NA,NA,NA,NA,NA,NA,NA,NA,NA,NA,NA,0,"KL20WI0501","WI",0,"2",1,0.042286525,1,NA,-1.373798003,1,NA,NA,NA,NA,NA,"N","2020-03-02",1,0,NA
"3491",NA,NA,NA,NA,NA,NA,NA,NA,NA,NA,"WDNR4556",2019,NA,NA,NA,NA,NA,NA,NA,NA,NA,NA,NA,NA,0,"KL20WI0507","WI",0,"2",0,0.037649485,0,NA,-1.42424096,1,NA,NA,NA,NA,NA,"N","2020-03-02",1,0,NA
"3492",NA,NA,NA,NA,NA,NA,NA,NA,NA,NA,"WDNR4557",2019,NA,NA,NA,NA,NA,NA,NA,NA,NA,NA,NA,NA,1,"KL20WI0510","WI",1,"2",1,0.054085375,1,NA,-1.266920155,1,NA,NA,NA,NA,NA,"N","2020-03-02",1,1,NA
"3493",NA,NA,NA,NA,NA,NA,NA,NA,NA,NA,"WDNR4557",2022,NA,NA,NA,NA,NA,NA,NA,NA,NA,NA,NA,NA,0,"KL23WI0450","WI",1,"3",1,0.042889647,1,NA,-1.367647531,1,NA,NA,NA,NA,NA,"Y","2023-03-07",0,1,NA
"3494",NA,NA,NA,NA,NA,NA,NA,NA,NA,NA,"WDNR4560",2019,NA,NA,NA,NA,NA,NA,NA,NA,NA,NA,NA,NA,0,"KL20WI0734","WI",0,"5",0,0.013846225,0,NA,-1.858668615,1,NA,0.00328314334897521,3.77623529411765,99.5902943811277,-2.36823739031809,"N","2020-03-11",1,0,NA
"3495",NA,NA,NA,NA,NA,NA,NA,NA,NA,NA,"WDNR4561",2019,NA,NA,NA,NA,NA,NA,NA,NA,NA,NA,NA,NA,0,"KL20WI0736","WI",0,"5",1,0.00249026,1,NA,-2.603755307,1,NA,0.00328314334897521,3.77623529411765,99.5902943811277,-2.36823739031809,"N","2020-03-11",1,0,NA
"3496",NA,NA,NA,NA,NA,NA,NA,NA,NA,NA,"WDNR4562",2024,NA,NA,NA,NA,NA,NA,NA,NA,NA,NA,NA,NA,0,"TS25MW5159","WI",0,"5",0,0.002035533,0,NA,-2.691321806,1,NA,0.00975837961835242,5.34511724137931,98.8706597158538,-1.96825313534262,"Y","2025-03-08",1,0,NA
"3497",NA,NA,NA,NA,NA,NA,NA,NA,NA,NA,"WDNR4563",2019,NA,NA,NA,NA,NA,NA,NA,NA,NA,NA,NA,NA,0,"KL20WI0737","WI",0,"5",0,0.05621906,0,NA,-1.25011642,1,NA,0.00328314334897521,3.77623529411765,99.5902943811277,-2.36823739031809,"N","2020-03-11",1,0,NA
"3498",NA,NA,NA,NA,NA,NA,NA,NA,NA,NA,"WDNR4564",2019,NA,NA,NA,NA,NA,NA,NA,NA,NA,NA,NA,NA,0,"KL20WI0738","WI",0,"5",1,0.05843966,1,NA,-1.233292319,1,NA,0.00328314334897521,3.77623529411765,99.5902943811277,-2.36823739031809,"N","2020-03-11",1,0,NA
"3499",NA,NA,NA,NA,NA,NA,NA,NA,NA,NA,"WDNR4565",2019,NA,NA,NA,NA,NA,NA,NA,NA,NA,NA,NA,NA,0,"KL20WI0741","WI",0,"3",0,0.032818925,0,NA,-1.483875649,1,NA,0.00328314334897521,3.77623529411765,99.5902943811277,-2.36823739031809,"N","2020-03-11",1,0,NA
"3500",NA,NA,NA,NA,NA,NA,NA,NA,NA,NA,"WDNR4566",2019,NA,NA,NA,NA,NA,NA,NA,NA,NA,NA,NA,NA,0,"KL20WI0742","WI",0,"3",0,0.006649727,0,NA,-2.177196217,1,NA,0.00328314334897521,3.77623529411765,99.5902943811277,-2.36823739031809,"N","2020-03-11",1,0,NA
"3501",NA,NA,NA,NA,NA,NA,NA,NA,NA,NA,"WDNR4567",2019,NA,NA,NA,NA,NA,NA,NA,NA,NA,NA,NA,NA,0,"KL20WI0743","WI",0,"3",0,0.034750895,0,NA,-1.459034006,1,NA,0.00328314334897521,3.77623529411765,99.5902943811277,-2.36823739031809,"N","2020-03-11",1,0,NA
"3502",NA,NA,NA,NA,NA,NA,NA,NA,NA,NA,"WDNR4568",2019,NA,NA,NA,NA,NA,NA,NA,NA,NA,NA,NA,NA,0,"KL20WI0748","WI",0,"WW",1,0.18127075,1,NA,-0.741672268,1,NA,NA,5.16242424242424,NA,NA,"N","2020-03-13",1,0,NA
"3503",NA,NA,NA,NA,NA,NA,NA,NA,NA,NA,"WDNR4569",2019,NA,NA,NA,NA,NA,NA,NA,NA,NA,NA,NA,NA,0,"KL20WI0773","WI",0,"SEL",1,0.008501106,1,NA,-2.070524569,1,NA,0.014427224757672,7.64682857142857,NA,-1.81171219323901,"N","2020-03-13",1,0,NA
"3504",NA,NA,NA,NA,NA,NA,NA,NA,NA,NA,"WDNR4570",2019,NA,NA,NA,NA,NA,NA,NA,NA,NA,NA,NA,NA,0,"KL20WI0781","WI",0,"SEL",1,0.01151524,1,NA,-1.938727006,1,NA,0.014427224757672,7.64682857142857,NA,-1.81171219323901,"N","2020-03-13",1,0,NA
"3505",NA,NA,NA,NA,NA,NA,NA,NA,NA,NA,"WDNR4572",2019,NA,NA,NA,NA,NA,NA,NA,NA,NA,NA,NA,NA,0,"KL20WI0825","WI",0,"A",1,0.1447495,2,NA,-0.839382928,1,NA,0.00710576992865949,5.08109675036928,NA,-2.09120572728217,"N","2020-03-14",1,0,NA
"3506",NA,NA,NA,NA,NA,NA,NA,NA,NA,NA,"WDNR4573",2020,NA,NA,NA,NA,NA,NA,NA,NA,NA,NA,NA,NA,0,"KL21WI0040","WI",0,"A",1,0.16617905,3,NA,-0.779423728,1,NA,0.0148643254688095,6.21990476190476,98.4143506331709,-1.79957838882683,"N","2021-02-25",1,0,NA
"3507",NA,NA,NA,NA,NA,NA,NA,NA,NA,NA,"WDNR4574",2020,NA,NA,NA,NA,NA,NA,NA,NA,NA,NA,NA,NA,0,"KL21WI0043","WI",0,"A",0,0.001240219,0,NA,-2.90650162,1,NA,0.0148643254688095,6.21990476190476,98.4143506331709,-1.79957838882683,"N","2021-02-25",1,0,NA
"3508",NA,NA,NA,NA,NA,NA,NA,NA,NA,NA,"WDNR4575",2020,NA,NA,NA,NA,NA,NA,NA,NA,NA,NA,NA,NA,0,"KL21WI0044","WI",0,"A",1,0.0182104,2,NA,-1.739680515,1,NA,0.0148643254688095,6.21990476190476,98.4143506331709,-1.79957838882683,"N","2021-02-25",1,0,NA
"3509",NA,NA,NA,NA,NA,NA,NA,NA,NA,NA,"WDNR4576",2020,NA,NA,NA,NA,NA,NA,NA,NA,NA,NA,NA,NA,1,"KL21WI0045","WI",1,"A",1,0.05237122,2,NA,-1.280907309,1,NA,0.0148643254688095,6.21990476190476,98.4143506331709,-1.79957838882683,"N","2021-02-25",1,1,NA
"3510",NA,NA,NA,NA,NA,NA,NA,NA,NA,NA,"WDNR4576",2023,NA,NA,NA,NA,NA,NA,NA,NA,NA,NA,NA,NA,0,"KL24WI0446","WI",1,"A",1,0.010448866,1,NA,-1.980930851,1,NA,0.0540635183620746,4.79889495724466,NA,-1.25913604219049,"Y","2024-03-13",0,1,NA
"3511",NA,NA,NA,NA,NA,NA,NA,NA,NA,NA,"WDNR4577",2020,NA,NA,NA,NA,NA,NA,NA,NA,NA,NA,NA,NA,1,"KL21WI0058","WI",1,"B",1,0.17737815,1,NA,-0.751099879,1,NA,0.00713683458105821,7.66593301435407,99.2793223308782,-2.08954451296639,"N","2021-02-25",1,1,NA
"3512",NA,NA,NA,NA,NA,NA,NA,NA,NA,NA,"WDNR4578",2020,NA,NA,NA,NA,NA,NA,NA,NA,NA,NA,NA,NA,1,"KL21WI0060","WI",4,"B",0,0.0155469,0,NA,-1.808356195,1,NA,0.00713683458105821,7.66593301435407,99.2793223308782,-2.08954451296639,"N","2021-02-25",1,1,NA
"3513",NA,NA,NA,NA,NA,NA,NA,NA,NA,NA,"WDNR4579",2020,NA,NA,NA,NA,NA,NA,NA,NA,NA,NA,NA,NA,0,"KL21WI0062","WI",0,"B",0,0.007203471,0,NA,-2.142458188,1,NA,0.00713683458105821,7.66593301435407,99.2793223308782,-2.08954451296639,"N","2021-02-25",1,0,NA
"3514",NA,NA,NA,NA,NA,NA,NA,NA,NA,NA,"WDNR4580",2020,NA,NA,NA,NA,NA,NA,NA,NA,NA,NA,NA,NA,0,"KL21WI0063","WI",0,"B",NA,0.061762795,NA,NA,-1.209273059,1,NA,0.00713683458105821,7.66593301435407,99.2793223308782,-2.08954451296639,"N","2021-02-25",1,0,NA
"3515",NA,NA,NA,NA,NA,NA,NA,NA,NA,NA,"WDNR4581",2020,NA,NA,NA,NA,NA,NA,NA,NA,NA,NA,NA,NA,1,"KL21WI0463","WI",1,"SEL",1,0.37335695,1,NA,-0.42787576,1,NA,0.00659171451206662,7.7370158943299,NA,-2.11966013200402,"N","2021-03-08",1,1,NA
"3516",NA,NA,NA,NA,NA,NA,NA,NA,NA,NA,"WDNR4581",2022,NA,NA,NA,NA,NA,NA,NA,NA,NA,NA,NA,NA,0,"KL23WI0636","WI",1,"SEL",1,0.015502594,1,NA,-1.809595614,1,NA,0.00383016585581764,7.80072874493927,NA,-2.3160379564059,"Y","2023-03-11",0,1,NA
"3517",NA,NA,NA,NA,NA,NA,NA,NA,NA,NA,"WDNR4582",2020,NA,NA,NA,NA,NA,NA,NA,NA,NA,NA,NA,NA,0,"KL21WI0482","WI",0,"B",1,8.99e-06,1,NA,-5.046429478,1,NA,0.00620437326631045,4.88283582089552,99.2835592393596,-2.1424037940064,"N","2021-03-09",1,0,NA
"3518",NA,NA,NA,NA,NA,NA,NA,NA,NA,NA,"WDNR4583",2020,NA,NA,NA,NA,NA,NA,NA,NA,NA,NA,NA,NA,0,"KL21WI0485","WI",0,"B",1,0.007800393,1,NA,-2.107883516,1,NA,0.00620437326631045,4.88283582089552,99.2835592393596,-2.1424037940064,"N","2021-03-09",1,0,NA
"3519",NA,NA,NA,NA,NA,NA,NA,NA,NA,NA,"WDNR4584",2020,NA,NA,NA,NA,NA,NA,NA,NA,NA,NA,NA,NA,1,"KL21WI0490","WI",2,"B",1,0.008893045,1,NA,-2.05094951,1,NA,0.00620437326631045,4.88283582089552,99.2835592393596,-2.1424037940064,"N","2021-03-09",1,1,NA
"3520",NA,NA,NA,NA,NA,NA,NA,NA,NA,NA,"WDNR4584",2021,NA,NA,NA,NA,NA,NA,NA,NA,NA,NA,NA,NA,1,"KL22WI0688","WI",2,"B",1,0.191787863,1,NA,-0.71717888,1,NA,0.007012414456388,4.97468168168168,NA,-2.09623659414295,"Y","2022-03-11",0,1,NA
"3521",NA,NA,NA,NA,NA,NA,NA,NA,NA,NA,"WDNR4584",2022,NA,NA,NA,NA,NA,NA,NA,NA,NA,NA,NA,NA,0,"KL23WI0677","WI",2,"B",1,0.036704282,1,NA,-1.435283273,1,NA,0.00711750722281278,7.63032323232323,99.3269507776963,-2.09057731627432,"Y","2023-03-12",0,1,NA
"3522",NA,NA,NA,NA,NA,NA,NA,NA,NA,NA,"WDNR4585",2020,NA,NA,NA,NA,NA,NA,NA,NA,NA,NA,NA,NA,0,"KL21WI0491","WI",0,"B",0,0.001139227,0,NA,-2.943389921,1,NA,0.00620437326631045,4.88283582089552,99.2835592393596,-2.1424037940064,"N","2021-03-09",1,0,NA
"3523",NA,NA,NA,NA,NA,NA,NA,NA,NA,NA,"WDNR4586",2020,NA,NA,NA,NA,NA,NA,NA,NA,NA,NA,NA,NA,0,"KL21WI0498","WI",0,"D",NA,0.001113779,NA,NA,-2.953200877,1,NA,0.00519792374828042,9.82497237569061,99.5730011985835,-2.20775377109524,"N","2021-03-09",1,0,NA
"3524",NA,NA,NA,NA,NA,NA,NA,NA,NA,NA,"WDNR4587",2020,NA,NA,NA,NA,NA,NA,NA,NA,NA,NA,NA,NA,1,"KL21WI0501","WI",3,"D",1,0.12147213,1,NA,-0.915523353,1,NA,0.00519792374828042,9.82497237569061,99.5730011985835,-2.20775377109524,"N","2021-03-09",1,1,NA
"3525",NA,NA,NA,NA,NA,NA,NA,NA,NA,NA,"WDNR4588",2020,NA,NA,NA,NA,NA,NA,NA,NA,NA,NA,NA,NA,1,"KL21WI0502","WI",3,"D",0,0.00056712,0,NA,-3.246325037,1,NA,0.00519792374828042,9.82497237569061,99.5730011985835,-2.20775377109524,"N","2021-03-09",1,1,NA
"3526",NA,NA,NA,NA,NA,NA,NA,NA,NA,NA,"WDNR4589",2020,NA,NA,NA,NA,NA,NA,NA,NA,NA,NA,NA,NA,1,"KL21WI0505","WI",3,"D",NA,0.17809125,NA,NA,-0.749357418,1,NA,0.00519792374828042,9.82497237569061,99.5730011985835,-2.20775377109524,"N","2021-03-09",1,1,NA
"3527",NA,NA,NA,NA,NA,NA,NA,NA,NA,NA,"WDNR4589",2021,NA,NA,NA,NA,NA,NA,NA,NA,NA,NA,NA,NA,1,"KL22WI0694","WI",3,"A",1,0.030574435,1,NA,-1.514641557,1,NA,0.00669984450089541,7.70487755102041,NA,-2.11351804535803,"Y","2022-03-11",0,1,NA
"3528",NA,NA,NA,NA,NA,NA,NA,NA,NA,NA,"WDNR4589",2022,NA,NA,NA,NA,NA,NA,NA,NA,NA,NA,NA,NA,1,"KL23WI0662","WI",3,"A",1,0.492584725,1,NA,-0.307519059,1,NA,0.00711750722281278,7.63032323232323,99.3269507776963,-2.09057731627432,"Y","2023-03-12",0,1,NA
"3529",NA,NA,NA,NA,NA,NA,NA,NA,NA,NA,"WDNR4590",2020,NA,NA,NA,NA,NA,NA,NA,NA,NA,NA,NA,NA,0,"KL21WI0510","WI",0,"2",1,0.33074415,1,NA,-0.480507829,1,NA,0.0076616963052176,6.41236941710825,99.1848975134822,-2.06239704749146,"N","2021-03-10",1,0,NA
"3530",NA,NA,NA,NA,NA,NA,NA,NA,NA,NA,"WDNR4591",2020,NA,NA,NA,NA,NA,NA,NA,NA,NA,NA,NA,NA,0,"KL21WI0519","WI",0,"5",1,0.01089837,1,NA,-1.962638452,1,NA,0.0076616963052176,6.41236941710825,99.1848975134822,-2.06239704749146,"N","2021-03-10",1,0,NA
"3531",NA,NA,NA,NA,NA,NA,NA,NA,NA,NA,"WDNR4593",2020,NA,NA,NA,NA,NA,NA,NA,NA,NA,NA,NA,NA,1,"KL21WI0521","WI",2,"5",1,0.000506519,1,NA,-3.295404516,1,NA,0.0076616963052176,6.41236941710825,99.1848975134822,-2.06239704749146,"N","2021-03-10",1,1,NA
"3532",NA,NA,NA,NA,NA,NA,NA,NA,NA,NA,"WDNR4593",2023,NA,NA,NA,NA,NA,NA,NA,NA,NA,NA,NA,NA,0,"KL24WI0326","WI",2,"3",0,0.00062606,0,NA,-3.203384184,1,NA,0.0122278932731742,4.4704765625,98.5474882230246,-1.87850931776941,"Y","2024-03-12",0,1,NA
"3533",NA,NA,NA,NA,NA,NA,NA,NA,NA,NA,"WDNR4594",2020,NA,NA,NA,NA,NA,NA,NA,NA,NA,NA,NA,NA,0,"KL21WI0563","WI",0,"A",1,0.175242,2,NA,-0.756361799,1,NA,0.00569834013477175,5.98302419354839,99.3942192686889,-2.17403280321241,"N","2021-03-12",1,0,NA
"3534",NA,NA,NA,NA,NA,NA,NA,NA,NA,NA,"WDNR4595",2020,NA,NA,NA,NA,NA,NA,NA,NA,NA,NA,NA,NA,0,"KL21WI0575","WI",0,"A",1,0.155696,1,NA,-0.807722545,1,NA,0.00569834013477175,5.98302419354839,99.3942192686889,-2.17403280321241,"N","2021-03-12",1,0,NA
"3535",NA,NA,NA,NA,NA,NA,NA,NA,NA,NA,"WDNR4597",2020,NA,NA,NA,NA,NA,NA,NA,NA,NA,NA,NA,NA,0,"KL21WI0666","WI",0,"A",1,0.00593002,1,NA,-2.226943879,1,NA,0.00777785494468148,5.12558232931727,99.1203744075204,-2.05661160021068,"N","2021-03-13",1,0,NA
"3536",NA,NA,NA,NA,NA,NA,NA,NA,NA,NA,"WDNR4598",2021,NA,NA,NA,NA,NA,NA,NA,NA,NA,NA,NA,NA,0,"KL22WI0098","WI",0,"A",1,2.5e-05,1,4.24,-4.601733221,1,0.0212309893057571,0.00681405591830765,3.74659272727273,NA,-2.10712348523747,"Y","2022-02-26",1,0,NA
"3537",NA,NA,NA,NA,NA,NA,NA,NA,NA,NA,"WDNR4599",2020,NA,NA,NA,NA,NA,NA,NA,NA,NA,NA,NA,NA,0,"KL21WI0704","WI",0,"B",1,1.01316875,2,NA,0.005681786,1,NA,0.00429231190721204,7.92770551631478,NA,-2.27635456819027,"N","2021-03-14",1,0,NA
"3538",NA,NA,NA,NA,NA,NA,NA,NA,NA,NA,"WDNR4601",2021,NA,NA,NA,NA,NA,NA,NA,NA,NA,NA,NA,NA,0,"KL22WI0211","WI",0,"8",1,0.018581032,1,NA,-1.73093017,1,NA,NA,NA,NA,NA,"N","2022-02-28",1,0,NA
"3539",NA,NA,NA,NA,NA,NA,NA,NA,NA,NA,"WDNR4602",2021,NA,NA,NA,NA,NA,NA,NA,NA,NA,NA,NA,NA,0,"KL22WI0228","WI",0,"8",1,0.007408208,1,NA,-2.130286807,1,NA,NA,NA,NA,NA,"N","2022-02-28",1,0,NA
"3540",NA,NA,NA,NA,NA,NA,NA,NA,NA,NA,"WDNR4603",2021,NA,NA,NA,NA,NA,NA,NA,NA,NA,NA,NA,NA,0,"KL22WI0229","WI",0,"8",1,0.007358826,3,NA,-2.133191479,1,NA,NA,NA,NA,NA,"N","2022-02-28",1,0,NA
"3541",NA,NA,NA,NA,NA,NA,NA,NA,NA,NA,"WDNR4604",2021,NA,NA,NA,NA,NA,NA,NA,NA,NA,NA,NA,NA,0,"KL22WI0238","WI",0,"1B",0,0.000426987,0,NA,-3.369585429,1,NA,0.0687344544932051,1.31214792299899,89.9399087870531,-1.15655259207273,"N","2022-03-01",1,0,NA
"3542",NA,NA,NA,NA,NA,NA,NA,NA,NA,NA,"WDNR4605",2021,NA,NA,NA,NA,NA,NA,NA,NA,NA,NA,NA,NA,0,"KL22WI0260","WI",0,"1A",0,0.000996194,0,NA,-3.001656227,1,NA,0.0368162590800767,1.64580862533693,NA,-1.42232143533328,"N","2022-03-01",1,0,NA
"3543",NA,NA,NA,NA,NA,NA,NA,NA,NA,NA,"WDNR4607",2021,NA,NA,NA,NA,NA,NA,NA,NA,NA,NA,NA,NA,0,"KL22WI0325","WI",0,"B",1,0.219268605,1,6.52,-0.659023546,1,0.0744551605234777,0.0364672166366908,6.02851063829787,96.108097811092,-1.42634856856152,"N","2022-03-02",1,0,NA
"3544",NA,NA,NA,NA,NA,NA,NA,NA,NA,NA,"WDNR4608",2021,NA,NA,NA,NA,NA,NA,NA,NA,NA,NA,NA,NA,0,"KL22WI0330","WI",0,"B",1,0.002877778,1,6.6,-2.540942691,1,0.0574279464822379,0.0364672166366908,6.02851063829787,96.108097811092,-1.42634856856152,"N","2022-03-02",1,0,NA
"3545",NA,NA,NA,NA,NA,NA,NA,NA,NA,NA,"WDNR4609",2021,NA,NA,NA,NA,NA,NA,NA,NA,NA,NA,NA,NA,0,"KL22WI0334","WI",0,"B",1,0.138656677,1,7.63,-0.858059212,1,0.12858812242656,0.0364672166366908,6.02851063829787,96.108097811092,-1.42634856856152,"N","2022-03-02",1,0,NA
"3546",NA,NA,NA,NA,NA,NA,NA,NA,NA,NA,"WDNR4610",2021,NA,NA,NA,NA,NA,NA,NA,NA,NA,NA,NA,NA,0,"KL22WI0343","WI",0,"C",1,0.089144426,1,7.72,-1.049905808,1,0.0539700241007881,0.0364672166366908,6.49781778741865,96.108097811092,-1.42634856856152,"N","2022-03-02",1,0,NA
"3547",NA,NA,NA,NA,NA,NA,NA,NA,NA,NA,"WDNR4611",2021,NA,NA,NA,NA,NA,NA,NA,NA,NA,NA,NA,NA,0,"KL22WI0188","WI",0,"4",0,0.000412688,0,8.53,-3.384378016,1,0.0426590769153079,NA,NA,NA,NA,"N","2022-02-28",1,0,NA
"3548",NA,NA,NA,NA,NA,NA,NA,NA,NA,NA,"WDNR4612",2021,NA,NA,NA,NA,NA,NA,NA,NA,NA,NA,NA,NA,0,"KL22WI0191","WI",0,"4",0,0.00143772,0,NA,-2.842325547,1,NA,NA,NA,NA,NA,"N","2022-02-28",1,0,NA
"3549",NA,NA,NA,NA,NA,NA,NA,NA,NA,NA,"WDNR4613",2021,NA,NA,NA,NA,NA,NA,NA,NA,NA,NA,NA,NA,1,"KL22WI0195","WI",1,"4",1,0.003953873,1,NA,-2.402977298,1,NA,NA,NA,NA,NA,"N","2022-02-28",1,1,NA
"3550",NA,NA,NA,NA,NA,NA,NA,NA,NA,NA,"WDNR4613",2024,NA,NA,NA,NA,NA,NA,NA,NA,NA,NA,NA,NA,0,"TS25MW5024","WI",1,"3",1,0.014692034,1,NA,-1.832918072,1,NA,NA,NA,NA,NA,"Y","2025-03-05",0,1,NA
"3551",NA,NA,NA,NA,NA,NA,NA,NA,NA,NA,"WDNR4614",2021,NA,NA,NA,NA,NA,NA,NA,NA,NA,NA,NA,NA,0,"KL22WI0198","WI",0,"4",1,0.002775846,1,7.59,-2.556604584,1,0.0414051792083199,NA,NA,NA,NA,"N","2022-02-28",1,0,NA
"3552",NA,NA,NA,NA,NA,NA,NA,NA,NA,NA,"WDNR4615",2021,NA,NA,NA,NA,NA,NA,NA,NA,NA,NA,NA,NA,0,"KL22WI0199","WI",0,"4",1,0.001335511,1,NA,-2.874352438,1,NA,NA,NA,NA,NA,"N","2022-02-28",1,0,NA
"3553",NA,NA,NA,NA,NA,NA,NA,NA,NA,NA,"WDNR4616",2021,NA,NA,NA,NA,NA,NA,NA,NA,NA,NA,NA,NA,0,"KL22WI0201","WI",0,"4",1,0.002006517,1,5.44,-2.697557119,1,0.054153888152734,NA,NA,NA,NA,"N","2022-02-28",1,0,NA
"3554",NA,NA,NA,NA,NA,NA,NA,NA,NA,NA,"WDNR4617",2021,NA,NA,NA,NA,NA,NA,NA,NA,NA,NA,NA,NA,0,"KL22WI0202","WI",0,"4",NA,0.000947588,NA,NA,-3.023380321,1,NA,NA,NA,NA,NA,"N","2022-02-28",1,0,NA
"3555",NA,NA,NA,NA,NA,NA,NA,NA,NA,NA,"WDNR4618",2021,NA,NA,NA,NA,NA,NA,NA,NA,NA,NA,NA,NA,0,"KL22WI0295","WI",0,"3B",1,0.003495581,1,NA,-2.456480573,1,NA,0.0166867102972388,3.29157881712918,NA,-1.75235293772997,"N","2022-03-01",1,0,NA
"3556",NA,NA,NA,NA,NA,NA,NA,NA,NA,NA,"WDNR4619",2021,NA,NA,NA,NA,NA,NA,NA,NA,NA,NA,NA,NA,0,"KL22WI0298","WI",0,"3B",1,0.000945234,1,4.76,-3.024460857,1,0.0278798611232172,0.0166867102972388,3.29157881712918,NA,-1.75235293772997,"N","2022-03-01",1,0,NA
"3557",NA,NA,NA,NA,NA,NA,NA,NA,NA,NA,"WDNR4620",2021,NA,NA,NA,NA,NA,NA,NA,NA,NA,NA,NA,NA,0,"KL22WI0299","WI",0,"3B",1,0.007890686,1,4.33,-2.102885251,1,0.0374928873517718,0.0166867102972388,3.29157881712918,NA,-1.75235293772997,"N","2022-03-01",1,0,NA
"3558",NA,NA,NA,NA,NA,NA,NA,NA,NA,NA,"WDNR4621",2021,NA,NA,NA,NA,NA,NA,NA,NA,NA,NA,NA,NA,0,"KL22WI0302","WI",0,"3B",0,0.015077193,0,4.24,-1.821679509,1,0.0423545468717321,0.0166867102972388,3.29157881712918,NA,-1.75235293772997,"N","2022-03-01",1,0,NA
"3559",NA,NA,NA,NA,NA,NA,NA,NA,NA,NA,"WDNR4622",2021,NA,NA,NA,NA,NA,NA,NA,NA,NA,NA,NA,NA,0,"KL22WI0305","WI",0,"3B",1,0.001624038,1,4.24,-2.789403862,1,0.0423545468717321,0.0166867102972388,3.29157881712918,NA,-1.75235293772997,"N","2022-03-01",1,0,NA
"3560",NA,NA,NA,NA,NA,NA,NA,NA,NA,NA,"WDNR4624",2021,NA,NA,NA,NA,NA,NA,NA,NA,NA,NA,NA,NA,0,"KL22WI0867","WI",0,"3",1,0.001785869,1,NA,-2.748150285,1,NA,0.0113930016080311,4.3695564516129,98.6381646178357,-1.90682349395267,"N","2022-03-16",1,0,NA
"3561",NA,NA,NA,NA,NA,NA,NA,NA,NA,NA,"WDNR4626",2021,NA,NA,NA,NA,NA,NA,NA,NA,NA,NA,NA,NA,0,"KL22WI0145","WI",0,"5",1,9.08e-05,1,NA,-4.041751567,1,NA,NA,NA,NA,NA,"N","2022-02-28",1,0,NA
"3562",NA,NA,NA,NA,NA,NA,NA,NA,NA,NA,"WDNR4627",2021,NA,NA,NA,NA,NA,NA,NA,NA,NA,NA,NA,NA,0,"KL22WI0152","WI",0,"5",1,0.026655247,2,NA,-1.574217289,1,NA,NA,NA,NA,NA,"N","2022-02-28",1,0,NA
"3563",NA,NA,NA,NA,NA,NA,NA,NA,NA,NA,"WDNR4628",2021,NA,NA,NA,NA,NA,NA,NA,NA,NA,NA,NA,NA,0,"KL22WI0273","WI",0,"2B",1,0.041866948,1,NA,-1.378128697,1,NA,0.0358081141487259,2.01266129032258,NA,-1.43405643291418,"N","2022-03-01",1,0,NA
"3564",NA,NA,NA,NA,NA,NA,NA,NA,NA,NA,"WDNR4629",2021,NA,NA,NA,NA,NA,NA,NA,NA,NA,NA,NA,NA,0,"KL22WI0274","WI",0,"2B",0,0.049484568,0,NA,-1.305530215,1,NA,0.0358081141487259,2.01266129032258,NA,-1.43405643291418,"N","2022-03-01",1,0,NA
"3565",NA,NA,NA,NA,NA,NA,NA,NA,NA,NA,"WDNR4630",2021,NA,NA,NA,NA,NA,NA,NA,NA,NA,NA,NA,NA,0,"KL22WI0279","WI",0,"2A",1,0.01089918,2,NA,-1.962606182,1,NA,0.0200231943095537,0.975425101214575,NA,-1.67730129565245,"N","2022-03-01",1,0,NA
"3566",NA,NA,NA,NA,NA,NA,NA,NA,NA,NA,"WDNR4631",2021,NA,NA,NA,NA,NA,NA,NA,NA,NA,NA,NA,NA,0,"KL22WI0283","WI",0,"1A",1,0.006645092,1,NA,-2.177499009,1,NA,0.0368162590800767,1.64580862533693,NA,-1.42232143533328,"N","2022-03-01",1,0,NA
"3567",NA,NA,NA,NA,NA,NA,NA,NA,NA,NA,"WDNR4632",2021,NA,NA,NA,NA,NA,NA,NA,NA,NA,NA,NA,NA,0,"KL22WI0286","WI",0,"1A",1,0.003833873,2,NA,-2.416362242,1,NA,0.0368162590800767,1.64580862533693,NA,-1.42232143533328,"N","2022-03-01",1,0,NA
"3568",NA,NA,NA,NA,NA,NA,NA,NA,NA,NA,"WDNR4633",2021,NA,NA,NA,NA,NA,NA,NA,NA,NA,NA,NA,NA,0,"KL22WI0346","WI",0,"C",1,0.053069759,1,8.02,-1.275152887,1,0.0780209307630686,0.0364672166366908,6.49781778741865,96.108097811092,-1.42634856856152,"N","2022-03-02",1,0,NA
"3569",NA,NA,NA,NA,NA,NA,NA,NA,NA,NA,"WDNR4634",2021,NA,NA,NA,NA,NA,NA,NA,NA,NA,NA,NA,NA,0,"KL22WI0475","WI",0,"900",1,0.054949259,2,2.41,-1.26003816,1,0.121711035831625,0.0173130175432083,4.76845503355705,NA,-1.73724008855528,"N","2022-03-03",1,0,NA
"3570",NA,NA,NA,NA,NA,NA,NA,NA,NA,NA,"WDNR4635",2021,NA,NA,NA,NA,NA,NA,NA,NA,NA,NA,NA,NA,1,"KL22WI0476","WI",2,"990",1,0.088171185,1,2.7,-1.05467332,1,0.0970480050579788,0.0173130175432083,4.76845503355705,NA,-1.73724008855528,"N","2022-03-03",1,1,NA
"3571",NA,NA,NA,NA,NA,NA,NA,NA,NA,NA,"WDNR4636",2021,NA,NA,NA,NA,NA,NA,NA,NA,NA,NA,NA,NA,1,"KL22WI0485","WI",2,"1051",1,0.005056833,1,1.24,-2.29612135,1,0.135702842398958,0.0173130175432083,4.76845503355705,NA,-1.73724008855528,"N","2022-03-03",1,1,NA
"3572",NA,NA,NA,NA,NA,NA,NA,NA,NA,NA,"WDNR4638",2021,NA,NA,NA,NA,NA,NA,NA,NA,NA,NA,NA,NA,1,"KL22WI0722","WI",2,"D",0,0.03534518,0,NA,-1.451669802,1,NA,0.00652751533729016,9.76725179856115,NA,-2.12334835094058,"N","2022-03-11",1,1,NA
"3573",NA,NA,NA,NA,NA,NA,NA,NA,NA,NA,"WDNR4639",2021,NA,NA,NA,NA,NA,NA,NA,NA,NA,NA,NA,NA,0,"KL22WI0797","WI",1,"A",1,0.011222916,3,4.84,-1.949894269,1,0.0807860694214997,0.00296817902886773,3.611,NA,-2.40140874239099,"N","2022-03-13",0,1,NA
"3574",NA,NA,NA,NA,NA,NA,NA,NA,NA,NA,"WDNR4642",2021,NA,NA,NA,NA,NA,NA,NA,NA,NA,NA,NA,NA,0,"KL22WI0892","WI",0,"16",1,1.65e-05,1,NA,-4.782192413,1,NA,0.00726349082234351,5.22955465587045,NA,-2.08283645090993,"Y","2022-03-16",1,0,NA
"3575",NA,NA,NA,NA,NA,NA,NA,NA,NA,NA,"WDNR4644",2021,NA,NA,NA,NA,NA,NA,NA,NA,NA,NA,NA,NA,0,"KL22WI0900","WI",0,"16",1,0.002348998,1,NA,-2.62911732,1,NA,0.00726349082234351,5.22955465587045,NA,-2.08283645090993,"N","2022-03-16",1,0,NA
"3576",NA,NA,NA,NA,NA,NA,NA,NA,NA,NA,"WDNR4646",2022,NA,NA,NA,NA,NA,NA,NA,NA,NA,NA,NA,NA,0,"KL23WI0326","WI",0,"1A",1,0.345112615,2,NA,-0.462039166,1,NA,0.0129424586011797,1.7880412371134,98.1359693128111,-1.85566063636883,NA,"2023-03-06",1,0,NA
"3577",NA,NA,NA,NA,NA,NA,NA,NA,NA,NA,"WDNR4649",2022,NA,NA,NA,NA,NA,NA,NA,NA,NA,NA,NA,NA,0,"KL23WI0331","WI",0,"1A",1,0.00047764,1,NA,-3.320899244,1,NA,0.0129424586011797,1.7880412371134,98.1359693128111,-1.85566063636883,NA,"2023-03-06",1,0,NA
"3578",NA,NA,NA,NA,NA,NA,NA,NA,NA,NA,"WDNR4650",2021,NA,NA,NA,NA,NA,NA,NA,NA,NA,NA,NA,NA,0,"KL22WI0794","WI",0,"A",1,0.005592212,2,5.53,-2.252416399,1,0.126891547328203,0.00296817902886773,3.611,NA,-2.40140874239099,"N","2022-03-13",1,0,NA
"3579",NA,NA,NA,NA,NA,NA,NA,NA,NA,NA,"WDNR4651",2020,NA,NA,NA,NA,NA,NA,NA,NA,NA,NA,NA,NA,0,"KL21WI0537","WI",0,"14",1,3.66e-06,2,NA,-5.436788415,1,NA,0.0163047006858416,5.27257164404223,99.1848975134822,-1.7618359081648,"N","2021-03-10",1,0,NA
"3580",NA,NA,NA,NA,NA,NA,NA,NA,NA,NA,"WDNR4652",2020,NA,NA,NA,NA,NA,NA,NA,NA,NA,NA,NA,NA,0,"KL21WI0547","WI",0,"16",1,5.66e-05,1,NA,-4.246998764,1,NA,0.00641346071675718,6.5395983935743,99.340937335067,-2.12997900938481,"N","2021-03-10",1,0,NA
"3581",NA,NA,NA,NA,NA,NA,NA,NA,NA,NA,"WDNR4653",2020,NA,NA,NA,NA,NA,NA,NA,NA,NA,NA,NA,NA,0,"KL21WI0548","WI",0,"16",1,0.003010353,1,NA,-2.521382575,1,NA,0.00641346071675718,6.5395983935743,99.340937335067,-2.12997900938481,"N","2021-03-10",1,0,NA
"3582",NA,NA,NA,NA,NA,NA,NA,NA,NA,NA,"WDNR4655",2020,NA,NA,NA,NA,NA,NA,NA,NA,NA,NA,NA,NA,0,"KL21WI0550","WI",0,"16",1,0.025398785,1,NA,-1.595187058,1,NA,0.00641346071675718,6.5395983935743,99.340937335067,-2.12997900938481,"N","2021-03-10",1,0,NA
"3583",NA,NA,NA,NA,NA,NA,NA,NA,NA,NA,"WDNR4656",2020,NA,NA,NA,NA,NA,NA,NA,NA,NA,NA,NA,NA,0,"KL21WI0551","WI",0,"16",0,0.086948215,0,NA,-1.060739329,1,NA,0.00641346071675718,6.5395983935743,99.340937335067,-2.12997900938481,"N","2021-03-10",1,0,NA
"3584",NA,NA,NA,NA,NA,NA,NA,NA,NA,NA,"WDNR4657",2020,NA,NA,NA,NA,NA,NA,NA,NA,NA,NA,NA,NA,0,"KL21WI0552","WI",0,"16",0,0.00163626,0,NA,-2.786147819,1,NA,0.00641346071675718,6.5395983935743,99.340937335067,-2.12997900938481,"N","2021-03-10",1,0,NA
"3585",NA,NA,NA,NA,NA,NA,NA,NA,NA,NA,"WDNR4847",2021,NA,NA,NA,NA,NA,NA,NA,NA,NA,NA,NA,NA,0,"KL22WI0025","WI",0,"A",1,0.174172012,2,2.74,-0.75902163,1,0.31161577981279,0.00714611913683929,5.62439680729761,NA,-2.08904924265494,"Y","2022-02-26",1,0,NA
"3586",NA,NA,NA,NA,NA,NA,NA,NA,NA,NA,"WDNR5285",2021,NA,NA,NA,NA,NA,NA,NA,NA,NA,NA,NA,NA,0,"KL22WI0205","WI",0,"8",1,0.001377888,3,NA,-2.860786121,1,NA,NA,NA,NA,NA,"Y","2022-02-28",1,0,NA
"3587",NA,NA,NA,NA,NA,NA,NA,NA,NA,NA,"WDNR5330",2021,NA,NA,NA,NA,NA,NA,NA,NA,NA,NA,NA,NA,0,"KL22WI0866","WI",0,"3",1,0.001960884,1,NA,-2.707548015,1,NA,0.0113930016080311,4.3695564516129,98.6381646178357,-1.90682349395267,"Y","2022-03-16",1,0,NA
"3588",NA,NA,NA,NA,NA,NA,NA,NA,NA,NA,"WDNR5365",2021,NA,NA,NA,NA,NA,NA,NA,NA,NA,NA,NA,NA,0,"KL22WI0857","WI",0,"5",0,0.070099289,0,NA,-1.154286386,1,NA,0.0135485587867321,6.02232538330494,NA,-1.83718002674478,"Y","2022-03-16",1,0,NA
"3589",NA,NA,NA,NA,NA,NA,NA,NA,NA,NA,"WDNR5368",2021,NA,NA,NA,NA,NA,NA,NA,NA,NA,NA,NA,NA,1,"KL22WI0891","WI",1,"16",1,0.008196232,1,NA,-2.086385746,1,NA,0.00726349082234351,5.22955465587045,NA,-2.08283645090993,"Y","2022-03-16",1,1,NA
"3590",NA,NA,NA,NA,NA,NA,NA,NA,NA,NA,"WDNR5368",2023,NA,NA,NA,NA,NA,NA,NA,NA,NA,NA,NA,NA,0,"KL24WI0325","WI",1,"3",0,0.00308762,0,NA,-2.510376223,1,NA,0.0122278932731742,4.4704765625,98.5474882230246,-1.87850931776941,"Y","2024-03-12",0,1,NA
"3591",NA,NA,NA,NA,NA,NA,NA,NA,NA,NA,"WDNR5398",2024,NA,NA,NA,NA,NA,NA,NA,NA,NA,NA,NA,NA,0,"KL25WI0151","WI",2,"1A",1,0.000535143,1,NA,-3.271530295,1,NA,0.0381293544058856,2.04226666666667,NA,-1.40749731745261,"Y","2025-03-04",0,1,NA
"3592",NA,NA,NA,NA,NA,NA,NA,NA,NA,NA,"WDNR5402",2021,NA,NA,NA,NA,NA,NA,NA,NA,NA,NA,NA,NA,0,"KL22WI0243","WI",0,"1B",0,4.79e-05,0,NA,-4.319733025,1,NA,0.0687344544932051,1.31214792299899,89.9399087870531,-1.15655259207273,"Y","2022-03-01",1,0,NA
"3593",NA,NA,NA,NA,NA,NA,NA,NA,NA,NA,"WDNR5406",2021,NA,NA,NA,NA,NA,NA,NA,NA,NA,NA,NA,NA,0,"KL22WI0252","WI",0,"1A",0,0.000382526,0,NA,-3.417339251,1,NA,0.0368162590800767,1.64580862533693,NA,-1.42232143533328,"Y","2022-03-01",1,0,NA
"3594",NA,NA,NA,NA,NA,NA,NA,NA,NA,NA,"WDNR5408",2021,NA,NA,NA,NA,NA,NA,NA,NA,NA,NA,NA,NA,0,"KL22WI0249","WI",0,"1A",0,0.002666148,0,NA,-2.574115748,1,NA,0.0368162590800767,1.64580862533693,NA,-1.42232143533328,"Y","2022-03-01",1,0,NA
"3595",NA,NA,NA,NA,NA,NA,NA,NA,NA,NA,"WDNR5409",2022,NA,NA,NA,NA,NA,NA,NA,NA,NA,NA,NA,NA,0,"KL23WI0306","WI",1,"A35",0,8.46e-07,0,NA,-6.07255451,1,NA,0.0448112032860784,1.94853829558495,NA,-1.3390283008098,"Y","2023-03-06",0,1,NA
"3596",NA,NA,NA,NA,NA,NA,NA,NA,NA,NA,"WDNR5421",2022,NA,NA,NA,NA,NA,NA,NA,NA,NA,NA,NA,NA,1,"KL23WI0130","WI",1,"C",0,2.65e-06,0,NA,-5.576544747,1,NA,0.0147589657786028,7.9831976744186,NA,-1.8024722875688,"Y","2023-02-26",1,1,NA
"3597",NA,NA,NA,NA,NA,NA,NA,NA,NA,NA,"WDNR5428",2022,NA,NA,NA,NA,NA,NA,NA,NA,NA,NA,NA,NA,0,"KL23WI0262","WI",2,"C",0,0.006865342,0,NA,-2.163337808,1,NA,0.0203475342796718,3.43575892857143,NA,-1.67065228038479,"Y","2023-02-27",0,1,NA
"3598",NA,NA,NA,NA,NA,NA,NA,NA,NA,NA,"WDNR5429",2021,NA,NA,NA,NA,NA,NA,NA,NA,NA,NA,NA,NA,0,"KL22WI0484","WI",0,"1049",1,0.00574904,1,1.88,-2.24040466,1,0.152769981689918,0.0173130175432083,4.76845503355705,NA,-1.73724008855528,"Y","2022-03-03",1,0,NA
"3599",NA,NA,NA,NA,NA,NA,NA,NA,NA,NA,"WDNR5432",2021,NA,NA,NA,NA,NA,NA,NA,NA,NA,NA,NA,NA,0,"KL22WI0490","WI",0,"1150",1,0.02361376,1,3.04,-1.626834847,1,0.0564453527385864,0.0173130175432083,4.76845503355705,NA,-1.73724008855528,"Y","2022-03-03",1,0,NA
"3600",NA,NA,NA,NA,NA,NA,NA,NA,NA,NA,"WDNR5437",2021,NA,NA,NA,NA,NA,NA,NA,NA,NA,NA,NA,NA,1,"KL22WI0471","WI",3,"750",1,0.004448449,1,3.9,-2.351791408,1,0.0529662490671093,0.0173130175432083,4.76845503355705,NA,-1.73724008855528,"Y","2022-03-03",1,1,NA
"3601",NA,NA,NA,NA,NA,NA,NA,NA,NA,NA,"WDNR5439",2021,NA,NA,NA,NA,NA,NA,NA,NA,NA,NA,NA,NA,1,"KL22WI0472","WI",4,"750",1,0.03306226,1,3.9,-1.480667457,1,0.0529662490671093,0.0173130175432083,4.76845503355705,NA,-1.73724008855528,"Y","2022-03-03",1,1,NA
"3602",NA,NA,NA,NA,NA,NA,NA,NA,NA,NA,"WDNR5444",2021,NA,NA,NA,NA,NA,NA,NA,NA,NA,NA,NA,NA,0,"KL22WI0727","WI",0,"SEL",0,0.081228223,0,NA,-1.090293046,1,NA,0.00528175900129025,7.73744129554656,NA,-2.20191872925835,"Y","2022-03-12",1,0,NA
"3603",NA,NA,NA,NA,NA,NA,NA,NA,NA,NA,"WDNR5446",2022,NA,NA,NA,NA,NA,NA,NA,NA,NA,NA,NA,NA,1,"KL23WI0390","WI",2,"7",1,0.015405996,2,NA,-1.812310229,1,NA,NA,NA,NA,NA,"N","2023-03-07",0,1,NA
"3604",NA,NA,NA,NA,NA,NA,NA,NA,NA,NA,"WDNR5446",2023,NA,NA,NA,NA,NA,NA,NA,NA,NA,NA,NA,NA,0,"KL24WI0345","WI",2,"20",0,0.00124815,0,NA,-2.903733356,1,NA,0.00627220115547089,7.22145161290323,99.3834758768627,-2.13833411665315,"Y","2024-03-12",0,1,NA
"3605",NA,NA,NA,NA,NA,NA,NA,NA,NA,NA,"WDNR5471",2019,NA,NA,NA,NA,NA,NA,NA,NA,NA,NA,NA,NA,0,"KL20WI0804","WI",0,"D",1,0.27828275,2,NA,-0.555513714,1,NA,NA,6.30683333333333,NA,NA,"N","2020-03-14",1,0,NA
"3606",NA,NA,NA,NA,NA,NA,NA,NA,NA,NA,"WDNR5624",2023,NA,NA,NA,NA,NA,NA,NA,NA,NA,NA,NA,NA,0,"KL24WI0350","WI",0,"16",0,0.010563335,0,NA,-1.976198946,1,NA,0.00689524944802667,5.8447225025227,98.3485497313784,-2.10263414403566,"Y","2024-03-12",1,0,NA
"3607",NA,NA,NA,NA,NA,NA,NA,NA,NA,NA,"WDNR5653",2023,NA,NA,NA,NA,NA,NA,NA,NA,NA,NA,NA,NA,0,"KL24WI0353","WI",0,"21",0,0.014353491,0,NA,-1.843042457,1,NA,0.0152931055615139,5.85180473372781,98.3485497313784,-1.78799612872508,"Y","2024-03-12",1,0,NA
"3608",NA,NA,NA,NA,NA,NA,NA,NA,NA,NA,"WDNR5701",2023,NA,NA,NA,NA,NA,NA,NA,NA,NA,NA,NA,NA,0,"KL24WI0546","WI",0,"1000-1100",1,0.010708053,1,NA,-1.970289496,1,NA,0.023587891523314,4.56179951690821,NA,-1.60927871156428,"N","2024-03-14",1,0,NA
"3609",NA,NA,NA,NA,NA,NA,NA,NA,NA,NA,"WDNR5702",2023,NA,NA,NA,NA,NA,NA,NA,NA,NA,NA,NA,NA,1,"KL24WI0547","WI",1,"1000-1100",1,0.001787546,1,NA,-2.747742741,1,NA,0.023587891523314,4.56179951690821,NA,-1.60927871156428,"N","2024-03-14",1,1,NA
"3610",NA,NA,NA,NA,NA,NA,NA,NA,NA,NA,"WDNR5703",2023,NA,NA,NA,NA,NA,NA,NA,NA,NA,NA,NA,NA,0,"KL24WI0550","WI",0,"1100-1200",1,0.001438146,1,NA,-2.842196915,1,NA,0.023587891523314,4.56179951690821,NA,-1.60927871156428,"N","2024-03-14",1,0,NA
"3611",NA,NA,NA,NA,NA,NA,NA,NA,NA,NA,"WDNR5704",2023,NA,NA,NA,NA,NA,NA,NA,NA,NA,NA,NA,NA,0,"KL24WI0631","WI",0,"A",1,0.024713364,1,NA,-1.607068143,1,NA,0.00710576992865949,5.08109675036928,99.2045940365192,-2.09120572728217,"N","2024-03-15",1,0,NA
"3612",NA,NA,NA,NA,NA,NA,NA,NA,NA,NA,"WDNR5705",2023,NA,NA,NA,NA,NA,NA,NA,NA,NA,NA,NA,NA,0,"KL24WI0633","WI",0,"A",1,0.005609002,1,NA,-2.251114384,1,NA,0.00710576992865949,5.08109675036928,99.2045940365192,-2.09120572728217,"N","2024-03-15",1,0,NA
"3613",NA,NA,NA,NA,NA,NA,NA,NA,NA,NA,"WDNR5706",2023,NA,NA,NA,NA,NA,NA,NA,NA,NA,NA,NA,NA,0,"KL24WI0635","WI",0,"A",0,0.026660886,0,NA,-1.574125425,1,NA,0.00710576992865949,5.08109675036928,99.2045940365192,-2.09120572728217,"N","2024-03-15",1,0,NA
"3614",NA,NA,NA,NA,NA,NA,NA,NA,NA,NA,"WDNR5707",2023,NA,NA,NA,NA,NA,NA,NA,NA,NA,NA,NA,NA,0,"KL24WI0636","WI",0,"A",1,9.91e-05,1,NA,-4.003793168,1,NA,0.00710576992865949,5.08109675036928,99.2045940365192,-2.09120572728217,"N","2024-03-15",1,0,NA
"3615",NA,NA,NA,NA,NA,NA,NA,NA,NA,NA,"WDNR5710",2023,NA,NA,NA,NA,NA,NA,NA,NA,NA,NA,NA,NA,0,"KL24WI0685","WI",0,"A",1,0.008747034,2,NA,-2.058139196,1,NA,0.012829231316006,6.86239247311828,98.707915818565,-1.85920195904432,"N","2024-03-16",1,0,NA
"3616",NA,NA,NA,NA,NA,NA,NA,NA,NA,NA,"WDNR5711",2023,NA,NA,NA,NA,NA,NA,NA,NA,NA,NA,NA,NA,0,"KL24WI0688","WI",0,"A",1,0.000415248,1,NA,-3.381692286,1,NA,0.012829231316006,6.86239247311828,98.707915818565,-1.85920195904432,"N","2024-03-16",1,0,NA
"3617",NA,NA,NA,NA,NA,NA,NA,NA,NA,NA,"WDNR5742",2024,NA,NA,NA,NA,NA,NA,NA,NA,NA,NA,NA,NA,0,"KL25WI0375","WI",0,"C",0,0.001653187,0,7.76,-2.781678044,1,0,0.0152400787418193,8.1780816993464,NA,-1.78941186936487,"Y","2025-03-07",1,0,NA
"3618",NA,NA,NA,NA,NA,NA,NA,NA,NA,NA,"WDNR5744",2024,NA,NA,NA,NA,NA,NA,NA,NA,NA,NA,NA,NA,0,"KL25WI0381","WI",0,"B",1,0.001568351,1,7.55,-2.804556749,1,0.0179683258528544,0.0203052228963963,7.74869914135626,NA,-1.67151391782736,"Y","2025-03-07",1,0,NA
"3619",NA,NA,NA,NA,NA,NA,NA,NA,NA,NA,"WDNR5751",2024,NA,NA,NA,NA,NA,NA,NA,NA,NA,NA,NA,NA,0,"KL25WI0159","WI",0,"1A",1,0.003960054,1,NA,-2.402298865,1,NA,0.0381293544058856,2.04226666666667,NA,-1.40749731745261,"N","2025-03-04",1,0,NA
"3620",NA,NA,NA,NA,NA,NA,NA,NA,NA,NA,"WDNR5752",2024,NA,NA,NA,NA,NA,NA,NA,NA,NA,NA,NA,NA,0,"KL25WI0160","WI",0,"1A",1,0.000949697,1,NA,-3.022415146,1,NA,0.0381293544058856,2.04226666666667,NA,-1.40749731745261,"N","2025-03-04",1,0,NA
"3621",NA,NA,NA,NA,NA,NA,NA,NA,NA,NA,"WDNR5753",2024,NA,NA,NA,NA,NA,NA,NA,NA,NA,NA,NA,NA,0,"KL25WI0163","WI",0,"1B",0,0.002801601,0,NA,-2.55259379,1,NA,0.0629587342519727,1.5557167680278,90.7712720733358,-1.19410013956031,"N","2025-03-04",1,0,NA
"3622",NA,NA,NA,NA,NA,NA,NA,NA,NA,NA,"WDNR5754",2024,NA,NA,NA,NA,NA,NA,NA,NA,NA,NA,NA,NA,0,"KL25WI0165","WI",0,"1B",1,5.58e-05,2,NA,-4.253068486,1,NA,0.0629587342519727,1.5557167680278,90.7712720733358,-1.19410013956031,"N","2025-03-04",1,0,NA
"3623",NA,NA,NA,NA,NA,NA,NA,NA,NA,NA,"WDNR5755",2024,NA,NA,NA,NA,NA,NA,NA,NA,NA,NA,NA,NA,0,"KL25WI0235","WI",0,"600 to 650",1,0.005022848,1,NA,-2.299049937,1,NA,0.0438827704965504,4.58171084337349,94.615320497781,-1.34792034305698,"N","2025-03-06",1,0,NA
"3624",NA,NA,NA,NA,NA,NA,NA,NA,NA,NA,"WDNR5756",2024,NA,NA,NA,NA,NA,NA,NA,NA,NA,NA,NA,NA,0,"KL25WI0238","WI",0,"600 to 650",1,0.00019862,1,NA,-3.701977331,1,NA,0.0438827704965504,4.58171084337349,94.615320497781,-1.34792034305698,"N","2025-03-06",1,0,NA
"3625",NA,NA,NA,NA,NA,NA,NA,NA,NA,NA,"WDNR5758",2024,NA,NA,NA,NA,NA,NA,NA,NA,NA,NA,NA,NA,0,"KL25WI0264","WI",0,"950 to 1000",1,0.013212554,1,NA,-1.879013219,1,NA,0.0438827704965504,4.58171084337349,94.615320497781,-1.34792034305698,"N","2025-03-06",1,0,NA
"3626",NA,NA,NA,NA,NA,NA,NA,NA,NA,NA,"WDNR5759",2024,NA,NA,NA,NA,NA,NA,NA,NA,NA,NA,NA,NA,0,"KL25WI0361","WI",0,"C",1,0.001756344,1,7.76,-2.755390311,1,0,0.0152400787418193,8.1780816993464,NA,-1.78941186936487,"N","2025-03-07",1,0,NA
"3627",NA,NA,NA,NA,NA,NA,NA,NA,NA,NA,"WDNR5760",2024,NA,NA,NA,NA,NA,NA,NA,NA,NA,NA,NA,NA,0,"KL25WI0363","WI",0,"C",0,0.000317965,0,7.76,-3.497620916,1,0,0.0152400787418193,8.1780816993464,NA,-1.78941186936487,"N","2025-03-07",1,0,NA
"3628",NA,NA,NA,NA,NA,NA,NA,NA,NA,NA,"WDNR5761",2024,NA,NA,NA,NA,NA,NA,NA,NA,NA,NA,NA,NA,0,"KL25WI0365","WI",0,"C",1,0.004222395,1,7.76,-2.374441099,1,0,0.0152400787418193,8.1780816993464,NA,-1.78941186936487,"N","2025-03-07",1,0,NA
"3629",NA,NA,NA,NA,NA,NA,NA,NA,NA,NA,"WDNR5762",2024,NA,NA,NA,NA,NA,NA,NA,NA,NA,NA,NA,NA,0,"KL25WI0376","WI",0,"C",1,0.001853347,1,7.59,-2.732043237,1,0,0.0152400787418193,8.1780816993464,NA,-1.78941186936487,"N","2025-03-07",1,0,NA
"3630",NA,NA,NA,NA,NA,NA,NA,NA,NA,NA,"WDNR5763",2024,NA,NA,NA,NA,NA,NA,NA,NA,NA,NA,NA,NA,0,"KL25WI0379","WI",0,"C",0,0.001223487,0,7.59,-2.912400638,1,0.00554365865088755,0.0152400787418193,8.1780816993464,NA,-1.78941186936487,"N","2025-03-07",1,0,NA
"3631",NA,NA,NA,NA,NA,NA,NA,NA,NA,NA,"WDNR5764",2024,NA,NA,NA,NA,NA,NA,NA,NA,NA,NA,NA,NA,0,"KL25WI0383","WI",0,"B",0,0.002265977,0,7.55,-2.644744558,1,0.0179683258528544,0.0203052228963963,7.74869914135626,NA,-1.67151391782736,"N","2025-03-07",1,0,NA
"3632",NA,NA,NA,NA,NA,NA,NA,NA,NA,NA,"WDNR5766",2024,NA,NA,NA,NA,NA,NA,NA,NA,NA,NA,NA,NA,0,"TS25MW5172","WI",1,"15",1,0.016205153,1,NA,-1.790346856,1,NA,0.00975837961835242,5.34511724137931,98.8706597158538,-1.96825313534262,"N","2025-03-08",0,1,NA
"3633",NA,NA,NA,NA,NA,NA,NA,NA,NA,NA,"WDNR5767",2024,NA,NA,NA,NA,NA,NA,NA,NA,NA,NA,NA,NA,0,"TS25MW5174","WI",0,"15",1,0.005924028,1,NA,-2.227382888,1,NA,0.00975837961835242,5.34511724137931,98.8706597158538,-1.96825313534262,"N","2025-03-08",1,0,NA
"3634",NA,NA,NA,NA,NA,NA,NA,NA,NA,NA,"WDNR5768",2024,NA,NA,NA,NA,NA,NA,NA,NA,NA,NA,NA,NA,0,"TS25MW5183","WI",0,"16",1,0.003959845,1,NA,-2.402321856,1,NA,0.00491861178248696,5.81020161290323,99.4706682617754,-2.22778014562589,"N","2025-03-08",1,0,NA
"3635",NA,NA,NA,NA,NA,NA,NA,NA,NA,NA,"WDNR5769",2024,NA,NA,NA,NA,NA,NA,NA,NA,NA,NA,NA,NA,0,"TS25MW5184","WI",0,"16",1,0.023079282,2,NA,-1.636777709,1,NA,0.00491861178248696,5.81020161290323,99.4706682617754,-2.22778014562589,"N","2025-03-08",1,0,NA
"3636",NA,NA,NA,NA,NA,NA,NA,NA,NA,NA,"WDNR5771",2024,NA,NA,NA,NA,NA,NA,NA,NA,NA,NA,NA,NA,0,"TS25MW5191","WI",0,"22",1,0.000184139,1,NA,-3.734853383,1,NA,0.00975837961835242,5.34511724137931,98.8706597158538,-1.96825313534262,"N","2025-03-08",1,0,NA
"3637",NA,NA,NA,NA,NA,NA,NA,NA,NA,NA,"WDNR5772",2024,NA,NA,NA,NA,NA,NA,NA,NA,NA,NA,NA,NA,0,"KL25WI0408","WI",0,"A",1,4.79e-05,1,NA,-4.319247969,1,NA,0.00296817902886773,4.83533966263713,NA,-2.40140874239099,"N","2025-03-09",1,0,NA
"3638",NA,NA,NA,NA,NA,NA,NA,NA,NA,NA,"WDNR5773",2024,NA,NA,NA,NA,NA,NA,NA,NA,NA,NA,NA,NA,0,"KL25WI0412","WI",0,"A",1,0.002188449,1,NA,-2.659863597,1,NA,0.00296817902886773,4.83533966263713,NA,-2.40140874239099,"N","2025-03-09",1,0,NA
"3639",NA,NA,NA,NA,NA,NA,NA,NA,NA,NA,"WDNR5774",2024,NA,NA,NA,NA,NA,NA,NA,NA,NA,NA,NA,NA,0,"KL25WI0442","WI",0,"C",1,0.007321335,1,NA,-2.135409702,1,NA,NA,4.76567269243421,NA,NA,"N","2025-03-09",1,0,NA
"3640",NA,NA,NA,NA,NA,NA,NA,NA,NA,NA,"WDNR5775",2024,NA,NA,NA,NA,NA,NA,NA,NA,NA,NA,NA,NA,0,"KL25WI0444","WI",0,"C",1,0.010131428,2,NA,-1.994329349,1,NA,NA,4.76567269243421,NA,NA,"N","2025-03-09",1,0,NA
"3641",NA,NA,NA,NA,NA,NA,NA,NA,NA,NA,"WDNR5776",2024,NA,NA,NA,NA,NA,NA,NA,NA,NA,NA,NA,NA,0,"KL25WI0462","WI",0,"D",1,0.002655818,1,NA,-2.575801715,1,NA,NA,4.40623525329632,NA,NA,"N","2025-03-09",1,0,NA
"3642",NA,NA,NA,NA,NA,NA,NA,NA,NA,NA,"WDNR5800",2024,NA,NA,NA,NA,NA,NA,NA,NA,NA,NA,NA,NA,0,"KL25WI0402","WI",0,"A",1,0.020531471,3,NA,-1.687579936,1,NA,0.00296817902886773,4.83533966263713,NA,-2.40140874239099,"N","2025-03-09",1,0,NA
"3643",NA,NA,NA,NA,NA,NA,NA,NA,NA,NA,"WDNR5801",2024,NA,NA,NA,NA,NA,NA,NA,NA,NA,NA,NA,NA,0,"TS25MW5072","WI",0,"7",1,0.002355496,2,NA,-2.62791754,1,NA,NA,NA,NA,NA,"N","2025-03-05",1,0,NA
"3644",NA,NA,NA,NA,NA,NA,NA,NA,NA,NA,"WDNR5802",2024,NA,NA,NA,NA,NA,NA,NA,NA,NA,NA,NA,NA,0,"TS25MW5081","WI",0,"7",1,0.020992495,1,NA,-1.677935933,1,NA,NA,NA,NA,NA,"N","2025-03-05",1,0,NA
"3645",NA,NA,NA,NA,NA,NA,NA,NA,NA,NA,"WDNR5803",2024,NA,NA,NA,NA,NA,NA,NA,NA,NA,NA,NA,NA,0,"TS25MW5083","WI",0,"8",1,0.003379114,1,NA,-2.471197098,1,NA,NA,NA,NA,NA,"N","2025-03-05",1,0,NA
"3646",NA,NA,NA,NA,NA,NA,NA,NA,NA,NA,"WDNR5804",2024,NA,NA,NA,NA,NA,NA,NA,NA,NA,NA,NA,NA,0,"KL25WI0502","WI",0,"WL",1,0.006915789,1,NA,-2.160158236,1,NA,0.00227104089100312,7.78997165991903,99.7844178373691,-2.48531402676282,"N","2025-03-16",1,0,NA
"3647",NA,NA,NA,NA,NA,NA,NA,NA,NA,NA,"WDNR5805",2024,NA,NA,NA,NA,NA,NA,NA,NA,NA,NA,NA,NA,0,"KL25WI0510","WI",0,"B",1,0.001245845,1,NA,-2.904535852,1,NA,0.00700979983866586,5.64874684343434,NA,-2.09637833660603,"N","2025-03-17",1,0,NA
"3648",NA,NA,NA,NA,NA,NA,NA,NA,NA,NA,"WDNR5806",2024,NA,NA,NA,NA,NA,NA,NA,NA,NA,NA,NA,NA,0,"KL25WI0511","WI",0,"B",0,0.0017752,0,NA,-2.750752819,1,NA,0.00700979983866586,5.64874684343434,NA,-2.09637833660603,"N","2025-03-17",1,0,NA
"3649",NA,NA,NA,NA,NA,NA,NA,NA,NA,NA,"WDNR5807",2024,NA,NA,NA,NA,NA,NA,NA,NA,NA,NA,NA,NA,0,"KL25WI0512","WI",0,"B",0,0.006413208,0,NA,-2.192924644,1,NA,0.00700979983866586,5.64874684343434,NA,-2.09637833660603,"N","2025-03-17",1,0,NA
"3650",NA,NA,NA,NA,NA,NA,NA,NA,NA,NA,"WDNR5808",2024,NA,NA,NA,NA,NA,NA,NA,NA,NA,NA,NA,NA,0,"KL25WI0513","WI",0,"B",0,0.008730462,0,NA,-2.058962785,1,NA,0.00700979983866586,5.64874684343434,NA,-2.09637833660603,"N","2025-03-17",1,0,NA
"3651",NA,NA,NA,NA,NA,NA,NA,NA,NA,NA,"WDNR5809",2024,NA,NA,NA,NA,NA,NA,NA,NA,NA,NA,NA,NA,0,"KL25WI0514","WI",0,"B",0,0.007021688,0,NA,-2.153558482,1,NA,0.00700979983866586,5.64874684343434,NA,-2.09637833660603,"N","2025-03-17",1,0,NA
"3652",NA,NA,NA,NA,NA,NA,NA,NA,NA,NA,"WDNR5810",2024,NA,NA,NA,NA,NA,NA,NA,NA,NA,NA,NA,NA,0,"KL25WI0515","WI",0,"B",1,0.000184802,1,NA,-3.73329264,1,NA,0.00700979983866586,5.64874684343434,NA,-2.09637833660603,"N","2025-03-17",1,0,NA
"3653",NA,NA,NA,NA,NA,NA,NA,NA,NA,NA,"WDNR5811",2024,NA,NA,NA,NA,NA,NA,NA,NA,NA,NA,NA,NA,0,"KL25WI0518","WI",0,"B",0,0.002270926,0,NA,-2.643796925,1,NA,0.00700979983866586,5.64874684343434,NA,-2.09637833660603,"N","2025-03-17",1,0,NA
"3654",NA,NA,NA,NA,NA,NA,NA,NA,NA,NA,"WDNR5812",2024,NA,NA,NA,NA,NA,NA,NA,NA,NA,NA,NA,NA,0,"KL25WI0519","WI",0,"B",1,0.010775494,1,NA,-1.967562811,1,NA,0.00700979983866586,5.64874684343434,NA,-2.09637833660603,"N","2025-03-17",1,0,NA
"3655",NA,NA,NA,NA,NA,NA,NA,NA,NA,NA,"WDNR5813",2024,NA,NA,NA,NA,NA,NA,NA,NA,NA,NA,NA,NA,0,"KL25WI0520","WI",0,"B",0,0.003602631,0,NA,-2.443380178,1,NA,0.00700979983866586,5.64874684343434,NA,-2.09637833660603,"N","2025-03-17",1,0,NA
"3656",NA,NA,NA,NA,NA,NA,NA,NA,NA,NA,"WDNR5814",2024,NA,NA,NA,NA,NA,NA,NA,NA,NA,NA,NA,NA,0,"KL25WI0523","WI",0,"B",1,0.027438572,1,NA,-1.561638487,1,NA,0.00700979983866586,5.64874684343434,NA,-2.09637833660603,"N","2025-03-17",1,0,NA
"3657",NA,NA,NA,NA,NA,NA,NA,NA,NA,NA,"WDNR5815",2024,NA,NA,NA,NA,NA,NA,NA,NA,NA,NA,NA,NA,0,"KL25WI0526","WI",0,"B",1,0.000519211,1,NA,-3.284656133,1,NA,0.00700979983866586,5.64874684343434,NA,-2.09637833660603,"N","2025-03-17",1,0,NA
"3658",NA,NA,NA,NA,NA,NA,NA,NA,NA,NA,"WDNR5825",2024,NA,NA,NA,NA,NA,NA,NA,NA,NA,NA,NA,NA,0,"KL25WI0367","WI",0,"C",0,4.73e-07,0,7.89,-6.325372713,1,0,0.0152400787418193,8.1780816993464,NA,-1.78941186936487,"Y","2025-03-07",1,0,NA
"3659",NA,NA,NA,NA,NA,NA,NA,NA,NA,NA,"WDNR5854",2023,NA,NA,NA,NA,NA,NA,NA,NA,NA,NA,NA,NA,0,"KL24WI0051","WI",0,"2A",1,0.000564551,1,NA,-3.248296639,1,NA,0.0148802501055556,1.39024423337856,NA,-1.79914266194624,"N","2024-03-04",1,0,NA
"3660",NA,NA,NA,NA,NA,NA,NA,NA,NA,NA,"WDNR5862",2023,NA,NA,NA,NA,NA,NA,NA,NA,NA,NA,NA,NA,0,"KL24WI0310","WI",0,"3",1,0.009184854,1,NA,-2.036927764,1,NA,0.0122278932731742,4.4704765625,98.5474882230246,-1.87850931776941,"N","2024-03-12",1,0,NA
"3661",NA,NA,NA,NA,NA,NA,NA,NA,NA,NA,"WDNR5863",2023,NA,NA,NA,NA,NA,NA,NA,NA,NA,NA,NA,NA,0,"KL24WI0311","WI",0,"3",1,0.002502544,1,NA,-2.601618218,1,NA,0.0122278932731742,4.4704765625,98.5474882230246,-1.87850931776941,"N","2024-03-12",1,0,NA
"3662",NA,NA,NA,NA,NA,NA,NA,NA,NA,NA,"WDNR5864",2023,NA,NA,NA,NA,NA,NA,NA,NA,NA,NA,NA,NA,0,"KL24WI0312","WI",0,"3",1,0.00183322,2,NA,-2.73678534,1,NA,0.0122278932731742,4.4704765625,98.5474882230246,-1.87850931776941,"N","2024-03-12",1,0,NA
"3663",NA,NA,NA,NA,NA,NA,NA,NA,NA,NA,"WDNR5865",2023,NA,NA,NA,NA,NA,NA,NA,NA,NA,NA,NA,NA,0,"KL24WI0313","WI",0,"3",1,0.015753359,1,NA,-1.802626827,1,NA,0.0122278932731742,4.4704765625,98.5474882230246,-1.87850931776941,"N","2024-03-12",1,0,NA
"3664",NA,NA,NA,NA,NA,NA,NA,NA,NA,NA,"WDNR5866",2023,NA,NA,NA,NA,NA,NA,NA,NA,NA,NA,NA,NA,0,"KL24WI0314","WI",0,"3",1,0.002468565,1,NA,-2.60755537,1,NA,0.0122278932731742,4.4704765625,98.5474882230246,-1.87850931776941,"N","2024-03-12",1,0,NA
"3665",NA,NA,NA,NA,NA,NA,NA,NA,NA,NA,"WDNR5867",2023,NA,NA,NA,NA,NA,NA,NA,NA,NA,NA,NA,NA,0,"KL24WI0315","WI",0,"3",1,0.005025036,1,NA,-2.298860821,1,NA,0.0122278932731742,4.4704765625,98.5474882230246,-1.87850931776941,"N","2024-03-12",1,0,NA
"3666",NA,NA,NA,NA,NA,NA,NA,NA,NA,NA,"WDNR5868",2023,NA,NA,NA,NA,NA,NA,NA,NA,NA,NA,NA,NA,0,"KL24WI0316","WI",0,"3",1,0.000553556,1,NA,-3.256838592,1,NA,0.0122278932731742,4.4704765625,98.5474882230246,-1.87850931776941,"N","2024-03-12",1,0,NA
"3667",NA,NA,NA,NA,NA,NA,NA,NA,NA,NA,"WDNR5975",2024,NA,NA,NA,NA,NA,NA,NA,NA,NA,NA,NA,NA,0,"TS25MW5007","WI",0,"1",1,0.028828991,1,NA,-1.54017056,1,NA,NA,NA,NA,NA,"Y","2025-03-05",1,0,NA
"3668",NA,NA,NA,NA,NA,NA,NA,NA,NA,NA,"WDNR6006",2024,NA,NA,NA,NA,NA,NA,NA,NA,NA,NA,NA,NA,0,"KL25WI0141","WI",0,"1A",1,0.000431659,2,NA,-3.364859684,1,NA,0.0381293544058856,2.04226666666667,NA,-1.40749731745261,"Y","2025-03-04",1,0,NA
"3669",NA,NA,NA,NA,NA,NA,NA,NA,NA,NA,"WDNR6201",2021,NA,NA,NA,NA,NA,NA,NA,NA,NA,NA,NA,NA,0,"KL22WI0838","WI",0,"C",1,0.000248489,1,2.61,-3.604692006,1,0.0909649025672077,NA,4.76567269243421,NA,NA,"N","2022-03-13",1,0,NA
"3670",NA,NA,NA,NA,NA,NA,NA,NA,NA,NA,"WDNR6236",2023,NA,NA,NA,NA,NA,NA,NA,NA,NA,NA,NA,NA,0,"KL24WI0323","WI",0,"3",0,0.019728172,0,NA,-1.704913158,1,NA,0.0122278932731742,4.4704765625,98.5474882230246,-1.87850931776941,"Y","2024-03-12",1,0,NA
"3671",NA,NA,NA,NA,NA,NA,NA,NA,NA,NA,"WDNR6238",2024,NA,NA,NA,NA,NA,NA,NA,NA,NA,NA,NA,NA,0,"TS25MW5189","WI",0,"22",1,0.000261664,1,NA,-3.582255326,1,NA,0.00975837961835242,5.34511724137931,98.8706597158538,-1.96825313534262,"Y","2025-03-08",1,0,NA
"3672",NA,NA,NA,NA,NA,NA,NA,NA,NA,NA,"WDNR6253",2024,NA,NA,NA,NA,NA,NA,NA,NA,NA,NA,NA,NA,0,"KL25WI0085","WI",3,"B",1,0.026833882,1,NA,-1.571316495,1,NA,0.031286893474627,5.82350557620818,NA,-1.49097373918012,"Y","2025-03-08",0,1,NA
"3673",NA,NA,NA,NA,NA,NA,NA,NA,NA,NA,"WDNR6264",2022,NA,NA,NA,NA,NA,NA,NA,NA,NA,NA,NA,NA,0,"KL23WI0468","WI",0,"A",1,0.065977439,2,NA,-1.180604548,1,NA,0.0364672166366908,0.355738738738739,NA,-1.42634856856152,"Y","2023-03-08",1,0,NA
"3674",NA,NA,NA,NA,NA,NA,NA,NA,NA,NA,"WDNR6269",2022,NA,NA,NA,NA,NA,NA,NA,NA,NA,NA,NA,NA,1,"KL23WI0264","WI",2,"C",1,0.004165656,1,NA,-2.380316608,1,NA,0.0203475342796718,3.43575892857143,NA,-1.67065228038479,"Y","2023-02-27",1,1,NA
"3675",NA,NA,NA,NA,NA,NA,NA,NA,NA,NA,"WDNR6269",2024,NA,NA,NA,NA,NA,NA,NA,NA,NA,NA,NA,NA,0,"KL25WI0231","WI",2,"600 to 650",1,0.001446718,1,NA,-2.839616239,1,NA,0.0438827704965504,4.58171084337349,94.615320497781,-1.34792034305698,"Y","2025-03-06",0,1,NA
"3676",NA,NA,NA,NA,NA,NA,NA,NA,NA,NA,"WDNR6272",2022,NA,NA,NA,NA,NA,NA,NA,NA,NA,NA,NA,NA,0,"KL23WI0263","WI",0,"C",1,0.030575166,1,NA,-1.514631177,1,NA,0.0203475342796718,3.43575892857143,NA,-1.67065228038479,"Y","2023-02-27",1,0,NA
"3677",NA,NA,NA,NA,NA,NA,NA,NA,NA,NA,"WDNR6278",2023,NA,NA,NA,NA,NA,NA,NA,NA,NA,NA,NA,NA,0,"KL24WI0439","WI",1,"A",1,0.001845742,1,NA,-2.733829011,1,NA,0.0540635183620746,4.79889495724466,NA,-1.25913604219049,"Y","2024-03-13",0,1,NA
"3678",NA,NA,NA,NA,NA,NA,NA,NA,NA,NA,"WDNR6279",2023,NA,NA,NA,NA,NA,NA,NA,NA,NA,NA,NA,NA,0,"KL24WI0458","WI",1,"C",1,0.00887274,2,NA,-2.051942228,1,NA,0.0152400787418193,8.1780816993464,NA,-1.78941186936487,"Y","2024-03-13",0,1,NA
"3679",NA,NA,NA,NA,NA,NA,NA,NA,NA,NA,"WDNR6286",2023,NA,NA,NA,NA,NA,NA,NA,NA,NA,NA,NA,NA,0,"KL24WI0341","WI",1,"14",0,0.018889447,0,NA,-1.723780758,1,NA,0.0152931055615139,5.85180473372781,98.3485497313784,-1.78799612872508,"Y","2024-03-12",0,1,NA
"3680",NA,NA,NA,NA,NA,NA,NA,NA,NA,NA,"WDNR6290",2022,NA,NA,NA,NA,NA,NA,NA,NA,NA,NA,NA,NA,1,"KL23WI0304","WI",4,"A35",1,0.000311915,1,NA,-3.50596305,1,NA,0.0448112032860784,1.94853829558495,NA,-1.3390283008098,"Y","2023-03-06",1,1,NA
"3681",NA,NA,NA,NA,NA,NA,NA,NA,NA,NA,"WDNR6292",2022,NA,NA,NA,NA,NA,NA,NA,NA,NA,NA,NA,NA,0,"KL23WI0296","WI",0,"A35",1,0.001319899,1,NA,-2.879459393,1,NA,0.0448112032860784,1.94853829558495,NA,-1.3390283008098,"Y","2023-03-06",1,0,NA
"3682",NA,NA,NA,NA,NA,NA,NA,NA,NA,NA,"WDNR6293",2022,NA,NA,NA,NA,NA,NA,NA,NA,NA,NA,NA,NA,0,"KL23WI0309","WI",0,"A35",1,0.008239442,1,NA,-2.084102184,1,NA,0.0448112032860784,1.94853829558495,NA,-1.3390283008098,"Y","2023-03-06",1,0,NA
"3683",NA,NA,NA,NA,NA,NA,NA,NA,NA,NA,"WDNR6297",2022,NA,NA,NA,NA,NA,NA,NA,NA,NA,NA,NA,NA,0,"KL23WI0302","WI",0,"A35",1,0.011787932,1,NA,-1.928562362,1,NA,0.0448112032860784,1.94853829558495,NA,-1.3390283008098,"Y","2023-03-06",1,0,NA
"3684",NA,NA,NA,NA,NA,NA,NA,NA,NA,NA,"WDNR6299",2022,NA,NA,NA,NA,NA,NA,NA,NA,NA,NA,NA,NA,0,"KL23WI0298","WI",0,"A35",1,0.005044975,1,NA,-2.297140951,1,NA,0.0448112032860784,1.94853829558495,NA,-1.3390283008098,"Y","2023-03-06",1,0,NA
"3685",NA,NA,NA,NA,NA,NA,NA,NA,NA,NA,"WDNR6314",2024,NA,NA,NA,NA,NA,NA,NA,NA,NA,NA,NA,NA,0,"KL25WI0174","WI",0,"6",1,0.001135805,1,NA,-2.944696127,1,NA,NA,NA,NA,NA,"Y","2025-03-05",1,0,NA
"3686",NA,NA,NA,NA,NA,NA,NA,NA,NA,NA,"WDNR6421",2023,NA,NA,NA,NA,NA,NA,NA,NA,NA,NA,NA,NA,0,"KL24WI0375","WI",1,NA,NA,0.001778469,NA,NA,-2.749953722,1,NA,0.00283755009177308,9.44358241758242,99.7601422833853,-2.41594594260566,NA,"2024-03-12",0,1,NA
"3687",NA,NA,NA,NA,NA,NA,NA,NA,NA,NA,"WDNR6422",2023,NA,NA,NA,NA,NA,NA,NA,NA,NA,NA,NA,NA,0,"KL24WI0376","WI",1,NA,NA,0.005361492,NA,NA,-2.270714338,1,NA,0.00283755009177308,9.44358241758242,99.7601422833853,-2.41594594260566,NA,"2024-03-12",0,1,NA
"3688",NA,NA,NA,NA,NA,NA,NA,NA,NA,NA,"WDNR6423",2023,NA,NA,NA,NA,NA,NA,NA,NA,NA,NA,NA,NA,0,"KL24WI0369","WI",1,NA,NA,0.003802074,NA,NA,-2.419979432,1,NA,0.00283755009177308,9.44358241758242,99.7601422833853,-2.41594594260566,NA,"2024-03-12",0,1,NA
"3689",NA,NA,NA,NA,NA,NA,NA,NA,NA,NA,"WDNR6424",2023,NA,NA,NA,NA,NA,NA,NA,NA,NA,NA,NA,NA,0,"KL24WI0399","WI",1,NA,NA,0.003828573,NA,NA,-2.416963088,1,NA,0.00283755009177308,9.44358241758242,99.7601422833853,-2.41594594260566,NA,"2024-03-12",0,1,NA
"3690",NA,NA,NA,NA,NA,NA,NA,NA,NA,NA,"WDNR6425",2023,NA,NA,NA,NA,NA,NA,NA,NA,NA,NA,NA,NA,0,"KL24WI0370","WI",1,NA,NA,0.000522692,NA,NA,-3.281753749,1,NA,0.00283755009177308,9.44358241758242,99.7601422833853,-2.41594594260566,NA,"2024-03-12",0,1,NA
"3691",NA,NA,NA,NA,NA,NA,NA,NA,NA,NA,"WDNR6426",2023,NA,NA,NA,NA,NA,NA,NA,NA,NA,NA,NA,NA,0,"KL24WI0371","WI",1,NA,NA,0.010605027,NA,NA,-1.974488219,1,NA,0.00283755009177308,9.44358241758242,99.7601422833853,-2.41594594260566,NA,"2024-03-12",0,1,NA
"3692",NA,NA,NA,NA,NA,NA,NA,NA,NA,NA,"WDNR6427",2023,NA,NA,NA,NA,NA,NA,NA,NA,NA,NA,NA,NA,0,"KL24WI0400","WI",1,NA,NA,0.013656819,NA,NA,-1.864650437,1,NA,0.00283755009177308,9.44358241758242,99.7601422833853,-2.41594594260566,NA,"2024-03-12",0,1,NA
"3693",NA,NA,NA,NA,NA,NA,NA,NA,NA,NA,"WDNR6428",2023,NA,NA,NA,NA,NA,NA,NA,NA,NA,NA,NA,NA,0,"KL24WI0377","WI",1,NA,NA,0.004033867,NA,NA,-2.394278404,1,NA,0.00283755009177308,9.44358241758242,99.7601422833853,-2.41594594260566,NA,"2024-03-12",0,1,NA
"3694",NA,NA,NA,NA,NA,NA,NA,NA,NA,NA,"WDNR6429",2023,NA,NA,NA,NA,NA,NA,NA,NA,NA,NA,NA,NA,0,"KL24WI0401","WI",1,NA,NA,0.000797308,NA,NA,-3.098373992,1,NA,0.00283755009177308,9.44358241758242,99.7601422833853,-2.41594594260566,NA,"2024-03-12",0,1,NA
"3695",NA,NA,NA,NA,NA,NA,NA,NA,NA,NA,"WDNR6430",2023,NA,NA,NA,NA,NA,NA,NA,NA,NA,NA,NA,NA,0,"KL24WI0402","WI",1,NA,NA,2.4e-06,NA,NA,-5.618917024,1,NA,0.00283755009177308,9.44358241758242,99.7601422833853,-2.41594594260566,NA,"2024-03-12",0,1,NA
"3696",NA,NA,NA,NA,NA,NA,NA,NA,NA,NA,"WDNR6431",2023,NA,NA,NA,NA,NA,NA,NA,NA,NA,NA,NA,NA,0,"KL24WI0372","WI",1,NA,NA,0.003441422,NA,NA,-2.463262098,1,NA,0.00283755009177308,9.44358241758242,99.7601422833853,-2.41594594260566,NA,"2024-03-12",0,1,NA
"3697",NA,NA,NA,NA,NA,NA,NA,NA,NA,NA,"WDNR6432",2023,NA,NA,NA,NA,NA,NA,NA,NA,NA,NA,NA,NA,0,"KL24WI0378","WI",1,NA,NA,0.010145372,NA,NA,-1.993732026,1,NA,0.00283755009177308,9.44358241758242,99.7601422833853,-2.41594594260566,NA,"2024-03-12",0,1,NA
"3698",NA,NA,NA,NA,NA,NA,NA,NA,NA,NA,"WDNR6435",2024,NA,NA,NA,NA,NA,NA,NA,NA,NA,NA,NA,NA,0,"TS25MW5005","WI",0,"3B",1,0.001490338,1,NA,-2.826715239,1,NA,0.0151230187194603,3.57716831244356,NA,-1.79255364178244,"Y","2025-03-04",1,0,NA
"3699",NA,NA,NA,NA,NA,NA,NA,NA,NA,NA,"WDNR6437",2023,NA,NA,NA,NA,NA,NA,NA,NA,NA,NA,NA,NA,0,"KL24WI0237","WI",0,"WT",1,0.008999693,1,NA,-2.045772284,1,NA,NA,5.07715464489796,NA,NA,"N","2024-03-08",1,0,NA
"3700",NA,NA,NA,NA,NA,NA,NA,NA,NA,NA,"WDNR6440",2024,NA,NA,NA,NA,NA,NA,NA,NA,NA,NA,NA,NA,0,"KL25WI0490","WI",0,"WL",1,0.111329532,2,NA,-0.953389617,1,NA,0.00227104089100312,7.78997165991903,99.7844178373691,-2.48531402676282,"Y","2025-03-16",1,0,NA
"3701",NA,NA,NA,NA,NA,NA,NA,NA,NA,NA,"WDNR6441",2023,NA,NA,NA,NA,NA,NA,NA,NA,NA,NA,NA,NA,0,"KL24WI0440","WI",0,"A",1,0.005629566,1,NA,-2.249525048,1,NA,0.0540635183620746,4.79889495724466,NA,-1.25913604219049,"N","2024-03-13",1,0,NA
"3702",NA,NA,NA,NA,NA,NA,NA,NA,NA,NA,"WDNR6442",2023,NA,NA,NA,NA,NA,NA,NA,NA,NA,NA,NA,NA,0,"KL24WI0467","WI",0,"C",1,0.003630357,1,NA,-2.440050626,1,NA,0.0152400787418193,8.1780816993464,NA,-1.78941186936487,"N","2024-03-13",1,0,NA
"3703",NA,NA,NA,NA,NA,NA,NA,NA,NA,NA,"WDNR6443",2023,NA,NA,NA,NA,NA,NA,NA,NA,NA,NA,NA,NA,1,"KL24WI0497","WI",2,"700-800",1,0.00054406,1,NA,-3.264353466,1,NA,0.023587891523314,4.56179951690821,NA,-1.60927871156428,"N","2024-03-14",1,1,NA
"3704",NA,NA,NA,NA,NA,NA,NA,NA,NA,NA,"WDNR6444",2023,NA,NA,NA,NA,NA,NA,NA,NA,NA,NA,NA,NA,0,"KL24WI0498","WI",0,"700-800",1,0.000187918,1,NA,-3.726031606,1,NA,0.023587891523314,4.56179951690821,NA,-1.60927871156428,"N","2024-03-14",1,0,NA
"3705",NA,NA,NA,NA,NA,NA,NA,NA,NA,NA,"WDNR6445",2023,NA,NA,NA,NA,NA,NA,NA,NA,NA,NA,NA,NA,0,"KL24WI0524","WI",0,"900-1000",1,0.010773614,1,NA,-1.967638606,1,NA,0.023587891523314,4.56179951690821,NA,-1.60927871156428,"N","2024-03-14",1,0,NA
"3706",NA,NA,NA,NA,NA,NA,NA,NA,NA,NA,"WDNR6446",2023,NA,NA,NA,NA,NA,NA,NA,NA,NA,NA,NA,NA,0,"KL24WI0528","WI",0,"900-1000",1,0.000461168,2,NA,-3.336141009,1,NA,0.023587891523314,4.56179951690821,NA,-1.60927871156428,"N","2024-03-14",1,0,NA
"3707",NA,NA,NA,NA,NA,NA,NA,NA,NA,NA,"WDNR6447",2023,NA,NA,NA,NA,NA,NA,NA,NA,NA,NA,NA,NA,1,"KL24WI0530","WI",1,"1000-1100",1,0.001280031,1,NA,-2.892779453,1,NA,0.023587891523314,4.56179951690821,NA,-1.60927871156428,"N","2024-03-14",1,1,NA
"3708",NA,NA,NA,NA,NA,NA,NA,NA,NA,NA,"WDNR6448",2023,NA,NA,NA,NA,NA,NA,NA,NA,NA,NA,NA,NA,0,"KL24WI0540","WI",0,"1000-1100",1,0.000616887,1,NA,-3.209794162,1,NA,0.023587891523314,4.56179951690821,NA,-1.60927871156428,"Y","2024-03-14",1,0,NA
"3709",NA,NA,NA,NA,NA,NA,NA,NA,NA,NA,"WDNR6449",2023,NA,NA,NA,NA,NA,NA,NA,NA,NA,NA,NA,NA,0,"KL24WI0542","WI",0,"1000-1100",1,0.004164999,1,NA,-2.380385138,1,NA,0.023587891523314,4.56179951690821,NA,-1.60927871156428,"N","2024-03-14",1,0,NA
"3710",NA,NA,NA,NA,NA,NA,NA,NA,NA,NA,"WDNR6450",2023,NA,NA,NA,NA,NA,NA,NA,NA,NA,NA,NA,NA,0,"KL24WI0544","WI",0,"1000-1100",1,0.005137104,1,NA,-2.289281622,1,NA,0.023587891523314,4.56179951690821,NA,-1.60927871156428,"N","2024-03-14",1,0,NA
"3711",NA,NA,NA,NA,NA,NA,NA,NA,NA,NA,"WDNR6583",2022,NA,NA,NA,NA,NA,NA,NA,NA,NA,NA,NA,NA,0,"KL23WI0348","WI",0,"2A",1,0.018058557,1,NA,-1.743316967,1,NA,0.0183188558117335,1.37012145748988,NA,-1.71401859890217,"Y","2023-03-06",1,0,NA
"3712",NA,NA,NA,NA,NA,NA,NA,NA,NA,NA,"WDNR6592",2024,NA,NA,NA,NA,NA,NA,NA,NA,NA,NA,NA,NA,0,"TS25MW5002","WI",0,"3B",1,0.010633422,2,NA,-1.973326956,1,NA,0.0151230187194603,3.57716831244356,NA,-1.79255364178244,"Y","2025-03-04",1,0,NA
"3713",NA,NA,NA,NA,NA,NA,NA,NA,NA,NA,"WDNR6605",2024,NA,NA,NA,NA,NA,NA,NA,NA,NA,NA,NA,NA,0,"TS25MW5004","WI",0,"3B",1,0.008475036,1,NA,-2.071858453,1,NA,0.0151230187194603,3.57716831244356,NA,-1.79255364178244,"Y","2025-03-04",1,0,NA
"3714",NA,NA,NA,NA,NA,NA,NA,NA,NA,NA,"WDNR6626",2023,NA,NA,NA,NA,NA,NA,NA,NA,NA,NA,NA,NA,0,"KL24WI0047","WI",0,"2A",1,8.12e-05,1,NA,-4.090585496,1,NA,0.0148802501055556,1.39024423337856,NA,-1.79914266194624,"Y","2024-03-04",1,0,NA
"3715",NA,NA,NA,NA,NA,NA,NA,NA,NA,NA,"WDNR6663",2022,NA,NA,NA,NA,NA,NA,NA,NA,NA,NA,NA,NA,0,"KL23WI0319","WI",0,"tiny_town",1,0.002804733,1,NA,-2.552108424,1,NA,0.0448112032860784,1.94853829558495,NA,-1.3390283008098,"Y","2023-03-06",1,0,NA
"3716",NA,NA,NA,NA,NA,NA,NA,NA,NA,NA,"WDNR6664",2022,NA,NA,NA,NA,NA,NA,NA,NA,NA,NA,NA,NA,0,"KL23WI0349","WI",0,"2A",1,0.017606678,1,NA,-1.754322578,1,NA,0.0183188558117335,1.37012145748988,NA,-1.71401859890217,"Y","2023-03-06",1,0,NA
"3717",NA,NA,NA,NA,NA,NA,NA,NA,NA,NA,"WDNR6692",2022,NA,NA,NA,NA,NA,NA,NA,NA,NA,NA,NA,NA,0,"KL23WI0429","WI",0,"1",1,0.02139652,1,NA,-1.669656855,1,NA,NA,NA,NA,NA,"Y","2023-03-07",1,0,NA
"3718",NA,NA,NA,NA,NA,NA,NA,NA,NA,NA,"WDNR68295",2022,NA,NA,NA,NA,NA,NA,NA,NA,NA,NA,NA,NA,0,"KL23WI0307","WI",0,"A35",1,0.000152012,1,NA,-3.818122267,1,NA,0.0448112032860784,1.94853829558495,NA,-1.3390283008098,"Y","2023-03-06",1,0,NA
"3719",NA,NA,NA,NA,NA,NA,NA,NA,NA,NA,"WDNR6912",2024,NA,NA,NA,NA,NA,NA,NA,NA,NA,NA,NA,NA,0,"TS25MW5182","WI",0,"16",1,0.010543907,1,NA,-1.976998415,1,NA,0.00491861178248696,5.81020161290323,99.4706682617754,-2.22778014562589,"Y","2025-03-08",1,0,NA
"3720",NA,NA,NA,NA,NA,NA,NA,NA,NA,NA,"WDNR6917",2024,NA,NA,NA,NA,NA,NA,NA,NA,NA,NA,NA,NA,0,"TS25MW5180","WI",0,"16",1,0.000754867,1,NA,-3.122129428,1,NA,0.00491861178248696,5.81020161290323,99.4706682617754,-2.22778014562589,"Y","2025-03-08",1,0,NA
"3721",NA,NA,NA,NA,NA,NA,NA,NA,NA,NA,"WDNR6930",2019,NA,NA,NA,NA,NA,NA,NA,NA,NA,NA,NA,NA,0,"KL20WI0353","WI",0,NA,1,0.009243586,1,NA,-2.034159537,1,NA,0.0857268499250999,6.46102150537634,NA,-1.06184642767853,"N","2020-03-02",1,0,NA
"3722",NA,NA,NA,NA,NA,NA,NA,NA,NA,NA,"WDNR7204",2023,NA,NA,NA,NA,NA,NA,NA,NA,NA,NA,NA,NA,0,"KL24WI0687","WI",0,"A",1,0.014280896,1,NA,-1.845244535,1,NA,0.012829231316006,6.86239247311828,98.707915818565,-1.85920195904432,"Y","2024-03-16",1,0,NA
"3723",NA,NA,NA,NA,NA,NA,NA,NA,NA,NA,"WDNR7205",2022,NA,NA,NA,NA,NA,NA,NA,NA,NA,NA,NA,NA,0,"KL23WI0106","WI",0,"B",1,2.05e-06,1,NA,-5.688729947,1,NA,0.0159327932985506,7.98205357142857,98.5140065354402,-1.77127139309713,"N","2023-02-26",1,0,NA
"3724",NA,NA,NA,NA,NA,NA,NA,NA,NA,NA,"WDNR7206",2022,NA,NA,NA,NA,NA,NA,NA,NA,NA,NA,NA,NA,0,"KL23WI0109","WI",0,"B",1,2.81e-05,1,NA,-4.550741774,1,NA,0.0159327932985506,7.98205357142857,98.5140065354402,-1.77127139309713,"N","2023-02-26",1,0,NA
"3725",NA,NA,NA,NA,NA,NA,NA,NA,NA,NA,"WDNR7209",2022,NA,NA,NA,NA,NA,NA,NA,NA,NA,NA,NA,NA,1,"KL23WI0113","WI",2,"B",0,2.17e-06,0,NA,-5.662594155,1,NA,0.0159327932985506,7.98205357142857,98.5140065354402,-1.77127139309713,"N","2023-02-26",1,1,NA
"3726",NA,NA,NA,NA,NA,NA,NA,NA,NA,NA,"WDNR7214",2022,NA,NA,NA,NA,NA,NA,NA,NA,NA,NA,NA,NA,1,"KL23WI0257","WI",3,"C",0,0.009990317,0,NA,-2.000420731,1,NA,0.0203475342796718,3.43575892857143,NA,-1.67065228038479,"N","2023-02-27",1,1,NA
"3727",NA,NA,NA,NA,NA,NA,NA,NA,NA,NA,"WDNR7214",2024,NA,NA,NA,NA,NA,NA,NA,NA,NA,NA,NA,NA,0,"KL25WI0230","WI",3,"600 to 650",1,0.002797613,1,NA,-2.553212437,1,NA,0.0438827704965504,4.58171084337349,94.615320497781,-1.34792034305698,"Y","2025-03-06",0,1,NA
"3728",NA,NA,NA,NA,NA,NA,NA,NA,NA,NA,"WDNR7215",2022,NA,NA,NA,NA,NA,NA,NA,NA,NA,NA,NA,NA,1,"KL23WI0259","WI",3,"C",1,0.323628822,1,NA,-0.489952808,1,NA,0.0203475342796718,3.43575892857143,NA,-1.67065228038479,"N","2023-02-27",1,1,NA
"3729",NA,NA,NA,NA,NA,NA,NA,NA,NA,NA,"WDNR7216",2024,NA,NA,NA,NA,NA,NA,NA,NA,NA,NA,NA,NA,0,"KL25WI0241","WI",1,"600 to 650",1,0.004217787,1,NA,-2.374915352,1,NA,0.0438827704965504,4.58171084337349,94.615320497781,-1.34792034305698,"Y","2025-03-06",0,1,NA
"3730",NA,NA,NA,NA,NA,NA,NA,NA,NA,NA,"WDNR7218",2022,NA,NA,NA,NA,NA,NA,NA,NA,NA,NA,NA,NA,1,"KL23WI0265","WI",2,"C",1,0.069776383,1,NA,-1.156291549,1,NA,0.0203475342796718,3.43575892857143,NA,-1.67065228038479,"N","2023-02-27",1,1,NA
"3731",NA,NA,NA,NA,NA,NA,NA,NA,NA,NA,"WDNR7219",2022,NA,NA,NA,NA,NA,NA,NA,NA,NA,NA,NA,NA,0,"KL23WI0266","WI",0,"C",1,0.03783729,1,NA,-1.422079979,1,NA,0.0203475342796718,3.43575892857143,NA,-1.67065228038479,"N","2023-02-27",1,0,NA
"3732",NA,NA,NA,NA,NA,NA,NA,NA,NA,NA,"WDNR7220",2022,NA,NA,NA,NA,NA,NA,NA,NA,NA,NA,NA,NA,1,"KL23WI0267","WI",1,"C",0,0.067348066,0,NA,-1.171674873,1,NA,0.0203475342796718,3.43575892857143,NA,-1.67065228038479,"N","2023-02-27",1,1,NA
"3733",NA,NA,NA,NA,NA,NA,NA,NA,NA,NA,"WDNR7220",2023,NA,NA,NA,NA,NA,NA,NA,NA,NA,NA,NA,NA,0,"KL24WI0536","WI",1,"1000-1100",1,0.001530451,1,NA,-2.815180614,1,NA,0.023587891523314,4.56179951690821,NA,-1.60927871156428,"Y","2024-03-14",0,1,NA
"3734",NA,NA,NA,NA,NA,NA,NA,NA,NA,NA,"WDNR7222",2022,NA,NA,NA,NA,NA,NA,NA,NA,NA,NA,NA,NA,0,"KL23WI0452","WI",0,"3",1,0.014049108,1,NA,-1.85235125,1,NA,NA,NA,NA,NA,"N","2023-03-07",1,0,NA
"3735",NA,NA,NA,NA,NA,NA,NA,NA,NA,NA,"WDNR7223",2022,NA,NA,NA,NA,NA,NA,NA,NA,NA,NA,NA,NA,0,"KL23WI0466","WI",0,"A",1,0.001216182,1,NA,-2.915001309,1,NA,0.0364672166366908,0.355738738738739,NA,-1.42634856856152,"N","2023-03-08",1,0,NA
"3736",NA,NA,NA,NA,NA,NA,NA,NA,NA,NA,"WDNR7224",2022,NA,NA,NA,NA,NA,NA,NA,NA,NA,NA,NA,NA,0,"KL23WI0454","WI",0,"3",1,0.001196005,1,NA,-2.922266829,1,NA,NA,NA,NA,NA,"N","2023-03-07",1,0,NA
"3737",NA,NA,NA,NA,NA,NA,NA,NA,NA,NA,"WDNR7225",2022,NA,NA,NA,NA,NA,NA,NA,NA,NA,NA,NA,NA,0,"KL23WI0456","WI",0,"3",1,0.000495238,1,NA,-3.305185661,1,NA,NA,NA,NA,NA,"N","2023-03-07",1,0,NA
"3738",NA,NA,NA,NA,NA,NA,NA,NA,NA,NA,"WDNR7226",2022,NA,NA,NA,NA,NA,NA,NA,NA,NA,NA,NA,NA,1,"KL23WI0458","WI",1,"3",0,0.005738621,0,NA,-2.241192423,1,NA,NA,NA,NA,NA,"N","2023-03-07",1,1,NA
"3739",NA,NA,NA,NA,NA,NA,NA,NA,NA,NA,"WDNR7226",2023,NA,NA,NA,NA,NA,NA,NA,NA,NA,NA,NA,NA,0,"KL24WI0136","WI",1,"3",0,0.013720055,0,NA,-1.862644139,1,NA,NA,NA,NA,NA,"Y","2024-03-05",0,1,NA
"3740",NA,NA,NA,NA,NA,NA,NA,NA,NA,NA,"WDNR7227",2022,NA,NA,NA,NA,NA,NA,NA,NA,NA,NA,NA,NA,1,"KL23WI0460","WI",1,"3",1,0.003364895,2,NA,-2.473028493,1,NA,NA,NA,NA,NA,"N","2023-03-07",1,1,NA
"3741",NA,NA,NA,NA,NA,NA,NA,NA,NA,NA,"WDNR7227",2023,NA,NA,NA,NA,NA,NA,NA,NA,NA,NA,NA,NA,0,"KL24WI0058","WI",1,"5",1,5.16e-05,1,NA,-4.287416509,1,NA,NA,NA,NA,NA,"Y","2024-03-05",0,1,NA
"3742",NA,NA,NA,NA,NA,NA,NA,NA,NA,NA,"WDNR7228",2022,NA,NA,NA,NA,NA,NA,NA,NA,NA,NA,NA,NA,0,"KL23WI0465","WI",0,"4",1,0.000246116,1,NA,-3.60886026,1,NA,NA,NA,NA,NA,"N","2023-03-07",1,0,NA
"3743",NA,NA,NA,NA,NA,NA,NA,NA,NA,NA,"WDNR7229",2022,NA,NA,NA,NA,NA,NA,NA,NA,NA,NA,NA,NA,0,"KL23WI0470","WI",0,"A",1,0.014607904,1,NA,-1.835412093,1,NA,0.0364672166366908,0.355738738738739,NA,-1.42634856856152,"N","2023-03-08",1,0,NA
"3744",NA,NA,NA,NA,NA,NA,NA,NA,NA,NA,"WDNR7233",2022,NA,NA,NA,NA,NA,NA,NA,NA,NA,NA,NA,NA,0,"KL23WI0486","WI",0,"B",NA,2.53e-05,NA,NA,-4.59624299,1,NA,0.0364672166366908,5.94837545126354,NA,-1.42634856856152,"N","2023-03-08",1,0,NA
"3745",NA,NA,NA,NA,NA,NA,NA,NA,NA,NA,"WDNR7235",2022,NA,NA,NA,NA,NA,NA,NA,NA,NA,NA,NA,NA,0,"KL23WI0492","WI",0,"C",1,0.006658859,2,NA,-2.176600213,1,NA,0.0364672166366908,6.49781778741865,NA,-1.42634856856152,"N","2023-03-08",1,0,NA
"3746",NA,NA,NA,NA,NA,NA,NA,NA,NA,NA,"WDNR7236",2023,NA,NA,NA,NA,NA,NA,NA,NA,NA,NA,NA,NA,0,"KL24WI0347","WI",0,"16",0,0.009247863,0,NA,-2.033958604,1,NA,0.00689524944802667,5.8447225025227,98.3485497313784,-2.10263414403566,"Y","2024-03-12",1,0,NA
"3747",NA,NA,NA,NA,NA,NA,NA,NA,NA,NA,"WDNR7240",2022,NA,NA,NA,NA,NA,NA,NA,NA,NA,NA,NA,NA,0,"KL23WI0623","WI",0,"WT",1,0.097110598,1,NA,-1.012733372,1,NA,NA,5.07715464489796,NA,NA,"N","2023-03-11",1,0,NA
"3748",NA,NA,NA,NA,NA,NA,NA,NA,NA,NA,"WDNR7241",2022,NA,NA,NA,NA,NA,NA,NA,NA,NA,NA,NA,NA,0,"KL23WI0664","WI",0,"A",1,0.840454156,1,NA,-0.075485971,1,NA,0.00711750722281278,7.63032323232323,99.3269507776963,-2.09057731627432,"N","2023-03-12",1,0,NA
"3749",NA,NA,NA,NA,NA,NA,NA,NA,NA,NA,"WDNR7242",2022,NA,NA,NA,NA,NA,NA,NA,NA,NA,NA,NA,NA,0,"KL23WI0665","WI",0,"A",1,0.395401514,1,NA,-0.402961672,1,NA,0.00711750722281278,7.63032323232323,99.3269507776963,-2.09057731627432,"N","2023-03-12",1,0,NA
"3750",NA,NA,NA,NA,NA,NA,NA,NA,NA,NA,"WDNR7243",2022,NA,NA,NA,NA,NA,NA,NA,NA,NA,NA,NA,NA,0,"KL23WI0666","WI",0,"A",1,0.309832237,1,NA,-0.508873397,1,NA,0.00711750722281278,7.63032323232323,99.3269507776963,-2.09057731627432,"N","2023-03-12",1,0,NA
"3751",NA,NA,NA,NA,NA,NA,NA,NA,NA,NA,"WDNR7244",2022,NA,NA,NA,NA,NA,NA,NA,NA,NA,NA,NA,NA,0,"KL23WI0669","WI",0,"B",1,0.06055515,1,NA,-1.217848913,1,NA,0.00711750722281278,7.63032323232323,99.3269507776963,-2.09057731627432,"N","2023-03-12",1,0,NA
"3752",NA,NA,NA,NA,NA,NA,NA,NA,NA,NA,"WDNR7245",2022,NA,NA,NA,NA,NA,NA,NA,NA,NA,NA,NA,NA,0,"KL23WI0670","WI",0,"B",1,0.028117713,1,NA,-1.551020005,1,NA,0.00711750722281278,7.63032323232323,99.3269507776963,-2.09057731627432,"N","2023-03-12",1,0,NA
"3753",NA,NA,NA,NA,NA,NA,NA,NA,NA,NA,"WDNR7246",2022,NA,NA,NA,NA,NA,NA,NA,NA,NA,NA,NA,NA,1,"KL23WI0673","WI",1,"B",1,0.063573399,1,NA,-1.196724568,1,NA,0.00711750722281278,7.63032323232323,99.3269507776963,-2.09057731627432,"N","2023-03-12",1,1,NA
"3754",NA,NA,NA,NA,NA,NA,NA,NA,NA,NA,"WDNR7246",2024,NA,NA,NA,NA,NA,NA,NA,NA,NA,NA,NA,NA,0,"KL25WI0538","WI",1,"C",0,0.000953465,0,NA,-3.020695408,1,NA,0.00645521719191687,8.29698795180723,99.4109583001499,-2.12753969977946,"Y","2025-03-17",0,1,NA
"3755",NA,NA,NA,NA,NA,NA,NA,NA,NA,NA,"WDNR7247",2022,NA,NA,NA,NA,NA,NA,NA,NA,NA,NA,NA,NA,0,"KL23WI0674","WI",0,"B",0,0.02119268,0,NA,-1.67381411,1,NA,0.00711750722281278,7.63032323232323,99.3269507776963,-2.09057731627432,"N","2023-03-12",1,0,NA
"3756",NA,NA,NA,NA,NA,NA,NA,NA,NA,NA,"WDNR7248",2022,NA,NA,NA,NA,NA,NA,NA,NA,NA,NA,NA,NA,1,"KL23WI0678","WI",1,"B",1,0.151480574,1,NA,-0.819643059,1,NA,0.00711750722281278,7.63032323232323,99.3269507776963,-2.09057731627432,"N","2023-03-12",1,1,NA
"3757",NA,NA,NA,NA,NA,NA,NA,NA,NA,NA,"WDNR7248",2023,NA,NA,NA,NA,NA,NA,NA,NA,NA,NA,NA,NA,0,"KL24WI0548","WI",1,"1100-1200",1,0.016606139,1,NA,-1.77973134,1,NA,0.023587891523314,4.56179951690821,NA,-1.60927871156428,"Y","2024-03-14",0,1,NA
"3758",NA,NA,NA,NA,NA,NA,NA,NA,NA,NA,"WDNR7249",2022,NA,NA,NA,NA,NA,NA,NA,NA,NA,NA,NA,NA,0,"KL23WI0679","WI",0,"B",1,0.148568319,2,NA,-0.828073791,1,NA,0.00711750722281278,7.63032323232323,99.3269507776963,-2.09057731627432,"N","2023-03-12",1,0,NA
"3759",NA,NA,NA,NA,NA,NA,NA,NA,NA,NA,"WDNR7300",2022,NA,NA,NA,NA,NA,NA,NA,NA,NA,NA,NA,NA,0,"PW23WI0189","WI",0,NA,NA,0.005196977,NA,NA,-2.28424918,1,NA,NA,4.6041371584371,NA,NA,NA,"2023-03-16",1,0,NA
"3760",NA,NA,NA,NA,NA,NA,NA,NA,NA,NA,"WDNR7351",2022,NA,NA,NA,NA,NA,NA,NA,NA,NA,NA,NA,NA,0,"KL23WI0406","WI",0,"8",0,0.00405947,0,NA,-2.391530661,1,NA,NA,NA,NA,NA,"N","2023-03-07",1,0,NA
"3761",NA,NA,NA,NA,NA,NA,NA,NA,NA,NA,"WDNR7368",2023,NA,NA,NA,NA,NA,NA,NA,NA,NA,NA,NA,NA,0,"KL24WI0388","WI",1,NA,NA,0.04476903,NA,NA,-1.349022311,1,NA,0.00283755009177308,9.44358241758242,99.7601422833853,-2.41594594260566,NA,"2024-03-12",0,1,NA
"3762",NA,NA,NA,NA,NA,NA,NA,NA,NA,NA,"WDNR7379",2024,NA,NA,NA,NA,NA,NA,NA,NA,NA,NA,NA,NA,0,"TS25MW5170","WI",0,"14",1,0.007010077,1,NA,-2.154277238,1,NA,0.0163047006858416,5.27257164404223,98.8706597158538,-1.7618359081648,"Y","2025-03-08",1,0,NA
"3763",NA,NA,NA,NA,NA,NA,NA,NA,NA,NA,"WDNR7383",2024,NA,NA,NA,NA,NA,NA,NA,NA,NA,NA,NA,NA,0,"KL25WI0232","WI",2,"600 to 650",1,0.001554411,1,NA,-2.808434032,1,NA,0.0438827704965504,4.58171084337349,94.615320497781,-1.34792034305698,"Y","2025-03-06",0,1,NA
"3764",NA,NA,NA,NA,NA,NA,NA,NA,NA,NA,"WDNR7394",2023,NA,NA,NA,NA,NA,NA,NA,NA,NA,NA,NA,NA,1,"KL24WI0463","WI",1,"C",1,0.003794487,1,NA,-2.420846974,1,NA,0.0152400787418193,8.1780816993464,NA,-1.78941186936487,"Y","2024-03-13",1,1,NA
"3765",NA,NA,NA,NA,NA,NA,NA,NA,NA,NA,"WDNR7394",2024,NA,NA,NA,NA,NA,NA,NA,NA,NA,NA,NA,NA,0,"KL25WI0378","WI",1,"C",0,0.001925869,0,7.59,-2.715373292,1,0.00554365865088755,0.0152400787418193,8.1780816993464,NA,-1.78941186936487,"Y","2025-03-07",0,1,NA
"3766",NA,NA,NA,NA,NA,NA,NA,NA,NA,NA,"WDNR7396",2024,NA,NA,NA,NA,NA,NA,NA,NA,NA,NA,NA,NA,0,"KL25WI0128","WI",1,"C",1,0.010894125,1,NA,-1.962807642,1,NA,0.0364672166366908,6.49781778741865,NA,-1.42634856856152,"Y","2025-03-03",0,1,NA
"3767",NA,NA,NA,NA,NA,NA,NA,NA,NA,NA,"WDNR7435",2023,NA,NA,NA,NA,NA,NA,NA,NA,NA,NA,NA,NA,1,"KL24WI0011","WI",1,"1A",0,0.002531522,0,NA,-2.596618313,1,NA,0.0381293544058856,2.11401575866727,NA,-1.40749731745261,"N","2024-03-04",1,1,NA
"3768",NA,NA,NA,NA,NA,NA,NA,NA,NA,NA,"WDNR7436",2023,NA,NA,NA,NA,NA,NA,NA,NA,NA,NA,NA,NA,1,"KL24WI0071","WI",2,"5",0,0.000879924,0,NA,-3.055554906,1,NA,NA,NA,NA,NA,"N","2024-03-05",1,1,NA
"3769",NA,NA,NA,NA,NA,NA,NA,NA,NA,NA,"WDNR7437",2023,NA,NA,NA,NA,NA,NA,NA,NA,NA,NA,NA,NA,0,"KL24WI0072","WI",0,"5",1,0.000132099,1,NA,-3.879099546,1,NA,NA,NA,NA,NA,"N","2024-03-05",1,0,NA
"3770",NA,NA,NA,NA,NA,NA,NA,NA,NA,NA,"WDNR7438",2023,NA,NA,NA,NA,NA,NA,NA,NA,NA,NA,NA,NA,1,"KL24WI0074","WI",1,"5",1,5.8e-05,1,NA,-4.236925719,1,NA,NA,NA,NA,NA,"N","2024-03-05",1,1,NA
"3771",NA,NA,NA,NA,NA,NA,NA,NA,NA,NA,"WDNR7439",2023,NA,NA,NA,NA,NA,NA,NA,NA,NA,NA,NA,NA,1,"KL24WI0075","WI",1,"5",0,7.18e-05,0,NA,-4.143617109,1,NA,NA,NA,NA,NA,"N","2024-03-05",1,1,NA
"3772",NA,NA,NA,NA,NA,NA,NA,NA,NA,NA,"WDNR7440",2023,NA,NA,NA,NA,NA,NA,NA,NA,NA,NA,NA,NA,0,"KL24WI0142","WI",0,"A",1,0.001553885,1,NA,-2.808581263,1,NA,0.0364672166366908,0.355738738738739,NA,-1.42634856856152,"N","2024-03-06",1,0,NA
"3773",NA,NA,NA,NA,NA,NA,NA,NA,NA,NA,"WDNR7441",2023,NA,NA,NA,NA,NA,NA,NA,NA,NA,NA,NA,NA,0,"KL24WI0144","WI",0,"A",1,0.001191578,1,NA,-2.923877586,1,NA,0.0364672166366908,0.355738738738739,NA,-1.42634856856152,"N","2024-03-06",1,0,NA
"3774",NA,NA,NA,NA,NA,NA,NA,NA,NA,NA,"WDNR7442",2023,NA,NA,NA,NA,NA,NA,NA,NA,NA,NA,NA,NA,1,"KL24WI0148","WI",1,"C",1,0.004124586,1,NA,-2.384619602,1,NA,0.0364672166366908,6.49781778741865,NA,-1.42634856856152,"N","2024-03-06",1,1,NA
"3775",NA,NA,NA,NA,NA,NA,NA,NA,NA,NA,"WDNR7442",2024,NA,NA,NA,NA,NA,NA,NA,NA,NA,NA,NA,NA,0,"KL25WI0117","WI",1,"A",1,2.87e-05,1,NA,-4.541549494,1,NA,0.0364672166366908,0.355738738738739,NA,-1.42634856856152,"Y","2025-03-03",0,1,NA
"3776",NA,NA,NA,NA,NA,NA,NA,NA,NA,NA,"WDNR7443",2023,NA,NA,NA,NA,NA,NA,NA,NA,NA,NA,NA,NA,0,"KL24WI0149","WI",0,"C",1,0.001291555,1,NA,-2.888886972,1,NA,0.0364672166366908,6.49781778741865,NA,-1.42634856856152,"N","2024-03-06",1,0,NA
"3777",NA,NA,NA,NA,NA,NA,NA,NA,NA,NA,"WDNR7444",2023,NA,NA,NA,NA,NA,NA,NA,NA,NA,NA,NA,NA,0,"KL24WI0158","WI",0,"C",1,0.002271037,1,NA,-2.643775768,1,NA,0.0364672166366908,6.49781778741865,NA,-1.42634856856152,"N","2024-03-06",1,0,NA
"3778",NA,NA,NA,NA,NA,NA,NA,NA,NA,NA,"WDNR7666",2024,NA,NA,NA,NA,NA,NA,NA,NA,NA,NA,NA,NA,0,"KL25WI0154","WI",0,"1A",1,0.001753392,2,NA,-2.756120864,1,NA,0.0381293544058856,2.04226666666667,NA,-1.40749731745261,"Y","2025-03-04",1,0,NA
"3779",NA,NA,NA,NA,NA,NA,NA,NA,NA,NA,"WDNR7674",2024,NA,NA,NA,NA,NA,NA,NA,NA,NA,NA,NA,NA,0,"KL25WI0086","WI",0,"B",1,0.017703019,1,NA,-1.751952663,1,NA,0.031286893474627,5.82350557620818,NA,-1.49097373918012,"N","2025-03-08",1,0,NA
"3780",NA,NA,NA,NA,NA,NA,NA,NA,NA,NA,"WDNR7675",2024,NA,NA,NA,NA,NA,NA,NA,NA,NA,NA,NA,NA,0,"KL25WI0107","WI",0,"A",1,0.000336841,2,NA,-3.47257471,1,NA,0.0364672166366908,0.355738738738739,NA,-1.42634856856152,"N","2025-03-03",1,0,NA
"3781",NA,NA,NA,NA,NA,NA,NA,NA,NA,NA,"WDNR7676",2024,NA,NA,NA,NA,NA,NA,NA,NA,NA,NA,NA,NA,0,"KL25WI0111","WI",0,"A",1,0.002445979,2,NA,-2.611547344,1,NA,0.0364672166366908,0.355738738738739,NA,-1.42634856856152,"N","2025-03-03",1,0,NA
"3782",NA,NA,NA,NA,NA,NA,NA,NA,NA,NA,"WDNR7677",2024,NA,NA,NA,NA,NA,NA,NA,NA,NA,NA,NA,NA,0,"KL25WI0115","WI",0,"A",1,0.03842472,1,NA,-1.415389291,1,NA,0.0364672166366908,0.355738738738739,NA,-1.42634856856152,"N","2025-03-03",1,0,NA
"3783",NA,NA,NA,NA,NA,NA,NA,NA,NA,NA,"WDNR7678",2024,NA,NA,NA,NA,NA,NA,NA,NA,NA,NA,NA,NA,0,"KL25WI0119","WI",0,"C",1,0.0142385,1,NA,-1.846535746,1,NA,0.0364672166366908,6.49781778741865,NA,-1.42634856856152,"N","2025-03-03",1,0,NA
"3784",NA,NA,NA,NA,NA,NA,NA,NA,NA,NA,"WDNR7680",2024,NA,NA,NA,NA,NA,NA,NA,NA,NA,NA,NA,NA,0,"KL25WI0123","WI",0,"C",1,0.034559147,1,NA,-1.461436988,1,NA,0.0364672166366908,6.49781778741865,NA,-1.42634856856152,"N","2025-03-03",1,0,NA
"3785",NA,NA,NA,NA,NA,NA,NA,NA,NA,NA,"WDNR7682",2024,NA,NA,NA,NA,NA,NA,NA,NA,NA,NA,NA,NA,0,"KL25WI0127","WI",0,"C",1,0.000405704,1,NA,-3.391791002,1,NA,0.0364672166366908,6.49781778741865,NA,-1.42634856856152,"N","2025-03-03",1,0,NA
"3786",NA,NA,NA,NA,NA,NA,NA,NA,NA,NA,"WDNR7683",2024,NA,NA,NA,NA,NA,NA,NA,NA,NA,NA,NA,NA,0,"TS25MW5006","WI",0,"3B",0,0.000806024,0,NA,-3.093651777,1,NA,0.0151230187194603,3.57716831244356,NA,-1.79255364178244,"N","2025-03-04",1,0,NA
"3787",NA,NA,NA,NA,NA,NA,NA,NA,NA,NA,"WDNR7684",2024,NA,NA,NA,NA,NA,NA,NA,NA,NA,NA,NA,NA,0,"TS25MW5030","WI",0,"5",1,9.63e-05,2,NA,-4.016285167,1,NA,NA,NA,NA,NA,"N","2025-03-05",1,0,NA
"3788",NA,NA,NA,NA,NA,NA,NA,NA,NA,NA,"WDNR7685",2024,NA,NA,NA,NA,NA,NA,NA,NA,NA,NA,NA,NA,0,"TS25MW5032","WI",0,"5",1,0.001530159,1,NA,-2.815263338,1,NA,NA,NA,NA,NA,"N","2025-03-05",1,0,NA
"3789",NA,NA,NA,NA,NA,NA,NA,NA,NA,NA,"WDNR7686",2024,NA,NA,NA,NA,NA,NA,NA,NA,NA,NA,NA,NA,0,"TS25MW5037","WI",0,"5",1,0.002569196,2,NA,-2.590202712,1,NA,NA,NA,NA,NA,"N","2025-03-05",1,0,NA
"3790",NA,NA,NA,NA,NA,NA,NA,NA,NA,NA,"WDNR7690",2024,NA,NA,NA,NA,NA,NA,NA,NA,NA,NA,NA,NA,0,"TS25MW5132","WI",0,"3",1,0.002954998,1,1.84,-2.529442752,1,0.0198238786702014,0.016176895250944,4.72832085561497,98.0749264570914,-1.76505533277694,"N","2025-03-08",1,0,NA
"3791",NA,NA,NA,NA,NA,NA,NA,NA,NA,NA,"WDNR7691",2024,NA,NA,NA,NA,NA,NA,NA,NA,NA,NA,NA,NA,0,"TS25MW5136","WI",0,"3",0,0.014907527,0,NA,-1.826594397,1,NA,0.016176895250944,4.72832085561497,98.0749264570914,-1.76505533277694,"N","2025-03-08",1,0,NA
"3792",NA,NA,NA,NA,NA,NA,NA,NA,NA,NA,"WDNR7692",2024,NA,NA,NA,NA,NA,NA,NA,NA,NA,NA,NA,NA,0,"TS25MW5161","WI",0,"5",1,0.002512569,1,NA,-2.599881918,1,NA,0.00975837961835242,5.34511724137931,98.8706597158538,-1.96825313534262,"N","2025-03-08",1,0,NA
"3793",NA,NA,NA,NA,NA,NA,NA,NA,NA,NA,"WDNR7693",2024,NA,NA,NA,NA,NA,NA,NA,NA,NA,NA,NA,NA,0,"TS25MW5162","WI",0,"5",1,0.001461815,1,NA,-2.835107545,1,NA,0.00975837961835242,5.34511724137931,98.8706597158538,-1.96825313534262,"N","2025-03-08",1,0,NA
"3794",NA,NA,NA,NA,NA,NA,NA,NA,NA,NA,"WDNR7699",2024,NA,NA,NA,NA,NA,NA,NA,NA,NA,NA,NA,NA,0,"TS25MW5160","WI",0,"5",1,0.003669326,1,NA,-2.435413697,1,NA,0.00975837961835242,5.34511724137931,98.8706597158538,-1.96825313534262,"N","2025-03-08",1,0,NA
"3795",NA,NA,NA,NA,NA,NA,NA,NA,NA,NA,"WDNR7700",2024,NA,NA,NA,NA,NA,NA,NA,NA,NA,NA,NA,NA,0,"TS25MW5135","WI",0,"3",1,0.038121273,1,NA,-1.418832602,1,NA,0.016176895250944,4.72832085561497,98.0749264570914,-1.76505533277694,"N","2025-03-08",1,0,NA
"3796",NA,NA,NA,NA,NA,NA,NA,NA,NA,NA,"WV10113",2021,NA,NA,NA,NA,NA,NA,NA,NA,NA,NA,NA,NA,0,"MK21WV0332","WV",0,NA,NA,4.84e-05,NA,NA,-4.314755293,1,NA,NA,NA,NA,NA,"Y","2021-10-23",1,0,NA
"3797",NA,NA,NA,NA,NA,NA,NA,NA,NA,NA,"WV10120",2021,NA,NA,NA,NA,NA,NA,NA,NA,NA,NA,NA,NA,0,"MK21WV0341","WV",0,NA,NA,1.11e-06,NA,NA,-5.952936241,1,NA,NA,NA,NA,NA,"Y","2021-10-23",1,0,NA
"3798",NA,NA,NA,NA,NA,NA,NA,NA,NA,NA,"WV10198",2021,NA,NA,NA,NA,NA,NA,NA,NA,NA,NA,NA,NA,0,"MK21WV0267","WV",0,NA,NA,6.22e-07,NA,NA,-6.206055759,1,NA,NA,9.28917878763441,NA,NA,"N","2021-10-12",1,0,NA
"3799",NA,NA,NA,NA,NA,NA,NA,NA,NA,NA,"WV10202",2021,NA,NA,NA,NA,NA,NA,NA,NA,NA,NA,NA,NA,0,"MK21WV0330","WV",0,NA,NA,3.27e-05,NA,NA,-4.485155209,1,NA,NA,NA,NA,NA,"N","2021-10-23",1,0,NA
"3800",NA,NA,NA,NA,NA,NA,NA,NA,NA,NA,"WV10203",2021,NA,NA,NA,NA,NA,NA,NA,NA,NA,NA,NA,NA,0,"MK21WV0333","WV",0,NA,NA,3.19e-05,NA,NA,-4.495679224,1,NA,NA,NA,NA,NA,"N","2021-10-23",1,0,NA
"3801",NA,NA,NA,NA,NA,NA,NA,NA,NA,NA,"WV10204",2021,NA,NA,NA,NA,NA,NA,NA,NA,NA,NA,NA,NA,0,"MK21WV0334","WV",0,NA,NA,8.49e-05,NA,NA,-4.071267615,1,NA,NA,NA,NA,NA,"N","2021-10-23",1,0,NA
"3802",NA,NA,NA,NA,NA,NA,NA,NA,NA,NA,"WV10205",2021,NA,NA,NA,NA,NA,NA,NA,NA,NA,NA,NA,NA,0,"MK21WV0335","WV",0,NA,NA,5.83e-05,NA,NA,-4.234412403,1,NA,NA,NA,NA,NA,"N","2021-10-23",1,0,NA
"3803",NA,NA,NA,NA,NA,NA,NA,NA,NA,NA,"WV10206",2021,NA,NA,NA,NA,NA,NA,NA,NA,NA,NA,NA,NA,0,"MK21WV0336","WV",0,NA,NA,4.02e-05,NA,NA,-4.395291785,1,NA,NA,NA,NA,NA,"N","2021-10-23",1,0,NA
"3804",NA,NA,NA,NA,NA,NA,NA,NA,NA,NA,"WV10207",2021,NA,NA,NA,NA,NA,NA,NA,NA,NA,NA,NA,NA,0,"MK21WV0337","WV",0,NA,NA,1.91e-05,NA,NA,-4.719327652,1,NA,NA,NA,NA,NA,"N","2021-10-23",1,0,NA
"3805",NA,NA,NA,NA,NA,NA,NA,NA,NA,NA,"WV10208",2021,NA,NA,NA,NA,NA,NA,NA,NA,NA,NA,NA,NA,0,"MK21WV0338","WV",0,NA,NA,5.93e-05,NA,NA,-4.227123654,1,NA,NA,NA,NA,NA,"N","2021-10-23",1,0,NA
"3806",NA,NA,NA,NA,NA,NA,NA,NA,NA,NA,"WV10209",2021,NA,NA,NA,NA,NA,NA,NA,NA,NA,NA,NA,NA,0,"MK21WV0339","WV",0,NA,NA,0.000462502,NA,NA,-3.334886686,1,NA,NA,NA,NA,NA,"N","2021-10-23",1,0,NA
"3807",NA,NA,NA,NA,NA,NA,NA,NA,NA,NA,"WV10210",2021,NA,NA,NA,NA,NA,NA,NA,NA,NA,NA,NA,NA,0,"MK21WV0340","WV",0,NA,NA,3.89e-06,NA,NA,-5.41023638,1,NA,NA,NA,NA,NA,"N","2021-10-23",1,0,NA
"3808",NA,NA,NA,NA,NA,NA,NA,NA,NA,NA,"WV10211",2021,NA,NA,NA,NA,NA,NA,NA,NA,NA,NA,NA,NA,0,"MK21WV0342","WV",0,NA,NA,0.000352469,NA,NA,-3.452878477,1,NA,NA,NA,NA,NA,"N","2021-10-23",1,0,NA
"3809",NA,NA,NA,NA,NA,NA,NA,NA,NA,NA,"WV10216",2021,NA,NA,NA,NA,NA,NA,NA,NA,NA,NA,NA,NA,0,"MK21WV0350","WV",0,NA,NA,0.000167048,NA,NA,-3.777157652,1,NA,NA,NA,NA,NA,"N","2021-10-23",1,0,NA
"3810",NA,NA,NA,NA,NA,NA,NA,NA,NA,NA,"WV10217",2021,NA,NA,NA,NA,NA,NA,NA,NA,NA,NA,NA,NA,0,"MK21WV0351","WV",0,NA,NA,0.003389478,NA,NA,-2.469867221,1,NA,NA,NA,NA,NA,"N","2021-10-23",1,0,NA
"3811",NA,NA,NA,NA,NA,NA,NA,NA,NA,NA,"WV10218",2021,NA,NA,NA,NA,NA,NA,NA,NA,NA,NA,NA,NA,0,"MK21WV0353","WV",0,NA,NA,4.28e-05,NA,NA,-4.368075281,1,NA,NA,NA,NA,NA,"N","2021-10-23",1,0,NA
